PCS_ID,PCS_Name,PCS_Level,Angle_Horizontal,Distance_Horizontal,Tset,Control_Method,Reference_time,Condition_without_PCS,Condition_with_PCS,Delta_P_All,Delta_P_Pelvis,Delta_P_Left_Upper_Arm,Delta_P_Right_Upper_Arm,Delta_P_Left_Forearm,Delta_P_Right_Forearm,Delta_P_Left_Hand,Delta_P_Right_Hand,Delta_P_Left_Lower_Leg,Delta_P_Right_Lower_Leg,Delta_P_Left_Foot,Delta_P_Right_Foot,PCS_Ta,PCS_MRT,PCS_RH,PCS_V,PCS_To,PCS_ET,PCS_Tsk_All,PCS_Tsk_Pelvis,PCS_Tsk_Left_Upper_Arm,PCS_Tsk_Right_Upper_Arm,PCS_Tsk_Left_Forearm,PCS_Tsk_Right_Forearm,PCS_Tsk_Left_Hand,PCS_Tsk_Right_Hand,PCS_Tsk_Left_Lower_Leg,PCS_Tsk_Right_Lower_Leg,PCS_Tsk_Left_Foot,PCS_Tsk_Right_Foot,PCS_P_All,PCS_P_Pelvis,PCS_P_Left_Upper_Arm,PCS_P_Right_Upper_Arm,PCS_P_Left_Forearm,PCS_P_Right_Forearm,PCS_P_Left_Hand,PCS_P_Right_Hand,PCS_P_Left_Lower_Leg,PCS_P_Right_Lower_Leg,PCS_P_Left_Foot,PCS_P_Right_Foot,Baseline_Ta,Baseline_MRT,Baseline_RH,Baseline_V,Baseline_To,Baseline_ET,Baseline_Tsk_All,Baseline_Tsk_Pelvis,Baseline_Tsk_Left_Upper_Arm,Baseline_Tsk_Right_Upper_Arm,Baseline_Tsk_Left_Forearm,Baseline_Tsk_Right_Forearm,Baseline_Tsk_Left_Hand,Baseline_Tsk_Right_Hand,Baseline_Tsk_Left_Lower_Leg,Baseline_Tsk_Right_Lower_Leg,Baseline_Tsk_Left_Foot,Baseline_Tsk_Right_Foot,Baseline_P_All,Baseline_P_Pelvis,Baseline_P_Left_Upper_Arm,Baseline_P_Right_Upper_Arm,Baseline_P_Left_Forearm,Baseline_P_Right_Forearm,Baseline_P_Left_Hand,Baseline_P_Right_Hand,Baseline_P_Left_Lower_Leg,Baseline_P_Right_Lower_Leg,Baseline_P_Left_Foot,Baseline_P_Right_Foot,PCS_ht_All,Baseline_ht_All,Delta_ht_All,Delta_Teq_All,PCS_ht_Pelvis,Baseline_ht_Pelvis,Delta_ht_Pelvis,Delta_Teq_Pelvis,PCS_ht_Left_Upper_Arm,Baseline_ht_Left_Upper_Arm,Delta_ht_Left_Upper_Arm,Delta_Teq_Left_Upper_Arm,PCS_ht_Right_Upper_Arm,Baseline_ht_Right_Upper_Arm,Delta_ht_Right_Upper_Arm,Delta_Teq_Right_Upper_Arm,PCS_ht_Left_Forearm,Baseline_ht_Left_Forearm,Delta_ht_Left_Forearm,Delta_Teq_Left_Forearm,PCS_ht_Right_Forearm,Baseline_ht_Right_Forearm,Delta_ht_Right_Forearm,Delta_Teq_Right_Forearm,PCS_ht_Left_Hand,Baseline_ht_Left_Hand,Delta_ht_Left_Hand,Delta_Teq_Left_Hand,PCS_ht_Right_Hand,Baseline_ht_Right_Hand,Delta_ht_Right_Hand,Delta_Teq_Right_Hand,PCS_ht_Left_Lower_Leg,Baseline_ht_Left_Lower_Leg,Delta_ht_Left_Lower_Leg,Delta_Teq_Left_Lower_Leg,PCS_ht_Right_Lower_Leg,Baseline_ht_Right_Lower_Leg,Delta_ht_Right_Lower_Leg,Delta_Teq_Right_Lower_Leg,PCS_ht_Left_Foot,Baseline_ht_Left_Foot,Delta_ht_Left_Foot,Delta_Teq_Left_Foot,PCS_ht_Right_Foot,Baseline_ht_Right_Foot,Delta_ht_Right_Foot,Delta_Teq_Right_Foot,Baseline_P_Head,Baseline_ht_Head,Delta_P_Head,Delta_ht_Head,PCS_Tsk_Head,PCS_ht_Head,Baseline_Tsk_Head,PCS_P_Head,Delta_Teq_Head,Baseline_P_Chest,Baseline_ht_Chest,Delta_P_Chest,Delta_ht_Chest,PCS_Tsk_Chest,PCS_ht_Chest,Baseline_Tsk_Chest,PCS_P_Chest,Delta_Teq_Chest,Baseline_P_Back,Baseline_ht_Back,Delta_P_Back,Delta_ht_Back,PCS_Tsk_Back,PCS_ht_Back,Baseline_Tsk_Back,PCS_P_Back,Delta_Teq_Back,Baseline_P_Left_Thigh,Baseline_ht_Left_Thigh,Delta_P_Left_Thigh,Delta_ht_Left_Thigh,PCS_Tsk_Left_Thigh,PCS_ht_Left_Thigh,Baseline_Tsk_Left_Thigh,PCS_P_Left_Thigh,Delta_Teq_Left_Thigh,Baseline_P_Right_Thigh,Baseline_ht_Right_Thigh,Delta_P_Right_Thigh,Delta_ht_Right_Thigh,PCS_Tsk_Right_Thigh,PCS_ht_Right_Thigh,Baseline_Tsk_Right_Thigh,PCS_P_Right_Thigh,Delta_Teq_Right_Thigh,Level_Label_Normalized,Level_Order,Level_Pos
1,Small desk fan (grey),0.0,135.0,60.0,25,TskControl34,2025-02-01 16:44:44,2025-02-01_ID0_NoPCS_Ta25_TskControl34.csv,2025-02-01_ID1_Small desk fan (grey)_Low_Angle135_Distance60_Ta25_TskControl34.csv,0.44,-0.18,-0.76,-0.48,5.26,-0.6,8.12,3.42,-4.16,-1.46,-2.66,0.12,25.0,25.1,60.78,0.03,25.06,25.76,34.0,34.0,34.0,34.0,34.0,34.0,34.0,34.0,34.0,34.0,34.0,34.0,53.86,34.14,43.94,54.04,63.62,73.68,105.94,90.4,62.66,64.46,46.12,45.42,24.8,25.4,62.29,0.26,25.03,25.78,34.0,34.0,34.0,34.0,34.0,34.0,34.0,34.0,34.0,34.0,34.0,34.0,53.42,34.32,44.7,54.52,58.36,74.28,97.82,86.98,66.82,65.92,48.78,45.3,6.02,5.96,0.07,-0.07,3.82,3.83,-0.01,0.05,4.91,4.98,-0.07,0.15,6.04,6.08,-0.03,0.08,7.12,6.51,0.61,-0.81,8.24,8.28,-0.04,0.07,11.85,10.91,0.94,-0.74,10.11,9.7,0.42,-0.35,7.01,7.45,-0.44,0.56,7.21,7.35,-0.14,0.2,5.16,5.44,-0.28,0.49,5.08,5.05,0.03,-0.02,28.87,3.22,4.2,0.48,34.0,3.7,34.0,33.06,-1.01,29.24,3.26,-0.07,0.0,34.0,3.26,34.0,29.17,0.02,46.57,5.19,0.49,0.07,34.0,5.26,34.0,47.06,-0.11,62.74,6.99,-0.49,-0.03,34.0,6.96,34.0,62.25,0.08,66.04,7.36,0.71,0.1,34.0,7.47,34.0,66.75,-0.09,Low,1,0.0
1,Small desk fan (grey),0.5,135.0,60.0,25,TskControl34,2025-02-01 16:59:14,2025-02-01_ID0_NoPCS_Ta25_TskControl34.csv,2025-02-01_ID1_Small desk fan (grey)_Mid_Angle135_Distance60_Ta25_TskControl34.csv,0.2,-1.95,-0.1,-0.44,6.27,2.22,11.18,1.99,-4.24,-3.15,-3.93,-0.83,25.0,25.3,62.34,0.04,25.18,25.93,34.0,34.0,34.0,34.0,34.0,34.0,34.0,34.0,34.0,34.0,34.0,34.0,53.62,32.37,44.6,54.08,64.63,76.5,109.0,88.97,62.58,62.77,44.85,44.47,24.8,25.4,62.29,0.26,25.03,25.78,34.0,34.0,34.0,34.0,34.0,34.0,34.0,34.0,34.0,34.0,34.0,34.0,53.42,34.32,44.7,54.52,58.36,74.28,97.82,86.98,66.82,65.92,48.78,45.3,6.08,5.96,0.12,-0.03,3.67,3.83,-0.16,0.51,5.06,4.98,0.07,0.02,6.13,6.08,0.05,0.07,7.33,6.51,0.82,-0.96,8.67,8.28,0.39,-0.27,12.36,10.91,1.45,-1.03,10.09,9.7,0.39,-0.2,7.1,7.45,-0.35,0.57,7.12,7.35,-0.23,0.43,5.09,5.44,-0.35,0.72,5.04,5.05,-0.01,0.17,28.87,3.22,5.5,0.68,34.0,3.9,34.0,34.37,-1.27,29.24,3.26,-0.66,-0.02,34.0,3.24,34.0,28.58,0.2,46.57,5.19,-0.03,0.08,34.0,5.28,34.0,46.54,-0.02,62.74,6.99,-0.86,0.02,34.0,7.02,34.0,61.88,0.14,66.04,7.36,-0.37,0.08,34.0,7.45,34.0,65.67,0.06,Mid,2,0.5
1,Small desk fan (grey),0.0,135.0,60.0,28,TskControl34,2025-05-16 16:46:44,2025-05-16_ID0_NoPCS_Ta28_TskControl34.csv,2025-05-16_ID1_Small desk fan (grey)_Low_Angle135_Distance60_Ta28_TskControl34.csv,2.24,-0.26,2.84,1.42,12.04,0.96,4.76,0.34,1.06,1.0,-0.2,0.0,28.6,28.5,31.5,0.0,28.5,27.18,34.0,34.0,34.0,34.0,34.0,34.0,34.0,34.0,34.0,34.0,34.0,34.0,36.18,20.06,33.18,32.54,51.52,42.3,52.2,46.46,45.58,44.46,33.28,30.18,28.6,28.5,31.5,0.0,28.5,27.18,34.0,34.0,34.0,34.0,34.0,34.0,34.0,34.0,34.0,34.0,34.0,34.0,33.94,20.32,30.34,31.12,39.48,41.34,47.44,46.12,44.52,43.46,33.48,30.18,6.58,6.17,0.41,-0.36,3.65,3.69,-0.05,0.07,6.03,5.52,0.52,-0.51,5.92,5.66,0.26,-0.25,9.37,7.18,2.19,-1.68,7.69,7.52,0.17,-0.13,9.49,8.63,0.87,-0.55,8.45,8.39,0.06,-0.04,8.29,8.09,0.19,-0.13,8.08,7.9,0.18,-0.13,6.05,6.09,-0.04,0.03,5.49,5.49,0.0,0.0,19.48,3.54,9.79,1.78,34.0,5.32,34.0,29.26,-1.8,16.45,2.99,3.85,0.7,34.0,3.69,34.0,20.3,-1.29,31.06,5.65,0.03,0.01,34.0,5.65,34.0,31.09,0.01,41.42,7.53,1.04,0.19,34.0,7.72,34.0,42.46,-0.14,43.17,7.85,0.22,0.04,34.0,7.89,34.0,43.39,-0.03,Low,1,0.0
1,Small desk fan (grey),1.0,135.0,60.0,28,TskControl34,2025-05-16 17:13:44,2025-05-16_ID0_NoPCS_Ta28_TskControl34.csv,2025-05-16_ID1_Small desk fan (grey)_High_Angle135_Distance60_Ta28_TskControl34.csv,3.7,-1.04,5.02,2.72,22.76,0.24,15.36,0.82,1.48,1.4,-0.28,0.2,28.6,28.5,31.5,0.0,28.5,27.18,34.0,34.0,34.0,34.0,34.0,34.0,34.0,34.0,34.0,34.0,34.0,34.0,37.64,19.28,35.36,33.84,62.24,41.58,62.8,46.94,46.0,44.86,33.2,30.38,28.6,28.5,31.5,0.0,28.5,27.18,34.0,34.0,34.0,34.0,34.0,34.0,34.0,34.0,34.0,34.0,34.0,34.0,33.94,20.32,30.34,31.12,39.48,41.34,47.44,46.12,44.52,43.46,33.48,30.18,6.84,6.17,0.67,-0.6,3.51,3.69,-0.19,0.28,6.43,5.52,0.91,-0.91,6.15,5.66,0.49,-0.48,11.32,7.18,4.14,-3.17,7.56,7.52,0.04,-0.03,11.42,8.63,2.79,-1.78,8.53,8.39,0.15,-0.1,8.36,8.09,0.27,-0.18,8.16,7.9,0.25,-0.18,6.04,6.09,-0.05,0.05,5.52,5.49,0.04,-0.04,19.48,3.54,14.7,2.67,34.0,6.21,34.0,34.18,-2.79,16.45,2.99,5.64,1.03,34.0,4.02,34.0,22.09,-1.89,31.06,5.65,0.82,0.15,34.0,5.8,34.0,31.89,-0.14,41.42,7.53,0.81,0.15,34.0,7.68,34.0,42.23,-0.11,43.17,7.85,0.12,0.02,34.0,7.87,34.0,43.29,-0.02,High,3,1.0
1,Small desk fan (grey),0.5,135.0,60.0,28,TskControl34,2025-05-16 17:02:44,2025-05-16_ID0_NoPCS_Ta28_TskControl34.csv,2025-05-16_ID1_Small desk fan (grey)_Mid_Angle135_Distance60_Ta28_TskControl34.csv,3.36,-0.42,4.16,1.92,18.68,1.28,12.24,0.58,1.7,2.4,0.06,-0.22,28.6,28.5,31.5,0.0,28.5,27.18,34.0,34.0,34.0,34.0,34.0,34.0,34.0,34.0,34.0,34.0,34.0,34.0,37.3,19.9,34.5,33.04,58.16,42.62,59.68,46.7,46.22,45.86,33.54,29.96,28.6,28.5,31.5,0.0,28.5,27.18,34.0,34.0,34.0,34.0,34.0,34.0,34.0,34.0,34.0,34.0,34.0,34.0,33.94,20.32,30.34,31.12,39.48,41.34,47.44,46.12,44.52,43.46,33.48,30.18,6.78,6.17,0.61,-0.54,3.62,3.69,-0.08,0.11,6.27,5.52,0.76,-0.75,6.01,5.66,0.35,-0.34,10.57,7.18,3.4,-2.6,7.75,7.52,0.23,-0.17,10.85,8.63,2.23,-1.42,8.49,8.39,0.11,-0.07,8.4,8.09,0.31,-0.21,8.34,7.9,0.44,-0.3,6.1,6.09,0.01,-0.01,5.45,5.49,-0.04,0.04,19.48,3.54,12.54,2.28,34.0,5.82,34.0,32.02,-2.35,16.45,2.99,4.91,0.89,34.0,3.88,34.0,21.36,-1.65,31.06,5.65,0.82,0.15,34.0,5.8,34.0,31.88,-0.13,41.42,7.53,1.12,0.2,34.0,7.73,34.0,42.54,-0.16,43.17,7.85,0.68,0.12,34.0,7.97,34.0,43.85,-0.09,Mid,2,0.5
1,Small desk fan (grey),1.0,135.0,60.0,28,TskControl34,2025-05-16 17:13:44,2025-05-16_ID0_NoPCS_Ta28_TskControl34.csv,2025-05-16_ID1_Small desk fan (grey)_High_Angle135_Distance60_Ta28_TskControl34.csv,3.7,-1.04,5.02,2.72,22.76,0.24,15.36,0.82,1.48,1.4,-0.28,0.2,28.6,28.5,31.5,0.0,28.5,27.18,34.0,34.0,34.0,34.0,34.0,34.0,34.0,34.0,34.0,34.0,34.0,34.0,37.64,19.28,35.36,33.84,62.24,41.58,62.8,46.94,46.0,44.86,33.2,30.38,28.6,28.5,31.5,0.0,28.5,27.18,34.0,34.0,34.0,34.0,34.0,34.0,34.0,34.0,34.0,34.0,34.0,34.0,33.94,20.32,30.34,31.12,39.48,41.34,47.44,46.12,44.52,43.46,33.48,30.18,6.84,6.17,0.67,-0.6,3.51,3.69,-0.19,0.28,6.43,5.52,0.91,-0.91,6.15,5.66,0.49,-0.48,11.32,7.18,4.14,-3.17,7.56,7.52,0.04,-0.03,11.42,8.63,2.79,-1.78,8.53,8.39,0.15,-0.1,8.36,8.09,0.27,-0.18,8.16,7.9,0.25,-0.18,6.04,6.09,-0.05,0.05,5.52,5.49,0.04,-0.04,19.48,3.54,14.7,2.67,34.0,6.21,34.0,34.18,-2.79,16.45,2.99,5.64,1.03,34.0,4.02,34.0,22.09,-1.89,31.06,5.65,0.82,0.15,34.0,5.8,34.0,31.89,-0.14,41.42,7.53,0.81,0.15,34.0,7.68,34.0,42.23,-0.11,43.17,7.85,0.12,0.02,34.0,7.87,34.0,43.29,-0.02,High,3,1.0
1,Small desk fan (grey),0.0,135.0,60.0,28,TskControl34,2025-05-16 16:46:44,2025-05-16_ID0_NoPCS_Ta28_TskControl34.csv,2025-05-16_ID1_Small desk fan (grey)_Low_Angle135_Distance60_Ta28_TskControl34.csv,2.24,-0.26,2.84,1.42,12.04,0.96,4.76,0.34,1.06,1.0,-0.2,0.0,28.6,28.5,31.5,0.0,28.5,27.18,34.0,34.0,34.0,34.0,34.0,34.0,34.0,34.0,34.0,34.0,34.0,34.0,36.18,20.06,33.18,32.54,51.52,42.3,52.2,46.46,45.58,44.46,33.28,30.18,28.6,28.5,31.5,0.0,28.5,27.18,34.0,34.0,34.0,34.0,34.0,34.0,34.0,34.0,34.0,34.0,34.0,34.0,33.94,20.32,30.34,31.12,39.48,41.34,47.44,46.12,44.52,43.46,33.48,30.18,6.58,6.17,0.41,-0.36,3.65,3.69,-0.05,0.07,6.03,5.52,0.52,-0.51,5.92,5.66,0.26,-0.25,9.37,7.18,2.19,-1.68,7.69,7.52,0.17,-0.13,9.49,8.63,0.87,-0.55,8.45,8.39,0.06,-0.04,8.29,8.09,0.19,-0.13,8.08,7.9,0.18,-0.13,6.05,6.09,-0.04,0.03,5.49,5.49,0.0,0.0,19.48,3.54,9.79,1.78,34.0,5.32,34.0,29.26,-1.8,16.45,2.99,3.85,0.7,34.0,3.69,34.0,20.3,-1.29,31.06,5.65,0.03,0.01,34.0,5.65,34.0,31.09,0.01,41.42,7.53,1.04,0.19,34.0,7.72,34.0,42.46,-0.14,43.17,7.85,0.22,0.04,34.0,7.89,34.0,43.39,-0.03,Low,1,0.0
1,Small desk fan (grey),0.5,135.0,60.0,28,TskControl34,2025-05-16 17:02:44,2025-05-16_ID0_NoPCS_Ta28_TskControl34.csv,2025-05-16_ID1_Small desk fan (grey)_Mid_Angle135_Distance60_Ta28_TskControl34.csv,3.36,-0.42,4.16,1.92,18.68,1.28,12.24,0.58,1.7,2.4,0.06,-0.22,28.6,28.5,31.5,0.0,28.5,27.18,34.0,34.0,34.0,34.0,34.0,34.0,34.0,34.0,34.0,34.0,34.0,34.0,37.3,19.9,34.5,33.04,58.16,42.62,59.68,46.7,46.22,45.86,33.54,29.96,28.6,28.5,31.5,0.0,28.5,27.18,34.0,34.0,34.0,34.0,34.0,34.0,34.0,34.0,34.0,34.0,34.0,34.0,33.94,20.32,30.34,31.12,39.48,41.34,47.44,46.12,44.52,43.46,33.48,30.18,6.78,6.17,0.61,-0.54,3.62,3.69,-0.08,0.11,6.27,5.52,0.76,-0.75,6.01,5.66,0.35,-0.34,10.57,7.18,3.4,-2.6,7.75,7.52,0.23,-0.17,10.85,8.63,2.23,-1.42,8.49,8.39,0.11,-0.07,8.4,8.09,0.31,-0.21,8.34,7.9,0.44,-0.3,6.1,6.09,0.01,-0.01,5.45,5.49,-0.04,0.04,19.48,3.54,12.54,2.28,34.0,5.82,34.0,32.02,-2.35,16.45,2.99,4.91,0.89,34.0,3.88,34.0,21.36,-1.65,31.06,5.65,0.82,0.15,34.0,5.8,34.0,31.88,-0.13,41.42,7.53,1.12,0.2,34.0,7.73,34.0,42.54,-0.16,43.17,7.85,0.68,0.12,34.0,7.97,34.0,43.85,-0.09,Mid,2,0.5
1,Small desk fan (grey),0.0,135.0,60.0,22,TskControl34,2025-02-19 14:06:18,2025-02-19_ID0_NoPCS_Ta22_TskControl34.csv,2025-02-19_ID1_Small desk fan (grey)_Low_Angle135_Distance60_Ta22_TskControl34.csv,1.46,0.96,0.02,-0.64,2.76,1.42,12.0,2.44,-0.66,-0.38,-0.34,-0.22,22.3,22.1,42.93,0.09,22.2,22.25,34.0,34.0,34.0,34.0,34.0,34.0,34.0,34.0,34.0,34.0,34.0,34.0,74.88,47.2,64.88,71.16,87.28,97.54,137.18,115.96,90.2,94.68,63.74,64.04,22.1,22.3,30.15,0.2,22.18,22.02,34.0,34.0,34.0,34.0,34.0,34.0,34.0,34.0,34.0,34.0,34.0,34.0,73.42,46.24,64.86,71.8,84.52,96.12,125.18,113.52,90.86,95.06,64.08,64.26,6.35,6.21,0.13,-0.24,4.0,3.91,0.09,-0.25,5.5,5.49,0.01,-0.0,6.03,6.07,-0.04,0.11,7.4,7.15,0.25,-0.39,8.27,8.13,0.13,-0.17,11.63,10.59,1.03,-1.13,9.83,9.6,0.22,-0.25,7.64,7.69,-0.04,0.09,8.02,8.04,-0.02,0.05,5.4,5.42,-0.02,0.06,5.43,5.44,-0.01,0.04,38.81,3.28,10.7,0.91,34.0,4.2,34.0,49.51,-2.39,41.48,3.51,-0.03,0.0,34.0,3.51,34.0,41.45,-0.0,59.9,5.07,0.66,0.06,34.0,5.13,34.0,60.56,-0.12,90.2,7.63,0.23,0.03,34.0,7.66,34.0,90.43,-0.04,94.58,8.0,-0.52,-0.03,34.0,7.97,34.0,94.06,0.07,Low,1,0.0
1,Small desk fan (grey),0.5,135.0,60.0,22,TskControl34,2025-02-19 14:25:28,2025-02-19_ID0_NoPCS_Ta22_TskControl34.csv,2025-02-19_ID1_Small desk fan (grey)_Mid_Angle135_Distance60_Ta22_TskControl34.csv,0.74,-1.0,0.02,-1.8,3.3,1.96,9.06,7.36,-0.78,-1.22,-0.84,0.08,22.3,22.5,42.93,0.22,22.38,22.34,34.0,34.0,34.0,34.0,34.0,34.0,34.0,34.0,34.0,34.0,34.0,34.0,74.16,45.24,64.88,70.0,87.82,98.08,134.24,120.88,90.08,93.84,63.24,64.34,22.1,22.3,30.15,0.2,22.18,22.02,34.0,34.0,34.0,34.0,34.0,34.0,34.0,34.0,34.0,34.0,34.0,34.0,73.42,46.24,64.86,71.8,84.52,96.12,125.18,113.52,90.86,95.06,64.08,64.26,6.38,6.21,0.17,-0.12,3.89,3.91,-0.02,0.26,5.58,5.49,0.1,-0.0,6.02,6.07,-0.05,0.3,7.56,7.15,0.41,-0.46,8.44,8.13,0.31,-0.24,11.55,10.59,0.96,-0.86,10.4,9.6,0.8,-0.77,7.75,7.69,0.07,0.1,8.08,8.04,0.03,0.15,5.44,5.42,0.02,0.15,5.54,5.44,0.1,-0.01,38.81,3.28,12.92,1.17,34.0,4.45,34.0,51.74,-2.87,41.48,3.51,-0.91,-0.02,34.0,3.49,34.0,40.57,0.24,59.9,5.07,-0.33,0.06,34.0,5.13,34.0,59.57,0.08,90.2,7.63,-1.87,-0.03,34.0,7.6,34.0,88.33,0.25,94.58,8.0,-3.23,-0.14,34.0,7.86,34.0,91.35,0.42,Mid,2,0.5
1,Small desk fan (grey),1.0,135.0,60.0,25,TskControl34,2025-02-01 17:18:14,2025-02-01_ID0_NoPCS_Ta25_TskControl34.csv,2025-02-01_ID1_Small desk fan (grey)_High_Angle135_Distance60_Ta25_TskControl34.csv,1.05,-3.14,1.45,-2.49,7.77,0.75,11.33,1.55,-4.5,-1.95,-3.86,-0.48,25.2,25.2,62.78,0.18,25.2,25.99,34.0,34.0,34.0,34.0,34.0,34.0,34.0,34.0,34.0,34.0,34.0,34.0,54.47,31.18,46.15,52.03,66.13,75.03,109.15,88.53,62.32,63.97,44.92,44.82,24.8,25.4,62.29,0.26,25.03,25.78,34.0,34.0,34.0,34.0,34.0,34.0,34.0,34.0,34.0,34.0,34.0,34.0,53.42,34.32,44.7,54.52,58.36,74.28,97.82,86.98,66.82,65.92,48.78,45.3,6.19,5.96,0.23,-0.18,3.54,3.83,-0.28,0.82,5.24,4.98,0.26,-0.29,5.91,6.08,-0.17,0.41,7.52,6.51,1.01,-1.19,8.53,8.28,0.25,-0.09,12.4,10.91,1.5,-1.04,10.06,9.7,0.36,-0.16,7.08,7.45,-0.37,0.6,7.27,7.35,-0.08,0.27,5.1,5.44,-0.33,0.71,5.09,5.05,0.04,0.1,28.87,3.22,15.38,1.81,34.0,5.03,34.0,44.24,-3.26,29.24,3.26,0.89,0.16,34.0,3.42,34.0,30.12,-0.28,46.57,5.19,-0.57,0.04,34.0,5.23,34.0,46.01,0.04,62.74,6.99,0.04,0.14,34.0,7.13,34.0,62.78,0.01,66.04,7.36,-1.88,-0.07,34.0,7.29,34.0,64.16,0.27,High,3,1.0
1,Small desk fan (grey),0.0,135.0,60.0,25,TskControl34,2025-02-01 16:44:44,2025-02-01_ID0_NoPCS_Ta25_TskControl34.csv,2025-02-01_ID1_Small desk fan (grey)_Low_Angle135_Distance60_Ta25_TskControl34.csv,0.44,-0.18,-0.76,-0.48,5.26,-0.6,8.12,3.42,-4.16,-1.46,-2.66,0.12,25.0,25.1,60.78,0.03,25.06,25.76,34.0,34.0,34.0,34.0,34.0,34.0,34.0,34.0,34.0,34.0,34.0,34.0,53.86,34.14,43.94,54.04,63.62,73.68,105.94,90.4,62.66,64.46,46.12,45.42,24.8,25.4,62.29,0.26,25.03,25.78,34.0,34.0,34.0,34.0,34.0,34.0,34.0,34.0,34.0,34.0,34.0,34.0,53.42,34.32,44.7,54.52,58.36,74.28,97.82,86.98,66.82,65.92,48.78,45.3,6.02,5.96,0.07,-0.07,3.82,3.83,-0.01,0.05,4.91,4.98,-0.07,0.15,6.04,6.08,-0.03,0.08,7.12,6.51,0.61,-0.81,8.24,8.28,-0.04,0.07,11.85,10.91,0.94,-0.74,10.11,9.7,0.42,-0.35,7.01,7.45,-0.44,0.56,7.21,7.35,-0.14,0.2,5.16,5.44,-0.28,0.49,5.08,5.05,0.03,-0.02,28.87,3.22,4.2,0.48,34.0,3.7,34.0,33.06,-1.01,29.24,3.26,-0.07,0.0,34.0,3.26,34.0,29.17,0.02,46.57,5.19,0.49,0.07,34.0,5.26,34.0,47.06,-0.11,62.74,6.99,-0.49,-0.03,34.0,6.96,34.0,62.25,0.08,66.04,7.36,0.71,0.1,34.0,7.47,34.0,66.75,-0.09,Low,1,0.0
1,Small desk fan (grey),1.0,135.0,60.0,22,TskControl34,2025-02-19 14:44:08,2025-02-19_ID0_NoPCS_Ta22_TskControl34.csv,2025-02-19_ID1_Small desk fan (grey)_High_Angle135_Distance60_Ta22_TskControl34.csv,0.8,-1.04,-0.08,-3.68,4.68,3.8,16.02,10.88,-3.36,-2.46,-1.28,-0.9,22.3,22.5,42.93,0.22,22.38,22.34,34.0,34.0,34.0,34.0,34.0,34.0,34.0,34.0,34.0,34.0,34.0,34.0,74.22,45.2,64.78,68.12,89.2,99.92,141.2,124.4,87.5,92.6,62.8,63.36,22.1,22.3,30.15,0.2,22.18,22.02,34.0,34.0,34.0,34.0,34.0,34.0,34.0,34.0,34.0,34.0,34.0,34.0,73.42,46.24,64.86,71.8,84.52,96.12,125.18,113.52,90.86,95.06,64.08,64.26,6.39,6.21,0.18,-0.13,3.89,3.91,-0.02,0.27,5.57,5.49,0.09,0.01,5.86,6.07,-0.21,0.61,7.68,7.15,0.53,-0.65,8.6,8.13,0.47,-0.47,12.15,10.59,1.56,-1.51,10.71,9.6,1.1,-1.13,7.53,7.69,-0.16,0.44,7.97,8.04,-0.07,0.31,5.4,5.42,-0.02,0.24,5.45,5.44,0.02,0.17,38.81,3.28,17.26,1.54,34.0,4.83,34.0,56.08,-3.8,41.48,3.51,-0.6,0.01,34.0,3.52,34.0,40.88,0.14,59.9,5.07,-0.35,0.06,34.0,5.12,34.0,59.55,0.07,90.2,7.63,-2.55,-0.09,34.0,7.54,34.0,87.65,0.33,94.58,8.0,-5.71,-0.35,34.0,7.65,34.0,88.87,0.72,High,3,1.0
1,Small desk fan (grey),1.0,135.0,60.0,22,TskControl34,2025-02-19 14:44:08,2025-02-19_ID0_NoPCS_Ta22_TskControl34.csv,2025-02-19_ID1_Small desk fan (grey)_High_Angle135_Distance60_Ta22_TskControl34.csv,0.8,-1.04,-0.08,-3.68,4.68,3.8,16.02,10.88,-3.36,-2.46,-1.28,-0.9,22.3,22.5,42.93,0.22,22.38,22.34,34.0,34.0,34.0,34.0,34.0,34.0,34.0,34.0,34.0,34.0,34.0,34.0,74.22,45.2,64.78,68.12,89.2,99.92,141.2,124.4,87.5,92.6,62.8,63.36,22.1,22.3,30.15,0.2,22.18,22.02,34.0,34.0,34.0,34.0,34.0,34.0,34.0,34.0,34.0,34.0,34.0,34.0,73.42,46.24,64.86,71.8,84.52,96.12,125.18,113.52,90.86,95.06,64.08,64.26,6.39,6.21,0.18,-0.13,3.89,3.91,-0.02,0.27,5.57,5.49,0.09,0.01,5.86,6.07,-0.21,0.61,7.68,7.15,0.53,-0.65,8.6,8.13,0.47,-0.47,12.15,10.59,1.56,-1.51,10.71,9.6,1.1,-1.13,7.53,7.69,-0.16,0.44,7.97,8.04,-0.07,0.31,5.4,5.42,-0.02,0.24,5.45,5.44,0.02,0.17,38.81,3.28,17.26,1.54,34.0,4.83,34.0,56.08,-3.8,41.48,3.51,-0.6,0.01,34.0,3.52,34.0,40.88,0.14,59.9,5.07,-0.35,0.06,34.0,5.12,34.0,59.55,0.07,90.2,7.63,-2.55,-0.09,34.0,7.54,34.0,87.65,0.33,94.58,8.0,-5.71,-0.35,34.0,7.65,34.0,88.87,0.72,High,3,1.0
1,Small desk fan (grey),0.5,135.0,60.0,22,TskControl34,2025-02-19 14:25:28,2025-02-19_ID0_NoPCS_Ta22_TskControl34.csv,2025-02-19_ID1_Small desk fan (grey)_Mid_Angle135_Distance60_Ta22_TskControl34.csv,0.74,-1.0,0.02,-1.8,3.3,1.96,9.06,7.36,-0.78,-1.22,-0.84,0.08,22.3,22.5,42.93,0.22,22.38,22.34,34.0,34.0,34.0,34.0,34.0,34.0,34.0,34.0,34.0,34.0,34.0,34.0,74.16,45.24,64.88,70.0,87.82,98.08,134.24,120.88,90.08,93.84,63.24,64.34,22.1,22.3,30.15,0.2,22.18,22.02,34.0,34.0,34.0,34.0,34.0,34.0,34.0,34.0,34.0,34.0,34.0,34.0,73.42,46.24,64.86,71.8,84.52,96.12,125.18,113.52,90.86,95.06,64.08,64.26,6.38,6.21,0.17,-0.12,3.89,3.91,-0.02,0.26,5.58,5.49,0.1,-0.0,6.02,6.07,-0.05,0.3,7.56,7.15,0.41,-0.46,8.44,8.13,0.31,-0.24,11.55,10.59,0.96,-0.86,10.4,9.6,0.8,-0.77,7.75,7.69,0.07,0.1,8.08,8.04,0.03,0.15,5.44,5.42,0.02,0.15,5.54,5.44,0.1,-0.01,38.81,3.28,12.92,1.17,34.0,4.45,34.0,51.74,-2.87,41.48,3.51,-0.91,-0.02,34.0,3.49,34.0,40.57,0.24,59.9,5.07,-0.33,0.06,34.0,5.13,34.0,59.57,0.08,90.2,7.63,-1.87,-0.03,34.0,7.6,34.0,88.33,0.25,94.58,8.0,-3.23,-0.14,34.0,7.86,34.0,91.35,0.42,Mid,2,0.5
1,Small desk fan (grey),0.0,135.0,60.0,22,TskControl34,2025-02-19 14:06:18,2025-02-19_ID0_NoPCS_Ta22_TskControl34.csv,2025-02-19_ID1_Small desk fan (grey)_Low_Angle135_Distance60_Ta22_TskControl34.csv,1.46,0.96,0.02,-0.64,2.76,1.42,12.0,2.44,-0.66,-0.38,-0.34,-0.22,22.3,22.1,42.93,0.09,22.2,22.25,34.0,34.0,34.0,34.0,34.0,34.0,34.0,34.0,34.0,34.0,34.0,34.0,74.88,47.2,64.88,71.16,87.28,97.54,137.18,115.96,90.2,94.68,63.74,64.04,22.1,22.3,30.15,0.2,22.18,22.02,34.0,34.0,34.0,34.0,34.0,34.0,34.0,34.0,34.0,34.0,34.0,34.0,73.42,46.24,64.86,71.8,84.52,96.12,125.18,113.52,90.86,95.06,64.08,64.26,6.35,6.21,0.13,-0.24,4.0,3.91,0.09,-0.25,5.5,5.49,0.01,-0.0,6.03,6.07,-0.04,0.11,7.4,7.15,0.25,-0.39,8.27,8.13,0.13,-0.17,11.63,10.59,1.03,-1.13,9.83,9.6,0.22,-0.25,7.64,7.69,-0.04,0.09,8.02,8.04,-0.02,0.05,5.4,5.42,-0.02,0.06,5.43,5.44,-0.01,0.04,38.81,3.28,10.7,0.91,34.0,4.2,34.0,49.51,-2.39,41.48,3.51,-0.03,0.0,34.0,3.51,34.0,41.45,-0.0,59.9,5.07,0.66,0.06,34.0,5.13,34.0,60.56,-0.12,90.2,7.63,0.23,0.03,34.0,7.66,34.0,90.43,-0.04,94.58,8.0,-0.52,-0.03,34.0,7.97,34.0,94.06,0.07,Low,1,0.0
1,Small desk fan (grey),1.0,135.0,60.0,25,TskControl34,2025-02-01 17:18:14,2025-02-01_ID0_NoPCS_Ta25_TskControl34.csv,2025-02-01_ID1_Small desk fan (grey)_High_Angle135_Distance60_Ta25_TskControl34.csv,1.05,-3.14,1.45,-2.49,7.77,0.75,11.33,1.55,-4.5,-1.95,-3.86,-0.48,25.2,25.2,62.78,0.18,25.2,25.99,34.0,34.0,34.0,34.0,34.0,34.0,34.0,34.0,34.0,34.0,34.0,34.0,54.47,31.18,46.15,52.03,66.13,75.03,109.15,88.53,62.32,63.97,44.92,44.82,24.8,25.4,62.29,0.26,25.03,25.78,34.0,34.0,34.0,34.0,34.0,34.0,34.0,34.0,34.0,34.0,34.0,34.0,53.42,34.32,44.7,54.52,58.36,74.28,97.82,86.98,66.82,65.92,48.78,45.3,6.19,5.96,0.23,-0.18,3.54,3.83,-0.28,0.82,5.24,4.98,0.26,-0.29,5.91,6.08,-0.17,0.41,7.52,6.51,1.01,-1.19,8.53,8.28,0.25,-0.09,12.4,10.91,1.5,-1.04,10.06,9.7,0.36,-0.16,7.08,7.45,-0.37,0.6,7.27,7.35,-0.08,0.27,5.1,5.44,-0.33,0.71,5.09,5.05,0.04,0.1,28.87,3.22,15.38,1.81,34.0,5.03,34.0,44.24,-3.26,29.24,3.26,0.89,0.16,34.0,3.42,34.0,30.12,-0.28,46.57,5.19,-0.57,0.04,34.0,5.23,34.0,46.01,0.04,62.74,6.99,0.04,0.14,34.0,7.13,34.0,62.78,0.01,66.04,7.36,-1.88,-0.07,34.0,7.29,34.0,64.16,0.27,High,3,1.0
1,Small desk fan (grey),0.5,135.0,60.0,25,TskControl34,2025-02-01 16:59:14,2025-02-01_ID0_NoPCS_Ta25_TskControl34.csv,2025-02-01_ID1_Small desk fan (grey)_Mid_Angle135_Distance60_Ta25_TskControl34.csv,0.2,-1.95,-0.1,-0.44,6.27,2.22,11.18,1.99,-4.24,-3.15,-3.93,-0.83,25.0,25.3,62.34,0.04,25.18,25.93,34.0,34.0,34.0,34.0,34.0,34.0,34.0,34.0,34.0,34.0,34.0,34.0,53.62,32.37,44.6,54.08,64.63,76.5,109.0,88.97,62.58,62.77,44.85,44.47,24.8,25.4,62.29,0.26,25.03,25.78,34.0,34.0,34.0,34.0,34.0,34.0,34.0,34.0,34.0,34.0,34.0,34.0,53.42,34.32,44.7,54.52,58.36,74.28,97.82,86.98,66.82,65.92,48.78,45.3,6.08,5.96,0.12,-0.03,3.67,3.83,-0.16,0.51,5.06,4.98,0.07,0.02,6.13,6.08,0.05,0.07,7.33,6.51,0.82,-0.96,8.67,8.28,0.39,-0.27,12.36,10.91,1.45,-1.03,10.09,9.7,0.39,-0.2,7.1,7.45,-0.35,0.57,7.12,7.35,-0.23,0.43,5.09,5.44,-0.35,0.72,5.04,5.05,-0.01,0.17,28.87,3.22,5.5,0.68,34.0,3.9,34.0,34.37,-1.27,29.24,3.26,-0.66,-0.02,34.0,3.24,34.0,28.58,0.2,46.57,5.19,-0.03,0.08,34.0,5.28,34.0,46.54,-0.02,62.74,6.99,-0.86,0.02,34.0,7.02,34.0,61.88,0.14,66.04,7.36,-0.37,0.08,34.0,7.45,34.0,65.67,0.06,Mid,2,0.5
2,Small desk fan (black),0.5,135.0,60.0,25,TskControl34,2025-02-01 17:37:44,2025-02-01_ID0_NoPCS_Ta25_TskControl34.csv,2025-02-01_ID2_Small desk fan (black)_Mid (On-Off)_Angle135_Distance60_Ta25_TskControl34.csv,0.9,-2.9,0.4,1.28,9.54,8.04,18.46,13.42,-5.16,-2.94,-5.58,-1.3,25.1,25.4,64.76,0.08,25.26,26.08,34.0,34.0,34.0,34.0,34.0,34.0,34.0,34.0,34.0,34.0,34.0,34.0,54.32,31.42,45.1,55.8,67.9,82.32,116.28,100.4,61.66,62.98,43.2,44.0,24.8,25.4,62.29,0.26,25.03,25.78,34.0,34.0,34.0,34.0,34.0,34.0,34.0,34.0,34.0,34.0,34.0,34.0,53.42,34.32,44.7,54.52,58.36,74.28,97.82,86.98,66.82,65.92,48.78,45.3,6.22,5.96,0.26,-0.15,3.59,3.83,-0.23,0.76,5.16,4.98,0.18,-0.08,6.38,6.08,0.31,-0.21,7.77,6.51,1.26,-1.47,9.42,8.28,1.14,-0.97,13.3,10.91,2.4,-1.69,11.49,9.7,1.79,-1.38,7.05,7.45,-0.39,0.69,7.21,7.35,-0.14,0.4,4.94,5.44,-0.5,1.03,5.03,5.05,-0.02,0.26,28.87,3.22,2.69,0.39,34.0,3.61,34.0,31.56,0.04,29.24,3.26,2.09,0.32,34.0,3.58,34.0,31.33,-0.62,46.57,5.19,-0.29,0.1,34.0,5.3,34.0,46.28,0.01,62.74,6.99,-0.15,0.17,34.0,7.16,34.0,62.59,0.04,66.04,7.36,-0.58,0.13,34.0,7.49,34.0,65.46,0.09,Mid,1,0.5
2,Small desk fan (black),0.5,135.0,60.0,28,TskControl34,2025-05-16 17:29:44,2025-05-16_ID0_NoPCS_Ta28_TskControl34.csv,2025-05-16_ID2_Small desk fan (black)_Mid (On-Off)_Angle135_Distance60_Ta28_TskControl34.csv,3.76,1.28,5.48,6.94,17.64,8.88,21.16,2.16,1.64,2.06,0.04,0.5,28.6,28.5,31.5,0.0,28.5,27.18,34.0,34.0,34.0,34.0,34.0,34.0,34.0,34.0,34.0,34.0,34.0,34.0,37.7,21.6,35.82,38.06,57.12,50.22,68.6,48.28,46.16,45.52,33.52,30.68,28.6,28.5,31.5,0.0,28.5,27.18,34.0,34.0,34.0,34.0,34.0,34.0,34.0,34.0,34.0,34.0,34.0,34.0,33.94,20.32,30.34,31.12,39.48,41.34,47.44,46.12,44.52,43.46,33.48,30.18,6.85,6.17,0.68,-0.61,3.93,3.69,0.23,-0.35,6.51,5.52,1.0,-0.99,6.92,5.66,1.26,-1.23,10.39,7.18,3.21,-2.46,9.13,7.52,1.61,-1.18,12.47,8.63,3.85,-2.45,8.78,8.39,0.39,-0.26,8.39,8.09,0.3,-0.2,8.28,7.9,0.37,-0.26,6.09,6.09,0.01,-0.01,5.58,5.49,0.09,-0.09,19.48,3.54,6.19,1.13,34.0,4.67,34.0,25.67,-0.83,16.45,2.99,7.44,1.35,34.0,4.34,34.0,23.89,-2.49,31.06,5.65,0.16,0.03,34.0,5.68,34.0,31.23,-0.01,41.42,7.53,1.55,0.28,34.0,7.81,34.0,42.97,-0.21,43.17,7.85,0.23,0.04,34.0,7.89,34.0,43.4,-0.04,Mid,1,0.5
2,Small desk fan (black),0.5,135.0,60.0,22,TskControl34,2025-02-19 15:36:03,2025-02-19_ID0_NoPCS_Ta22_TskControl34.csv,2025-02-19_ID2_Small desk fan (black)_Mid (On-Off)_Angle135_Distance60_Ta22_TskControl34.csv,-0.48,-2.26,0.14,-2.68,6.06,5.38,12.98,11.3,-3.24,0.06,-0.6,0.1,22.2,22.4,32.6,0.13,22.29,22.06,34.0,34.0,34.0,34.0,34.0,34.0,34.0,34.0,34.0,34.0,34.0,34.0,72.94,43.98,65.0,69.12,90.58,101.5,138.16,124.82,87.62,95.12,63.48,64.36,22.1,22.3,30.15,0.2,22.18,22.02,34.0,34.0,34.0,34.0,34.0,34.0,34.0,34.0,34.0,34.0,34.0,34.0,73.42,46.24,64.86,71.8,84.52,96.12,125.18,113.52,90.86,95.06,64.08,64.26,6.23,6.21,0.02,0.08,3.76,3.91,-0.16,0.58,5.55,5.49,0.06,-0.03,5.9,6.07,-0.17,0.44,7.74,7.15,0.58,-0.85,8.67,8.13,0.54,-0.66,11.8,10.59,1.21,-1.23,10.66,9.6,1.06,-1.18,7.48,7.69,-0.2,0.42,8.12,8.04,0.08,-0.01,5.42,5.42,-0.0,0.11,5.5,5.44,0.06,-0.02,38.81,3.28,7.13,0.64,34.0,3.92,34.0,45.94,-0.92,41.48,3.51,0.01,0.03,34.0,3.54,34.0,41.49,-0.01,59.9,5.07,-2.71,-0.18,34.0,4.88,34.0,57.19,0.52,90.2,7.63,-4.61,-0.32,34.0,7.31,34.0,85.59,0.59,94.58,8.0,-6.14,-0.45,34.0,7.55,34.0,88.44,0.74,Mid,1,0.5
2,Small desk fan (black),0.5,135.0,60.0,25,TskControl34,2025-02-01 17:37:44,2025-02-01_ID0_NoPCS_Ta25_TskControl34.csv,2025-02-01_ID2_Small desk fan (black)_Mid (On-Off)_Angle135_Distance60_Ta25_TskControl34.csv,0.9,-2.9,0.4,1.28,9.54,8.04,18.46,13.42,-5.16,-2.94,-5.58,-1.3,25.1,25.4,64.76,0.08,25.26,26.08,34.0,34.0,34.0,34.0,34.0,34.0,34.0,34.0,34.0,34.0,34.0,34.0,54.32,31.42,45.1,55.8,67.9,82.32,116.28,100.4,61.66,62.98,43.2,44.0,24.8,25.4,62.29,0.26,25.03,25.78,34.0,34.0,34.0,34.0,34.0,34.0,34.0,34.0,34.0,34.0,34.0,34.0,53.42,34.32,44.7,54.52,58.36,74.28,97.82,86.98,66.82,65.92,48.78,45.3,6.22,5.96,0.26,-0.15,3.59,3.83,-0.23,0.76,5.16,4.98,0.18,-0.08,6.38,6.08,0.31,-0.21,7.77,6.51,1.26,-1.47,9.42,8.28,1.14,-0.97,13.3,10.91,2.4,-1.69,11.49,9.7,1.79,-1.38,7.05,7.45,-0.39,0.69,7.21,7.35,-0.14,0.4,4.94,5.44,-0.5,1.03,5.03,5.05,-0.02,0.26,28.87,3.22,2.69,0.39,34.0,3.61,34.0,31.56,0.04,29.24,3.26,2.09,0.32,34.0,3.58,34.0,31.33,-0.62,46.57,5.19,-0.29,0.1,34.0,5.3,34.0,46.28,0.01,62.74,6.99,-0.15,0.17,34.0,7.16,34.0,62.59,0.04,66.04,7.36,-0.58,0.13,34.0,7.49,34.0,65.46,0.09,Mid,1,0.5
2,Small desk fan (black),0.5,135.0,60.0,28,TskControl34,2025-05-16 17:29:44,2025-05-16_ID0_NoPCS_Ta28_TskControl34.csv,2025-05-16_ID2_Small desk fan (black)_Mid (On-Off)_Angle135_Distance60_Ta28_TskControl34.csv,3.76,1.28,5.48,6.94,17.64,8.88,21.16,2.16,1.64,2.06,0.04,0.5,28.6,28.5,31.5,0.0,28.5,27.18,34.0,34.0,34.0,34.0,34.0,34.0,34.0,34.0,34.0,34.0,34.0,34.0,37.7,21.6,35.82,38.06,57.12,50.22,68.6,48.28,46.16,45.52,33.52,30.68,28.6,28.5,31.5,0.0,28.5,27.18,34.0,34.0,34.0,34.0,34.0,34.0,34.0,34.0,34.0,34.0,34.0,34.0,33.94,20.32,30.34,31.12,39.48,41.34,47.44,46.12,44.52,43.46,33.48,30.18,6.85,6.17,0.68,-0.61,3.93,3.69,0.23,-0.35,6.51,5.52,1.0,-0.99,6.92,5.66,1.26,-1.23,10.39,7.18,3.21,-2.46,9.13,7.52,1.61,-1.18,12.47,8.63,3.85,-2.45,8.78,8.39,0.39,-0.26,8.39,8.09,0.3,-0.2,8.28,7.9,0.37,-0.26,6.09,6.09,0.01,-0.01,5.58,5.49,0.09,-0.09,19.48,3.54,6.19,1.13,34.0,4.67,34.0,25.67,-0.83,16.45,2.99,7.44,1.35,34.0,4.34,34.0,23.89,-2.49,31.06,5.65,0.16,0.03,34.0,5.68,34.0,31.23,-0.01,41.42,7.53,1.55,0.28,34.0,7.81,34.0,42.97,-0.21,43.17,7.85,0.23,0.04,34.0,7.89,34.0,43.4,-0.04,Mid,1,0.5
2,Small desk fan (black),0.5,135.0,60.0,22,TskControl34,2025-02-19 15:36:03,2025-02-19_ID0_NoPCS_Ta22_TskControl34.csv,2025-02-19_ID2_Small desk fan (black)_Mid (On-Off)_Angle135_Distance60_Ta22_TskControl34.csv,-0.48,-2.26,0.14,-2.68,6.06,5.38,12.98,11.3,-3.24,0.06,-0.6,0.1,22.2,22.4,32.6,0.13,22.29,22.06,34.0,34.0,34.0,34.0,34.0,34.0,34.0,34.0,34.0,34.0,34.0,34.0,72.94,43.98,65.0,69.12,90.58,101.5,138.16,124.82,87.62,95.12,63.48,64.36,22.1,22.3,30.15,0.2,22.18,22.02,34.0,34.0,34.0,34.0,34.0,34.0,34.0,34.0,34.0,34.0,34.0,34.0,73.42,46.24,64.86,71.8,84.52,96.12,125.18,113.52,90.86,95.06,64.08,64.26,6.23,6.21,0.02,0.08,3.76,3.91,-0.16,0.58,5.55,5.49,0.06,-0.03,5.9,6.07,-0.17,0.44,7.74,7.15,0.58,-0.85,8.67,8.13,0.54,-0.66,11.8,10.59,1.21,-1.23,10.66,9.6,1.06,-1.18,7.48,7.69,-0.2,0.42,8.12,8.04,0.08,-0.01,5.42,5.42,-0.0,0.11,5.5,5.44,0.06,-0.02,38.81,3.28,7.13,0.64,34.0,3.92,34.0,45.94,-0.92,41.48,3.51,0.01,0.03,34.0,3.54,34.0,41.49,-0.01,59.9,5.07,-2.71,-0.18,34.0,4.88,34.0,57.19,0.52,90.2,7.63,-4.61,-0.32,34.0,7.31,34.0,85.59,0.59,94.58,8.0,-6.14,-0.45,34.0,7.55,34.0,88.44,0.74,Mid,1,0.5
3,Midiam evaporative cooler (purple),0.67,135.0,60.0,22,TskControl34,2025-02-24 11:44:51,2025-02-24_ID0_NoPCS_Ta22_TskControl34.csv,2025-02-24_ID3_Midiam evaporative cooler (purple)_Level3_Angle135_Distance60_Ta22_TskControl34_MistMode.csv,0.34,-7.9,-1.06,-1.86,4.42,1.22,4.56,1.3,0.06,-1.12,-0.16,-0.5,22.3,22.5,37.98,0.13,22.39,22.25,34.0,34.0,34.0,34.0,34.0,34.0,34.0,34.0,34.0,34.0,34.0,34.0,76.64,48.94,64.5,73.08,86.76,106.68,125.88,124.36,91.72,94.94,64.24,64.94,22.3,22.5,37.98,0.13,22.39,22.25,34.0,34.0,34.0,34.0,34.0,34.0,34.0,34.0,34.0,34.0,34.0,34.0,76.3,56.84,65.56,74.94,82.34,105.46,121.32,123.06,91.66,96.06,64.4,65.44,6.6,6.57,0.03,-0.05,4.22,4.9,-0.68,1.61,5.56,5.65,-0.09,0.19,6.29,6.45,-0.16,0.29,7.47,7.09,0.38,-0.62,9.19,9.08,0.11,-0.13,10.84,10.45,0.39,-0.44,10.71,10.6,0.11,-0.12,7.9,7.89,0.01,-0.01,8.18,8.27,-0.1,0.14,5.53,5.55,-0.01,0.03,5.59,5.64,-0.04,0.09,40.47,3.49,21.09,1.82,34.0,5.3,34.0,61.56,-3.77,43.47,3.74,0.39,0.03,34.0,3.78,34.0,43.86,-0.1,65.77,5.67,-3.43,-0.3,34.0,5.37,34.0,62.34,0.6,93.02,8.01,-2.48,-0.21,34.0,7.8,34.0,90.54,0.3,95.87,8.26,-4.48,-0.39,34.0,7.87,34.0,91.39,0.53,Level3,3,0.67
3,Midiam evaporative cooler (purple),1.0,135.0,60.0,22,TskControl34,2025-02-24 12:02:16,2025-02-24_ID0_NoPCS_Ta22_TskControl34.csv,2025-02-24_ID3_Midiam evaporative cooler (purple)_Level4_Angle135_Distance60_Ta22_TskControl34_MistMode.csv,0.46,-10.08,0.68,-1.18,4.94,1.14,8.3,-3.36,-1.92,-1.38,-0.12,-0.26,21.5,22.4,31.27,0.31,21.83,21.73,34.0,34.0,34.0,34.0,34.0,34.0,34.0,34.0,34.0,34.0,34.0,34.0,76.76,46.76,66.24,73.76,87.28,106.6,129.62,119.7,89.74,94.68,64.28,65.18,22.3,22.5,37.98,0.13,22.39,22.25,34.0,34.0,34.0,34.0,34.0,34.0,34.0,34.0,34.0,34.0,34.0,34.0,76.3,56.84,65.56,74.94,82.34,105.46,121.32,123.06,91.66,96.06,64.4,65.44,6.31,6.57,-0.26,-0.07,3.84,4.9,-1.05,2.06,5.44,5.65,-0.2,-0.12,6.06,6.45,-0.39,0.18,7.17,7.09,0.08,-0.7,8.76,9.08,-0.32,-0.13,10.65,10.45,0.2,-0.79,9.84,10.6,-0.76,0.32,7.37,7.89,-0.52,0.24,7.78,8.27,-0.49,0.17,5.28,5.55,-0.27,0.02,5.36,5.64,-0.28,0.05,40.47,3.49,28.02,2.14,34.0,5.63,34.0,68.5,-5.26,43.47,3.74,0.8,-0.11,34.0,3.64,34.0,44.27,-0.21,65.77,5.67,-4.28,-0.61,34.0,5.05,34.0,61.49,0.72,93.02,8.01,-5.16,-0.79,34.0,7.22,34.0,87.86,0.62,95.87,8.26,-4.76,-0.77,34.0,7.49,34.0,91.11,0.54,Level4,4,1.0
3,Midiam evaporative cooler (purple),1.0,135.0,60.0,28,TskControl34,2025-05-16 18:55:44,2025-05-16_ID0_NoPCS_Ta28_TskControl34.csv,2025-05-16_ID3_Midiam evaporative cooler (purple)_Level4_Angle135_Distance60_Ta28_TskControl34.csv,-0.78,-2.96,-1.02,-1.28,-1.02,-0.94,-2.4,-0.76,-3.3,-2.64,-1.08,-1.46,28.6,28.5,31.5,0.0,28.5,27.18,34.0,34.0,34.0,34.0,34.0,34.0,34.0,34.0,34.0,34.0,34.0,34.0,33.16,17.36,29.32,29.84,38.46,40.4,45.04,45.36,41.22,40.82,32.4,28.72,28.6,28.5,31.5,0.0,28.5,27.18,34.0,34.0,34.0,34.0,34.0,34.0,34.0,34.0,34.0,34.0,34.0,34.0,33.94,20.32,30.34,31.12,39.48,41.34,47.44,46.12,44.52,43.46,33.48,30.18,6.03,6.17,-0.14,0.13,3.16,3.69,-0.54,0.8,5.33,5.52,-0.19,0.18,5.43,5.66,-0.23,0.23,6.99,7.18,-0.19,0.14,7.35,7.52,-0.17,0.13,8.19,8.63,-0.44,0.28,8.25,8.39,-0.14,0.09,7.49,8.09,-0.6,0.41,7.42,7.9,-0.48,0.33,5.89,6.09,-0.2,0.18,5.22,5.49,-0.27,0.27,19.48,3.54,11.62,2.11,34.0,5.65,34.0,31.1,-2.24,16.45,2.99,0.26,0.05,34.0,3.04,34.0,16.71,-0.09,31.06,5.65,-2.53,-0.46,34.0,5.19,34.0,28.54,0.45,41.42,7.53,-2.77,-0.5,34.0,7.03,34.0,38.65,0.36,43.17,7.85,-2.58,-0.47,34.0,7.38,34.0,40.59,0.32,Level4,4,1.0
3,Midiam evaporative cooler (purple),0.33,135.0,60.0,28,TskControl34,2025-05-16 18:03:44,2025-05-16_ID0_NoPCS_Ta28_TskControl34.csv,2025-05-16_ID3_Midiam evaporative cooler (purple)_Level2_Angle135_Distance60_Ta28_TskControl34_FanMode.csv,0.92,-1.06,1.0,1.82,2.58,0.34,1.38,-0.1,1.78,1.1,0.06,-0.26,28.6,28.5,31.5,0.0,28.5,27.18,34.0,34.0,34.0,34.0,34.0,34.0,34.0,34.0,34.0,34.0,34.0,34.0,34.86,19.26,31.34,32.94,42.06,41.68,48.82,46.02,46.3,44.56,33.54,29.92,28.6,28.5,31.5,0.0,28.5,27.18,34.0,34.0,34.0,34.0,34.0,34.0,34.0,34.0,34.0,34.0,34.0,34.0,33.94,20.32,30.34,31.12,39.48,41.34,47.44,46.12,44.52,43.46,33.48,30.18,6.34,6.17,0.17,-0.15,3.5,3.69,-0.19,0.29,5.7,5.52,0.18,-0.18,5.99,5.66,0.33,-0.32,7.65,7.18,0.47,-0.36,7.58,7.52,0.06,-0.05,8.88,8.63,0.25,-0.16,8.37,8.39,-0.02,0.01,8.42,8.09,0.32,-0.22,8.1,7.9,0.2,-0.14,6.1,6.09,0.01,-0.01,5.44,5.49,-0.05,0.05,19.48,3.54,6.45,1.17,34.0,4.71,34.0,25.93,-1.28,16.45,2.99,0.55,0.1,34.0,3.09,34.0,17.0,-0.18,31.06,5.65,-0.47,-0.09,34.0,5.56,34.0,30.59,0.09,41.42,7.53,0.26,0.05,34.0,7.58,34.0,41.68,-0.03,43.17,7.85,-0.45,-0.08,34.0,7.77,34.0,42.72,0.05,Level2,2,0.33
3,Midiam evaporative cooler (purple),1.0,135.0,60.0,25,TskControl34,2025-02-01 18:46:45,2025-02-01_ID0_NoPCS_Ta25_TskControl34.csv,2025-02-01_ID3_Midiam evaporative cooler (purple)_Level4_Angle135_Distance60_Ta25_TskControl34.csv,2.94,-3.06,2.98,-0.92,8.18,-0.34,5.96,0.14,-2.28,0.5,-2.78,0.74,25.0,25.3,63.13,0.11,25.15,25.97,34.0,34.0,34.0,34.0,34.0,34.0,34.0,34.0,34.0,34.0,34.0,34.0,56.36,31.26,47.68,53.6,66.54,73.94,103.78,87.12,64.54,66.42,46.0,46.04,24.8,25.4,62.29,0.26,25.03,25.78,34.0,34.0,34.0,34.0,34.0,34.0,34.0,34.0,34.0,34.0,34.0,34.0,53.42,34.32,44.7,54.52,58.36,74.28,97.82,86.98,66.82,65.92,48.78,45.3,6.37,5.96,0.41,-0.49,3.53,3.83,-0.29,0.8,5.39,4.98,0.4,-0.6,6.06,6.08,-0.02,0.15,7.52,6.51,1.01,-1.26,8.35,8.28,0.07,0.04,11.73,10.91,0.82,-0.55,9.84,9.7,0.15,-0.01,7.29,7.45,-0.16,0.31,7.51,7.35,0.16,-0.07,5.2,5.44,-0.24,0.51,5.2,5.05,0.15,-0.15,28.87,3.22,25.3,2.9,34.0,6.12,34.0,54.16,-4.9,29.24,3.26,3.89,0.48,34.0,3.74,34.0,33.13,-1.23,46.57,5.19,0.14,0.09,34.0,5.28,34.0,46.71,-0.1,62.74,6.99,0.47,0.15,34.0,7.14,34.0,63.21,-0.05,66.04,7.36,0.13,0.11,34.0,7.48,34.0,66.17,-0.0,Level4,4,1.0
3,Midiam evaporative cooler (purple),0.67,135.0,60.0,25,TskControl34,2025-02-01 18:36:45,2025-02-01_ID0_NoPCS_Ta25_TskControl34.csv,2025-02-01_ID3_Midiam evaporative cooler (purple)_Level3_Angle135_Distance60_Ta25_TskControl34.csv,3.2,-0.92,3.4,-0.48,9.12,2.52,12.34,3.94,-1.5,0.44,-2.26,0.82,24.8,25.3,64.7,0.15,25.02,25.92,34.0,34.0,34.0,34.0,34.0,34.0,34.0,34.0,34.0,34.0,34.0,34.0,56.62,33.4,48.1,54.04,67.48,76.8,110.16,90.92,65.32,66.36,46.52,46.12,24.8,25.4,62.29,0.26,25.03,25.78,34.0,34.0,34.0,34.0,34.0,34.0,34.0,34.0,34.0,34.0,34.0,34.0,53.42,34.32,44.7,54.52,58.36,74.28,97.82,86.98,66.82,65.92,48.78,45.3,6.31,5.96,0.35,-0.54,3.72,3.83,-0.11,0.24,5.36,4.98,0.37,-0.68,6.02,6.08,-0.06,0.08,7.51,6.51,1.01,-1.4,8.55,8.28,0.27,-0.3,12.27,10.91,1.36,-1.13,10.12,9.7,0.43,-0.41,7.27,7.45,-0.18,0.2,7.39,7.35,0.04,-0.06,5.18,5.44,-0.26,0.42,5.14,5.05,0.09,-0.16,28.87,3.22,20.68,2.3,34.0,5.52,34.0,49.55,-3.91,29.24,3.26,4.85,0.54,34.0,3.8,34.0,34.09,-1.52,46.57,5.19,0.32,0.03,34.0,5.22,34.0,46.9,-0.1,62.74,6.99,0.4,0.04,34.0,7.03,34.0,63.14,-0.04,66.04,7.36,0.57,0.06,34.0,7.42,34.0,66.61,-0.06,Level3,3,0.67
3,Midiam evaporative cooler (purple),0.33,135.0,60.0,25,TskControl34,2025-02-01 18:27:45,2025-02-01_ID0_NoPCS_Ta25_TskControl34.csv,2025-02-01_ID3_Midiam evaporative cooler (purple)_Level2_Angle135_Distance60_Ta25_TskControl34.csv,3.16,-1.16,3.52,0.0,9.32,5.84,12.88,6.48,-1.08,1.56,-2.64,0.34,24.9,25.2,64.72,0.09,25.05,25.94,34.0,34.0,34.0,34.0,34.0,34.0,34.0,34.0,34.0,34.0,34.0,34.0,56.58,33.16,48.22,54.52,67.68,80.12,110.7,93.46,65.74,67.48,46.14,45.64,24.8,25.4,62.29,0.26,25.03,25.78,34.0,34.0,34.0,34.0,34.0,34.0,34.0,34.0,34.0,34.0,34.0,34.0,53.42,34.32,44.7,54.52,58.36,74.28,97.82,86.98,66.82,65.92,48.78,45.3,6.32,5.96,0.37,-0.53,3.71,3.83,-0.12,0.3,5.39,4.98,0.4,-0.71,6.09,6.08,0.01,0.0,7.56,6.51,1.06,-1.43,8.95,8.28,0.67,-0.71,12.37,10.91,1.46,-1.18,10.44,9.7,0.75,-0.67,7.35,7.45,-0.1,0.14,7.54,7.35,0.19,-0.21,5.16,5.44,-0.28,0.49,5.1,5.05,0.05,-0.07,28.87,3.22,14.63,1.64,34.0,4.86,34.0,43.5,-2.57,29.24,3.26,4.93,0.56,34.0,3.82,34.0,34.17,-1.56,46.57,5.19,0.34,0.05,34.0,5.24,34.0,46.91,-0.07,62.74,6.99,0.21,0.04,34.0,7.03,34.0,62.95,-0.01,66.04,7.36,2.43,0.29,34.0,7.65,34.0,68.47,-0.32,Level2,2,0.33
3,Midiam evaporative cooler (purple),0.0,135.0,60.0,25,TskControl34,2025-02-01 17:54:14,2025-02-01_ID0_NoPCS_Ta25_TskControl34.csv,2025-02-01_ID3_Midiam evaporative cooler (purple)_Level1_Angle135_Distance60_Ta25_TskControl34.csv,0.31,-2.47,2.43,-3.09,10.12,3.39,9.41,8.57,-3.14,-0.97,-3.66,-0.83,24.9,25.2,65.95,0.06,25.07,26.01,34.0,34.0,34.0,34.0,34.0,34.0,34.0,34.0,34.0,34.0,34.0,34.0,53.73,31.85,47.13,51.43,68.48,77.67,107.23,95.55,63.68,64.95,45.12,44.47,24.8,25.4,62.29,0.26,25.03,25.78,34.0,34.0,34.0,34.0,34.0,34.0,34.0,34.0,34.0,34.0,34.0,34.0,53.42,34.32,44.7,54.52,58.36,74.28,97.82,86.98,66.82,65.92,48.78,45.3,6.02,5.96,0.06,-0.05,3.57,3.83,-0.26,0.65,5.28,4.98,0.29,-0.49,5.76,6.08,-0.32,0.51,7.67,6.51,1.16,-1.56,8.7,8.28,0.42,-0.41,12.01,10.91,1.1,-0.86,10.7,9.7,1.0,-0.88,7.13,7.45,-0.32,0.42,7.27,7.35,-0.08,0.13,5.05,5.44,-0.39,0.67,4.98,5.05,-0.07,0.17,28.87,3.22,4.24,0.49,34.0,3.71,34.0,33.11,-0.44,29.24,3.26,2.05,0.24,34.0,3.5,34.0,31.29,-0.65,46.57,5.19,-2.07,-0.21,34.0,4.98,34.0,44.51,0.41,62.74,6.99,-2.26,-0.22,34.0,6.77,34.0,60.48,0.34,66.04,7.36,0.09,0.04,34.0,7.41,34.0,66.13,0.0,Level1,1,0.0
3,Midiam evaporative cooler (purple),0.33,135.0,60.0,25,TskControl34,2025-02-01 18:27:45,2025-02-01_ID0_NoPCS_Ta25_TskControl34.csv,2025-02-01_ID3_Midiam evaporative cooler (purple)_Level2_Angle135_Distance60_Ta25_TskControl34_FanMode.csv,3.16,-1.16,3.52,0.0,9.32,5.84,12.88,6.48,-1.08,1.56,-2.64,0.34,24.9,25.2,64.72,0.09,25.05,25.94,34.0,34.0,34.0,34.0,34.0,34.0,34.0,34.0,34.0,34.0,34.0,34.0,56.58,33.16,48.22,54.52,67.68,80.12,110.7,93.46,65.74,67.48,46.14,45.64,24.8,25.4,62.29,0.26,25.03,25.78,34.0,34.0,34.0,34.0,34.0,34.0,34.0,34.0,34.0,34.0,34.0,34.0,53.42,34.32,44.7,54.52,58.36,74.28,97.82,86.98,66.82,65.92,48.78,45.3,6.32,5.96,0.37,-0.53,3.71,3.83,-0.12,0.3,5.39,4.98,0.4,-0.71,6.09,6.08,0.01,0.0,7.56,6.51,1.06,-1.43,8.95,8.28,0.67,-0.71,12.37,10.91,1.46,-1.18,10.44,9.7,0.75,-0.67,7.35,7.45,-0.1,0.14,7.54,7.35,0.19,-0.21,5.16,5.44,-0.28,0.49,5.1,5.05,0.05,-0.07,28.87,3.22,14.63,1.64,34.0,4.86,34.0,43.5,-2.57,29.24,3.26,4.93,0.56,34.0,3.82,34.0,34.17,-1.56,46.57,5.19,0.34,0.05,34.0,5.24,34.0,46.91,-0.07,62.74,6.99,0.21,0.04,34.0,7.03,34.0,62.95,-0.01,66.04,7.36,2.43,0.29,34.0,7.65,34.0,68.47,-0.32,Level2,2,0.33
3,Midiam evaporative cooler (purple),0.67,135.0,60.0,25,TskControl34,2025-02-01 18:36:45,2025-02-01_ID0_NoPCS_Ta25_TskControl34.csv,2025-02-01_ID3_Midiam evaporative cooler (purple)_Level3_Angle135_Distance60_Ta25_TskControl34_FanMode.csv,3.2,-0.92,3.4,-0.48,9.12,2.52,12.34,3.94,-1.5,0.44,-2.26,0.82,24.8,25.3,64.7,0.15,25.02,25.92,34.0,34.0,34.0,34.0,34.0,34.0,34.0,34.0,34.0,34.0,34.0,34.0,56.62,33.4,48.1,54.04,67.48,76.8,110.16,90.92,65.32,66.36,46.52,46.12,24.8,25.4,62.29,0.26,25.03,25.78,34.0,34.0,34.0,34.0,34.0,34.0,34.0,34.0,34.0,34.0,34.0,34.0,53.42,34.32,44.7,54.52,58.36,74.28,97.82,86.98,66.82,65.92,48.78,45.3,6.31,5.96,0.35,-0.54,3.72,3.83,-0.11,0.24,5.36,4.98,0.37,-0.68,6.02,6.08,-0.06,0.08,7.51,6.51,1.01,-1.4,8.55,8.28,0.27,-0.3,12.27,10.91,1.36,-1.13,10.12,9.7,0.43,-0.41,7.27,7.45,-0.18,0.2,7.39,7.35,0.04,-0.06,5.18,5.44,-0.26,0.42,5.14,5.05,0.09,-0.16,28.87,3.22,20.68,2.3,34.0,5.52,34.0,49.55,-3.91,29.24,3.26,4.85,0.54,34.0,3.8,34.0,34.09,-1.52,46.57,5.19,0.32,0.03,34.0,5.22,34.0,46.9,-0.1,62.74,6.99,0.4,0.04,34.0,7.03,34.0,63.14,-0.04,66.04,7.36,0.57,0.06,34.0,7.42,34.0,66.61,-0.06,Level3,3,0.67
3,Midiam evaporative cooler (purple),1.0,135.0,60.0,25,TskControl34,2025-02-01 18:46:45,2025-02-01_ID0_NoPCS_Ta25_TskControl34.csv,2025-02-01_ID3_Midiam evaporative cooler (purple)_Level4_Angle135_Distance60_Ta25_TskControl34_FanMode.csv,2.94,-3.06,2.98,-0.92,8.18,-0.34,5.96,0.14,-2.28,0.5,-2.78,0.74,25.0,25.3,63.13,0.11,25.15,25.97,34.0,34.0,34.0,34.0,34.0,34.0,34.0,34.0,34.0,34.0,34.0,34.0,56.36,31.26,47.68,53.6,66.54,73.94,103.78,87.12,64.54,66.42,46.0,46.04,24.8,25.4,62.29,0.26,25.03,25.78,34.0,34.0,34.0,34.0,34.0,34.0,34.0,34.0,34.0,34.0,34.0,34.0,53.42,34.32,44.7,54.52,58.36,74.28,97.82,86.98,66.82,65.92,48.78,45.3,6.37,5.96,0.41,-0.49,3.53,3.83,-0.29,0.8,5.39,4.98,0.4,-0.6,6.06,6.08,-0.02,0.15,7.52,6.51,1.01,-1.26,8.35,8.28,0.07,0.04,11.73,10.91,0.82,-0.55,9.84,9.7,0.15,-0.01,7.29,7.45,-0.16,0.31,7.51,7.35,0.16,-0.07,5.2,5.44,-0.24,0.51,5.2,5.05,0.15,-0.15,28.87,3.22,25.3,2.9,34.0,6.12,34.0,54.16,-4.9,29.24,3.26,3.89,0.48,34.0,3.74,34.0,33.13,-1.23,46.57,5.19,0.14,0.09,34.0,5.28,34.0,46.71,-0.1,62.74,6.99,0.47,0.15,34.0,7.14,34.0,63.21,-0.05,66.04,7.36,0.13,0.11,34.0,7.48,34.0,66.17,-0.0,Level4,4,1.0
3,Midiam evaporative cooler (purple),0.0,135.0,60.0,28,TskControl34,2025-05-21 13:41:46,2025-05-21_ID0_NoPCS_Ta28_TskControl34.csv,2025-05-21_ID3_Midiam evaporative cooler (purple)_Level1_Angle135_Distance60_Ta28_TskControl34_MistMode.csv,-2.88,-13.42,1.8,-2.48,9.0,0.02,-3.08,-0.86,-5.74,-6.04,-2.82,-1.7,,,,,,,34.0,34.0,34.0,34.0,34.0,34.0,34.0,34.0,34.0,34.0,34.0,34.0,33.32,16.94,32.0,29.24,46.7,39.88,42.36,42.86,41.82,41.18,31.58,29.02,,,,,,,34.0,34.0,34.0,34.0,34.0,34.0,34.0,34.0,34.0,34.0,34.0,34.0,36.2,30.36,30.2,31.72,37.7,39.86,45.44,43.72,47.56,47.22,34.4,30.72,,,,,,,,,,,,,,,,,,,,,,,,,,,,,,,,,,,,,,,,,,,,,,,,,19.06,0.0,7.19,0.0,34.0,0.0,34.0,26.24,0.0,19.98,0.0,2.35,0.0,34.0,0.0,34.0,22.33,0.0,34.48,0.0,-6.67,0.0,34.0,0.0,34.0,27.81,0.0,44.98,0.0,-6.01,0.0,34.0,0.0,34.0,38.97,0.0,46.38,0.0,-6.69,0.0,34.0,0.0,34.0,39.69,0.0,Level1,1,0.0
3,Midiam evaporative cooler (purple),0.33,135.0,60.0,28,TskControl34,2025-05-21 13:03:41,2025-05-21_ID0_NoPCS_Ta28_TskControl34.csv,2025-05-21_ID3_Midiam evaporative cooler (purple)_Level2_Angle135_Distance60_Ta28_TskControl34_MistMode.csv,-0.72,-11.24,2.42,-1.76,11.74,-1.12,-1.96,-1.0,-2.5,-4.66,-2.04,-1.58,,,,,,,34.0,34.0,34.0,34.0,34.0,34.0,34.0,34.0,34.0,34.0,34.0,34.0,35.48,19.12,32.62,29.96,49.44,38.74,43.48,42.72,45.06,42.56,32.36,29.14,,,,,,,34.0,34.0,34.0,34.0,34.0,34.0,34.0,34.0,34.0,34.0,34.0,34.0,36.2,30.36,30.2,31.72,37.7,39.86,45.44,43.72,47.56,47.22,34.4,30.72,,,,,,,,,,,,,,,,,,,,,,,,,,,,,,,,,,,,,,,,,,,,,,,,,19.06,0.0,16.22,0.0,34.0,0.0,34.0,35.28,0.0,19.98,0.0,4.04,0.0,34.0,0.0,34.0,24.02,0.0,34.48,0.0,-4.55,0.0,34.0,0.0,34.0,29.94,0.0,44.98,0.0,-4.93,0.0,34.0,0.0,34.0,40.05,0.0,46.38,0.0,-4.83,0.0,34.0,0.0,34.0,41.55,0.0,Level2,2,0.33
3,Midiam evaporative cooler (purple),0.67,135.0,60.0,28,TskControl34,2025-05-21 12:44:51,2025-05-21_ID0_NoPCS_Ta28_TskControl34.csv,2025-05-21_ID3_Midiam evaporative cooler (purple)_Level3_Angle135_Distance60_Ta28_TskControl34_MistMode.csv,0.26,-11.02,4.66,-0.94,11.1,-1.24,-4.74,-1.46,-2.02,-4.08,-2.68,-1.46,,,,,,,34.0,34.0,34.0,34.0,34.0,34.0,34.0,34.0,34.0,34.0,34.0,34.0,36.46,19.34,34.86,30.78,48.8,38.62,40.7,42.26,45.54,43.14,31.72,29.26,,,,,,,34.0,34.0,34.0,34.0,34.0,34.0,34.0,34.0,34.0,34.0,34.0,34.0,36.2,30.36,30.2,31.72,37.7,39.86,45.44,43.72,47.56,47.22,34.4,30.72,,,,,,,,,,,,,,,,,,,,,,,,,,,,,,,,,,,,,,,,,,,,,,,,,19.06,0.0,22.4,0.0,34.0,0.0,34.0,41.46,0.0,19.98,0.0,5.73,0.0,34.0,0.0,34.0,25.71,0.0,34.48,0.0,-3.68,0.0,34.0,0.0,34.0,30.8,0.0,44.98,0.0,-4.53,0.0,34.0,0.0,34.0,40.45,0.0,46.38,0.0,-5.03,0.0,34.0,0.0,34.0,41.35,0.0,Level3,3,0.67
3,Midiam evaporative cooler (purple),1.0,135.0,60.0,28,TskControl34,2025-05-21 12:17:46,2025-05-21_ID0_NoPCS_Ta28_TskControl34.csv,2025-05-21_ID3_Midiam evaporative cooler (purple)_Level4_Angle135_Distance60_Ta28_TskControl34_MistMode.csv,1.88,-9.46,6.82,0.36,18.5,-0.2,-1.72,0.6,-2.66,-2.92,-3.0,-1.3,,,,,,,34.0,34.0,34.0,34.0,34.0,34.0,34.0,34.0,34.0,34.0,34.0,34.0,38.08,20.9,37.02,32.08,56.2,39.66,43.72,44.32,44.9,44.3,31.4,29.42,,,,,,,34.0,34.0,34.0,34.0,34.0,34.0,34.0,34.0,34.0,34.0,34.0,34.0,36.2,30.36,30.2,31.72,37.7,39.86,45.44,43.72,47.56,47.22,34.4,30.72,,,,,,,,,,,,,,,,,,,,,,,,,,,,,,,,,,,,,,,,,,,,,,,,,19.06,0.0,25.76,0.0,34.0,0.0,34.0,44.81,0.0,19.98,0.0,7.57,0.0,34.0,0.0,34.0,27.55,0.0,34.48,0.0,-2.26,0.0,34.0,0.0,34.0,32.22,0.0,44.98,0.0,-3.2,0.0,34.0,0.0,34.0,41.78,0.0,46.38,0.0,-3.67,0.0,34.0,0.0,34.0,42.71,0.0,Level4,4,1.0
3,Midiam evaporative cooler (purple),1.0,135.0,60.0,22,TskControl34,2025-02-19 19:01:43,2025-02-19_ID0_NoPCS_Ta22_TskControl34.csv,2025-02-19_ID3_Midiam evaporative cooler (purple)_Level4_Angle135_Distance60_Ta22_TskControl34_FanMode.csv,-0.74,-3.44,-1.72,-6.14,-0.8,1.46,-0.5,12.06,-4.84,-3.54,-0.9,-1.5,22.2,22.4,31.26,0.08,22.31,22.04,34.0,34.0,34.0,34.0,34.0,34.0,34.0,34.0,34.0,34.0,34.0,34.0,72.68,42.8,63.14,65.66,83.72,97.58,124.68,125.58,86.02,91.52,63.18,62.76,22.1,22.3,30.15,0.2,22.18,22.02,34.0,34.0,34.0,34.0,34.0,34.0,34.0,34.0,34.0,34.0,34.0,34.0,73.42,46.24,64.86,71.8,84.52,96.12,125.18,113.52,90.86,95.06,64.08,64.26,6.22,6.21,0.01,0.12,3.66,3.91,-0.25,0.88,5.4,5.49,-0.09,0.31,5.62,6.07,-0.46,1.01,7.16,7.15,0.01,0.11,8.35,8.13,0.22,-0.18,10.67,10.59,0.08,0.05,10.74,9.6,1.14,-1.26,7.36,7.69,-0.33,0.63,7.83,8.04,-0.21,0.44,5.4,5.42,-0.02,0.17,5.37,5.44,-0.07,0.28,38.81,3.28,26.24,2.28,34.0,5.57,34.0,65.06,-4.86,41.48,3.51,-0.12,0.03,34.0,3.54,34.0,41.36,0.0,59.9,5.07,-2.95,-0.2,34.0,4.87,34.0,56.95,0.54,90.2,7.63,-6.41,-0.46,34.0,7.17,34.0,83.79,0.82,94.58,8.0,-9.51,-0.72,34.0,7.28,34.0,85.07,1.17,Level4,4,1.0
3,Midiam evaporative cooler (purple),0.33,135.0,60.0,25,TskControl34,2025-02-10 17:38:29,2025-02-10_ID0_NoPCS_Ta25_TskControl34.csv,2025-02-10_ID3_Midiam evaporative cooler (purple)_Level2_Angle135_Distance60_Ta25_TskControl34_MistMode.csv,-0.57,-6.53,0.55,-5.95,8.75,-4.02,11.05,2.38,3.46,-1.24,-1.15,-1.36,24.9,25.0,66.79,0.0,25.0,25.87,34.0,34.0,34.0,34.0,34.0,34.0,34.0,34.0,34.0,34.0,34.0,34.0,55.05,27.05,50.25,49.07,71.87,71.98,105.13,84.42,73.5,70.72,48.53,47.2,25.1,25.1,69.38,0.17,25.1,26.15,34.0,34.0,34.0,34.0,34.0,34.0,34.0,34.0,34.0,34.0,34.0,34.0,55.62,33.58,49.7,55.02,63.12,76.0,94.08,82.04,70.04,71.96,49.68,48.56,6.12,6.25,-0.13,0.09,3.01,3.77,-0.77,1.73,5.58,5.58,-0.0,-0.1,5.45,6.18,-0.73,0.96,7.99,7.09,0.89,-1.23,8.0,8.54,-0.54,0.47,11.68,10.57,1.11,-1.05,9.38,9.22,0.16,-0.26,8.17,7.87,0.3,-0.44,7.86,8.09,-0.23,0.15,5.39,5.58,-0.19,0.21,5.24,5.46,-0.21,0.25,29.13,3.27,5.74,0.6,34.0,3.87,34.0,34.87,-1.1,30.59,3.44,-3.03,-0.38,34.0,3.06,34.0,27.56,0.84,46.83,5.26,-4.35,-0.54,34.0,4.72,34.0,42.47,0.77,67.48,7.58,1.65,0.1,34.0,7.68,34.0,69.13,-0.21,70.57,7.93,-3.32,-0.46,34.0,7.47,34.0,67.25,0.41,Level2,2,0.33
3,Midiam evaporative cooler (purple),0.0,135.0,60.0,25,TskControl34,2025-02-01 17:54:14,2025-02-01_ID0_NoPCS_Ta25_TskControl34.csv,2025-02-01_ID3_Midiam evaporative cooler (purple)_Level1_Angle135_Distance60_Ta25_TskControl34_FanMode.csv,0.31,-2.47,2.43,-3.09,10.12,3.39,9.41,8.57,-3.14,-0.97,-3.66,-0.83,24.9,25.2,65.95,0.06,25.07,26.01,34.0,34.0,34.0,34.0,34.0,34.0,34.0,34.0,34.0,34.0,34.0,34.0,53.73,31.85,47.13,51.43,68.48,77.67,107.23,95.55,63.68,64.95,45.12,44.47,24.8,25.4,62.29,0.26,25.03,25.78,34.0,34.0,34.0,34.0,34.0,34.0,34.0,34.0,34.0,34.0,34.0,34.0,53.42,34.32,44.7,54.52,58.36,74.28,97.82,86.98,66.82,65.92,48.78,45.3,6.02,5.96,0.06,-0.05,3.57,3.83,-0.26,0.65,5.28,4.98,0.29,-0.49,5.76,6.08,-0.32,0.51,7.67,6.51,1.16,-1.56,8.7,8.28,0.42,-0.41,12.01,10.91,1.1,-0.86,10.7,9.7,1.0,-0.88,7.13,7.45,-0.32,0.42,7.27,7.35,-0.08,0.13,5.05,5.44,-0.39,0.67,4.98,5.05,-0.07,0.17,28.87,3.22,4.24,0.49,34.0,3.71,34.0,33.11,-0.44,29.24,3.26,2.05,0.24,34.0,3.5,34.0,31.29,-0.65,46.57,5.19,-2.07,-0.21,34.0,4.98,34.0,44.51,0.41,62.74,6.99,-2.26,-0.22,34.0,6.77,34.0,60.48,0.34,66.04,7.36,0.09,0.04,34.0,7.41,34.0,66.13,0.0,Level1,1,0.0
3,Midiam evaporative cooler (purple),0.67,135.0,60.0,25,TskControl34,2025-02-10 17:50:59,2025-02-10_ID0_NoPCS_Ta25_TskControl34.csv,2025-02-10_ID3_Midiam evaporative cooler (purple)_Level3_Angle135_Distance60_Ta25_TskControl34_MistMode.csv,0.3,-4.32,0.92,-5.68,9.62,-3.8,13.02,1.2,2.2,-1.0,-0.34,-0.68,24.8,25.0,66.77,0.12,24.9,25.75,34.0,34.0,34.0,34.0,34.0,34.0,34.0,34.0,34.0,34.0,34.0,34.0,55.92,29.26,50.62,49.34,72.74,72.2,107.1,83.24,72.24,70.96,49.34,47.88,25.1,25.1,69.38,0.17,25.1,26.15,34.0,34.0,34.0,34.0,34.0,34.0,34.0,34.0,34.0,34.0,34.0,34.0,55.62,33.58,49.7,55.02,63.12,76.0,94.08,82.04,70.04,71.96,49.68,48.56,6.15,6.25,-0.1,-0.05,3.22,3.77,-0.56,1.14,5.56,5.58,-0.02,-0.16,5.42,6.18,-0.76,0.92,7.99,7.09,0.9,-1.36,7.93,8.54,-0.61,0.44,11.77,10.57,1.2,-1.23,9.15,9.22,-0.07,-0.13,7.94,7.87,0.07,-0.28,7.8,8.09,-0.29,0.12,5.42,5.58,-0.16,0.06,5.26,5.46,-0.19,0.12,29.13,3.27,9.84,1.01,34.0,4.28,34.0,38.97,-2.19,30.59,3.44,-2.39,-0.34,34.0,3.1,34.0,28.2,0.65,46.83,5.26,-2.94,-0.44,34.0,4.82,34.0,43.89,0.53,67.48,7.58,2.03,0.06,34.0,7.64,34.0,69.51,-0.28,70.57,7.93,-2.88,-0.49,34.0,7.44,34.0,67.69,0.37,Level3,3,0.67
3,Midiam evaporative cooler (purple),0.0,135.0,60.0,22,TskControl34,2025-02-19 15:56:03,2025-02-19_ID0_NoPCS_Ta22_TskControl34.csv,2025-02-19_ID3_Midiam evaporative cooler (purple)_Level1_Angle135_Distance60_Ta22_TskControl34.csv,-1.64,-1.76,-1.32,-3.52,0.72,-0.02,1.64,2.02,-2.08,-2.32,-0.22,-0.8,22.2,22.4,33.99,0.17,22.29,22.08,34.0,34.0,34.0,34.0,34.0,34.0,34.0,34.0,34.0,34.0,34.0,34.0,71.78,44.48,63.54,68.28,85.24,96.1,126.82,115.54,88.78,92.74,63.86,63.46,22.1,22.3,30.15,0.2,22.18,22.02,34.0,34.0,34.0,34.0,34.0,34.0,34.0,34.0,34.0,34.0,34.0,34.0,73.42,46.24,64.86,71.8,84.52,96.12,125.18,113.52,90.86,95.06,64.08,64.26,6.13,6.21,-0.08,0.26,3.8,3.91,-0.11,0.45,5.43,5.49,-0.06,0.24,5.83,6.07,-0.24,0.58,7.28,7.15,0.13,-0.1,8.21,8.13,0.07,0.0,10.83,10.59,0.24,-0.15,9.87,9.6,0.26,-0.21,7.58,7.69,-0.11,0.27,7.92,8.04,-0.12,0.29,5.45,5.42,0.03,0.04,5.42,5.44,-0.02,0.15,38.81,3.28,4.31,0.4,34.0,3.68,34.0,43.12,-0.5,41.48,3.51,-2.22,-0.16,34.0,3.35,34.0,39.26,0.62,59.9,5.07,-2.3,-0.15,34.0,4.92,34.0,57.6,0.42,90.2,7.63,-2.68,-0.16,34.0,7.47,34.0,87.52,0.36,94.58,8.0,-6.09,-0.44,34.0,7.56,34.0,88.49,0.75,Level1,1,0.0
3,Midiam evaporative cooler (purple),0.33,135.0,60.0,22,TskControl34,2025-02-19 16:44:58,2025-02-19_ID0_NoPCS_Ta22_TskControl34.csv,2025-02-19_ID3_Midiam evaporative cooler (purple)_Level2_Angle135_Distance60_Ta22_TskControl34.csv,-1.28,-1.64,-0.9,-3.64,0.48,0.3,-0.12,2.2,-2.82,-1.44,1.84,-0.54,22.3,22.3,40.66,0.15,22.3,22.3,34.0,34.0,34.0,34.0,34.0,34.0,34.0,34.0,34.0,34.0,34.0,34.0,72.14,44.6,63.96,68.16,85.0,96.42,125.06,115.72,88.04,93.62,65.92,63.72,22.1,22.3,30.15,0.2,22.18,22.02,34.0,34.0,34.0,34.0,34.0,34.0,34.0,34.0,34.0,34.0,34.0,34.0,73.42,46.24,64.86,71.8,84.52,96.12,125.18,113.52,90.86,95.06,64.08,64.26,6.17,6.21,-0.05,0.21,3.81,3.91,-0.1,0.42,5.47,5.49,-0.02,0.16,5.83,6.07,-0.25,0.6,7.26,7.15,0.11,-0.07,8.24,8.13,0.11,-0.04,10.69,10.59,0.1,0.01,9.89,9.6,0.29,-0.23,7.52,7.69,-0.16,0.37,8.0,8.04,-0.04,0.18,5.63,5.42,0.21,-0.34,5.45,5.44,0.01,0.1,38.81,3.28,13.0,1.14,34.0,4.43,34.0,51.81,-1.77,41.48,3.51,-0.7,-0.02,34.0,3.49,34.0,40.78,0.18,59.9,5.07,-2.46,-0.16,34.0,4.91,34.0,57.43,0.47,90.2,7.63,-7.27,-0.54,34.0,7.09,34.0,82.93,0.88,94.58,8.0,-6.41,-0.47,34.0,7.54,34.0,88.17,0.8,Level2,2,0.33
3,Midiam evaporative cooler (purple),0.67,135.0,60.0,22,TskControl34,2025-02-19 18:42:23,2025-02-19_ID0_NoPCS_Ta22_TskControl34.csv,2025-02-19_ID3_Midiam evaporative cooler (purple)_Level3_Angle135_Distance60_Ta22_TskControl34.csv,-0.64,-2.4,-1.12,-4.24,0.32,2.52,0.76,7.58,-3.64,-1.18,-0.86,-0.42,22.2,22.2,34.7,0.07,22.2,22.09,34.0,34.0,34.0,34.0,34.0,34.0,34.0,34.0,34.0,34.0,34.0,34.0,72.78,43.84,63.74,67.56,84.84,98.64,125.94,121.1,87.22,93.88,63.22,63.84,22.1,22.3,30.15,0.2,22.18,22.02,34.0,34.0,34.0,34.0,34.0,34.0,34.0,34.0,34.0,34.0,34.0,34.0,73.42,46.24,64.86,71.8,84.52,96.12,125.18,113.52,90.86,95.06,64.08,64.26,6.17,6.21,-0.04,0.1,3.72,3.91,-0.2,0.61,5.4,5.49,-0.09,0.2,5.73,6.07,-0.35,0.7,7.19,7.15,0.04,-0.04,8.36,8.13,0.23,-0.31,10.67,10.59,0.08,-0.07,10.26,9.6,0.66,-0.79,7.39,7.69,-0.3,0.47,7.96,8.04,-0.09,0.15,5.36,5.42,-0.06,0.16,5.41,5.44,-0.03,0.08,38.81,3.28,19.59,1.67,34.0,4.95,34.0,58.4,-3.31,41.48,3.51,-0.6,-0.04,34.0,3.46,34.0,40.88,0.14,59.9,5.07,-2.74,-0.22,34.0,4.84,34.0,57.16,0.52,90.2,7.63,-5.05,-0.42,34.0,7.22,34.0,85.15,0.64,94.58,8.0,-8.32,-0.69,34.0,7.31,34.0,86.26,1.01,Level3,3,0.67
3,Midiam evaporative cooler (purple),1.0,135.0,60.0,22,TskControl34,2025-02-19 19:01:43,2025-02-19_ID0_NoPCS_Ta22_TskControl34.csv,2025-02-19_ID3_Midiam evaporative cooler (purple)_Level4_Angle135_Distance60_Ta22_TskControl34.csv,-0.74,-3.44,-1.72,-6.14,-0.8,1.46,-0.5,12.06,-4.84,-3.54,-0.9,-1.5,22.2,22.4,31.26,0.08,22.31,22.04,34.0,34.0,34.0,34.0,34.0,34.0,34.0,34.0,34.0,34.0,34.0,34.0,72.68,42.8,63.14,65.66,83.72,97.58,124.68,125.58,86.02,91.52,63.18,62.76,22.1,22.3,30.15,0.2,22.18,22.02,34.0,34.0,34.0,34.0,34.0,34.0,34.0,34.0,34.0,34.0,34.0,34.0,73.42,46.24,64.86,71.8,84.52,96.12,125.18,113.52,90.86,95.06,64.08,64.26,6.22,6.21,0.01,0.12,3.66,3.91,-0.25,0.88,5.4,5.49,-0.09,0.31,5.62,6.07,-0.46,1.01,7.16,7.15,0.01,0.11,8.35,8.13,0.22,-0.18,10.67,10.59,0.08,0.05,10.74,9.6,1.14,-1.26,7.36,7.69,-0.33,0.63,7.83,8.04,-0.21,0.44,5.4,5.42,-0.02,0.17,5.37,5.44,-0.07,0.28,38.81,3.28,26.24,2.28,34.0,5.57,34.0,65.06,-4.86,41.48,3.51,-0.12,0.03,34.0,3.54,34.0,41.36,0.0,59.9,5.07,-2.95,-0.2,34.0,4.87,34.0,56.95,0.54,90.2,7.63,-6.41,-0.46,34.0,7.17,34.0,83.79,0.82,94.58,8.0,-9.51,-0.72,34.0,7.28,34.0,85.07,1.17,Level4,4,1.0
3,Midiam evaporative cooler (purple),0.0,135.0,60.0,25,TskControl34,2025-02-10 17:25:59,2025-02-10_ID0_NoPCS_Ta25_TskControl34.csv,2025-02-10_ID3_Midiam evaporative cooler (purple)_Level1_Angle135_Distance60_Ta25_TskControl34_MistMode.csv,-1.54,-7.86,0.78,-7.3,7.22,-5.46,9.38,0.0,2.92,-1.56,-1.68,-1.86,24.9,25.1,67.63,0.19,24.98,25.91,34.0,34.0,34.0,34.0,34.0,34.0,34.0,34.0,34.0,34.0,34.0,34.0,54.08,25.72,50.48,47.72,70.34,70.54,103.46,82.04,72.96,70.4,48.0,46.7,25.1,25.1,69.38,0.17,25.1,26.15,34.0,34.0,34.0,34.0,34.0,34.0,34.0,34.0,34.0,34.0,34.0,34.0,55.62,33.58,49.7,55.02,63.12,76.0,94.08,82.04,70.04,71.96,49.68,48.56,6.0,6.25,-0.25,0.25,2.85,3.77,-0.92,2.08,5.6,5.58,0.01,-0.14,5.29,6.18,-0.89,1.18,7.8,7.09,0.71,-1.02,7.82,8.54,-0.72,0.64,11.47,10.57,0.9,-0.89,9.1,9.22,-0.12,0.0,8.09,7.87,0.22,-0.37,7.8,8.09,-0.28,0.19,5.32,5.58,-0.26,0.3,5.18,5.46,-0.28,0.34,29.13,3.27,2.27,0.21,34.0,3.48,34.0,31.4,-0.21,30.59,3.44,-3.38,-0.42,34.0,3.02,34.0,27.21,0.94,46.83,5.26,-5.66,-0.7,34.0,4.56,34.0,41.17,1.0,67.48,7.58,2.19,0.14,34.0,7.72,34.0,69.67,-0.27,70.57,7.93,-3.88,-0.54,34.0,7.39,34.0,66.69,0.49,Level1,1,0.0
3,Midiam evaporative cooler (purple),0.33,135.0,60.0,22,TskControl34,2025-02-19 16:44:58,2025-02-19_ID0_NoPCS_Ta22_TskControl34.csv,2025-02-19_ID3_Midiam evaporative cooler (purple)_Level2_Angle135_Distance60_Ta22_TskControl34_FanMode.csv,-1.28,-1.64,-0.9,-3.64,0.48,0.3,-0.12,2.2,-2.82,-1.44,1.84,-0.54,22.3,22.3,40.66,0.15,22.3,22.3,34.0,34.0,34.0,34.0,34.0,34.0,34.0,34.0,34.0,34.0,34.0,34.0,72.14,44.6,63.96,68.16,85.0,96.42,125.06,115.72,88.04,93.62,65.92,63.72,22.1,22.3,30.15,0.2,22.18,22.02,34.0,34.0,34.0,34.0,34.0,34.0,34.0,34.0,34.0,34.0,34.0,34.0,73.42,46.24,64.86,71.8,84.52,96.12,125.18,113.52,90.86,95.06,64.08,64.26,6.17,6.21,-0.05,0.21,3.81,3.91,-0.1,0.42,5.47,5.49,-0.02,0.16,5.83,6.07,-0.25,0.6,7.26,7.15,0.11,-0.07,8.24,8.13,0.11,-0.04,10.69,10.59,0.1,0.01,9.89,9.6,0.29,-0.23,7.52,7.69,-0.16,0.37,8.0,8.04,-0.04,0.18,5.63,5.42,0.21,-0.34,5.45,5.44,0.01,0.1,38.81,3.28,13.0,1.14,34.0,4.43,34.0,51.81,-1.77,41.48,3.51,-0.7,-0.02,34.0,3.49,34.0,40.78,0.18,59.9,5.07,-2.46,-0.16,34.0,4.91,34.0,57.43,0.47,90.2,7.63,-7.27,-0.54,34.0,7.09,34.0,82.93,0.88,94.58,8.0,-6.41,-0.47,34.0,7.54,34.0,88.17,0.8,Level2,2,0.33
3,Midiam evaporative cooler (purple),0.67,135.0,60.0,22,TskControl34,2025-02-19 18:42:23,2025-02-19_ID0_NoPCS_Ta22_TskControl34.csv,2025-02-19_ID3_Midiam evaporative cooler (purple)_Level3_Angle135_Distance60_Ta22_TskControl34_FanMode.csv,-0.64,-2.4,-1.12,-4.24,0.32,2.52,0.76,7.58,-3.64,-1.18,-0.86,-0.42,22.2,22.2,34.7,0.07,22.2,22.09,34.0,34.0,34.0,34.0,34.0,34.0,34.0,34.0,34.0,34.0,34.0,34.0,72.78,43.84,63.74,67.56,84.84,98.64,125.94,121.1,87.22,93.88,63.22,63.84,22.1,22.3,30.15,0.2,22.18,22.02,34.0,34.0,34.0,34.0,34.0,34.0,34.0,34.0,34.0,34.0,34.0,34.0,73.42,46.24,64.86,71.8,84.52,96.12,125.18,113.52,90.86,95.06,64.08,64.26,6.17,6.21,-0.04,0.1,3.72,3.91,-0.2,0.61,5.4,5.49,-0.09,0.2,5.73,6.07,-0.35,0.7,7.19,7.15,0.04,-0.04,8.36,8.13,0.23,-0.31,10.67,10.59,0.08,-0.07,10.26,9.6,0.66,-0.79,7.39,7.69,-0.3,0.47,7.96,8.04,-0.09,0.15,5.36,5.42,-0.06,0.16,5.41,5.44,-0.03,0.08,38.81,3.28,19.59,1.67,34.0,4.95,34.0,58.4,-3.31,41.48,3.51,-0.6,-0.04,34.0,3.46,34.0,40.88,0.14,59.9,5.07,-2.74,-0.22,34.0,4.84,34.0,57.16,0.52,90.2,7.63,-5.05,-0.42,34.0,7.22,34.0,85.15,0.64,94.58,8.0,-8.32,-0.69,34.0,7.31,34.0,86.26,1.01,Level3,3,0.67
3,Midiam evaporative cooler (purple),0.0,135.0,60.0,22,TskControl34,2025-02-19 15:56:03,2025-02-19_ID0_NoPCS_Ta22_TskControl34.csv,2025-02-19_ID3_Midiam evaporative cooler (purple)_Level1_Angle135_Distance60_Ta22_TskControl34_FanMode.csv,-1.64,-1.76,-1.32,-3.52,0.72,-0.02,1.64,2.02,-2.08,-2.32,-0.22,-0.8,22.2,22.4,33.99,0.17,22.29,22.08,34.0,34.0,34.0,34.0,34.0,34.0,34.0,34.0,34.0,34.0,34.0,34.0,71.78,44.48,63.54,68.28,85.24,96.1,126.82,115.54,88.78,92.74,63.86,63.46,22.1,22.3,30.15,0.2,22.18,22.02,34.0,34.0,34.0,34.0,34.0,34.0,34.0,34.0,34.0,34.0,34.0,34.0,73.42,46.24,64.86,71.8,84.52,96.12,125.18,113.52,90.86,95.06,64.08,64.26,6.13,6.21,-0.08,0.26,3.8,3.91,-0.11,0.45,5.43,5.49,-0.06,0.24,5.83,6.07,-0.24,0.58,7.28,7.15,0.13,-0.1,8.21,8.13,0.07,0.0,10.83,10.59,0.24,-0.15,9.87,9.6,0.26,-0.21,7.58,7.69,-0.11,0.27,7.92,8.04,-0.12,0.29,5.45,5.42,0.03,0.04,5.42,5.44,-0.02,0.15,38.81,3.28,4.31,0.4,34.0,3.68,34.0,43.12,-0.5,41.48,3.51,-2.22,-0.16,34.0,3.35,34.0,39.26,0.62,59.9,5.07,-2.3,-0.15,34.0,4.92,34.0,57.6,0.42,90.2,7.63,-2.68,-0.16,34.0,7.47,34.0,87.52,0.36,94.58,8.0,-6.09,-0.44,34.0,7.56,34.0,88.49,0.75,Level1,1,0.0
3,Midiam evaporative cooler (purple),0.67,135.0,60.0,28,TskControl34,2025-05-16 18:15:44,2025-05-16_ID0_NoPCS_Ta28_TskControl34.csv,2025-05-16_ID3_Midiam evaporative cooler (purple)_Level3_Angle135_Distance60_Ta28_TskControl34.csv,1.38,-2.2,1.82,1.22,3.92,0.26,3.32,-1.16,0.08,0.76,-0.72,-0.1,28.6,28.5,31.5,0.0,28.5,27.18,34.0,34.0,34.0,34.0,34.0,34.0,34.0,34.0,34.0,34.0,34.0,34.0,35.32,18.12,32.16,32.34,43.4,41.6,50.76,44.96,44.6,44.22,32.76,30.08,28.6,28.5,31.5,0.0,28.5,27.18,34.0,34.0,34.0,34.0,34.0,34.0,34.0,34.0,34.0,34.0,34.0,34.0,33.94,20.32,30.34,31.12,39.48,41.34,47.44,46.12,44.52,43.46,33.48,30.18,6.42,6.17,0.25,-0.22,3.29,3.69,-0.4,0.6,5.85,5.52,0.33,-0.33,5.88,5.66,0.22,-0.22,7.89,7.18,0.71,-0.55,7.56,7.52,0.05,-0.03,9.23,8.63,0.6,-0.38,8.17,8.39,-0.21,0.14,8.11,8.09,0.01,-0.01,8.04,7.9,0.14,-0.1,5.96,6.09,-0.13,0.12,5.47,5.49,-0.02,0.02,19.48,3.54,10.16,1.85,34.0,5.39,34.0,29.64,-2.08,16.45,2.99,1.29,0.23,34.0,3.23,34.0,17.74,-0.44,31.06,5.65,0.23,0.04,34.0,5.69,34.0,31.29,-0.02,41.42,7.53,0.46,0.08,34.0,7.61,34.0,41.88,-0.06,43.17,7.85,0.11,0.02,34.0,7.87,34.0,43.28,-0.02,Level3,3,0.67
3,Midiam evaporative cooler (purple),0.33,135.0,60.0,28,TskControl34,2025-05-16 18:03:44,2025-05-16_ID0_NoPCS_Ta28_TskControl34.csv,2025-05-16_ID3_Midiam evaporative cooler (purple)_Level2_Angle135_Distance60_Ta28_TskControl34.csv,0.92,-1.06,1.0,1.82,2.58,0.34,1.38,-0.1,1.78,1.1,0.06,-0.26,28.6,28.5,31.5,0.0,28.5,27.18,34.0,34.0,34.0,34.0,34.0,34.0,34.0,34.0,34.0,34.0,34.0,34.0,34.86,19.26,31.34,32.94,42.06,41.68,48.82,46.02,46.3,44.56,33.54,29.92,28.6,28.5,31.5,0.0,28.5,27.18,34.0,34.0,34.0,34.0,34.0,34.0,34.0,34.0,34.0,34.0,34.0,34.0,33.94,20.32,30.34,31.12,39.48,41.34,47.44,46.12,44.52,43.46,33.48,30.18,6.34,6.17,0.17,-0.15,3.5,3.69,-0.19,0.29,5.7,5.52,0.18,-0.18,5.99,5.66,0.33,-0.32,7.65,7.18,0.47,-0.36,7.58,7.52,0.06,-0.05,8.88,8.63,0.25,-0.16,8.37,8.39,-0.02,0.01,8.42,8.09,0.32,-0.22,8.1,7.9,0.2,-0.14,6.1,6.09,0.01,-0.01,5.44,5.49,-0.05,0.05,19.48,3.54,6.45,1.17,34.0,4.71,34.0,25.93,-1.28,16.45,2.99,0.55,0.1,34.0,3.09,34.0,17.0,-0.18,31.06,5.65,-0.47,-0.09,34.0,5.56,34.0,30.59,0.09,41.42,7.53,0.26,0.05,34.0,7.58,34.0,41.68,-0.03,43.17,7.85,-0.45,-0.08,34.0,7.77,34.0,42.72,0.05,Level2,2,0.33
3,Midiam evaporative cooler (purple),0.0,135.0,60.0,28,TskControl34,2025-05-16 19:05:44,2025-05-16_ID0_NoPCS_Ta28_TskControl34.csv,2025-05-16_ID3_Midiam evaporative cooler (purple)_Level1_Angle135_Distance60_Ta28_TskControl34.csv,,,,,,,,,,,,,28.6,28.5,31.5,0.0,28.5,27.18,,,,,,,,,,,,,,,,,,,,,,,,,28.6,28.5,31.5,0.0,28.5,27.18,34.0,34.0,34.0,34.0,34.0,34.0,34.0,34.0,34.0,34.0,34.0,34.0,33.94,20.32,30.34,31.12,39.48,41.34,47.44,46.12,44.52,43.46,33.48,30.18,,6.17,,,,3.69,,,,5.52,,,,5.66,,,,7.18,,,,7.52,,,,8.63,,,,8.39,,,,8.09,,,,7.9,,,,6.09,,,,5.49,,,19.48,3.54,0.0,0.0,0.0,0.0,34.0,0.0,0.0,16.45,2.99,0.0,0.0,0.0,0.0,34.0,0.0,0.0,31.06,5.65,0.0,0.0,0.0,0.0,34.0,0.0,0.0,41.42,7.53,0.0,0.0,0.0,0.0,34.0,0.0,0.0,43.17,7.85,0.0,0.0,0.0,0.0,34.0,0.0,0.0,Level1,1,0.0
3,Midiam evaporative cooler (purple),1.0,135.0,60.0,28,TskControl34,2025-05-16 18:55:44,2025-05-16_ID0_NoPCS_Ta28_TskControl34.csv,2025-05-16_ID3_Midiam evaporative cooler (purple)_Level4_Angle135_Distance60_Ta28_TskControl34_FanMode.csv,-0.78,-2.96,-1.02,-1.28,-1.02,-0.94,-2.4,-0.76,-3.3,-2.64,-1.08,-1.46,28.6,28.5,31.5,0.0,28.5,27.18,34.0,34.0,34.0,34.0,34.0,34.0,34.0,34.0,34.0,34.0,34.0,34.0,33.16,17.36,29.32,29.84,38.46,40.4,45.04,45.36,41.22,40.82,32.4,28.72,28.6,28.5,31.5,0.0,28.5,27.18,34.0,34.0,34.0,34.0,34.0,34.0,34.0,34.0,34.0,34.0,34.0,34.0,33.94,20.32,30.34,31.12,39.48,41.34,47.44,46.12,44.52,43.46,33.48,30.18,6.03,6.17,-0.14,0.13,3.16,3.69,-0.54,0.8,5.33,5.52,-0.19,0.18,5.43,5.66,-0.23,0.23,6.99,7.18,-0.19,0.14,7.35,7.52,-0.17,0.13,8.19,8.63,-0.44,0.28,8.25,8.39,-0.14,0.09,7.49,8.09,-0.6,0.41,7.42,7.9,-0.48,0.33,5.89,6.09,-0.2,0.18,5.22,5.49,-0.27,0.27,19.48,3.54,11.62,2.11,34.0,5.65,34.0,31.1,-2.24,16.45,2.99,0.26,0.05,34.0,3.04,34.0,16.71,-0.09,31.06,5.65,-2.53,-0.46,34.0,5.19,34.0,28.54,0.45,41.42,7.53,-2.77,-0.5,34.0,7.03,34.0,38.65,0.36,43.17,7.85,-2.58,-0.47,34.0,7.38,34.0,40.59,0.32,Level4,4,1.0
3,Midiam evaporative cooler (purple),0.67,135.0,60.0,28,TskControl34,2025-05-16 18:15:44,2025-05-16_ID0_NoPCS_Ta28_TskControl34.csv,2025-05-16_ID3_Midiam evaporative cooler (purple)_Level3_Angle135_Distance60_Ta28_TskControl34_FanMode.csv,1.38,-2.2,1.82,1.22,3.92,0.26,3.32,-1.16,0.08,0.76,-0.72,-0.1,28.6,28.5,31.5,0.0,28.5,27.18,34.0,34.0,34.0,34.0,34.0,34.0,34.0,34.0,34.0,34.0,34.0,34.0,35.32,18.12,32.16,32.34,43.4,41.6,50.76,44.96,44.6,44.22,32.76,30.08,28.6,28.5,31.5,0.0,28.5,27.18,34.0,34.0,34.0,34.0,34.0,34.0,34.0,34.0,34.0,34.0,34.0,34.0,33.94,20.32,30.34,31.12,39.48,41.34,47.44,46.12,44.52,43.46,33.48,30.18,6.42,6.17,0.25,-0.22,3.29,3.69,-0.4,0.6,5.85,5.52,0.33,-0.33,5.88,5.66,0.22,-0.22,7.89,7.18,0.71,-0.55,7.56,7.52,0.05,-0.03,9.23,8.63,0.6,-0.38,8.17,8.39,-0.21,0.14,8.11,8.09,0.01,-0.01,8.04,7.9,0.14,-0.1,5.96,6.09,-0.13,0.12,5.47,5.49,-0.02,0.02,19.48,3.54,10.16,1.85,34.0,5.39,34.0,29.64,-2.08,16.45,2.99,1.29,0.23,34.0,3.23,34.0,17.74,-0.44,31.06,5.65,0.23,0.04,34.0,5.69,34.0,31.29,-0.02,41.42,7.53,0.46,0.08,34.0,7.61,34.0,41.88,-0.06,43.17,7.85,0.11,0.02,34.0,7.87,34.0,43.28,-0.02,Level3,3,0.67
3,Midiam evaporative cooler (purple),0.0,135.0,60.0,28,TskControl34,2025-05-16 19:05:44,2025-05-16_ID0_NoPCS_Ta28_TskControl34.csv,2025-05-16_ID3_Midiam evaporative cooler (purple)_Level1_Angle135_Distance60_Ta28_TskControl34_FanMode.csv,,,,,,,,,,,,,28.6,28.5,31.5,0.0,28.5,27.18,,,,,,,,,,,,,,,,,,,,,,,,,28.6,28.5,31.5,0.0,28.5,27.18,34.0,34.0,34.0,34.0,34.0,34.0,34.0,34.0,34.0,34.0,34.0,34.0,33.94,20.32,30.34,31.12,39.48,41.34,47.44,46.12,44.52,43.46,33.48,30.18,,6.17,,,,3.69,,,,5.52,,,,5.66,,,,7.18,,,,7.52,,,,8.63,,,,8.39,,,,8.09,,,,7.9,,,,6.09,,,,5.49,,,19.48,3.54,0.0,0.0,0.0,0.0,34.0,0.0,0.0,16.45,2.99,0.0,0.0,0.0,0.0,34.0,0.0,0.0,31.06,5.65,0.0,0.0,0.0,0.0,34.0,0.0,0.0,41.42,7.53,0.0,0.0,0.0,0.0,34.0,0.0,0.0,43.17,7.85,0.0,0.0,0.0,0.0,34.0,0.0,0.0,Level1,1,0.0
3,Midiam evaporative cooler (purple),0.0,135.0,60.0,22,TskControl34,2025-02-24 11:19:21,2025-02-24_ID0_NoPCS_Ta22_TskControl34.csv,2025-02-24_ID3_Midiam evaporative cooler (purple)_Level1_Angle135_Distance60_Ta22_TskControl34_MistMode.csv,-0.9,-5.94,0.28,-4.06,2.76,-3.12,9.62,-1.8,0.52,-0.38,1.06,-0.22,22.3,22.5,37.98,0.13,22.39,22.25,34.0,34.0,34.0,34.0,34.0,34.0,34.0,34.0,34.0,34.0,34.0,34.0,75.4,50.9,65.84,70.88,85.1,102.34,130.94,121.26,92.18,95.68,65.46,65.22,22.3,22.5,37.98,0.13,22.39,22.25,34.0,34.0,34.0,34.0,34.0,34.0,34.0,34.0,34.0,34.0,34.0,34.0,76.3,56.84,65.56,74.94,82.34,105.46,121.32,123.06,91.66,96.06,64.4,65.44,6.49,6.57,-0.08,0.14,4.38,4.9,-0.51,1.21,5.67,5.65,0.02,-0.05,6.11,6.45,-0.35,0.63,7.33,7.09,0.24,-0.39,8.81,9.08,-0.27,0.34,11.28,10.45,0.83,-0.92,10.44,10.6,-0.16,0.17,7.94,7.89,0.04,-0.07,8.24,8.27,-0.03,0.05,5.64,5.55,0.09,-0.19,5.62,5.64,-0.02,0.04,40.47,3.49,4.61,0.4,34.0,3.88,34.0,45.08,-0.39,43.47,3.74,-1.17,-0.1,34.0,3.64,34.0,42.3,0.31,65.77,5.67,-4.1,-0.35,34.0,5.31,34.0,61.68,0.74,93.02,8.01,-0.61,-0.05,34.0,7.96,34.0,92.41,0.06,95.87,8.26,-2.31,-0.2,34.0,8.06,34.0,93.56,0.3,Level1,1,0.0
3,Midiam evaporative cooler (purple),0.33,135.0,60.0,22,TskControl34,2025-02-24 11:31:31,2025-02-24_ID0_NoPCS_Ta22_TskControl34.csv,2025-02-24_ID3_Midiam evaporative cooler (purple)_Level2_Angle135_Distance60_Ta22_TskControl34_MistMode.csv,0.4,-6.88,-0.72,-2.2,3.74,0.9,5.66,1.74,0.44,-0.68,-0.3,-0.12,22.3,22.5,37.98,0.13,22.39,22.25,34.0,34.0,34.0,34.0,34.0,34.0,34.0,34.0,34.0,34.0,34.0,34.0,76.7,49.96,64.84,72.74,86.08,106.36,126.98,124.8,92.1,95.38,64.1,65.32,22.3,22.5,37.98,0.13,22.39,22.25,34.0,34.0,34.0,34.0,34.0,34.0,34.0,34.0,34.0,34.0,34.0,34.0,76.3,56.84,65.56,74.94,82.34,105.46,121.32,123.06,91.66,96.06,64.4,65.44,6.61,6.57,0.03,-0.06,4.3,4.9,-0.59,1.41,5.58,5.65,-0.06,0.13,6.27,6.45,-0.19,0.34,7.41,7.09,0.32,-0.53,9.16,9.08,0.08,-0.1,10.94,10.45,0.49,-0.54,10.75,10.6,0.15,-0.16,7.93,7.89,0.04,-0.06,8.22,8.27,-0.06,0.08,5.52,5.55,-0.03,0.05,5.63,5.64,-0.01,0.02,40.47,3.49,13.39,1.15,34.0,4.64,34.0,53.86,-2.11,43.47,3.74,1.35,0.12,34.0,3.86,34.0,44.82,-0.35,65.77,5.67,-3.45,-0.3,34.0,5.37,34.0,62.32,0.61,93.02,8.01,-0.57,-0.05,34.0,7.96,34.0,92.45,0.06,95.87,8.26,-1.63,-0.14,34.0,8.12,34.0,94.24,0.21,Level2,2,0.33
3,Midiam evaporative cooler (purple),1.0,135.0,60.0,25,TskControl34,2025-02-10 18:05:59,2025-02-10_ID0_NoPCS_Ta25_TskControl34.csv,2025-02-10_ID3_Midiam evaporative cooler (purple)_Level4_Angle135_Distance60_Ta25_TskControl34_MistMode.csv,0.52,-3.7,1.02,-6.3,9.3,-5.32,12.7,2.78,3.74,-0.58,-0.56,-0.36,24.8,24.9,67.19,0.02,24.87,25.77,34.0,34.0,34.0,34.0,34.0,34.0,34.0,34.0,34.0,34.0,34.0,34.0,56.14,29.88,50.72,48.72,72.42,70.68,106.78,84.82,73.78,71.38,49.12,48.2,25.1,25.1,69.38,0.17,25.1,26.15,34.0,34.0,34.0,34.0,34.0,34.0,34.0,34.0,34.0,34.0,34.0,34.0,55.62,33.58,49.7,55.02,63.12,76.0,94.08,82.04,70.04,71.96,49.68,48.56,6.15,6.25,-0.1,-0.08,3.27,3.77,-0.5,0.98,5.56,5.58,-0.03,-0.18,5.34,6.18,-0.85,1.02,7.93,7.09,0.84,-1.31,7.74,8.54,-0.8,0.62,11.7,10.57,1.12,-1.2,9.29,9.22,0.07,-0.3,8.08,7.87,0.21,-0.48,7.82,8.09,-0.27,0.07,5.38,5.58,-0.2,0.1,5.28,5.46,-0.18,0.07,29.13,3.27,10.37,1.05,34.0,4.33,34.0,39.51,-2.45,30.59,3.44,-2.71,-0.38,34.0,3.05,34.0,27.88,0.75,46.83,5.26,-2.11,-0.36,34.0,4.9,34.0,44.72,0.38,67.48,7.58,2.35,0.07,34.0,7.65,34.0,69.83,-0.31,70.57,7.93,-3.38,-0.57,34.0,7.36,34.0,67.19,0.42,Level4,4,1.0
4,Midiam evaporative cooler (white),0.0,135.0,60.0,25,TskControl34,2025-02-04 10:23:49,2025-02-04_ID0_NoPCS_Ta25_TskControl34.csv,2025-02-04_ID4_Midiam evaporative cooler (white)_Low_Angle135_Distance60_Ta25_TskControl34.csv,1.62,-4.22,2.5,-0.58,3.1,0.24,9.46,0.94,-3.0,-0.78,-1.44,-0.26,25.5,25.4,56.79,0.0,25.4,25.83,34.0,34.0,34.0,34.0,34.0,34.0,34.0,34.0,34.0,34.0,34.0,34.0,57.44,39.04,51.4,53.68,62.8,69.36,94.72,84.16,65.4,67.58,48.22,48.0,25.4,25.2,56.77,0.08,25.29,25.72,34.0,34.0,34.0,34.0,34.0,34.0,34.0,34.0,34.0,34.0,34.0,34.0,55.82,43.26,48.9,54.26,59.7,69.12,85.26,83.22,68.4,68.36,49.66,48.26,6.68,6.41,0.27,-0.25,4.54,4.97,-0.43,0.85,5.98,5.61,0.36,-0.45,6.24,6.23,0.01,0.09,7.3,6.85,0.45,-0.45,8.07,7.94,0.13,-0.03,11.01,9.79,1.23,-0.97,9.79,9.55,0.23,-0.1,7.6,7.85,-0.25,0.38,7.86,7.85,0.01,0.1,5.61,5.7,-0.09,0.25,5.58,5.54,0.04,0.05,29.03,3.33,24.9,2.94,34.0,6.27,34.0,53.93,-5.35,32.18,3.69,2.03,0.28,34.0,3.98,34.0,34.21,-0.58,50.17,5.76,-0.6,0.0,34.0,5.76,34.0,49.57,0.07,68.87,7.91,-3.15,-0.27,34.0,7.64,34.0,65.72,0.4,70.09,8.05,-2.86,-0.23,34.0,7.82,34.0,67.23,0.36,Low,1,0.0
4,Midiam evaporative cooler (white),1.0,135.0,60.0,25,TskControl34,2025-02-04 10:54:49,2025-02-04_ID0_NoPCS_Ta25_TskControl34.csv,2025-02-04_ID4_Midiam evaporative cooler (white)_High_Angle135_Distance60_Ta25_TskControl34.csv,1.06,-7.22,0.56,-2.78,4.96,-0.34,12.22,3.3,-2.24,-1.28,-1.12,-0.38,25.4,25.4,53.93,0.02,25.4,25.67,34.0,34.0,34.0,34.0,34.0,34.0,34.0,34.0,34.0,34.0,34.0,34.0,56.88,36.04,49.46,51.48,64.66,68.78,97.48,86.52,66.16,67.08,48.54,47.88,25.4,25.2,56.77,0.08,25.29,25.72,34.0,34.0,34.0,34.0,34.0,34.0,34.0,34.0,34.0,34.0,34.0,34.0,55.82,43.26,48.9,54.26,59.7,69.12,85.26,83.22,68.4,68.36,49.66,48.26,6.61,6.41,0.21,-0.17,4.19,4.97,-0.78,1.45,5.75,5.61,0.14,-0.1,5.99,6.23,-0.24,0.45,7.52,6.85,0.66,-0.72,8.0,7.94,0.06,0.04,11.33,9.79,1.55,-1.25,10.06,9.55,0.51,-0.35,7.69,7.85,-0.16,0.29,7.8,7.85,-0.05,0.16,5.64,5.7,-0.06,0.2,5.57,5.54,0.03,0.07,29.03,3.33,31.28,3.68,34.0,7.01,34.0,60.31,-7.0,32.18,3.69,1.64,0.24,34.0,3.93,34.0,33.82,-0.47,50.17,5.76,-3.41,-0.32,34.0,5.44,34.0,46.76,0.54,68.87,7.91,-4.56,-0.43,34.0,7.48,34.0,64.31,0.58,70.09,8.05,-6.08,-0.6,34.0,7.44,34.0,64.01,0.75,High,3,1.0
4,Midiam evaporative cooler (white),0.0,135.0,60.0,25,TskControl34,2025-02-04 10:23:49,2025-02-04_ID0_NoPCS_Ta25_TskControl34.csv,2025-02-04_ID4_Midiam evaporative cooler (white)_Low_Angle135_Distance60_Ta25_TskControl34_FanMode.csv,1.62,-4.22,2.5,-0.58,3.1,0.24,9.46,0.94,-3.0,-0.78,-1.44,-0.26,25.5,25.4,56.79,0.0,25.4,25.83,34.0,34.0,34.0,34.0,34.0,34.0,34.0,34.0,34.0,34.0,34.0,34.0,57.44,39.04,51.4,53.68,62.8,69.36,94.72,84.16,65.4,67.58,48.22,48.0,25.4,25.2,56.77,0.08,25.29,25.72,34.0,34.0,34.0,34.0,34.0,34.0,34.0,34.0,34.0,34.0,34.0,34.0,55.82,43.26,48.9,54.26,59.7,69.12,85.26,83.22,68.4,68.36,49.66,48.26,6.68,6.41,0.27,-0.25,4.54,4.97,-0.43,0.85,5.98,5.61,0.36,-0.45,6.24,6.23,0.01,0.09,7.3,6.85,0.45,-0.45,8.07,7.94,0.13,-0.03,11.01,9.79,1.23,-0.97,9.79,9.55,0.23,-0.1,7.6,7.85,-0.25,0.38,7.86,7.85,0.01,0.1,5.61,5.7,-0.09,0.25,5.58,5.54,0.04,0.05,29.03,3.33,24.9,2.94,34.0,6.27,34.0,53.93,-5.35,32.18,3.69,2.03,0.28,34.0,3.98,34.0,34.21,-0.58,50.17,5.76,-0.6,0.0,34.0,5.76,34.0,49.57,0.07,68.87,7.91,-3.15,-0.27,34.0,7.64,34.0,65.72,0.4,70.09,8.05,-2.86,-0.23,34.0,7.82,34.0,67.23,0.36,Low,1,0.0
4,Midiam evaporative cooler (white),0.5,135.0,60.0,25,TskControl34,2025-02-04 10:40:49,2025-02-04_ID0_NoPCS_Ta25_TskControl34.csv,2025-02-04_ID4_Midiam evaporative cooler (white)_Mid_Angle135_Distance60_Ta25_TskControl34_FanMode.csv,0.8,-6.94,0.58,-1.48,2.06,-1.3,7.36,3.08,-2.9,-1.54,-1.52,-1.78,25.6,25.4,56.1,0.09,25.5,25.9,34.0,34.0,34.0,34.0,34.0,34.0,34.0,34.0,34.0,34.0,34.0,34.0,56.62,36.32,49.48,52.78,61.76,67.82,92.62,86.3,65.5,66.82,48.14,46.48,25.4,25.2,56.77,0.08,25.29,25.72,34.0,34.0,34.0,34.0,34.0,34.0,34.0,34.0,34.0,34.0,34.0,34.0,55.82,43.26,48.9,54.26,59.7,69.12,85.26,83.22,68.4,68.36,49.66,48.26,6.66,6.41,0.25,-0.12,4.27,4.97,-0.69,1.4,5.82,5.61,0.21,-0.1,6.21,6.23,-0.02,0.24,7.27,6.85,0.41,-0.3,7.98,7.94,0.04,0.16,10.9,9.79,1.11,-0.75,10.15,9.55,0.6,-0.32,7.71,7.85,-0.15,0.37,7.86,7.85,0.01,0.2,5.66,5.7,-0.04,0.27,5.47,5.54,-0.07,0.32,29.03,3.33,27.56,3.33,34.0,6.66,34.0,56.6,-5.91,32.18,3.69,2.06,0.33,34.0,4.03,34.0,34.24,-0.58,50.17,5.76,-2.22,-0.12,34.0,5.64,34.0,47.95,0.35,68.87,7.91,-4.7,-0.36,34.0,7.55,34.0,64.17,0.58,70.09,8.05,-4.78,-0.36,34.0,7.68,34.0,65.31,0.61,Mid,2,0.5
4,Midiam evaporative cooler (white),0.5,135.0,60.0,22,TskControl34,2025-02-24 13:02:11,2025-02-24_ID0_NoPCS_Ta22_TskControl34.csv,2025-02-24_ID4_Midiam evaporative cooler (white)_Mid_Angle135_Distance60_Ta22_TskControl34_MistMode.csv,5.16,-11.14,6.46,0.22,10.18,4.22,18.54,0.7,-0.6,-0.04,0.16,-0.3,21.5,22.4,31.27,0.31,21.83,21.73,34.0,34.0,34.0,34.0,34.0,34.0,34.0,34.0,34.0,34.0,34.0,34.0,81.46,45.7,72.02,75.16,92.52,109.68,139.86,123.76,91.06,96.02,64.56,65.14,22.3,22.5,37.98,0.13,22.39,22.25,34.0,34.0,34.0,34.0,34.0,34.0,34.0,34.0,34.0,34.0,34.0,34.0,76.3,56.84,65.56,74.94,82.34,105.46,121.32,123.06,91.66,96.06,64.4,65.44,6.69,6.57,0.12,-0.79,3.76,4.9,-1.14,2.28,5.92,5.65,0.27,-1.14,6.18,6.45,-0.28,-0.03,7.6,7.09,0.51,-1.44,9.01,9.08,-0.07,-0.46,11.49,10.45,1.04,-1.77,10.17,10.6,-0.43,-0.07,7.48,7.89,-0.41,0.08,7.89,8.27,-0.38,0.0,5.3,5.55,-0.24,-0.03,5.35,5.64,-0.28,0.05,40.47,3.49,49.27,4.49,33.59,7.98,34.0,89.74,-10.55,43.47,3.74,7.57,0.45,34.0,4.19,34.0,51.04,-2.05,65.77,5.67,1.06,-0.17,34.0,5.49,34.0,66.83,-0.35,93.02,8.01,-2.49,-0.57,34.0,7.44,34.0,90.53,0.29,95.87,8.26,-5.1,-0.8,34.0,7.46,34.0,90.77,0.58,Mid,2,0.5
4,Midiam evaporative cooler (white),1.0,135.0,60.0,25,TskControl34,2025-02-11 11:25:01,2025-02-11_ID0_NoPCS_Ta25_TskControl34.csv,2025-02-11_ID4_Midiam evaporative cooler (white)_High_Angle135_Distance60_Ta25_TskControl34_MistMode.csv,2.98,-4.22,2.92,0.32,9.5,5.98,16.02,4.88,-0.68,1.14,-0.34,-1.18,24.6,25.1,69.72,0.17,24.82,25.86,34.0,34.0,34.0,34.0,34.0,34.0,34.0,34.0,34.0,34.0,34.0,34.0,59.08,36.78,51.64,54.0,70.44,76.46,106.46,88.94,70.46,69.2,48.76,45.88,25.3,25.3,62.41,0.07,25.3,26.08,34.0,34.0,34.0,34.0,34.0,34.0,34.0,34.0,34.0,34.0,34.0,34.0,56.1,41.0,48.72,53.68,60.94,70.48,90.44,84.06,71.14,68.06,49.1,47.06,6.44,6.45,-0.01,-0.46,4.01,4.71,-0.71,0.9,5.63,5.6,0.03,-0.52,5.88,6.17,-0.29,-0.05,7.67,7.0,0.67,-1.36,8.33,8.1,0.23,-0.74,11.6,10.4,1.2,-1.54,9.69,9.66,0.03,-0.51,7.68,8.18,-0.5,0.08,7.54,7.82,-0.28,-0.15,5.31,5.64,-0.33,0.06,5.0,5.41,-0.41,0.22,29.67,3.41,27.12,2.78,34.0,6.19,34.0,56.79,-6.32,32.16,3.7,0.86,-0.1,34.0,3.6,34.0,33.02,-0.25,48.66,5.59,-0.77,-0.38,34.0,5.22,34.0,47.88,0.09,69.26,7.96,-1.28,-0.56,34.0,7.41,34.0,67.98,0.15,71.96,8.27,-2.0,-0.65,34.0,7.62,34.0,69.96,0.24,High,3,1.0
4,Midiam evaporative cooler (white),0.0,135.0,60.0,25,TskControl34,2025-02-11 10:59:01,2025-02-11_ID0_NoPCS_Ta25_TskControl34.csv,2025-02-11_ID4_Midiam evaporative cooler (white)_Low_Angle135_Distance60_Ta25_TskControl34_MistMode.csv,1.74,-3.9,-0.12,-0.08,1.86,3.86,4.18,7.7,-0.58,-0.54,-1.2,-1.72,25.3,25.3,64.0,0.08,25.3,26.17,34.0,34.0,34.0,34.0,34.0,34.0,34.0,34.0,34.0,34.0,34.0,34.0,57.84,37.1,48.6,53.6,62.8,74.34,94.62,91.76,70.56,67.52,47.9,45.34,25.3,25.3,62.41,0.07,25.3,26.08,34.0,34.0,34.0,34.0,34.0,34.0,34.0,34.0,34.0,34.0,34.0,34.0,56.1,41.0,48.72,53.68,60.94,70.48,90.44,84.06,71.14,68.06,49.1,47.06,6.65,6.45,0.2,-0.27,4.26,4.71,-0.45,0.83,5.59,5.6,-0.01,0.02,6.16,6.17,-0.01,0.01,7.22,7.0,0.21,-0.27,8.54,8.1,0.44,-0.48,10.88,10.4,0.48,-0.4,10.55,9.66,0.89,-0.8,8.11,8.18,-0.07,0.07,7.76,7.82,-0.06,0.07,5.51,5.64,-0.14,0.21,5.21,5.41,-0.2,0.32,29.67,3.41,21.49,2.47,34.0,5.88,34.0,51.16,-4.64,32.16,3.7,1.43,0.16,34.0,3.86,34.0,33.59,-0.4,48.66,5.59,-1.28,-0.15,34.0,5.45,34.0,47.38,0.2,69.26,7.96,-1.73,-0.2,34.0,7.76,34.0,67.53,0.22,71.96,8.27,-0.38,-0.04,34.0,8.23,34.0,71.58,0.03,Low,1,0.0
4,Midiam evaporative cooler (white),0.0,135.0,60.0,22,TskControl34,2025-02-24 12:19:06,2025-02-24_ID0_NoPCS_Ta22_TskControl34.csv,2025-02-24_ID4_Midiam evaporative cooler (white)_Low_Angle135_Distance60_Ta22_TskControl34_MistMode.csv,1.24,-11.1,1.68,-3.14,6.14,-1.44,14.44,-1.62,-2.12,-2.34,0.02,-0.5,21.5,22.4,31.27,0.31,21.83,21.73,34.0,34.0,34.0,34.0,34.0,34.0,34.0,34.0,34.0,34.0,34.0,34.0,77.54,45.74,67.24,71.8,88.48,104.02,135.76,121.44,89.54,93.72,64.42,64.94,22.3,22.5,37.98,0.13,22.39,22.25,34.0,34.0,34.0,34.0,34.0,34.0,34.0,34.0,34.0,34.0,34.0,34.0,76.3,56.84,65.56,74.94,82.34,105.46,121.32,123.06,91.66,96.06,64.4,65.44,6.37,6.57,-0.2,-0.19,3.76,4.9,-1.14,2.27,5.53,5.65,-0.12,-0.3,5.9,6.45,-0.56,0.49,7.27,7.09,0.18,-0.87,8.55,9.08,-0.54,0.16,11.16,10.45,0.71,-1.38,9.98,10.6,-0.62,0.15,7.36,7.89,-0.54,0.27,7.7,8.27,-0.57,0.28,5.29,5.55,-0.25,-0.0,5.34,5.64,-0.3,0.09,40.47,3.49,36.71,2.86,34.0,6.34,34.0,77.18,-6.06,43.47,3.74,3.01,0.08,34.0,3.82,34.0,46.48,-0.83,65.77,5.67,-2.81,-0.49,34.0,5.17,34.0,62.96,0.38,93.02,8.01,-4.61,-0.75,34.0,7.26,34.0,88.41,0.56,95.87,8.26,-8.63,-1.09,34.0,7.17,34.0,87.24,0.99,Low,1,0.0
4,Midiam evaporative cooler (white),1.0,135.0,60.0,28,TskControl34,2025-05-20 16:37:11,2025-05-20_ID0_NoPCS_Ta28_TskControl34.csv,2025-05-20_ID4_Midiam evaporative cooler (white)_High_Angle135_Distance60_Ta28_TskControl34_MistMode.csv,,,,,,,,,,,,,28.5,28.2,41.77,0.0,28.2,27.58,34.0,34.0,34.0,34.0,34.0,34.0,34.0,34.0,34.0,34.0,34.0,34.0,37.44,16.7,33.52,30.8,44.12,38.9,55.12,43.96,44.36,41.9,32.46,29.1,28.0,27.6,41.53,0.01,27.7,27.66,,,,,,,,,,,,,,,,,,,,,,,,,6.46,,,,2.88,,,,5.78,,,,5.31,,,,7.61,,,,6.71,,,,9.5,,,,7.58,,,,7.65,,,,7.22,,,,5.6,,,,5.02,,,,0.0,0.0,0.0,0.0,34.0,9.81,0.0,56.88,0.0,0.0,0.0,0.0,0.0,34.0,4.14,0.0,24.0,0.0,0.0,0.0,0.0,0.0,34.0,5.09,0.0,29.52,0.0,0.0,0.0,0.0,0.0,34.0,6.98,0.0,40.48,0.0,0.0,0.0,0.0,0.0,34.0,7.18,0.0,41.64,0.0,High,3,1.0
4,Midiam evaporative cooler (white),0.0,135.0,60.0,28,TskControl34,2025-05-20 17:26:21,2025-05-20_ID0_NoPCS_Ta28_TskControl34.csv,2025-05-20_ID4_Midiam evaporative cooler (white)_Low_Angle135_Distance60_Ta28_TskControl34_MistMode.csv,,,,,,,,,,,,,28.4,28.0,41.71,0.02,28.12,27.47,34.0,34.0,34.0,34.0,34.0,34.0,34.0,34.0,34.0,34.0,34.0,34.0,35.72,18.8,31.72,31.24,42.8,40.58,51.76,47.2,43.5,42.52,32.28,30.32,28.0,27.6,41.53,0.01,27.7,27.66,,,,,,,,,,,,,,,,,,,,,,,,,6.07,,,,3.2,,,,5.39,,,,5.31,,,,7.28,,,,6.9,,,,8.8,,,,8.03,,,,7.4,,,,7.23,,,,5.49,,,,5.16,,,,0.0,0.0,0.0,0.0,34.0,6.64,0.0,39.07,0.0,0.0,0.0,0.0,0.0,34.0,3.61,0.0,21.22,0.0,0.0,0.0,0.0,0.0,34.0,5.16,0.0,30.36,0.0,0.0,0.0,0.0,0.0,34.0,6.82,0.0,40.12,0.0,0.0,0.0,0.0,0.0,34.0,7.05,0.0,41.48,0.0,Low,1,0.0
4,Midiam evaporative cooler (white),0.5,135.0,60.0,28,TskControl34,2025-05-20 16:53:16,2025-05-20_ID0_NoPCS_Ta28_TskControl34.csv,2025-05-20_ID4_Midiam evaporative cooler (white)_Mid_Angle135_Distance60_Ta28_TskControl34_MistMode.csv,,,,,,,,,,,,,28.2,28.2,41.74,0.04,28.2,27.56,34.0,34.0,34.0,34.0,34.0,34.0,34.0,34.0,34.0,34.0,34.0,34.0,36.98,17.78,33.66,30.76,42.98,40.2,50.8,45.06,43.62,43.04,32.82,29.32,28.0,27.6,41.53,0.01,27.7,27.66,,,,,,,,,,,,,,,,,,,,,,,,,6.38,,,,3.07,,,,5.8,,,,5.3,,,,7.41,,,,6.93,,,,8.76,,,,7.77,,,,7.52,,,,7.42,,,,5.66,,,,5.06,,,,0.0,0.0,0.0,0.0,34.0,8.9,0.0,51.64,0.0,0.0,0.0,0.0,0.0,34.0,4.03,0.0,23.36,0.0,0.0,0.0,0.0,0.0,34.0,5.17,0.0,29.96,0.0,0.0,0.0,0.0,0.0,34.0,6.98,0.0,40.49,0.0,0.0,0.0,0.0,0.0,34.0,7.09,0.0,41.12,0.0,Mid,2,0.5
4,Midiam evaporative cooler (white),1.0,135.0,60.0,22,TskControl34,2025-02-24 13:23:51,2025-02-24_ID0_NoPCS_Ta22_TskControl34.csv,2025-02-24_ID4_Midiam evaporative cooler (white)_High_Angle135_Distance60_Ta22_TskControl34_MistMode.csv,6.98,-9.82,6.66,2.14,14.6,7.78,22.34,-0.5,0.56,1.2,-0.28,-0.92,21.4,21.8,37.98,0.03,21.66,21.68,33.98,34.0,34.0,34.0,34.0,34.0,34.0,34.0,34.0,34.0,34.0,34.0,83.28,47.02,72.22,77.08,96.94,113.24,143.66,122.56,92.22,97.26,64.12,64.52,22.3,22.5,37.98,0.13,22.39,22.25,34.0,34.0,34.0,34.0,34.0,34.0,34.0,34.0,34.0,34.0,34.0,34.0,76.3,56.84,65.56,74.94,82.34,105.46,121.32,123.06,91.66,96.06,64.4,65.44,6.76,6.57,0.19,-1.06,3.81,4.9,-1.09,2.01,5.85,5.65,0.21,-1.18,6.25,6.45,-0.21,-0.33,7.86,7.09,0.76,-2.06,9.18,9.08,0.09,-0.86,11.64,10.45,1.19,-2.14,9.93,10.6,-0.67,0.05,7.47,7.89,-0.42,-0.07,7.88,8.27,-0.39,-0.15,5.2,5.55,-0.35,0.05,5.23,5.64,-0.41,0.16,40.47,3.49,52.86,4.78,33.51,8.27,34.0,93.33,-12.49,43.47,3.74,5.81,0.25,34.0,3.99,34.0,49.28,-1.57,65.77,5.67,1.71,-0.2,34.0,5.47,34.0,67.49,-0.43,93.02,8.01,-0.17,-0.49,34.0,7.52,34.0,92.85,-0.0,95.87,8.26,1.07,-0.4,34.0,7.86,34.0,96.94,-0.16,High,3,1.0
4,Midiam evaporative cooler (white),0.5,135.0,60.0,28,TskControl34,2025-05-19 16:40:49,2025-05-19_ID0_NoPCS_Ta28_TskControl34.csv,2025-05-19_ID4_Midiam evaporative cooler (white)_Mid_Angle135_Distance60_Ta28_TskControl34.csv,3.38,-0.04,4.52,2.2,5.5,-0.04,11.86,1.38,-0.46,-0.34,-0.5,-0.84,28.3,28.0,40.75,0.0,28.0,27.7,34.0,34.0,34.0,34.0,34.0,34.0,34.0,34.0,34.0,34.0,34.0,34.0,36.12,17.38,32.62,32.32,43.7,40.04,55.3,45.54,42.84,42.68,34.6,30.86,28.3,28.0,40.75,0.0,28.0,27.7,34.0,34.0,34.0,34.0,34.0,34.0,34.0,34.0,34.0,34.0,34.0,34.0,32.74,17.42,28.1,30.12,38.2,40.08,43.44,44.16,43.3,43.02,35.1,31.7,6.02,5.46,0.56,-0.62,2.9,2.9,-0.01,0.01,5.44,4.68,0.75,-0.97,5.39,5.02,0.37,-0.44,7.28,6.37,0.92,-0.86,6.67,6.68,-0.01,0.01,9.22,7.24,1.98,-1.64,7.59,7.36,0.23,-0.19,7.14,7.22,-0.08,0.06,7.11,7.17,-0.06,0.05,5.77,5.85,-0.08,0.09,5.14,5.28,-0.14,0.16,18.6,3.1,18.74,3.12,34.0,6.22,34.0,37.33,-4.28,14.96,2.49,6.65,1.11,34.0,3.6,34.0,21.61,-2.69,29.28,4.88,1.82,0.3,34.0,5.18,34.0,31.1,-0.38,40.42,6.74,0.8,0.13,34.0,6.87,34.0,41.22,-0.12,42.33,7.06,-0.03,-0.0,34.0,7.05,34.0,42.3,0.0,Mid,2,0.5
4,Midiam evaporative cooler (white),0.0,135.0,60.0,28,TskControl34,2025-05-19 17:23:49,2025-05-19_ID0_NoPCS_Ta28_TskControl34.csv,2025-05-19_ID4_Midiam evaporative cooler (white)_Low_Angle135_Distance60_Ta28_TskControl34.csv,3.7,1.44,3.6,2.9,5.86,0.66,11.96,1.64,0.22,0.6,-0.54,-0.56,28.3,28.0,40.75,0.0,28.0,27.7,34.0,34.0,34.0,34.0,34.0,34.0,34.0,34.0,34.0,34.0,34.0,34.0,36.44,18.86,31.7,33.02,44.06,40.74,55.4,45.8,43.52,43.62,34.56,31.14,28.3,28.0,40.75,0.0,28.0,27.7,34.0,34.0,34.0,34.0,34.0,34.0,34.0,34.0,34.0,34.0,34.0,34.0,32.74,17.42,28.1,30.12,38.2,40.08,43.44,44.16,43.3,43.02,35.1,31.7,6.07,5.46,0.62,-0.68,3.14,2.9,0.24,-0.5,5.28,4.68,0.6,-0.77,5.5,5.02,0.48,-0.58,7.34,6.37,0.98,-0.92,6.79,6.68,0.11,-0.1,9.23,7.24,1.99,-1.65,7.63,7.36,0.27,-0.22,7.25,7.22,0.04,-0.03,7.27,7.17,0.1,-0.08,5.76,5.85,-0.09,0.09,5.19,5.28,-0.09,0.11,18.6,3.1,17.45,2.91,34.0,6.01,34.0,36.05,-3.93,14.96,2.49,6.23,1.04,34.0,3.53,34.0,21.19,-2.51,29.28,4.88,2.29,0.38,34.0,5.26,34.0,31.57,-0.51,40.42,6.74,1.78,0.3,34.0,7.03,34.0,42.2,-0.26,42.33,7.06,0.74,0.12,34.0,7.18,34.0,43.07,-0.1,Low,1,0.0
4,Midiam evaporative cooler (white),1.0,135.0,60.0,28,TskControl34,2025-05-19 16:19:49,2025-05-19_ID0_NoPCS_Ta28_TskControl34.csv,2025-05-19_ID4_Midiam evaporative cooler (white)_High_Angle135_Distance60_Ta28_TskControl34.csv,4.12,1.5,4.4,2.44,7.44,0.66,15.46,2.02,0.2,-0.28,-0.48,0.06,28.3,28.0,40.75,0.0,28.0,27.7,34.0,34.0,34.0,34.0,34.0,34.0,34.0,34.0,34.0,34.0,34.0,34.0,36.86,18.92,32.5,32.56,45.64,40.74,58.9,46.18,43.5,42.74,34.62,31.76,28.3,28.0,40.75,0.0,28.0,27.7,34.0,34.0,34.0,34.0,34.0,34.0,34.0,34.0,34.0,34.0,34.0,34.0,32.74,17.42,28.1,30.12,38.2,40.08,43.44,44.16,43.3,43.02,35.1,31.7,6.14,5.46,0.69,-0.76,3.15,2.9,0.25,-0.52,5.42,4.68,0.73,-0.94,5.43,5.02,0.41,-0.49,7.61,6.37,1.24,-1.17,6.79,6.68,0.11,-0.1,9.82,7.24,2.58,-2.14,7.7,7.36,0.34,-0.27,7.25,7.22,0.03,-0.03,7.12,7.17,-0.05,0.04,5.77,5.85,-0.08,0.08,5.29,5.28,0.01,-0.01,18.6,3.1,21.01,3.5,34.0,6.6,34.0,39.6,-4.99,14.96,2.49,7.25,1.21,34.0,3.7,34.0,22.21,-2.93,29.28,4.88,1.96,0.33,34.0,5.21,34.0,31.24,-0.42,40.42,6.74,1.38,0.23,34.0,6.97,34.0,41.8,-0.2,42.33,7.06,0.8,0.13,34.0,7.19,34.0,43.13,-0.11,High,3,1.0
4,Midiam evaporative cooler (white),0.5,135.0,60.0,28,TskControl34,2025-05-19 16:40:49,2025-05-19_ID0_NoPCS_Ta28_TskControl34.csv,2025-05-19_ID4_Midiam evaporative cooler (white)_Mid_Angle135_Distance60_Ta28_TskControl34_FanMode.csv,3.38,-0.04,4.52,2.2,5.5,-0.04,11.86,1.38,-0.46,-0.34,-0.5,-0.84,28.3,28.0,40.75,0.0,28.0,27.7,34.0,34.0,34.0,34.0,34.0,34.0,34.0,34.0,34.0,34.0,34.0,34.0,36.12,17.38,32.62,32.32,43.7,40.04,55.3,45.54,42.84,42.68,34.6,30.86,28.3,28.0,40.75,0.0,28.0,27.7,34.0,34.0,34.0,34.0,34.0,34.0,34.0,34.0,34.0,34.0,34.0,34.0,32.74,17.42,28.1,30.12,38.2,40.08,43.44,44.16,43.3,43.02,35.1,31.7,6.02,5.46,0.56,-0.62,2.9,2.9,-0.01,0.01,5.44,4.68,0.75,-0.97,5.39,5.02,0.37,-0.44,7.28,6.37,0.92,-0.86,6.67,6.68,-0.01,0.01,9.22,7.24,1.98,-1.64,7.59,7.36,0.23,-0.19,7.14,7.22,-0.08,0.06,7.11,7.17,-0.06,0.05,5.77,5.85,-0.08,0.09,5.14,5.28,-0.14,0.16,18.6,3.1,18.74,3.12,34.0,6.22,34.0,37.33,-4.28,14.96,2.49,6.65,1.11,34.0,3.6,34.0,21.61,-2.69,29.28,4.88,1.82,0.3,34.0,5.18,34.0,31.1,-0.38,40.42,6.74,0.8,0.13,34.0,6.87,34.0,41.22,-0.12,42.33,7.06,-0.03,-0.0,34.0,7.05,34.0,42.3,0.0,Mid,2,0.5
4,Midiam evaporative cooler (white),1.0,135.0,60.0,28,TskControl34,2025-05-19 16:19:49,2025-05-19_ID0_NoPCS_Ta28_TskControl34.csv,2025-05-19_ID4_Midiam evaporative cooler (white)_High_Angle135_Distance60_Ta28_TskControl34_FanMode.csv,4.12,1.5,4.4,2.44,7.44,0.66,15.46,2.02,0.2,-0.28,-0.48,0.06,28.3,28.0,40.75,0.0,28.0,27.7,34.0,34.0,34.0,34.0,34.0,34.0,34.0,34.0,34.0,34.0,34.0,34.0,36.86,18.92,32.5,32.56,45.64,40.74,58.9,46.18,43.5,42.74,34.62,31.76,28.3,28.0,40.75,0.0,28.0,27.7,34.0,34.0,34.0,34.0,34.0,34.0,34.0,34.0,34.0,34.0,34.0,34.0,32.74,17.42,28.1,30.12,38.2,40.08,43.44,44.16,43.3,43.02,35.1,31.7,6.14,5.46,0.69,-0.76,3.15,2.9,0.25,-0.52,5.42,4.68,0.73,-0.94,5.43,5.02,0.41,-0.49,7.61,6.37,1.24,-1.17,6.79,6.68,0.11,-0.1,9.82,7.24,2.58,-2.14,7.7,7.36,0.34,-0.27,7.25,7.22,0.03,-0.03,7.12,7.17,-0.05,0.04,5.77,5.85,-0.08,0.08,5.29,5.28,0.01,-0.01,18.6,3.1,21.01,3.5,34.0,6.6,34.0,39.6,-4.99,14.96,2.49,7.25,1.21,34.0,3.7,34.0,22.21,-2.93,29.28,4.88,1.96,0.33,34.0,5.21,34.0,31.24,-0.42,40.42,6.74,1.38,0.23,34.0,6.97,34.0,41.8,-0.2,42.33,7.06,0.8,0.13,34.0,7.19,34.0,43.13,-0.11,High,3,1.0
4,Midiam evaporative cooler (white),0.0,135.0,60.0,28,TskControl34,2025-05-19 17:23:49,2025-05-19_ID0_NoPCS_Ta28_TskControl34.csv,2025-05-19_ID4_Midiam evaporative cooler (white)_Low_Angle135_Distance60_Ta28_TskControl34_FanMode.csv,3.7,1.44,3.6,2.9,5.86,0.66,11.96,1.64,0.22,0.6,-0.54,-0.56,28.3,28.0,40.75,0.0,28.0,27.7,34.0,34.0,34.0,34.0,34.0,34.0,34.0,34.0,34.0,34.0,34.0,34.0,36.44,18.86,31.7,33.02,44.06,40.74,55.4,45.8,43.52,43.62,34.56,31.14,28.3,28.0,40.75,0.0,28.0,27.7,34.0,34.0,34.0,34.0,34.0,34.0,34.0,34.0,34.0,34.0,34.0,34.0,32.74,17.42,28.1,30.12,38.2,40.08,43.44,44.16,43.3,43.02,35.1,31.7,6.07,5.46,0.62,-0.68,3.14,2.9,0.24,-0.5,5.28,4.68,0.6,-0.77,5.5,5.02,0.48,-0.58,7.34,6.37,0.98,-0.92,6.79,6.68,0.11,-0.1,9.23,7.24,1.99,-1.65,7.63,7.36,0.27,-0.22,7.25,7.22,0.04,-0.03,7.27,7.17,0.1,-0.08,5.76,5.85,-0.09,0.09,5.19,5.28,-0.09,0.11,18.6,3.1,17.45,2.91,34.0,6.01,34.0,36.05,-3.93,14.96,2.49,6.23,1.04,34.0,3.53,34.0,21.19,-2.51,29.28,4.88,2.29,0.38,34.0,5.26,34.0,31.57,-0.51,40.42,6.74,1.78,0.3,34.0,7.03,34.0,42.2,-0.26,42.33,7.06,0.74,0.12,34.0,7.18,34.0,43.07,-0.1,Low,1,0.0
4,Midiam evaporative cooler (white),1.0,135.0,60.0,25,TskControl34,2025-02-04 10:54:49,2025-02-04_ID0_NoPCS_Ta25_TskControl34.csv,2025-02-04_ID4_Midiam evaporative cooler (white)_High_Angle135_Distance60_Ta25_TskControl34_FanMode.csv,1.06,-7.22,0.56,-2.78,4.96,-0.34,12.22,3.3,-2.24,-1.28,-1.12,-0.38,25.4,25.4,53.93,0.02,25.4,25.67,34.0,34.0,34.0,34.0,34.0,34.0,34.0,34.0,34.0,34.0,34.0,34.0,56.88,36.04,49.46,51.48,64.66,68.78,97.48,86.52,66.16,67.08,48.54,47.88,25.4,25.2,56.77,0.08,25.29,25.72,34.0,34.0,34.0,34.0,34.0,34.0,34.0,34.0,34.0,34.0,34.0,34.0,55.82,43.26,48.9,54.26,59.7,69.12,85.26,83.22,68.4,68.36,49.66,48.26,6.61,6.41,0.21,-0.17,4.19,4.97,-0.78,1.45,5.75,5.61,0.14,-0.1,5.99,6.23,-0.24,0.45,7.52,6.85,0.66,-0.72,8.0,7.94,0.06,0.04,11.33,9.79,1.55,-1.25,10.06,9.55,0.51,-0.35,7.69,7.85,-0.16,0.29,7.8,7.85,-0.05,0.16,5.64,5.7,-0.06,0.2,5.57,5.54,0.03,0.07,29.03,3.33,31.28,3.68,34.0,7.01,34.0,60.31,-7.0,32.18,3.69,1.64,0.24,34.0,3.93,34.0,33.82,-0.47,50.17,5.76,-3.41,-0.32,34.0,5.44,34.0,46.76,0.54,68.87,7.91,-4.56,-0.43,34.0,7.48,34.0,64.31,0.58,70.09,8.05,-6.08,-0.6,34.0,7.44,34.0,64.01,0.75,High,3,1.0
4,Midiam evaporative cooler (white),0.5,135.0,60.0,25,TskControl34,2025-02-11 11:11:01,2025-02-11_ID0_NoPCS_Ta25_TskControl34.csv,2025-02-11_ID4_Midiam evaporative cooler (white)_Mid_Angle135_Distance60_Ta25_TskControl34_MistMode.csv,2.84,-3.7,2.14,-0.4,7.96,5.16,16.42,5.5,0.22,0.46,-1.28,-2.52,24.9,25.2,66.79,0.11,25.05,26.05,34.0,34.0,34.0,34.0,34.0,34.0,34.0,34.0,34.0,34.0,34.0,34.0,58.94,37.3,50.86,53.28,68.9,75.64,106.86,89.56,71.36,68.52,47.82,44.54,25.3,25.3,62.41,0.07,25.3,26.08,34.0,34.0,34.0,34.0,34.0,34.0,34.0,34.0,34.0,34.0,34.0,34.0,56.1,41.0,48.72,53.68,60.94,70.48,90.44,84.06,71.14,68.06,49.1,47.06,6.59,6.45,0.14,-0.44,4.17,4.71,-0.55,0.79,5.68,5.6,0.08,-0.38,5.95,6.17,-0.22,0.06,7.7,7.0,0.69,-1.14,8.45,8.1,0.35,-0.64,11.94,10.4,1.54,-1.58,10.01,9.66,0.34,-0.57,7.97,8.18,-0.2,-0.03,7.66,7.82,-0.17,-0.06,5.34,5.64,-0.3,0.23,4.98,5.41,-0.43,0.47,29.67,3.41,25.59,2.76,34.0,6.17,34.0,55.26,-5.61,32.16,3.7,1.49,0.06,34.0,3.76,34.0,33.65,-0.41,48.66,5.59,-0.94,-0.26,34.0,5.33,34.0,47.72,0.14,69.26,7.96,-1.43,-0.38,34.0,7.58,34.0,67.83,0.18,71.96,8.27,-0.83,-0.32,34.0,7.95,34.0,71.13,0.09,Mid,2,0.5
4,Midiam evaporative cooler (white),0.0,135.0,60.0,22,TskControl34,2025-02-20 11:20:29,2025-02-20_ID0_NoPCS_Ta22_TskControl34.csv,2025-02-20_ID4_Midiam evaporative cooler (white)_Low_Angle135_Distance60_Ta22_TskControl34_FanMode.csv,0.78,-9.96,0.4,-3.88,6.42,0.04,15.04,8.32,-4.68,-1.06,-2.06,-0.98,22.1,22.2,48.05,0.01,22.18,22.25,34.0,34.0,34.0,34.0,34.0,34.0,34.0,34.0,34.0,34.0,34.0,34.0,77.5,47.7,69.24,68.26,90.48,96.22,137.56,121.92,89.12,97.5,64.84,65.9,22.1,22.3,49.02,0.15,22.19,22.27,34.0,34.0,34.0,34.0,34.0,34.0,34.0,34.0,34.0,34.0,34.0,34.0,76.72,57.66,68.84,72.14,84.06,96.18,122.52,113.6,93.8,98.56,66.9,66.88,6.56,6.5,0.06,-0.12,4.04,4.88,-0.85,2.04,5.86,5.83,0.03,-0.07,5.77,6.11,-0.33,0.64,7.65,7.12,0.54,-0.9,8.14,8.14,-0.0,-0.0,11.64,10.37,1.26,-1.45,10.31,9.62,0.7,-0.86,7.54,7.94,-0.4,0.59,8.25,8.35,-0.1,0.13,5.49,5.66,-0.18,0.36,5.58,5.66,-0.09,0.17,47.93,4.06,26.7,2.25,34.0,6.31,33.99,74.63,-3.35,45.0,3.81,2.85,0.24,34.0,4.05,34.0,47.85,-0.79,64.07,5.43,-2.08,-0.18,34.0,5.24,34.0,61.99,0.35,93.0,7.87,-4.99,-0.43,34.0,7.45,34.0,88.01,0.61,95.12,8.05,-6.88,-0.59,34.0,7.47,34.0,88.24,0.86,Low,1,0.0
4,Midiam evaporative cooler (white),1.0,135.0,60.0,22,TskControl34,2025-02-20 11:55:09,2025-02-20_ID0_NoPCS_Ta22_TskControl34.csv,2025-02-20_ID4_Midiam evaporative cooler (white)_High_Angle135_Distance60_Ta22_TskControl34.csv,1.04,-12.3,1.44,-3.34,11.7,4.28,20.32,7.68,-5.46,-3.74,-2.34,-1.84,22.2,22.2,52.06,0.23,22.2,22.34,34.0,34.0,34.0,34.0,34.0,34.0,34.0,34.0,34.0,34.0,34.0,34.0,77.76,45.36,70.28,68.8,95.76,100.46,142.84,121.28,88.34,94.82,64.56,65.04,22.1,22.3,49.02,0.15,22.19,22.27,34.0,34.0,34.0,34.0,34.0,34.0,34.0,34.0,34.0,34.0,34.0,34.0,76.72,57.66,68.84,72.14,84.06,96.18,122.52,113.6,93.8,98.56,66.9,66.88,6.59,6.5,0.09,-0.16,3.84,4.88,-1.04,2.52,5.96,5.83,0.13,-0.25,5.83,6.11,-0.28,0.55,8.12,7.12,1.0,-1.64,8.51,8.14,0.37,-0.53,12.11,10.37,1.73,-1.96,10.28,9.62,0.66,-0.8,7.49,7.94,-0.46,0.69,8.04,8.35,-0.31,0.45,5.47,5.66,-0.19,0.41,5.51,5.66,-0.15,0.32,47.93,4.06,33.23,2.82,34.0,6.88,33.99,81.16,-4.39,45.0,3.81,3.56,0.3,34.0,4.12,34.0,48.56,-0.98,64.07,5.43,-3.21,-0.27,34.0,5.16,34.0,60.86,0.52,93.0,7.87,-6.38,-0.53,34.0,7.34,34.0,86.62,0.77,95.12,8.05,-8.29,-0.7,34.0,7.36,34.0,86.83,1.03,High,3,1.0
4,Midiam evaporative cooler (white),0.5,135.0,60.0,22,TskControl34,2025-02-20 11:46:44,2025-02-20_ID0_NoPCS_Ta22_TskControl34.csv,2025-02-20_ID4_Midiam evaporative cooler (white)_Mid_Angle135_Distance60_Ta22_TskControl34.csv,0.66,-11.42,2.28,-3.3,7.26,3.66,20.26,8.18,-4.82,-2.78,-1.54,-2.16,22.1,22.3,48.7,0.16,22.19,22.26,34.0,34.0,34.0,34.0,34.0,34.0,34.0,34.0,34.0,34.0,34.0,34.0,77.38,46.24,71.12,68.84,91.32,99.84,142.78,121.78,88.98,95.78,65.36,64.72,22.1,22.3,49.02,0.15,22.19,22.27,34.0,34.0,34.0,34.0,34.0,34.0,34.0,34.0,34.0,34.0,34.0,34.0,76.72,57.66,68.84,72.14,84.06,96.18,122.52,113.6,93.8,98.56,66.9,66.88,6.55,6.5,0.06,-0.1,3.92,4.88,-0.97,2.34,6.02,5.83,0.19,-0.39,5.83,6.11,-0.28,0.54,7.73,7.12,0.61,-1.02,8.45,8.14,0.31,-0.45,12.09,10.37,1.72,-1.95,10.31,9.62,0.69,-0.85,7.53,7.94,-0.41,0.61,8.11,8.35,-0.24,0.33,5.53,5.66,-0.13,0.27,5.48,5.66,-0.18,0.38,47.93,4.06,29.97,2.53,34.0,6.6,33.99,77.9,-3.75,45.0,3.81,2.89,0.24,34.0,4.06,34.0,47.89,-0.81,64.07,5.43,-2.79,-0.24,34.0,5.19,34.0,61.28,0.45,93.0,7.87,-5.88,-0.5,34.0,7.38,34.0,87.12,0.72,95.12,8.05,-10.06,-0.85,34.0,7.2,34.0,85.06,1.25,Mid,2,0.5
4,Midiam evaporative cooler (white),0.0,135.0,60.0,22,TskControl34,2025-02-20 11:20:29,2025-02-20_ID0_NoPCS_Ta22_TskControl34.csv,2025-02-20_ID4_Midiam evaporative cooler (white)_Low_Angle135_Distance60_Ta22_TskControl34.csv,0.78,-9.96,0.4,-3.88,6.42,0.04,15.04,8.32,-4.68,-1.06,-2.06,-0.98,22.1,22.2,48.05,0.01,22.18,22.25,34.0,34.0,34.0,34.0,34.0,34.0,34.0,34.0,34.0,34.0,34.0,34.0,77.5,47.7,69.24,68.26,90.48,96.22,137.56,121.92,89.12,97.5,64.84,65.9,22.1,22.3,49.02,0.15,22.19,22.27,34.0,34.0,34.0,34.0,34.0,34.0,34.0,34.0,34.0,34.0,34.0,34.0,76.72,57.66,68.84,72.14,84.06,96.18,122.52,113.6,93.8,98.56,66.9,66.88,6.56,6.5,0.06,-0.12,4.04,4.88,-0.85,2.04,5.86,5.83,0.03,-0.07,5.77,6.11,-0.33,0.64,7.65,7.12,0.54,-0.9,8.14,8.14,-0.0,-0.0,11.64,10.37,1.26,-1.45,10.31,9.62,0.7,-0.86,7.54,7.94,-0.4,0.59,8.25,8.35,-0.1,0.13,5.49,5.66,-0.18,0.36,5.58,5.66,-0.09,0.17,47.93,4.06,26.7,2.25,34.0,6.31,33.99,74.63,-3.35,45.0,3.81,2.85,0.24,34.0,4.05,34.0,47.85,-0.79,64.07,5.43,-2.08,-0.18,34.0,5.24,34.0,61.99,0.35,93.0,7.87,-4.99,-0.43,34.0,7.45,34.0,88.01,0.61,95.12,8.05,-6.88,-0.59,34.0,7.47,34.0,88.24,0.86,Low,1,0.0
4,Midiam evaporative cooler (white),0.5,135.0,60.0,22,TskControl34,2025-02-20 11:46:44,2025-02-20_ID0_NoPCS_Ta22_TskControl34.csv,2025-02-20_ID4_Midiam evaporative cooler (white)_Mid_Angle135_Distance60_Ta22_TskControl34_FanMode.csv,0.66,-11.42,2.28,-3.3,7.26,3.66,20.26,8.18,-4.82,-2.78,-1.54,-2.16,22.1,22.3,48.7,0.16,22.19,22.26,34.0,34.0,34.0,34.0,34.0,34.0,34.0,34.0,34.0,34.0,34.0,34.0,77.38,46.24,71.12,68.84,91.32,99.84,142.78,121.78,88.98,95.78,65.36,64.72,22.1,22.3,49.02,0.15,22.19,22.27,34.0,34.0,34.0,34.0,34.0,34.0,34.0,34.0,34.0,34.0,34.0,34.0,76.72,57.66,68.84,72.14,84.06,96.18,122.52,113.6,93.8,98.56,66.9,66.88,6.55,6.5,0.06,-0.1,3.92,4.88,-0.97,2.34,6.02,5.83,0.19,-0.39,5.83,6.11,-0.28,0.54,7.73,7.12,0.61,-1.02,8.45,8.14,0.31,-0.45,12.09,10.37,1.72,-1.95,10.31,9.62,0.69,-0.85,7.53,7.94,-0.41,0.61,8.11,8.35,-0.24,0.33,5.53,5.66,-0.13,0.27,5.48,5.66,-0.18,0.38,47.93,4.06,29.97,2.53,34.0,6.6,33.99,77.9,-3.75,45.0,3.81,2.89,0.24,34.0,4.06,34.0,47.89,-0.81,64.07,5.43,-2.79,-0.24,34.0,5.19,34.0,61.28,0.45,93.0,7.87,-5.88,-0.5,34.0,7.38,34.0,87.12,0.72,95.12,8.05,-10.06,-0.85,34.0,7.2,34.0,85.06,1.25,Mid,2,0.5
4,Midiam evaporative cooler (white),1.0,135.0,60.0,22,TskControl34,2025-02-20 11:55:09,2025-02-20_ID0_NoPCS_Ta22_TskControl34.csv,2025-02-20_ID4_Midiam evaporative cooler (white)_High_Angle135_Distance60_Ta22_TskControl34_FanMode.csv,1.04,-12.3,1.44,-3.34,11.7,4.28,20.32,7.68,-5.46,-3.74,-2.34,-1.84,22.2,22.2,52.06,0.23,22.2,22.34,34.0,34.0,34.0,34.0,34.0,34.0,34.0,34.0,34.0,34.0,34.0,34.0,77.76,45.36,70.28,68.8,95.76,100.46,142.84,121.28,88.34,94.82,64.56,65.04,22.1,22.3,49.02,0.15,22.19,22.27,34.0,34.0,34.0,34.0,34.0,34.0,34.0,34.0,34.0,34.0,34.0,34.0,76.72,57.66,68.84,72.14,84.06,96.18,122.52,113.6,93.8,98.56,66.9,66.88,6.59,6.5,0.09,-0.16,3.84,4.88,-1.04,2.52,5.96,5.83,0.13,-0.25,5.83,6.11,-0.28,0.55,8.12,7.12,1.0,-1.64,8.51,8.14,0.37,-0.53,12.11,10.37,1.73,-1.96,10.28,9.62,0.66,-0.8,7.49,7.94,-0.46,0.69,8.04,8.35,-0.31,0.45,5.47,5.66,-0.19,0.41,5.51,5.66,-0.15,0.32,47.93,4.06,33.23,2.82,34.0,6.88,33.99,81.16,-4.39,45.0,3.81,3.56,0.3,34.0,4.12,34.0,48.56,-0.98,64.07,5.43,-3.21,-0.27,34.0,5.16,34.0,60.86,0.52,93.0,7.87,-6.38,-0.53,34.0,7.34,34.0,86.62,0.77,95.12,8.05,-8.29,-0.7,34.0,7.36,34.0,86.83,1.03,High,3,1.0
4,Midiam evaporative cooler (white),0.5,135.0,60.0,25,TskControl34,2025-02-04 10:40:49,2025-02-04_ID0_NoPCS_Ta25_TskControl34.csv,2025-02-04_ID4_Midiam evaporative cooler (white)_Mid_Angle135_Distance60_Ta25_TskControl34.csv,0.8,-6.94,0.58,-1.48,2.06,-1.3,7.36,3.08,-2.9,-1.54,-1.52,-1.78,25.6,25.4,56.1,0.09,25.5,25.9,34.0,34.0,34.0,34.0,34.0,34.0,34.0,34.0,34.0,34.0,34.0,34.0,56.62,36.32,49.48,52.78,61.76,67.82,92.62,86.3,65.5,66.82,48.14,46.48,25.4,25.2,56.77,0.08,25.29,25.72,34.0,34.0,34.0,34.0,34.0,34.0,34.0,34.0,34.0,34.0,34.0,34.0,55.82,43.26,48.9,54.26,59.7,69.12,85.26,83.22,68.4,68.36,49.66,48.26,6.66,6.41,0.25,-0.12,4.27,4.97,-0.69,1.4,5.82,5.61,0.21,-0.1,6.21,6.23,-0.02,0.24,7.27,6.85,0.41,-0.3,7.98,7.94,0.04,0.16,10.9,9.79,1.11,-0.75,10.15,9.55,0.6,-0.32,7.71,7.85,-0.15,0.37,7.86,7.85,0.01,0.2,5.66,5.7,-0.04,0.27,5.47,5.54,-0.07,0.32,29.03,3.33,27.56,3.33,34.0,6.66,34.0,56.6,-5.91,32.18,3.69,2.06,0.33,34.0,4.03,34.0,34.24,-0.58,50.17,5.76,-2.22,-0.12,34.0,5.64,34.0,47.95,0.35,68.87,7.91,-4.7,-0.36,34.0,7.55,34.0,64.17,0.58,70.09,8.05,-4.78,-0.36,34.0,7.68,34.0,65.31,0.61,Mid,2,0.5
5,"Big desk fan (daison, short)",0.25,135.0,90.0,22,TskControl34,2025-02-20 13:09:14,2025-02-20_ID0_NoPCS_Ta22_TskControl34.csv,"2025-02-20_ID5_Big desk fan (daison, short)_Level3_Angle135_Distance90_Ta22_TskControl34.csv",-0.68,-13.3,0.36,-2.54,4.34,2.04,14.86,10.2,-5.76,-2.78,-3.3,-2.0,22.2,22.3,37.18,0.0,22.3,22.14,34.0,34.0,34.0,34.0,34.0,34.0,34.0,34.0,34.0,34.0,34.0,34.0,76.04,44.36,69.2,69.6,88.4,98.22,137.38,123.8,88.04,95.78,63.6,64.88,22.1,22.3,49.02,0.15,22.19,22.27,34.0,34.0,34.0,34.0,34.0,34.0,34.0,34.0,34.0,34.0,34.0,34.0,76.72,57.66,68.84,72.14,84.06,96.18,122.52,113.6,93.8,98.56,66.9,66.88,6.5,6.5,0.0,0.1,3.79,4.88,-1.09,2.72,5.91,5.83,0.09,-0.06,5.95,6.11,-0.16,0.42,7.56,7.12,0.44,-0.61,8.39,8.14,0.25,-0.25,11.74,10.37,1.37,-1.43,10.58,9.62,0.96,-1.06,7.52,7.94,-0.42,0.73,8.19,8.35,-0.16,0.33,5.44,5.66,-0.23,0.58,5.55,5.66,-0.12,0.35,47.93,4.06,18.25,1.59,34.0,5.66,33.99,66.18,-1.83,45.0,3.81,1.96,0.2,34.0,4.01,34.0,46.96,-0.53,64.07,5.43,-3.38,-0.24,34.0,5.19,34.0,60.69,0.56,93.0,7.87,-6.66,-0.5,34.0,7.38,34.0,86.34,0.83,95.12,8.05,-6.41,-0.47,34.0,7.58,34.0,88.71,0.79,Level3,2,0.25
5,"Big desk fan (daison, short)",0.0,135.0,90.0,22,TskControl34,2025-02-20 12:39:24,2025-02-20_ID0_NoPCS_Ta22_TskControl34.csv,"2025-02-20_ID5_Big desk fan (daison, short)_Level1_Angle135_Distance90_Ta22_TskControl34.csv",-2.1,-12.84,-1.62,-2.34,2.92,1.52,10.46,7.14,-5.02,-3.3,-2.42,-2.56,22.3,22.3,40.39,0.11,22.3,22.2,34.0,34.0,34.0,34.0,34.0,34.0,34.0,34.0,34.0,34.0,34.0,34.0,74.62,44.82,67.22,69.8,86.98,97.7,132.98,120.74,88.78,95.26,64.48,64.32,22.1,22.3,49.02,0.15,22.19,22.27,34.0,34.0,34.0,34.0,34.0,34.0,34.0,34.0,34.0,34.0,34.0,34.0,76.72,57.66,68.84,72.14,84.06,96.18,122.52,113.6,93.8,98.56,66.9,66.88,6.38,6.5,-0.12,0.32,3.83,4.88,-1.05,2.63,5.75,5.83,-0.08,0.28,5.97,6.11,-0.14,0.38,7.43,7.12,0.32,-0.41,8.35,8.14,0.21,-0.19,11.37,10.37,0.99,-1.01,10.32,9.62,0.7,-0.74,7.59,7.94,-0.35,0.63,8.14,8.35,-0.2,0.4,5.51,5.66,-0.15,0.43,5.5,5.66,-0.17,0.45,47.93,4.06,11.29,1.0,34.0,5.06,33.99,59.22,-0.48,45.0,3.81,-0.57,-0.01,34.0,3.8,34.0,44.43,0.13,64.07,5.43,-4.77,-0.36,34.0,5.07,34.0,59.3,0.85,93.0,7.87,-7.18,-0.54,34.0,7.34,34.0,85.82,0.89,95.12,8.05,-6.48,-0.48,34.0,7.58,34.0,88.64,0.8,Level1,1,0.0
5,"Big desk fan (daison, short)",1.0,135.0,90.0,22,TskControl34,2025-02-20 14:10:39,2025-02-20_ID0_NoPCS_Ta22_TskControl34.csv,"2025-02-20_ID5_Big desk fan (daison, short)_Level10_Angle135_Distance90_Ta22_TskControl34.csv",4.24,-12.48,4.84,3.5,9.94,7.16,24.78,17.44,-4.44,-0.82,-4.0,-4.28,22.2,22.3,39.54,0.0,22.3,22.18,34.0,34.0,34.0,34.0,34.0,34.0,34.0,34.0,34.0,34.0,34.0,34.0,80.96,45.18,73.68,75.64,94.0,103.34,147.3,131.04,89.36,97.74,62.9,62.6,22.1,22.3,49.02,0.15,22.19,22.27,34.0,34.0,34.0,34.0,34.0,34.0,34.0,34.0,34.0,34.0,34.0,34.0,76.72,57.66,68.84,72.14,84.06,96.18,122.52,113.6,93.8,98.56,66.9,66.88,6.92,6.5,0.42,-0.65,3.86,4.88,-1.02,2.56,6.3,5.83,0.47,-0.83,6.46,6.11,0.36,-0.57,8.03,7.12,0.92,-1.4,8.83,8.14,0.69,-0.88,12.59,10.37,2.22,-2.39,11.2,9.62,1.58,-1.81,7.64,7.94,-0.3,0.56,8.35,8.35,0.01,0.1,5.38,5.66,-0.29,0.71,5.35,5.66,-0.31,0.76,47.93,4.06,41.9,3.65,33.98,7.71,33.99,89.83,-6.75,45.0,3.81,7.04,0.64,34.0,4.45,34.0,52.04,-1.87,64.07,5.43,-0.11,0.04,34.0,5.47,34.0,63.96,-0.15,93.0,7.87,-5.86,-0.43,34.0,7.45,34.0,87.14,0.73,95.12,8.05,-3.46,-0.22,34.0,7.83,34.0,91.66,0.43,Level10,5,1.0
5,"Big desk fan (daison, short)",0.5,135.0,90.0,22,TskControl34,2025-02-20 13:28:59,2025-02-20_ID0_NoPCS_Ta22_TskControl34.csv,"2025-02-20_ID5_Big desk fan (daison, short)_Level5_Angle135_Distance90_Ta22_TskControl34.csv",0.98,-13.16,0.74,-0.52,5.46,5.8,14.16,12.64,-4.54,-1.32,-4.02,-2.62,22.2,22.3,41.47,0.07,22.25,22.22,34.0,34.0,34.0,34.0,34.0,34.0,34.0,34.0,34.0,34.0,34.0,34.0,77.7,44.5,69.58,71.62,89.52,101.98,136.68,126.24,89.26,97.24,62.88,64.26,22.1,22.3,49.02,0.15,22.19,22.27,34.0,34.0,34.0,34.0,34.0,34.0,34.0,34.0,34.0,34.0,34.0,34.0,76.72,57.66,68.84,72.14,84.06,96.18,122.52,113.6,93.8,98.56,66.9,66.88,6.61,6.5,0.12,-0.15,3.79,4.88,-1.1,2.7,5.92,5.83,0.09,-0.13,6.1,6.11,-0.01,0.09,7.62,7.12,0.5,-0.77,8.68,8.14,0.54,-0.71,11.63,10.37,1.26,-1.36,10.74,9.62,1.12,-1.31,7.6,7.94,-0.35,0.57,8.28,8.35,-0.07,0.16,5.35,5.66,-0.31,0.71,5.47,5.66,-0.19,0.46,47.93,4.06,30.64,2.63,34.0,6.69,33.99,78.57,-4.77,45.0,3.81,3.54,0.32,34.0,4.13,34.0,48.54,-0.95,64.07,5.43,-4.42,-0.35,34.0,5.08,34.0,59.65,0.7,93.0,7.87,-7.14,-0.57,34.0,7.31,34.0,85.86,0.89,95.12,8.05,-4.69,-0.36,34.0,7.7,34.0,90.43,0.58,Level5,3,0.5
5,"Big desk fan (daison, short)",0.25,135.0,90.0,22,TskControl34,2025-02-20 13:09:14,2025-02-20_ID0_NoPCS_Ta22_TskControl34.csv,"2025-02-20_ID5_Big desk fan (daison, short)_Level3_Angle135_Distance90_Ta22_TskControl34.csv",-0.68,-13.3,0.36,-2.54,4.34,2.04,14.86,10.2,-5.76,-2.78,-3.3,-2.0,22.2,22.3,37.18,0.0,22.3,22.14,34.0,34.0,34.0,34.0,34.0,34.0,34.0,34.0,34.0,34.0,34.0,34.0,76.04,44.36,69.2,69.6,88.4,98.22,137.38,123.8,88.04,95.78,63.6,64.88,22.1,22.3,49.02,0.15,22.19,22.27,34.0,34.0,34.0,34.0,34.0,34.0,34.0,34.0,34.0,34.0,34.0,34.0,76.72,57.66,68.84,72.14,84.06,96.18,122.52,113.6,93.8,98.56,66.9,66.88,6.5,6.5,0.0,0.1,3.79,4.88,-1.09,2.72,5.91,5.83,0.09,-0.06,5.95,6.11,-0.16,0.42,7.56,7.12,0.44,-0.61,8.39,8.14,0.25,-0.25,11.74,10.37,1.37,-1.43,10.58,9.62,0.96,-1.06,7.52,7.94,-0.42,0.73,8.19,8.35,-0.16,0.33,5.44,5.66,-0.23,0.58,5.55,5.66,-0.12,0.35,47.93,4.06,18.25,1.59,34.0,5.66,33.99,66.18,-1.83,45.0,3.81,1.96,0.2,34.0,4.01,34.0,46.96,-0.53,64.07,5.43,-3.38,-0.24,34.0,5.19,34.0,60.69,0.56,93.0,7.87,-6.66,-0.5,34.0,7.38,34.0,86.34,0.83,95.12,8.05,-6.41,-0.47,34.0,7.58,34.0,88.71,0.79,Level3,2,0.25
5,"Big desk fan (daison, short)",0.0,135.0,90.0,22,TskControl34,2025-02-20 12:39:24,2025-02-20_ID0_NoPCS_Ta22_TskControl34.csv,"2025-02-20_ID5_Big desk fan (daison, short)_Level1_Angle135_Distance90_Ta22_TskControl34.csv",-2.1,-12.84,-1.62,-2.34,2.92,1.52,10.46,7.14,-5.02,-3.3,-2.42,-2.56,22.3,22.3,40.39,0.11,22.3,22.2,34.0,34.0,34.0,34.0,34.0,34.0,34.0,34.0,34.0,34.0,34.0,34.0,74.62,44.82,67.22,69.8,86.98,97.7,132.98,120.74,88.78,95.26,64.48,64.32,22.1,22.3,49.02,0.15,22.19,22.27,34.0,34.0,34.0,34.0,34.0,34.0,34.0,34.0,34.0,34.0,34.0,34.0,76.72,57.66,68.84,72.14,84.06,96.18,122.52,113.6,93.8,98.56,66.9,66.88,6.38,6.5,-0.12,0.32,3.83,4.88,-1.05,2.63,5.75,5.83,-0.08,0.28,5.97,6.11,-0.14,0.38,7.43,7.12,0.32,-0.41,8.35,8.14,0.21,-0.19,11.37,10.37,0.99,-1.01,10.32,9.62,0.7,-0.74,7.59,7.94,-0.35,0.63,8.14,8.35,-0.2,0.4,5.51,5.66,-0.15,0.43,5.5,5.66,-0.17,0.45,47.93,4.06,11.29,1.0,34.0,5.06,33.99,59.22,-0.48,45.0,3.81,-0.57,-0.01,34.0,3.8,34.0,44.43,0.13,64.07,5.43,-4.77,-0.36,34.0,5.07,34.0,59.3,0.85,93.0,7.87,-7.18,-0.54,34.0,7.34,34.0,85.82,0.89,95.12,8.05,-6.48,-0.48,34.0,7.58,34.0,88.64,0.8,Level1,1,0.0
5,"Big desk fan (daison, short)",0.75,135.0,90.0,22,TskControl34,2025-02-20 13:38:39,2025-02-20_ID0_NoPCS_Ta22_TskControl34.csv,"2025-02-20_ID5_Big desk fan (daison, short)_Level8_Angle135_Distance90_Ta22_TskControl34.csv",3.52,-12.78,3.2,1.1,9.54,6.28,22.46,16.18,-4.56,-0.62,-3.16,-2.72,22.2,22.4,36.17,0.18,22.29,22.12,34.0,34.0,34.0,34.0,34.0,34.0,34.0,34.0,34.0,34.0,34.0,34.0,80.24,44.88,72.04,73.24,93.6,102.46,144.98,129.78,89.24,97.94,63.74,64.16,22.1,22.3,49.02,0.15,22.19,22.27,34.0,34.0,34.0,34.0,34.0,34.0,34.0,34.0,34.0,34.0,34.0,34.0,76.72,57.66,68.84,72.14,84.06,96.18,122.52,113.6,93.8,98.56,66.9,66.88,6.85,6.5,0.36,-0.54,3.83,4.88,-1.05,2.62,6.15,5.83,0.32,-0.55,6.25,6.11,0.15,-0.18,7.99,7.12,0.88,-1.34,8.75,8.14,0.61,-0.77,12.38,10.37,2.01,-2.16,11.08,9.62,1.46,-1.68,7.62,7.94,-0.32,0.57,8.36,8.35,0.02,0.07,5.44,5.66,-0.22,0.56,5.48,5.66,-0.18,0.48,47.93,4.06,40.87,3.52,34.0,7.58,33.99,88.8,-7.18,45.0,3.81,4.87,0.45,34.0,4.26,34.0,49.87,-1.3,64.07,5.43,-1.43,-0.08,34.0,5.35,34.0,62.64,0.15,93.0,7.87,-5.65,-0.42,34.0,7.46,34.0,87.35,0.69,95.12,8.05,-3.49,-0.23,34.0,7.82,34.0,91.63,0.43,Level8,4,0.75
5,"Big desk fan (daison, short)",0.5,135.0,90.0,22,TskControl34,2025-02-20 13:28:59,2025-02-20_ID0_NoPCS_Ta22_TskControl34.csv,"2025-02-20_ID5_Big desk fan (daison, short)_Level5_Angle135_Distance90_Ta22_TskControl34.csv",0.98,-13.16,0.74,-0.52,5.46,5.8,14.16,12.64,-4.54,-1.32,-4.02,-2.62,22.2,22.3,41.47,0.07,22.25,22.22,34.0,34.0,34.0,34.0,34.0,34.0,34.0,34.0,34.0,34.0,34.0,34.0,77.7,44.5,69.58,71.62,89.52,101.98,136.68,126.24,89.26,97.24,62.88,64.26,22.1,22.3,49.02,0.15,22.19,22.27,34.0,34.0,34.0,34.0,34.0,34.0,34.0,34.0,34.0,34.0,34.0,34.0,76.72,57.66,68.84,72.14,84.06,96.18,122.52,113.6,93.8,98.56,66.9,66.88,6.61,6.5,0.12,-0.15,3.79,4.88,-1.1,2.7,5.92,5.83,0.09,-0.13,6.1,6.11,-0.01,0.09,7.62,7.12,0.5,-0.77,8.68,8.14,0.54,-0.71,11.63,10.37,1.26,-1.36,10.74,9.62,1.12,-1.31,7.6,7.94,-0.35,0.57,8.28,8.35,-0.07,0.16,5.35,5.66,-0.31,0.71,5.47,5.66,-0.19,0.46,47.93,4.06,30.64,2.63,34.0,6.69,33.99,78.57,-4.77,45.0,3.81,3.54,0.32,34.0,4.13,34.0,48.54,-0.95,64.07,5.43,-4.42,-0.35,34.0,5.08,34.0,59.65,0.7,93.0,7.87,-7.14,-0.57,34.0,7.31,34.0,85.86,0.89,95.12,8.05,-4.69,-0.36,34.0,7.7,34.0,90.43,0.58,Level5,3,0.5
5,"Big desk fan (daison, short)",1.0,135.0,90.0,22,TskControl34,2025-02-20 14:10:39,2025-02-20_ID0_NoPCS_Ta22_TskControl34.csv,"2025-02-20_ID5_Big desk fan (daison, short)_Level10_Angle135_Distance90_Ta22_TskControl34.csv",4.24,-12.48,4.84,3.5,9.94,7.16,24.78,17.44,-4.44,-0.82,-4.0,-4.28,22.2,22.3,39.54,0.0,22.3,22.18,34.0,34.0,34.0,34.0,34.0,34.0,34.0,34.0,34.0,34.0,34.0,34.0,80.96,45.18,73.68,75.64,94.0,103.34,147.3,131.04,89.36,97.74,62.9,62.6,22.1,22.3,49.02,0.15,22.19,22.27,34.0,34.0,34.0,34.0,34.0,34.0,34.0,34.0,34.0,34.0,34.0,34.0,76.72,57.66,68.84,72.14,84.06,96.18,122.52,113.6,93.8,98.56,66.9,66.88,6.92,6.5,0.42,-0.65,3.86,4.88,-1.02,2.56,6.3,5.83,0.47,-0.83,6.46,6.11,0.36,-0.57,8.03,7.12,0.92,-1.4,8.83,8.14,0.69,-0.88,12.59,10.37,2.22,-2.39,11.2,9.62,1.58,-1.81,7.64,7.94,-0.3,0.56,8.35,8.35,0.01,0.1,5.38,5.66,-0.29,0.71,5.35,5.66,-0.31,0.76,47.93,4.06,41.9,3.65,33.98,7.71,33.99,89.83,-6.75,45.0,3.81,7.04,0.64,34.0,4.45,34.0,52.04,-1.87,64.07,5.43,-0.11,0.04,34.0,5.47,34.0,63.96,-0.15,93.0,7.87,-5.86,-0.43,34.0,7.45,34.0,87.14,0.73,95.12,8.05,-3.46,-0.22,34.0,7.83,34.0,91.66,0.43,Level10,5,1.0
5,"Big desk fan (daison, short)",1.0,135.0,90.0,25,TskControl34,2025-02-04 12:34:49,2025-02-04_ID0_NoPCS_Ta25_TskControl34.csv,"2025-02-04_ID5_Big desk fan (daison, short)_Level10_Angle135_Distance90_Ta25_TskControl34.csv",3.4,-11.22,5.6,2.62,9.2,6.16,25.08,13.1,-3.3,-2.44,-2.26,-2.68,25.4,25.2,52.56,0.18,25.31,25.61,34.0,34.0,34.0,34.0,34.0,34.0,34.0,34.0,34.0,34.0,34.0,34.0,59.22,32.04,54.5,56.88,68.9,75.28,110.34,96.32,65.1,65.92,47.4,45.58,25.4,25.2,56.77,0.08,25.29,25.72,34.0,34.0,34.0,34.0,34.0,34.0,34.0,34.0,34.0,34.0,34.0,34.0,55.82,43.26,48.9,54.26,59.7,69.12,85.26,83.22,68.4,68.36,49.66,48.26,6.81,6.41,0.41,-0.53,3.69,4.97,-1.28,2.26,6.27,5.61,0.66,-1.0,6.55,6.23,0.32,-0.42,7.93,6.85,1.07,-1.34,8.66,7.94,0.73,-0.78,12.7,9.79,2.91,-2.56,11.08,9.55,1.53,-1.37,7.49,7.85,-0.36,0.42,7.59,7.85,-0.26,0.31,5.45,5.7,-0.25,0.4,5.25,5.54,-0.3,0.48,29.03,3.33,36.34,4.19,34.0,7.52,34.0,65.37,-7.94,32.18,3.69,6.06,0.71,34.0,4.4,34.0,38.24,-1.65,50.17,5.76,-2.49,-0.27,34.0,5.49,34.0,47.68,0.32,68.87,7.91,-3.09,-0.34,34.0,7.57,34.0,65.78,0.39,70.09,8.05,-4.57,-0.51,34.0,7.54,34.0,65.52,0.58,Level10,5,1.0
5,"Big desk fan (daison, short)",0.25,135.0,90.0,25,TskControl34,2025-02-04 11:26:49,2025-02-04_ID0_NoPCS_Ta25_TskControl34.csv,"2025-02-04_ID5_Big desk fan (daison, short)_Level3_Angle135_Distance90_Ta25_TskControl34.csv",2.1,-7.86,5.06,2.7,8.64,4.02,17.92,6.86,-2.4,-0.38,-1.3,-0.94,25.2,25.2,53.54,0.17,25.2,25.54,34.0,34.0,34.0,34.0,34.0,34.0,34.0,34.0,34.0,34.0,34.0,34.0,57.92,35.4,53.96,56.96,68.34,73.14,103.18,90.08,66.0,67.98,48.36,47.32,25.4,25.2,56.77,0.08,25.29,25.72,34.0,34.0,34.0,34.0,34.0,34.0,34.0,34.0,34.0,34.0,34.0,34.0,55.82,43.26,48.9,54.26,59.7,69.12,85.26,83.22,68.4,68.36,49.66,48.26,6.58,6.41,0.17,-0.33,4.02,4.97,-0.94,1.58,6.13,5.61,0.52,-0.9,6.47,6.23,0.24,-0.43,7.77,6.85,0.91,-1.26,8.31,7.94,0.38,-0.51,11.72,9.79,1.94,-1.83,10.24,9.55,0.68,-0.72,7.5,7.85,-0.35,0.31,7.72,7.85,-0.12,0.05,5.5,5.7,-0.21,0.23,5.38,5.54,-0.16,0.17,29.03,3.33,21.48,2.41,34.0,5.74,34.0,50.51,-4.41,32.18,3.69,5.17,0.55,34.0,4.24,34.0,37.35,-1.42,50.17,5.76,-0.8,-0.15,34.0,5.61,34.0,49.37,0.11,68.87,7.91,-6.44,-0.81,34.0,7.09,34.0,62.43,0.84,70.09,8.05,-2.39,-0.35,34.0,7.69,34.0,67.7,0.31,Level3,2,0.25
5,"Big desk fan (daison, short)",0.0,135.0,90.0,25,TskControl34,2025-02-04 11:10:49,2025-02-04_ID0_NoPCS_Ta25_TskControl34.csv,"2025-02-04_ID5_Big desk fan (daison, short)_Level1_Angle135_Distance90_Ta25_TskControl34.csv",0.28,-10.5,-0.26,-0.88,2.26,0.86,7.36,2.94,-1.3,-0.9,-1.5,-1.02,25.4,25.4,53.59,0.09,25.4,25.66,34.0,34.0,34.0,34.0,34.0,34.0,34.0,34.0,34.0,34.0,34.0,34.0,56.1,32.76,48.64,53.38,61.96,69.98,92.62,86.16,67.1,67.46,48.16,47.24,25.4,25.2,56.77,0.08,25.29,25.72,34.0,34.0,34.0,34.0,34.0,34.0,34.0,34.0,34.0,34.0,34.0,34.0,55.82,43.26,48.9,54.26,59.7,69.12,85.26,83.22,68.4,68.36,49.66,48.26,6.52,6.41,0.11,-0.04,3.81,4.97,-1.16,2.11,5.66,5.61,0.04,0.05,6.21,6.23,-0.02,0.14,7.2,6.85,0.35,-0.33,8.14,7.94,0.2,-0.11,10.77,9.79,0.98,-0.75,10.02,9.55,0.46,-0.31,7.8,7.85,-0.05,0.17,7.84,7.85,-0.0,0.11,5.6,5.7,-0.1,0.26,5.49,5.54,-0.05,0.18,29.03,3.33,15.25,1.82,34.0,5.15,34.0,44.28,-2.88,32.18,3.69,2.59,0.35,34.0,4.04,34.0,34.77,-0.71,50.17,5.76,-3.48,-0.33,34.0,5.43,34.0,46.69,0.57,68.87,7.91,-4.32,-0.4,34.0,7.51,34.0,64.55,0.54,70.09,8.05,0.39,0.15,34.0,8.2,34.0,70.48,-0.07,Level1,1,0.0
5,"Big desk fan (daison, short)",0.0,135.0,90.0,25,TskControl34,2025-02-04 11:10:49,2025-02-04_ID0_NoPCS_Ta25_TskControl34.csv,"2025-02-04_ID5_Big desk fan (daison, short)_Level1_Angle135_Distance90_Ta25_TskControl34.csv",0.28,-10.5,-0.26,-0.88,2.26,0.86,7.36,2.94,-1.3,-0.9,-1.5,-1.02,25.4,25.4,53.59,0.09,25.4,25.66,34.0,34.0,34.0,34.0,34.0,34.0,34.0,34.0,34.0,34.0,34.0,34.0,56.1,32.76,48.64,53.38,61.96,69.98,92.62,86.16,67.1,67.46,48.16,47.24,25.4,25.2,56.77,0.08,25.29,25.72,34.0,34.0,34.0,34.0,34.0,34.0,34.0,34.0,34.0,34.0,34.0,34.0,55.82,43.26,48.9,54.26,59.7,69.12,85.26,83.22,68.4,68.36,49.66,48.26,6.52,6.41,0.11,-0.04,3.81,4.97,-1.16,2.11,5.66,5.61,0.04,0.05,6.21,6.23,-0.02,0.14,7.2,6.85,0.35,-0.33,8.14,7.94,0.2,-0.11,10.77,9.79,0.98,-0.75,10.02,9.55,0.46,-0.31,7.8,7.85,-0.05,0.17,7.84,7.85,-0.0,0.11,5.6,5.7,-0.1,0.26,5.49,5.54,-0.05,0.18,29.03,3.33,15.25,1.82,34.0,5.15,34.0,44.28,-2.88,32.18,3.69,2.59,0.35,34.0,4.04,34.0,34.77,-0.71,50.17,5.76,-3.48,-0.33,34.0,5.43,34.0,46.69,0.57,68.87,7.91,-4.32,-0.4,34.0,7.51,34.0,64.55,0.54,70.09,8.05,0.39,0.15,34.0,8.2,34.0,70.48,-0.07,Level1,1,0.0
5,"Big desk fan (daison, short)",0.25,135.0,90.0,25,TskControl34,2025-02-04 11:26:49,2025-02-04_ID0_NoPCS_Ta25_TskControl34.csv,"2025-02-04_ID5_Big desk fan (daison, short)_Level3_Angle135_Distance90_Ta25_TskControl34.csv",2.1,-7.86,5.06,2.7,8.64,4.02,17.92,6.86,-2.4,-0.38,-1.3,-0.94,25.2,25.2,53.54,0.17,25.2,25.54,34.0,34.0,34.0,34.0,34.0,34.0,34.0,34.0,34.0,34.0,34.0,34.0,57.92,35.4,53.96,56.96,68.34,73.14,103.18,90.08,66.0,67.98,48.36,47.32,25.4,25.2,56.77,0.08,25.29,25.72,34.0,34.0,34.0,34.0,34.0,34.0,34.0,34.0,34.0,34.0,34.0,34.0,55.82,43.26,48.9,54.26,59.7,69.12,85.26,83.22,68.4,68.36,49.66,48.26,6.58,6.41,0.17,-0.33,4.02,4.97,-0.94,1.58,6.13,5.61,0.52,-0.9,6.47,6.23,0.24,-0.43,7.77,6.85,0.91,-1.26,8.31,7.94,0.38,-0.51,11.72,9.79,1.94,-1.83,10.24,9.55,0.68,-0.72,7.5,7.85,-0.35,0.31,7.72,7.85,-0.12,0.05,5.5,5.7,-0.21,0.23,5.38,5.54,-0.16,0.17,29.03,3.33,21.48,2.41,34.0,5.74,34.0,50.51,-4.41,32.18,3.69,5.17,0.55,34.0,4.24,34.0,37.35,-1.42,50.17,5.76,-0.8,-0.15,34.0,5.61,34.0,49.37,0.11,68.87,7.91,-6.44,-0.81,34.0,7.09,34.0,62.43,0.84,70.09,8.05,-2.39,-0.35,34.0,7.69,34.0,67.7,0.31,Level3,2,0.25
5,"Big desk fan (daison, short)",0.5,135.0,90.0,25,TskControl34,2025-02-04 12:01:49,2025-02-04_ID0_NoPCS_Ta25_TskControl34.csv,"2025-02-04_ID5_Big desk fan (daison, short)_Level5_Angle135_Distance90_Ta25_TskControl34.csv",2.32,-9.96,4.44,1.22,6.12,2.46,19.66,8.24,-2.48,-0.74,-2.56,-0.98,25.2,25.2,53.19,0.13,25.2,25.52,34.0,34.0,34.0,34.0,34.0,34.0,34.0,34.0,34.0,34.0,34.0,34.0,58.14,33.3,53.34,55.48,65.82,71.58,104.92,91.46,65.92,67.62,47.1,47.28,25.4,25.2,56.77,0.08,25.29,25.72,34.0,34.0,34.0,34.0,34.0,34.0,34.0,34.0,34.0,34.0,34.0,34.0,55.82,43.26,48.9,54.26,59.7,69.12,85.26,83.22,68.4,68.36,49.66,48.26,6.61,6.41,0.2,-0.36,3.78,4.97,-1.18,2.01,6.06,5.61,0.45,-0.79,6.3,6.23,0.07,-0.2,7.48,6.85,0.63,-0.89,8.13,7.94,0.2,-0.31,11.92,9.79,2.13,-2.01,10.39,9.55,0.84,-0.86,7.49,7.85,-0.36,0.32,7.68,7.85,-0.16,0.09,5.35,5.7,-0.35,0.45,5.37,5.54,-0.17,0.18,29.03,3.33,27.2,3.06,34.0,6.39,34.0,56.23,-5.65,32.18,3.69,5.13,0.55,34.0,4.24,34.0,37.31,-1.4,50.17,5.76,-1.84,-0.27,34.0,5.49,34.0,48.33,0.26,68.87,7.91,-2.83,-0.4,34.0,7.5,34.0,66.04,0.36,70.09,8.05,-4.27,-0.57,34.0,7.48,34.0,65.82,0.55,Level5,3,0.5
5,"Big desk fan (daison, short)",0.75,135.0,90.0,25,TskControl34,2025-02-04 12:19:49,2025-02-04_ID0_NoPCS_Ta25_TskControl34.csv,"2025-02-04_ID5_Big desk fan (daison, short)_Level8_Angle135_Distance90_Ta25_TskControl34.csv",3.22,-10.5,5.1,2.78,8.76,0.92,23.42,13.64,-2.74,-1.46,-2.36,-1.6,25.3,25.3,52.54,0.05,25.3,25.59,34.0,34.0,34.0,34.0,34.0,34.0,34.0,34.0,34.0,34.0,34.0,34.0,59.04,32.76,54.0,57.04,68.46,70.04,108.68,96.86,65.66,66.9,47.3,46.66,25.4,25.2,56.77,0.08,25.29,25.72,34.0,34.0,34.0,34.0,34.0,34.0,34.0,34.0,34.0,34.0,34.0,34.0,55.82,43.26,48.9,54.26,59.7,69.12,85.26,83.22,68.4,68.36,49.66,48.26,6.79,6.41,0.38,-0.5,3.77,4.97,-1.2,2.11,6.21,5.61,0.59,-0.91,6.56,6.23,0.33,-0.45,7.87,6.85,1.01,-1.28,8.05,7.94,0.11,-0.12,12.49,9.79,2.7,-2.39,11.13,9.55,1.58,-1.43,7.55,7.85,-0.31,0.35,7.69,7.85,-0.16,0.19,5.44,5.7,-0.26,0.41,5.36,5.54,-0.18,0.29,29.03,3.33,32.8,3.77,34.0,7.11,34.0,61.83,-6.98,32.18,3.69,6.13,0.71,34.0,4.4,34.0,38.31,-1.68,50.17,5.76,-1.82,-0.2,34.0,5.56,34.0,48.35,0.23,68.87,7.91,-2.52,-0.28,34.0,7.63,34.0,66.35,0.33,70.09,8.05,-4.36,-0.49,34.0,7.56,34.0,65.73,0.55,Level8,4,0.75
5,"Big desk fan (daison, short)",0.5,135.0,90.0,25,TskControl34,2025-02-04 12:01:49,2025-02-04_ID0_NoPCS_Ta25_TskControl34.csv,"2025-02-04_ID5_Big desk fan (daison, short)_Level5_Angle135_Distance90_Ta25_TskControl34.csv",2.32,-9.96,4.44,1.22,6.12,2.46,19.66,8.24,-2.48,-0.74,-2.56,-0.98,25.2,25.2,53.19,0.13,25.2,25.52,34.0,34.0,34.0,34.0,34.0,34.0,34.0,34.0,34.0,34.0,34.0,34.0,58.14,33.3,53.34,55.48,65.82,71.58,104.92,91.46,65.92,67.62,47.1,47.28,25.4,25.2,56.77,0.08,25.29,25.72,34.0,34.0,34.0,34.0,34.0,34.0,34.0,34.0,34.0,34.0,34.0,34.0,55.82,43.26,48.9,54.26,59.7,69.12,85.26,83.22,68.4,68.36,49.66,48.26,6.61,6.41,0.2,-0.36,3.78,4.97,-1.18,2.01,6.06,5.61,0.45,-0.79,6.3,6.23,0.07,-0.2,7.48,6.85,0.63,-0.89,8.13,7.94,0.2,-0.31,11.92,9.79,2.13,-2.01,10.39,9.55,0.84,-0.86,7.49,7.85,-0.36,0.32,7.68,7.85,-0.16,0.09,5.35,5.7,-0.35,0.45,5.37,5.54,-0.17,0.18,29.03,3.33,27.2,3.06,34.0,6.39,34.0,56.23,-5.65,32.18,3.69,5.13,0.55,34.0,4.24,34.0,37.31,-1.4,50.17,5.76,-1.84,-0.27,34.0,5.49,34.0,48.33,0.26,68.87,7.91,-2.83,-0.4,34.0,7.5,34.0,66.04,0.36,70.09,8.05,-4.27,-0.57,34.0,7.48,34.0,65.82,0.55,Level5,3,0.5
5,"Big desk fan (daison, short)",0.75,135.0,90.0,25,TskControl34,2025-02-04 12:19:49,2025-02-04_ID0_NoPCS_Ta25_TskControl34.csv,"2025-02-04_ID5_Big desk fan (daison, short)_Level8_Angle135_Distance90_Ta25_TskControl34.csv",3.22,-10.5,5.1,2.78,8.76,0.92,23.42,13.64,-2.74,-1.46,-2.36,-1.6,25.3,25.3,52.54,0.05,25.3,25.59,34.0,34.0,34.0,34.0,34.0,34.0,34.0,34.0,34.0,34.0,34.0,34.0,59.04,32.76,54.0,57.04,68.46,70.04,108.68,96.86,65.66,66.9,47.3,46.66,25.4,25.2,56.77,0.08,25.29,25.72,34.0,34.0,34.0,34.0,34.0,34.0,34.0,34.0,34.0,34.0,34.0,34.0,55.82,43.26,48.9,54.26,59.7,69.12,85.26,83.22,68.4,68.36,49.66,48.26,6.79,6.41,0.38,-0.5,3.77,4.97,-1.2,2.11,6.21,5.61,0.59,-0.91,6.56,6.23,0.33,-0.45,7.87,6.85,1.01,-1.28,8.05,7.94,0.11,-0.12,12.49,9.79,2.7,-2.39,11.13,9.55,1.58,-1.43,7.55,7.85,-0.31,0.35,7.69,7.85,-0.16,0.19,5.44,5.7,-0.26,0.41,5.36,5.54,-0.18,0.29,29.03,3.33,32.8,3.77,34.0,7.11,34.0,61.83,-6.98,32.18,3.69,6.13,0.71,34.0,4.4,34.0,38.31,-1.68,50.17,5.76,-1.82,-0.2,34.0,5.56,34.0,48.35,0.23,68.87,7.91,-2.52,-0.28,34.0,7.63,34.0,66.35,0.33,70.09,8.05,-4.36,-0.49,34.0,7.56,34.0,65.73,0.55,Level8,4,0.75
5,"Big desk fan (daison, short)",1.0,135.0,90.0,25,TskControl34,2025-02-04 12:34:49,2025-02-04_ID0_NoPCS_Ta25_TskControl34.csv,"2025-02-04_ID5_Big desk fan (daison, short)_Level10_Angle135_Distance90_Ta25_TskControl34.csv",3.4,-11.22,5.6,2.62,9.2,6.16,25.08,13.1,-3.3,-2.44,-2.26,-2.68,25.4,25.2,52.56,0.18,25.31,25.61,34.0,34.0,34.0,34.0,34.0,34.0,34.0,34.0,34.0,34.0,34.0,34.0,59.22,32.04,54.5,56.88,68.9,75.28,110.34,96.32,65.1,65.92,47.4,45.58,25.4,25.2,56.77,0.08,25.29,25.72,34.0,34.0,34.0,34.0,34.0,34.0,34.0,34.0,34.0,34.0,34.0,34.0,55.82,43.26,48.9,54.26,59.7,69.12,85.26,83.22,68.4,68.36,49.66,48.26,6.81,6.41,0.41,-0.53,3.69,4.97,-1.28,2.26,6.27,5.61,0.66,-1.0,6.55,6.23,0.32,-0.42,7.93,6.85,1.07,-1.34,8.66,7.94,0.73,-0.78,12.7,9.79,2.91,-2.56,11.08,9.55,1.53,-1.37,7.49,7.85,-0.36,0.42,7.59,7.85,-0.26,0.31,5.45,5.7,-0.25,0.4,5.25,5.54,-0.3,0.48,29.03,3.33,36.34,4.19,34.0,7.52,34.0,65.37,-7.94,32.18,3.69,6.06,0.71,34.0,4.4,34.0,38.24,-1.65,50.17,5.76,-2.49,-0.27,34.0,5.49,34.0,47.68,0.32,68.87,7.91,-3.09,-0.34,34.0,7.57,34.0,65.78,0.39,70.09,8.05,-4.57,-0.51,34.0,7.54,34.0,65.52,0.58,Level10,5,1.0
5,"Big desk fan (daison, short)",0.75,135.0,90.0,22,TskControl34,2025-02-20 13:38:39,2025-02-20_ID0_NoPCS_Ta22_TskControl34.csv,"2025-02-20_ID5_Big desk fan (daison, short)_Level8_Angle135_Distance90_Ta22_TskControl34.csv",3.52,-12.78,3.2,1.1,9.54,6.28,22.46,16.18,-4.56,-0.62,-3.16,-2.72,22.2,22.4,36.17,0.18,22.29,22.12,34.0,34.0,34.0,34.0,34.0,34.0,34.0,34.0,34.0,34.0,34.0,34.0,80.24,44.88,72.04,73.24,93.6,102.46,144.98,129.78,89.24,97.94,63.74,64.16,22.1,22.3,49.02,0.15,22.19,22.27,34.0,34.0,34.0,34.0,34.0,34.0,34.0,34.0,34.0,34.0,34.0,34.0,76.72,57.66,68.84,72.14,84.06,96.18,122.52,113.6,93.8,98.56,66.9,66.88,6.85,6.5,0.36,-0.54,3.83,4.88,-1.05,2.62,6.15,5.83,0.32,-0.55,6.25,6.11,0.15,-0.18,7.99,7.12,0.88,-1.34,8.75,8.14,0.61,-0.77,12.38,10.37,2.01,-2.16,11.08,9.62,1.46,-1.68,7.62,7.94,-0.32,0.57,8.36,8.35,0.02,0.07,5.44,5.66,-0.22,0.56,5.48,5.66,-0.18,0.48,47.93,4.06,40.87,3.52,34.0,7.58,33.99,88.8,-7.18,45.0,3.81,4.87,0.45,34.0,4.26,34.0,49.87,-1.3,64.07,5.43,-1.43,-0.08,34.0,5.35,34.0,62.64,0.15,93.0,7.87,-5.65,-0.42,34.0,7.46,34.0,87.35,0.69,95.12,8.05,-3.49,-0.23,34.0,7.82,34.0,91.63,0.43,Level8,4,0.75
6,Neck fan,1.0,,,25,TskControl34,2025-02-04 15:05:49,2025-02-04_ID0_NoPCS_Ta25_TskControl34.csv,2025-02-04_ID6_Neck fan_Level5_Ta25_TskControl34.csv,0.82,-11.34,0.44,-1.36,1.5,1.86,3.56,4.98,-3.06,-1.64,-2.82,-2.38,25.3,25.3,52.2,0.09,25.3,25.58,34.0,34.0,34.0,34.0,34.0,34.0,34.0,34.0,34.0,34.0,34.0,34.0,56.64,31.92,49.34,52.9,61.2,70.98,88.82,88.2,65.34,66.72,46.84,45.88,25.4,25.2,56.77,0.08,25.29,25.72,34.0,34.0,34.0,34.0,34.0,34.0,34.0,34.0,34.0,34.0,34.0,34.0,55.82,43.26,48.9,54.26,59.7,69.12,85.26,83.22,68.4,68.36,49.66,48.26,6.51,6.41,0.1,-0.13,3.67,4.97,-1.3,2.28,5.67,5.61,0.06,-0.08,6.08,6.23,-0.15,0.22,7.03,6.85,0.18,-0.22,8.16,7.94,0.22,-0.23,10.21,9.79,0.42,-0.36,10.14,9.55,0.58,-0.52,7.51,7.85,-0.34,0.39,7.67,7.85,-0.18,0.21,5.38,5.7,-0.32,0.49,5.27,5.54,-0.27,0.43,29.03,3.33,35.05,4.03,34.0,7.37,34.0,64.08,-6.5,32.18,3.69,0.63,0.08,34.0,3.77,34.0,32.81,-0.18,50.17,5.76,-4.41,-0.5,34.0,5.26,34.0,45.76,0.76,68.87,7.91,-3.77,-0.42,34.0,7.48,34.0,65.1,0.47,70.09,8.05,-5.49,-0.62,34.0,7.43,34.0,64.6,0.69,Level5,3,1.0
6,Neck fan,0.0,,,25,TskControl34,2025-02-04 14:23:49,2025-02-04_ID0_NoPCS_Ta25_TskControl34.csv,2025-02-04_ID6_Neck fan_Level1_Ta25_TskControl34.csv,0.52,-6.84,-1.88,-1.62,3.24,3.4,12.0,5.26,-2.1,-1.12,-2.32,-1.34,25.3,25.3,52.88,0.05,25.3,25.61,34.0,34.0,34.0,34.0,34.0,34.0,34.0,34.0,34.0,34.0,34.0,34.0,56.34,36.42,47.02,52.64,62.94,72.52,97.26,88.48,66.3,67.24,47.34,46.92,25.4,25.2,56.77,0.08,25.29,25.72,34.0,34.0,34.0,34.0,34.0,34.0,34.0,34.0,34.0,34.0,34.0,34.0,55.82,43.26,48.9,54.26,59.7,69.12,85.26,83.22,68.4,68.36,49.66,48.26,6.48,6.41,0.07,-0.08,4.19,4.97,-0.78,1.38,5.4,5.61,-0.21,0.33,6.05,6.23,-0.18,0.26,7.23,6.85,0.38,-0.47,8.34,7.94,0.4,-0.43,11.18,9.79,1.39,-1.23,10.17,9.55,0.62,-0.55,7.62,7.85,-0.23,0.27,7.73,7.85,-0.12,0.14,5.44,5.7,-0.26,0.41,5.39,5.54,-0.15,0.24,29.03,3.33,21.9,2.52,34.0,5.85,34.0,50.93,-3.64,32.18,3.69,0.08,0.01,34.0,3.71,34.0,32.26,-0.03,50.17,5.76,-1.77,-0.2,34.0,5.56,34.0,48.4,0.31,68.87,7.91,-5.11,-0.58,34.0,7.33,34.0,63.76,0.64,70.09,8.05,-4.22,-0.48,34.0,7.57,34.0,65.87,0.52,Level1,1,0.0
6,Neck fan,0.0,,,22,TskControl34,2025-02-20 16:41:49,2025-02-20_ID0_NoPCS_Ta22_TskControl34.csv,2025-02-20_ID6_Neck fan_Level1_Ta22_TskControl34.csv,-1.5,-11.5,-3.9,3.6,-1.12,7.76,3.1,1.64,-3.8,-4.02,-0.88,-2.64,22.1,22.2,31.23,0.07,22.15,21.95,34.0,34.0,34.0,34.0,34.0,34.0,34.0,34.0,34.0,34.0,34.0,34.0,75.22,46.16,64.94,75.74,82.94,103.94,125.62,115.24,90.0,94.54,66.02,64.24,22.1,22.3,49.02,0.15,22.19,22.27,34.0,34.0,34.0,34.0,34.0,34.0,34.0,34.0,34.0,34.0,34.0,34.0,76.72,57.66,68.84,72.14,84.06,96.18,122.52,113.6,93.8,98.56,66.9,66.88,6.35,6.5,-0.15,0.23,3.9,4.88,-0.99,2.36,5.48,5.83,-0.35,0.67,6.39,6.11,0.28,-0.59,7.0,7.12,-0.12,0.16,8.77,8.14,0.63,-0.95,10.6,10.37,0.23,-0.3,9.72,9.62,0.11,-0.17,7.59,7.94,-0.35,0.48,7.98,8.35,-0.37,0.48,5.57,5.66,-0.09,0.16,5.42,5.66,-0.24,0.47,47.93,4.06,15.9,1.32,34.0,5.39,33.99,63.83,-0.72,45.0,3.81,-2.55,-0.23,34.0,3.58,34.0,42.45,0.65,64.07,5.43,-4.16,-0.37,34.0,5.06,34.0,59.91,0.76,93.0,7.87,-5.61,-0.5,34.0,7.37,34.0,87.39,0.71,95.12,8.05,-6.27,-0.56,34.0,7.5,34.0,88.85,0.78,Level1,1,0.0
6,Neck fan,1.0,,,22,TskControl34,2025-02-20 17:33:25,2025-02-20_ID0_NoPCS_Ta22_TskControl34.csv,2025-02-20_ID6_Neck fan_Level5_Ta22_TskControl34.csv,0.2,-13.22,-4.46,1.98,0.12,8.08,1.3,-0.5,-4.76,-4.06,-2.28,-2.88,22.1,22.2,37.15,0.07,22.15,22.13,34.0,34.0,34.0,34.0,34.0,34.0,34.0,34.0,34.0,34.0,34.0,34.0,76.92,44.44,64.38,74.12,84.18,104.26,123.82,113.1,89.04,94.5,64.62,64.0,22.1,22.3,49.02,0.15,22.19,22.27,34.0,34.0,34.0,34.0,34.0,34.0,34.0,34.0,34.0,34.0,34.0,34.0,76.72,57.66,68.84,72.14,84.06,96.18,122.52,113.6,93.8,98.56,66.9,66.88,6.49,6.5,-0.01,-0.03,3.75,4.88,-1.13,2.71,5.43,5.83,-0.4,0.77,6.25,6.11,0.15,-0.32,7.1,7.12,-0.01,-0.02,8.8,8.14,0.65,-0.99,10.45,10.37,0.07,-0.13,9.54,9.62,-0.07,0.05,7.51,7.94,-0.43,0.6,7.97,8.35,-0.37,0.49,5.45,5.66,-0.21,0.4,5.4,5.66,-0.26,0.51,47.93,4.06,37.2,3.29,33.88,7.35,33.99,85.13,-5.14,45.0,3.81,0.25,0.01,34.0,3.82,34.0,45.25,-0.11,64.07,5.43,-4.83,-0.43,34.0,5.0,34.0,59.24,0.89,93.0,7.87,-6.01,-0.53,34.0,7.34,34.0,86.99,0.76,95.12,8.05,-6.05,-0.54,34.0,7.52,34.0,89.07,0.75,Level5,3,1.0
6,Neck fan,0.5,,,22,TskControl34,2025-02-20 17:52:15,2025-02-20_ID0_NoPCS_Ta22_TskControl34.csv,2025-02-20_ID6_Neck fan_Level3_Ta22_TskControl34.csv,-0.74,-13.66,-4.28,1.8,-0.7,5.36,2.26,-2.98,-4.48,-3.7,-3.46,-2.44,22.1,22.3,39.51,0.24,22.18,22.1,34.0,34.0,34.0,34.0,34.0,34.0,34.0,34.0,34.0,34.0,34.0,34.0,75.98,44.0,64.56,73.94,83.36,101.54,124.78,110.62,89.32,94.86,63.44,64.44,22.1,22.3,49.02,0.15,22.19,22.27,34.0,34.0,34.0,34.0,34.0,34.0,34.0,34.0,34.0,34.0,34.0,34.0,76.72,57.66,68.84,72.14,84.06,96.18,122.52,113.6,93.8,98.56,66.9,66.88,6.43,6.5,-0.07,0.11,3.72,4.88,-1.16,2.8,5.46,5.83,-0.37,0.73,6.26,6.11,0.15,-0.29,7.05,7.12,-0.07,0.1,8.59,8.14,0.45,-0.66,10.56,10.37,0.18,-0.22,9.36,9.62,-0.26,0.31,7.56,7.94,-0.39,0.56,8.03,8.35,-0.32,0.44,5.37,5.66,-0.3,0.61,5.45,5.66,-0.21,0.43,47.93,4.06,28.88,2.44,34.0,6.5,33.99,76.82,-3.14,45.0,3.81,-1.45,-0.13,34.0,3.68,34.0,43.55,0.35,64.07,5.43,-4.18,-0.36,34.0,5.07,34.0,59.89,0.74,93.0,7.87,-6.32,-0.54,34.0,7.33,34.0,86.68,0.8,95.12,8.05,-5.68,-0.49,34.0,7.57,34.0,89.44,0.71,Level3,2,0.5
6,Neck fan,0.5,,,22,TskControl34,2025-02-20 17:52:15,2025-02-20_ID0_NoPCS_Ta22_TskControl34.csv,2025-02-20_ID6_Neck fan_Level3_Ta22_TskControl34.csv,-0.74,-13.66,-4.28,1.8,-0.7,5.36,2.26,-2.98,-4.48,-3.7,-3.46,-2.44,22.1,22.3,39.51,0.24,22.18,22.1,34.0,34.0,34.0,34.0,34.0,34.0,34.0,34.0,34.0,34.0,34.0,34.0,75.98,44.0,64.56,73.94,83.36,101.54,124.78,110.62,89.32,94.86,63.44,64.44,22.1,22.3,49.02,0.15,22.19,22.27,34.0,34.0,34.0,34.0,34.0,34.0,34.0,34.0,34.0,34.0,34.0,34.0,76.72,57.66,68.84,72.14,84.06,96.18,122.52,113.6,93.8,98.56,66.9,66.88,6.43,6.5,-0.07,0.11,3.72,4.88,-1.16,2.8,5.46,5.83,-0.37,0.73,6.26,6.11,0.15,-0.29,7.05,7.12,-0.07,0.1,8.59,8.14,0.45,-0.66,10.56,10.37,0.18,-0.22,9.36,9.62,-0.26,0.31,7.56,7.94,-0.39,0.56,8.03,8.35,-0.32,0.44,5.37,5.66,-0.3,0.61,5.45,5.66,-0.21,0.43,47.93,4.06,28.88,2.44,34.0,6.5,33.99,76.82,-3.14,45.0,3.81,-1.45,-0.13,34.0,3.68,34.0,43.55,0.35,64.07,5.43,-4.18,-0.36,34.0,5.07,34.0,59.89,0.74,93.0,7.87,-6.32,-0.54,34.0,7.33,34.0,86.68,0.8,95.12,8.05,-5.68,-0.49,34.0,7.57,34.0,89.44,0.71,Level3,2,0.5
6,Neck fan,0.0,,,25,TskControl34,2025-02-04 14:23:49,2025-02-04_ID0_NoPCS_Ta25_TskControl34.csv,2025-02-04_ID6_Neck fan_Level1_Ta25_TskControl34.csv,0.52,-6.84,-1.88,-1.62,3.24,3.4,12.0,5.26,-2.1,-1.12,-2.32,-1.34,25.3,25.3,52.88,0.05,25.3,25.61,34.0,34.0,34.0,34.0,34.0,34.0,34.0,34.0,34.0,34.0,34.0,34.0,56.34,36.42,47.02,52.64,62.94,72.52,97.26,88.48,66.3,67.24,47.34,46.92,25.4,25.2,56.77,0.08,25.29,25.72,34.0,34.0,34.0,34.0,34.0,34.0,34.0,34.0,34.0,34.0,34.0,34.0,55.82,43.26,48.9,54.26,59.7,69.12,85.26,83.22,68.4,68.36,49.66,48.26,6.48,6.41,0.07,-0.08,4.19,4.97,-0.78,1.38,5.4,5.61,-0.21,0.33,6.05,6.23,-0.18,0.26,7.23,6.85,0.38,-0.47,8.34,7.94,0.4,-0.43,11.18,9.79,1.39,-1.23,10.17,9.55,0.62,-0.55,7.62,7.85,-0.23,0.27,7.73,7.85,-0.12,0.14,5.44,5.7,-0.26,0.41,5.39,5.54,-0.15,0.24,29.03,3.33,21.9,2.52,34.0,5.85,34.0,50.93,-3.64,32.18,3.69,0.08,0.01,34.0,3.71,34.0,32.26,-0.03,50.17,5.76,-1.77,-0.2,34.0,5.56,34.0,48.4,0.31,68.87,7.91,-5.11,-0.58,34.0,7.33,34.0,63.76,0.64,70.09,8.05,-4.22,-0.48,34.0,7.57,34.0,65.87,0.52,Level1,1,0.0
6,Neck fan,1.0,,,22,TskControl34,2025-02-20 17:33:25,2025-02-20_ID0_NoPCS_Ta22_TskControl34.csv,2025-02-20_ID6_Neck fan_Level5_Ta22_TskControl34.csv,0.2,-13.22,-4.46,1.98,0.12,8.08,1.3,-0.5,-4.76,-4.06,-2.28,-2.88,22.1,22.2,37.15,0.07,22.15,22.13,34.0,34.0,34.0,34.0,34.0,34.0,34.0,34.0,34.0,34.0,34.0,34.0,76.92,44.44,64.38,74.12,84.18,104.26,123.82,113.1,89.04,94.5,64.62,64.0,22.1,22.3,49.02,0.15,22.19,22.27,34.0,34.0,34.0,34.0,34.0,34.0,34.0,34.0,34.0,34.0,34.0,34.0,76.72,57.66,68.84,72.14,84.06,96.18,122.52,113.6,93.8,98.56,66.9,66.88,6.49,6.5,-0.01,-0.03,3.75,4.88,-1.13,2.71,5.43,5.83,-0.4,0.77,6.25,6.11,0.15,-0.32,7.1,7.12,-0.01,-0.02,8.8,8.14,0.65,-0.99,10.45,10.37,0.07,-0.13,9.54,9.62,-0.07,0.05,7.51,7.94,-0.43,0.6,7.97,8.35,-0.37,0.49,5.45,5.66,-0.21,0.4,5.4,5.66,-0.26,0.51,47.93,4.06,37.2,3.29,33.88,7.35,33.99,85.13,-5.14,45.0,3.81,0.25,0.01,34.0,3.82,34.0,45.25,-0.11,64.07,5.43,-4.83,-0.43,34.0,5.0,34.0,59.24,0.89,93.0,7.87,-6.01,-0.53,34.0,7.34,34.0,86.99,0.76,95.12,8.05,-6.05,-0.54,34.0,7.52,34.0,89.07,0.75,Level5,3,1.0
6,Neck fan,0.0,,,22,TskControl34,2025-02-20 16:41:49,2025-02-20_ID0_NoPCS_Ta22_TskControl34.csv,2025-02-20_ID6_Neck fan_Level1_Ta22_TskControl34.csv,-1.5,-11.5,-3.9,3.6,-1.12,7.76,3.1,1.64,-3.8,-4.02,-0.88,-2.64,22.1,22.2,31.23,0.07,22.15,21.95,34.0,34.0,34.0,34.0,34.0,34.0,34.0,34.0,34.0,34.0,34.0,34.0,75.22,46.16,64.94,75.74,82.94,103.94,125.62,115.24,90.0,94.54,66.02,64.24,22.1,22.3,49.02,0.15,22.19,22.27,34.0,34.0,34.0,34.0,34.0,34.0,34.0,34.0,34.0,34.0,34.0,34.0,76.72,57.66,68.84,72.14,84.06,96.18,122.52,113.6,93.8,98.56,66.9,66.88,6.35,6.5,-0.15,0.23,3.9,4.88,-0.99,2.36,5.48,5.83,-0.35,0.67,6.39,6.11,0.28,-0.59,7.0,7.12,-0.12,0.16,8.77,8.14,0.63,-0.95,10.6,10.37,0.23,-0.3,9.72,9.62,0.11,-0.17,7.59,7.94,-0.35,0.48,7.98,8.35,-0.37,0.48,5.57,5.66,-0.09,0.16,5.42,5.66,-0.24,0.47,47.93,4.06,15.9,1.32,34.0,5.39,33.99,63.83,-0.72,45.0,3.81,-2.55,-0.23,34.0,3.58,34.0,42.45,0.65,64.07,5.43,-4.16,-0.37,34.0,5.06,34.0,59.91,0.76,93.0,7.87,-5.61,-0.5,34.0,7.37,34.0,87.39,0.71,95.12,8.05,-6.27,-0.56,34.0,7.5,34.0,88.85,0.78,Level1,1,0.0
6,Neck fan,0.5,,,25,TskControl34,2025-02-04 14:56:49,2025-02-04_ID0_NoPCS_Ta25_TskControl34.csv,2025-02-04_ID6_Neck fan_Level3_Ta25_TskControl34.csv,0.42,-10.12,-1.84,-0.84,0.76,1.18,5.88,5.58,-1.66,-1.46,-2.66,-1.76,25.3,25.2,52.2,0.0,25.2,25.58,34.0,34.0,34.0,34.0,34.0,34.0,34.0,34.0,34.0,34.0,34.0,34.0,56.24,33.14,47.06,53.42,60.46,70.3,91.14,88.8,66.74,66.9,47.0,46.5,25.4,25.2,56.77,0.08,25.29,25.72,34.0,34.0,34.0,34.0,34.0,34.0,34.0,34.0,34.0,34.0,34.0,34.0,55.82,43.26,48.9,54.26,59.7,69.12,85.26,83.22,68.4,68.36,49.66,48.26,6.39,6.41,-0.02,-0.07,3.77,4.97,-1.2,2.04,5.35,5.61,-0.27,0.33,6.07,6.23,-0.16,0.13,6.87,6.85,0.02,-0.11,7.99,7.94,0.05,-0.15,10.36,9.79,0.57,-0.6,10.09,9.55,0.54,-0.58,7.58,7.85,-0.27,0.21,7.6,7.85,-0.25,0.19,5.34,5.7,-0.36,0.47,5.28,5.54,-0.26,0.32,29.03,3.33,30.21,3.4,34.0,6.73,34.0,59.24,-5.43,32.18,3.69,0.08,-0.03,34.0,3.67,34.0,32.26,-0.03,50.17,5.76,-4.32,-0.55,34.0,5.21,34.0,45.85,0.73,68.87,7.91,-4.95,-0.64,34.0,7.26,34.0,63.92,0.63,70.09,8.05,-4.79,-0.63,34.0,7.42,34.0,65.3,0.59,Level3,2,0.5
6,Neck fan,0.5,,,25,TskControl34,2025-02-04 14:56:49,2025-02-04_ID0_NoPCS_Ta25_TskControl34.csv,2025-02-04_ID6_Neck fan_Level3_Ta25_TskControl34.csv,0.42,-10.12,-1.84,-0.84,0.76,1.18,5.88,5.58,-1.66,-1.46,-2.66,-1.76,25.3,25.2,52.2,0.0,25.2,25.58,34.0,34.0,34.0,34.0,34.0,34.0,34.0,34.0,34.0,34.0,34.0,34.0,56.24,33.14,47.06,53.42,60.46,70.3,91.14,88.8,66.74,66.9,47.0,46.5,25.4,25.2,56.77,0.08,25.29,25.72,34.0,34.0,34.0,34.0,34.0,34.0,34.0,34.0,34.0,34.0,34.0,34.0,55.82,43.26,48.9,54.26,59.7,69.12,85.26,83.22,68.4,68.36,49.66,48.26,6.39,6.41,-0.02,-0.07,3.77,4.97,-1.2,2.04,5.35,5.61,-0.27,0.33,6.07,6.23,-0.16,0.13,6.87,6.85,0.02,-0.11,7.99,7.94,0.05,-0.15,10.36,9.79,0.57,-0.6,10.09,9.55,0.54,-0.58,7.58,7.85,-0.27,0.21,7.6,7.85,-0.25,0.19,5.34,5.7,-0.36,0.47,5.28,5.54,-0.26,0.32,29.03,3.33,30.21,3.4,34.0,6.73,34.0,59.24,-5.43,32.18,3.69,0.08,-0.03,34.0,3.67,34.0,32.26,-0.03,50.17,5.76,-4.32,-0.55,34.0,5.21,34.0,45.85,0.73,68.87,7.91,-4.95,-0.64,34.0,7.26,34.0,63.92,0.63,70.09,8.05,-4.79,-0.63,34.0,7.42,34.0,65.3,0.59,Level3,2,0.5
6,Neck fan,1.0,,,25,TskControl34,2025-02-04 15:05:49,2025-02-04_ID0_NoPCS_Ta25_TskControl34.csv,2025-02-04_ID6_Neck fan_Level5_Ta25_TskControl34.csv,0.82,-11.34,0.44,-1.36,1.5,1.86,3.56,4.98,-3.06,-1.64,-2.82,-2.38,25.3,25.3,52.2,0.09,25.3,25.58,34.0,34.0,34.0,34.0,34.0,34.0,34.0,34.0,34.0,34.0,34.0,34.0,56.64,31.92,49.34,52.9,61.2,70.98,88.82,88.2,65.34,66.72,46.84,45.88,25.4,25.2,56.77,0.08,25.29,25.72,34.0,34.0,34.0,34.0,34.0,34.0,34.0,34.0,34.0,34.0,34.0,34.0,55.82,43.26,48.9,54.26,59.7,69.12,85.26,83.22,68.4,68.36,49.66,48.26,6.51,6.41,0.1,-0.13,3.67,4.97,-1.3,2.28,5.67,5.61,0.06,-0.08,6.08,6.23,-0.15,0.22,7.03,6.85,0.18,-0.22,8.16,7.94,0.22,-0.23,10.21,9.79,0.42,-0.36,10.14,9.55,0.58,-0.52,7.51,7.85,-0.34,0.39,7.67,7.85,-0.18,0.21,5.38,5.7,-0.32,0.49,5.27,5.54,-0.27,0.43,29.03,3.33,35.05,4.03,34.0,7.37,34.0,64.08,-6.5,32.18,3.69,0.63,0.08,34.0,3.77,34.0,32.81,-0.18,50.17,5.76,-4.41,-0.5,34.0,5.26,34.0,45.76,0.76,68.87,7.91,-3.77,-0.42,34.0,7.48,34.0,65.1,0.47,70.09,8.05,-5.49,-0.62,34.0,7.43,34.0,64.6,0.69,Level5,3,1.0
7,Handheld fan,0.8,90.0,60.0,25,TskControl34,2025-02-05 10:49:51,2025-02-05_ID0_NoPCS_Ta25_TskControl34.csv,2025-02-05_ID7_Handheld fan_Level3_Angle90_Distance60_Ta25_TskControl34.csv,1.26,-9.76,-1.48,-0.74,1.58,4.54,2.62,6.66,-4.26,-5.06,-2.02,-0.66,25.2,25.3,51.5,0.07,25.25,25.62,34.0,34.0,34.0,34.0,34.0,34.0,34.0,34.0,34.0,34.0,34.0,34.0,59.94,38.16,47.94,56.1,62.4,73.48,98.34,91.06,68.66,71.16,47.56,48.04,25.4,25.4,52.23,0.1,25.4,25.68,34.0,34.0,34.0,34.0,34.0,34.0,34.0,34.0,34.0,34.0,34.0,34.0,58.68,47.92,49.42,56.84,60.82,68.94,95.72,84.4,72.92,76.22,49.58,48.7,6.85,6.82,0.03,-0.18,4.36,5.57,-1.21,1.75,5.48,5.75,-0.27,0.26,6.41,6.61,-0.2,0.11,7.13,7.07,0.06,-0.22,8.4,8.02,0.38,-0.57,11.24,11.13,0.11,-0.24,10.41,9.81,0.59,-0.68,7.85,8.48,-0.63,0.5,8.13,8.86,-0.73,0.57,5.44,5.77,-0.33,0.35,5.49,5.66,-0.17,0.12,30.25,3.52,40.55,4.57,34.0,8.09,34.0,70.8,-9.36,35.56,4.13,-2.5,-0.36,34.0,3.78,34.0,33.06,0.61,51.11,5.94,-2.66,-0.41,34.0,5.54,34.0,48.46,0.46,69.36,8.07,-3.41,-0.53,34.0,7.54,34.0,65.95,0.43,77.35,8.99,-5.42,-0.77,34.0,8.22,34.0,71.93,0.61,Level3,5,0.8
7,Handheld fan,0.0,90.0,60.0,22,TskControl34,2025-02-20 18:14:20,2025-02-20_ID0_NoPCS_Ta22_TskControl34.csv,2025-02-20_ID7_Handheld fan_Low_Angle90_Distance60_Ta22_TskControl34.csv,-1.28,-12.5,-5.22,1.12,-1.46,10.12,1.34,5.9,-4.86,-6.2,-3.68,-3.18,22.2,22.2,42.61,0.0,22.2,22.15,34.0,34.0,34.0,34.0,34.0,34.0,34.0,34.0,34.0,34.0,34.0,34.0,75.44,45.16,63.62,73.26,82.6,106.3,123.86,119.5,88.94,92.36,63.22,63.7,22.1,22.3,49.02,0.15,22.19,22.27,34.0,34.0,34.0,34.0,34.0,34.0,34.0,34.0,34.0,34.0,34.0,34.0,76.72,57.66,68.84,72.14,84.06,96.18,122.52,113.6,93.8,98.56,66.9,66.88,6.39,6.5,-0.1,0.2,3.83,4.88,-1.06,2.56,5.39,5.83,-0.44,0.9,6.21,6.11,0.1,-0.18,7.0,7.12,-0.12,0.21,9.01,8.14,0.86,-1.24,10.5,10.37,0.12,-0.13,10.13,9.62,0.51,-0.61,7.54,7.94,-0.41,0.61,7.83,8.35,-0.52,0.74,5.36,5.66,-0.31,0.65,5.4,5.66,-0.26,0.56,47.93,4.06,22.14,1.88,34.0,5.94,33.99,70.07,-2.18,45.0,3.81,-4.99,-0.42,34.0,3.39,34.0,40.01,1.3,64.07,5.43,-4.75,-0.4,34.0,5.03,34.0,59.32,0.88,93.0,7.87,-2.34,-0.19,34.0,7.68,34.0,90.66,0.26,95.12,8.05,-6.31,-0.53,34.0,7.53,34.0,88.81,0.79,Low,1,0.0
7,Handheld fan,0.4,90.0,60.0,22,TskControl34,2025-02-20 18:28:00,2025-02-20_ID0_NoPCS_Ta22_TskControl34.csv,2025-02-20_ID7_Handheld fan_Mid_Angle90_Distance60_Ta22_TskControl34.csv,-0.76,-13.8,-5.78,0.48,-2.92,9.64,-1.06,6.36,-4.44,-5.42,-3.62,-3.2,22.2,22.3,39.01,0.02,22.27,22.17,34.0,34.0,34.0,34.0,34.0,34.0,34.0,34.0,34.0,34.0,34.0,34.0,75.96,43.86,63.06,72.62,81.14,105.82,121.46,119.96,89.36,93.14,63.28,63.68,22.1,22.3,49.02,0.15,22.19,22.27,34.0,34.0,34.0,34.0,34.0,34.0,34.0,34.0,34.0,34.0,34.0,34.0,76.72,57.66,68.84,72.14,84.06,96.18,122.52,113.6,93.8,98.56,66.9,66.88,6.48,6.5,-0.02,0.12,3.74,4.88,-1.14,2.83,5.38,5.83,-0.45,0.99,6.19,6.11,0.08,-0.08,6.92,7.12,-0.2,0.41,9.02,8.14,0.88,-1.18,10.35,10.37,-0.02,0.1,10.23,9.62,0.61,-0.66,7.62,7.94,-0.32,0.56,7.94,8.35,-0.41,0.65,5.39,5.66,-0.27,0.64,5.43,5.66,-0.23,0.57,47.93,4.06,33.71,2.9,34.0,6.96,33.99,81.64,-4.61,45.0,3.81,-5.08,-0.41,34.0,3.4,34.0,39.92,1.32,64.07,5.43,-5.23,-0.41,34.0,5.02,34.0,58.84,0.95,93.0,7.87,-4.97,-0.37,34.0,7.5,34.0,88.03,0.64,95.12,8.05,-6.23,-0.48,34.0,7.58,34.0,88.89,0.78,Mid,3,0.4
7,Handheld fan,1.0,90.0,60.0,22,TskControl34,2025-02-20 18:52:35,2025-02-20_ID0_NoPCS_Ta22_TskControl34.csv,2025-02-20_ID7_Handheld fan_High_Angle90_Distance60_Ta22_TskControl34.csv,0.62,-13.38,-4.38,0.0,-3.14,7.16,-4.62,4.06,-4.06,-5.46,-3.3,-2.64,22.3,22.3,37.98,0.09,22.3,22.16,34.0,34.0,34.0,34.0,34.0,34.0,34.0,34.0,34.0,34.0,34.0,34.0,77.34,44.28,64.46,72.14,80.92,103.34,117.9,117.66,89.74,93.1,63.6,64.24,22.1,22.3,49.02,0.15,22.19,22.27,34.0,34.0,34.0,34.0,34.0,34.0,34.0,34.0,34.0,34.0,34.0,34.0,76.72,57.66,68.84,72.14,84.06,96.18,122.52,113.6,93.8,98.56,66.9,66.88,6.61,6.5,0.11,-0.1,3.78,4.88,-1.1,2.74,5.51,5.83,-0.32,0.75,6.17,6.11,0.06,-0.0,6.92,7.12,-0.2,0.44,8.83,8.14,0.69,-0.88,10.08,10.37,-0.3,0.45,10.06,9.62,0.44,-0.42,7.67,7.94,-0.27,0.51,7.96,8.35,-0.39,0.65,5.44,5.66,-0.23,0.58,5.49,5.66,-0.17,0.47,47.93,4.06,46.98,4.55,33.68,8.61,33.99,94.91,-8.41,45.0,3.81,-4.97,-0.39,34.0,3.42,34.0,40.03,1.29,64.07,5.43,-4.12,-0.3,34.0,5.12,34.0,59.95,0.71,93.0,7.87,-4.15,-0.28,34.0,7.59,34.0,88.85,0.51,95.12,8.05,-5.77,-0.42,34.0,7.64,34.0,89.35,0.72,High,6,1.0
7,Handheld fan,0.2,90.0,60.0,25,TskControl34,2025-02-05 10:20:51,2025-02-05_ID0_NoPCS_Ta25_TskControl34.csv,2025-02-05_ID7_Handheld fan_Level1_Angle90_Distance60_Ta25_TskControl34.csv,1.04,-4.36,-1.46,-0.26,1.1,2.8,-1.2,2.78,-1.46,-2.12,-1.26,-1.06,25.3,25.4,52.2,0.05,25.36,25.75,34.0,34.0,34.0,34.0,34.0,34.0,34.0,34.0,34.0,34.0,34.0,34.0,59.72,43.56,47.96,56.58,61.92,71.74,94.52,87.18,71.46,74.1,48.32,47.64,25.4,25.4,52.23,0.1,25.4,25.68,34.0,34.0,34.0,34.0,34.0,34.0,34.0,34.0,34.0,34.0,34.0,34.0,58.68,47.92,49.42,56.84,60.82,68.94,95.72,84.4,72.92,76.22,49.58,48.7,6.91,6.82,0.09,-0.15,5.04,5.57,-0.53,0.78,5.55,5.75,-0.2,0.25,6.55,6.61,-0.06,0.04,7.17,7.07,0.09,-0.16,8.3,8.02,0.29,-0.35,10.94,11.13,-0.19,0.11,10.09,9.81,0.28,-0.28,8.27,8.48,-0.21,0.17,8.58,8.86,-0.29,0.24,5.59,5.77,-0.17,0.22,5.51,5.66,-0.15,0.19,30.25,3.52,28.28,3.26,34.0,6.77,34.0,58.53,-5.63,35.56,4.13,-1.45,-0.19,34.0,3.95,34.0,34.11,0.33,51.11,5.94,-2.01,-0.26,34.0,5.68,34.0,49.1,0.32,69.36,8.07,-2.45,-0.32,34.0,7.74,34.0,66.91,0.31,77.35,8.99,-3.37,-0.43,34.0,8.56,34.0,73.98,0.38,Level1,2,0.2
7,Handheld fan,0.6,90.0,60.0,25,TskControl34,2025-02-05 10:32:51,2025-02-05_ID0_NoPCS_Ta25_TskControl34.csv,2025-02-05_ID7_Handheld fan_Level2_Angle90_Distance60_Ta25_TskControl34.csv,1.62,-6.96,-1.2,-0.56,1.44,3.08,2.18,6.24,-1.46,-2.26,-0.5,-0.7,25.2,25.4,52.17,0.13,25.29,25.56,34.0,34.0,34.0,34.0,34.0,34.0,34.0,34.0,34.0,34.0,34.0,34.0,60.3,40.96,48.22,56.28,62.26,72.02,97.9,90.64,71.46,73.96,49.08,48.0,25.4,25.4,52.23,0.1,25.4,25.68,34.0,34.0,34.0,34.0,34.0,34.0,34.0,34.0,34.0,34.0,34.0,34.0,58.68,47.92,49.42,56.84,60.82,68.94,95.72,84.4,72.92,76.22,49.58,48.7,6.92,6.82,0.1,-0.24,4.7,5.57,-0.87,1.25,5.54,5.75,-0.21,0.21,6.46,6.61,-0.15,0.08,7.15,7.07,0.08,-0.2,8.27,8.02,0.25,-0.38,11.24,11.13,0.11,-0.2,10.41,9.81,0.59,-0.64,8.2,8.48,-0.27,0.17,8.49,8.86,-0.37,0.25,5.63,5.77,-0.13,0.09,5.51,5.66,-0.15,0.12,30.25,3.52,35.95,4.08,34.0,7.6,34.0,66.2,-7.66,35.56,4.13,-1.08,-0.18,34.0,3.96,34.0,34.48,0.26,51.11,5.94,-2.22,-0.33,34.0,5.61,34.0,48.9,0.36,69.36,8.07,-3.24,-0.47,34.0,7.59,34.0,66.12,0.41,77.35,8.99,-4.55,-0.64,34.0,8.36,34.0,72.8,0.51,Level2,4,0.6
7,Handheld fan,0.8,90.0,60.0,25,TskControl34,2025-02-05 10:49:51,2025-02-05_ID0_NoPCS_Ta25_TskControl34.csv,2025-02-05_ID7_Handheld fan_Level3_Angle90_Distance60_Ta25_TskControl34.csv,1.26,-9.76,-1.48,-0.74,1.58,4.54,2.62,6.66,-4.26,-5.06,-2.02,-0.66,25.2,25.3,51.5,0.07,25.25,25.62,34.0,34.0,34.0,34.0,34.0,34.0,34.0,34.0,34.0,34.0,34.0,34.0,59.94,38.16,47.94,56.1,62.4,73.48,98.34,91.06,68.66,71.16,47.56,48.04,25.4,25.4,52.23,0.1,25.4,25.68,34.0,34.0,34.0,34.0,34.0,34.0,34.0,34.0,34.0,34.0,34.0,34.0,58.68,47.92,49.42,56.84,60.82,68.94,95.72,84.4,72.92,76.22,49.58,48.7,6.85,6.82,0.03,-0.18,4.36,5.57,-1.21,1.75,5.48,5.75,-0.27,0.26,6.41,6.61,-0.2,0.11,7.13,7.07,0.06,-0.22,8.4,8.02,0.38,-0.57,11.24,11.13,0.11,-0.24,10.41,9.81,0.59,-0.68,7.85,8.48,-0.63,0.5,8.13,8.86,-0.73,0.57,5.44,5.77,-0.33,0.35,5.49,5.66,-0.17,0.12,30.25,3.52,40.55,4.57,34.0,8.09,34.0,70.8,-9.36,35.56,4.13,-2.5,-0.36,34.0,3.78,34.0,33.06,0.61,51.11,5.94,-2.66,-0.41,34.0,5.54,34.0,48.46,0.46,69.36,8.07,-3.41,-0.53,34.0,7.54,34.0,65.95,0.43,77.35,8.99,-5.42,-0.77,34.0,8.22,34.0,71.93,0.61,Level3,5,0.8
7,Handheld fan,0.2,90.0,60.0,25,TskControl34,2025-02-05 10:20:51,2025-02-05_ID0_NoPCS_Ta25_TskControl34.csv,2025-02-05_ID7_Handheld fan_Level1_Angle90_Distance60_Ta25_TskControl34.csv,1.04,-4.36,-1.46,-0.26,1.1,2.8,-1.2,2.78,-1.46,-2.12,-1.26,-1.06,25.3,25.4,52.2,0.05,25.36,25.75,34.0,34.0,34.0,34.0,34.0,34.0,34.0,34.0,34.0,34.0,34.0,34.0,59.72,43.56,47.96,56.58,61.92,71.74,94.52,87.18,71.46,74.1,48.32,47.64,25.4,25.4,52.23,0.1,25.4,25.68,34.0,34.0,34.0,34.0,34.0,34.0,34.0,34.0,34.0,34.0,34.0,34.0,58.68,47.92,49.42,56.84,60.82,68.94,95.72,84.4,72.92,76.22,49.58,48.7,6.91,6.82,0.09,-0.15,5.04,5.57,-0.53,0.78,5.55,5.75,-0.2,0.25,6.55,6.61,-0.06,0.04,7.17,7.07,0.09,-0.16,8.3,8.02,0.29,-0.35,10.94,11.13,-0.19,0.11,10.09,9.81,0.28,-0.28,8.27,8.48,-0.21,0.17,8.58,8.86,-0.29,0.24,5.59,5.77,-0.17,0.22,5.51,5.66,-0.15,0.19,30.25,3.52,28.28,3.26,34.0,6.77,34.0,58.53,-5.63,35.56,4.13,-1.45,-0.19,34.0,3.95,34.0,34.11,0.33,51.11,5.94,-2.01,-0.26,34.0,5.68,34.0,49.1,0.32,69.36,8.07,-2.45,-0.32,34.0,7.74,34.0,66.91,0.31,77.35,8.99,-3.37,-0.43,34.0,8.56,34.0,73.98,0.38,Level1,2,0.2
7,Handheld fan,0.6,90.0,60.0,25,TskControl34,2025-02-05 10:32:51,2025-02-05_ID0_NoPCS_Ta25_TskControl34.csv,2025-02-05_ID7_Handheld fan_Level2_Angle90_Distance60_Ta25_TskControl34.csv,1.62,-6.96,-1.2,-0.56,1.44,3.08,2.18,6.24,-1.46,-2.26,-0.5,-0.7,25.2,25.4,52.17,0.13,25.29,25.56,34.0,34.0,34.0,34.0,34.0,34.0,34.0,34.0,34.0,34.0,34.0,34.0,60.3,40.96,48.22,56.28,62.26,72.02,97.9,90.64,71.46,73.96,49.08,48.0,25.4,25.4,52.23,0.1,25.4,25.68,34.0,34.0,34.0,34.0,34.0,34.0,34.0,34.0,34.0,34.0,34.0,34.0,58.68,47.92,49.42,56.84,60.82,68.94,95.72,84.4,72.92,76.22,49.58,48.7,6.92,6.82,0.1,-0.24,4.7,5.57,-0.87,1.25,5.54,5.75,-0.21,0.21,6.46,6.61,-0.15,0.08,7.15,7.07,0.08,-0.2,8.27,8.02,0.25,-0.38,11.24,11.13,0.11,-0.2,10.41,9.81,0.59,-0.64,8.2,8.48,-0.27,0.17,8.49,8.86,-0.37,0.25,5.63,5.77,-0.13,0.09,5.51,5.66,-0.15,0.12,30.25,3.52,35.95,4.08,34.0,7.6,34.0,66.2,-7.66,35.56,4.13,-1.08,-0.18,34.0,3.96,34.0,34.48,0.26,51.11,5.94,-2.22,-0.33,34.0,5.61,34.0,48.9,0.36,69.36,8.07,-3.24,-0.47,34.0,7.59,34.0,66.12,0.41,77.35,8.99,-4.55,-0.64,34.0,8.36,34.0,72.8,0.51,Level2,4,0.6
7,Handheld fan,0.4,90.0,60.0,22,TskControl34,2025-02-20 18:28:00,2025-02-20_ID0_NoPCS_Ta22_TskControl34.csv,2025-02-20_ID7_Handheld fan_Mid_Angle90_Distance60_Ta22_TskControl34.csv,-0.76,-13.8,-5.78,0.48,-2.92,9.64,-1.06,6.36,-4.44,-5.42,-3.62,-3.2,22.2,22.3,39.01,0.02,22.27,22.17,34.0,34.0,34.0,34.0,34.0,34.0,34.0,34.0,34.0,34.0,34.0,34.0,75.96,43.86,63.06,72.62,81.14,105.82,121.46,119.96,89.36,93.14,63.28,63.68,22.1,22.3,49.02,0.15,22.19,22.27,34.0,34.0,34.0,34.0,34.0,34.0,34.0,34.0,34.0,34.0,34.0,34.0,76.72,57.66,68.84,72.14,84.06,96.18,122.52,113.6,93.8,98.56,66.9,66.88,6.48,6.5,-0.02,0.12,3.74,4.88,-1.14,2.83,5.38,5.83,-0.45,0.99,6.19,6.11,0.08,-0.08,6.92,7.12,-0.2,0.41,9.02,8.14,0.88,-1.18,10.35,10.37,-0.02,0.1,10.23,9.62,0.61,-0.66,7.62,7.94,-0.32,0.56,7.94,8.35,-0.41,0.65,5.39,5.66,-0.27,0.64,5.43,5.66,-0.23,0.57,47.93,4.06,33.71,2.9,34.0,6.96,33.99,81.64,-4.61,45.0,3.81,-5.08,-0.41,34.0,3.4,34.0,39.92,1.32,64.07,5.43,-5.23,-0.41,34.0,5.02,34.0,58.84,0.95,93.0,7.87,-4.97,-0.37,34.0,7.5,34.0,88.03,0.64,95.12,8.05,-6.23,-0.48,34.0,7.58,34.0,88.89,0.78,Mid,3,0.4
7,Handheld fan,0.0,90.0,60.0,22,TskControl34,2025-02-20 18:14:20,2025-02-20_ID0_NoPCS_Ta22_TskControl34.csv,2025-02-20_ID7_Handheld fan_Low_Angle90_Distance60_Ta22_TskControl34.csv,-1.28,-12.5,-5.22,1.12,-1.46,10.12,1.34,5.9,-4.86,-6.2,-3.68,-3.18,22.2,22.2,42.61,0.0,22.2,22.15,34.0,34.0,34.0,34.0,34.0,34.0,34.0,34.0,34.0,34.0,34.0,34.0,75.44,45.16,63.62,73.26,82.6,106.3,123.86,119.5,88.94,92.36,63.22,63.7,22.1,22.3,49.02,0.15,22.19,22.27,34.0,34.0,34.0,34.0,34.0,34.0,34.0,34.0,34.0,34.0,34.0,34.0,76.72,57.66,68.84,72.14,84.06,96.18,122.52,113.6,93.8,98.56,66.9,66.88,6.39,6.5,-0.1,0.2,3.83,4.88,-1.06,2.56,5.39,5.83,-0.44,0.9,6.21,6.11,0.1,-0.18,7.0,7.12,-0.12,0.21,9.01,8.14,0.86,-1.24,10.5,10.37,0.12,-0.13,10.13,9.62,0.51,-0.61,7.54,7.94,-0.41,0.61,7.83,8.35,-0.52,0.74,5.36,5.66,-0.31,0.65,5.4,5.66,-0.26,0.56,47.93,4.06,22.14,1.88,34.0,5.94,33.99,70.07,-2.18,45.0,3.81,-4.99,-0.42,34.0,3.39,34.0,40.01,1.3,64.07,5.43,-4.75,-0.4,34.0,5.03,34.0,59.32,0.88,93.0,7.87,-2.34,-0.19,34.0,7.68,34.0,90.66,0.26,95.12,8.05,-6.31,-0.53,34.0,7.53,34.0,88.81,0.79,Low,1,0.0
7,Handheld fan,1.0,90.0,60.0,22,TskControl34,2025-02-20 18:52:35,2025-02-20_ID0_NoPCS_Ta22_TskControl34.csv,2025-02-20_ID7_Handheld fan_High_Angle90_Distance60_Ta22_TskControl34.csv,0.62,-13.38,-4.38,0.0,-3.14,7.16,-4.62,4.06,-4.06,-5.46,-3.3,-2.64,22.3,22.3,37.98,0.09,22.3,22.16,34.0,34.0,34.0,34.0,34.0,34.0,34.0,34.0,34.0,34.0,34.0,34.0,77.34,44.28,64.46,72.14,80.92,103.34,117.9,117.66,89.74,93.1,63.6,64.24,22.1,22.3,49.02,0.15,22.19,22.27,34.0,34.0,34.0,34.0,34.0,34.0,34.0,34.0,34.0,34.0,34.0,34.0,76.72,57.66,68.84,72.14,84.06,96.18,122.52,113.6,93.8,98.56,66.9,66.88,6.61,6.5,0.11,-0.1,3.78,4.88,-1.1,2.74,5.51,5.83,-0.32,0.75,6.17,6.11,0.06,-0.0,6.92,7.12,-0.2,0.44,8.83,8.14,0.69,-0.88,10.08,10.37,-0.3,0.45,10.06,9.62,0.44,-0.42,7.67,7.94,-0.27,0.51,7.96,8.35,-0.39,0.65,5.44,5.66,-0.23,0.58,5.49,5.66,-0.17,0.47,47.93,4.06,46.98,4.55,33.68,8.61,33.99,94.91,-8.41,45.0,3.81,-4.97,-0.39,34.0,3.42,34.0,40.03,1.29,64.07,5.43,-4.12,-0.3,34.0,5.12,34.0,59.95,0.71,93.0,7.87,-4.15,-0.28,34.0,7.59,34.0,88.85,0.51,95.12,8.05,-5.77,-0.42,34.0,7.64,34.0,89.35,0.72,High,6,1.0
8,"Standing fan (Daison, long)",0.25,225.0,150.0,22,TskControl34,2025-02-21 12:16:53,2025-02-21_ID0_NoPCS_Ta22_TskControl34.csv,"2025-02-21_ID8_Standing fan (Daison, long)_Level3_Angle225_Distance150_Ta22_TskControl34.csv",14.2,-0.16,24.48,-0.44,35.98,29.88,49.72,44.04,5.22,-2.22,0.34,-4.84,22.1,22.2,53.42,0.02,22.17,22.46,34.0,34.0,34.0,34.0,34.0,34.0,34.0,34.0,34.0,34.0,34.0,34.0,91.68,58.18,90.84,75.22,121.62,131.64,183.34,161.28,97.94,95.28,65.04,60.86,22.2,22.2,50.04,0.13,22.2,22.39,34.0,34.0,34.0,34.0,34.0,34.0,34.0,34.0,34.0,34.0,34.0,34.0,77.48,58.34,66.36,75.66,85.64,101.76,133.62,117.24,92.72,97.5,64.7,65.7,7.75,6.57,1.18,-2.16,4.92,4.94,-0.03,0.03,7.68,5.62,2.06,-4.35,6.36,6.41,-0.05,0.07,10.28,7.26,3.02,-4.96,11.13,8.62,2.5,-3.46,15.5,11.32,4.17,-4.39,13.63,9.94,3.7,-4.43,8.28,7.86,0.42,-0.66,8.05,8.26,-0.21,0.27,5.5,5.48,0.01,-0.06,5.14,5.57,-0.42,0.87,40.95,3.47,7.62,0.64,34.0,4.11,34.0,48.57,-1.42,43.9,3.72,4.4,0.36,34.0,4.08,34.0,48.3,-1.22,66.96,5.67,20.93,1.75,34.0,7.43,34.0,87.89,-3.66,95.33,8.08,27.55,2.31,34.0,10.39,34.0,122.88,-3.58,97.99,8.3,8.69,0.71,34.0,9.02,34.0,106.68,-1.08,Level3,2,0.25
8,"Standing fan (Daison, long)",0.0,270.0,150.0,22,TskControl34,2025-02-20 14:48:44,2025-02-20_ID0_NoPCS_Ta22_TskControl34.csv,"2025-02-20_ID8_Standing fan (Daison, long)_Level1_Angle270_Distance150_Ta22_TskControl34.csv",1.98,-9.54,-0.64,8.94,0.28,7.54,7.42,1.74,-3.08,-0.28,-2.84,-1.84,22.1,22.2,34.67,0.07,22.15,22.09,34.0,34.0,34.0,34.0,34.0,34.0,34.0,34.0,34.0,34.0,34.0,34.0,78.7,48.12,68.2,81.08,84.34,103.72,129.94,115.34,90.72,98.28,64.06,65.04,22.1,22.3,49.02,0.15,22.19,22.27,34.0,34.0,34.0,34.0,34.0,34.0,34.0,34.0,34.0,34.0,34.0,34.0,76.72,57.66,68.84,72.14,84.06,96.18,122.52,113.6,93.8,98.56,66.9,66.88,6.64,6.5,0.15,-0.3,4.06,4.88,-0.82,1.95,5.76,5.83,-0.07,0.11,6.84,6.11,0.73,-1.46,7.12,7.12,-0.0,-0.04,8.75,8.14,0.61,-0.93,10.97,10.37,0.59,-0.72,9.73,9.62,0.11,-0.18,7.66,7.94,-0.29,0.39,8.29,8.35,-0.05,0.03,5.41,5.66,-0.26,0.5,5.49,5.66,-0.17,0.32,47.93,4.06,-0.23,-0.04,34.0,4.03,33.99,47.7,1.3,45.0,3.81,-5.69,-0.49,34.0,3.32,34.0,39.31,1.48,64.07,5.43,17.45,1.45,34.0,6.88,34.0,81.52,-3.28,93.0,7.87,-2.93,-0.27,34.0,7.6,34.0,90.07,0.32,95.12,8.05,-1.15,-0.12,34.0,7.93,34.0,93.97,0.15,Level1,1,0.0
8,"Standing fan (Daison, long)",1.0,270.0,150.0,22,TskControl34,2025-02-20 16:06:34,2025-02-20_ID0_NoPCS_Ta22_TskControl34.csv,"2025-02-20_ID8_Standing fan (Daison, long)_Level10_Angle270_Distance150_Ta22_TskControl34.csv",30.06,6.42,20.72,35.02,24.68,32.86,35.9,24.94,37.8,40.08,2.72,3.54,22.0,22.3,45.22,0.09,22.15,22.19,34.0,34.0,34.0,34.0,34.0,34.0,34.0,34.0,34.0,34.0,34.0,34.0,106.78,64.08,89.56,107.16,108.74,129.04,158.42,138.54,131.6,138.64,69.62,70.42,22.1,22.3,49.02,0.15,22.19,22.27,34.0,34.0,34.0,34.0,34.0,34.0,34.0,34.0,34.0,34.0,34.0,34.0,76.72,57.66,68.84,72.14,84.06,96.18,122.52,113.6,93.8,98.56,66.9,66.88,9.01,6.5,2.51,-4.63,5.41,4.88,0.53,-1.31,7.56,5.83,1.73,-3.55,9.04,6.11,2.93,-5.73,9.18,7.12,2.06,-3.47,10.89,8.14,2.75,-4.03,13.37,10.37,2.99,-3.46,11.69,9.62,2.07,-2.59,11.11,7.94,3.16,-4.76,11.7,8.35,3.35,-4.8,5.88,5.66,0.21,-0.48,5.94,5.66,0.28,-0.63,47.93,4.06,19.33,1.61,34.0,5.68,33.99,67.26,-2.65,45.0,3.81,5.13,0.42,34.0,4.23,34.0,50.13,-1.38,64.07,5.43,51.37,4.32,34.0,9.74,34.0,115.44,-9.33,93.0,7.87,38.88,3.25,34.0,11.13,34.0,131.88,-4.96,95.12,8.05,33.35,2.79,34.0,10.84,34.0,128.47,-4.11,Level10,5,1.0
8,"Standing fan (Daison, long)",0.75,180.0,150.0,22,TskControl34,2025-02-21 14:57:58,2025-02-21_ID0_NoPCS_Ta22_TskControl34.csv,"2025-02-21_ID8_Standing fan (Daison, long)_Level8_Angle180_Distance150_Ta22_TskControl34.csv",41.38,16.3,45.28,26.26,78.6,100.7,69.54,89.7,24.84,22.46,-1.4,-1.4,22.3,22.4,65.82,0.05,22.36,22.99,34.0,34.0,34.0,34.0,34.0,34.0,33.02,34.0,34.0,34.0,34.0,34.0,118.86,74.64,111.64,101.92,164.24,202.46,203.16,206.94,117.56,119.96,63.3,64.3,22.2,22.2,50.04,0.13,22.2,22.39,34.0,34.0,34.0,34.0,34.0,34.0,34.0,34.0,34.0,34.0,34.0,34.0,77.48,58.34,66.36,75.66,85.64,101.76,133.62,117.24,92.72,97.5,64.7,65.7,10.21,6.57,3.65,-6.3,6.41,4.94,1.47,-3.3,9.59,5.62,3.97,-8.05,8.76,6.41,2.34,-4.1,14.11,7.26,6.85,-10.83,17.39,8.62,8.77,-11.68,19.06,11.32,7.73,-6.14,17.78,9.94,7.84,-9.03,10.1,7.86,2.24,-3.16,10.31,8.26,2.04,-2.72,5.44,5.48,-0.04,0.26,5.52,5.57,-0.04,0.25,40.95,3.47,9.34,0.85,34.0,4.32,34.0,50.29,-1.19,43.9,3.72,31.79,2.78,34.0,6.5,34.0,75.69,-8.52,66.96,5.67,33.19,2.93,34.0,8.6,34.0,100.14,-5.97,95.33,8.08,82.71,7.22,34.0,15.3,34.0,178.04,-10.42,97.99,8.3,54.97,4.84,34.0,13.14,34.0,152.96,-6.84,Level8,4,0.75
8,"Standing fan (Daison, long)",0.75,225.0,150.0,22,TskControl34,2025-02-21 13:06:53,2025-02-21_ID0_NoPCS_Ta22_TskControl34.csv,"2025-02-21_ID8_Standing fan (Daison, long)_Level8_Angle225_Distance150_Ta22_TskControl34.csv",36.68,14.6,40.34,14.74,70.14,77.82,71.34,98.12,31.4,26.68,-0.08,-2.12,22.3,22.3,56.35,0.02,22.3,22.54,33.9,34.0,34.0,34.0,34.0,34.0,31.36,31.24,34.0,34.0,34.0,34.0,114.16,72.94,106.7,90.4,155.78,179.58,204.96,215.36,124.12,124.18,64.62,63.58,22.2,22.2,50.04,0.13,22.2,22.39,34.0,34.0,34.0,34.0,34.0,34.0,34.0,34.0,34.0,34.0,34.0,34.0,77.48,58.34,66.36,75.66,85.64,101.76,133.62,117.24,92.72,97.5,64.7,65.7,9.84,6.57,3.28,-5.59,6.23,4.94,1.29,-2.95,9.12,5.62,3.5,-7.17,7.73,6.41,1.31,-2.3,13.31,7.26,6.06,-9.66,15.35,8.62,6.72,-9.02,22.62,11.32,11.3,-6.3,24.09,9.94,14.15,-9.88,10.61,7.86,2.75,-4.0,10.61,8.26,2.35,-3.23,5.52,5.48,0.04,0.01,5.43,5.57,-0.13,0.38,40.95,3.47,14.34,1.26,34.0,4.73,34.0,55.29,-2.66,43.9,3.72,10.31,0.91,34.0,4.63,34.0,54.21,-2.81,66.96,5.67,37.75,3.27,34.0,8.95,34.0,104.7,-6.68,95.33,8.08,72.35,6.25,34.0,14.33,34.0,167.68,-9.21,97.99,8.3,39.15,3.42,34.0,11.72,34.0,137.14,-4.88,Level8,4,0.75
8,"Standing fan (Daison, long)",0.0,225.0,150.0,22,TskControl34,2025-02-21 11:38:03,2025-02-21_ID0_NoPCS_Ta22_TskControl34.csv,"2025-02-21_ID8_Standing fan (Daison, long)_Level1_Angle225_Distance150_Ta22_TskControl34.csv",3.86,-1.98,14.74,-4.5,16.46,5.54,1.92,19.94,-2.84,-4.48,0.8,-2.6,22.2,22.2,52.06,0.0,22.2,22.43,34.0,34.0,34.0,34.0,34.0,34.0,34.0,34.0,34.0,34.0,34.0,34.0,81.34,56.36,81.1,71.16,102.1,107.3,135.54,137.18,89.88,93.02,65.5,63.1,22.2,22.2,50.04,0.13,22.2,22.39,34.0,34.0,34.0,34.0,34.0,34.0,34.0,34.0,34.0,34.0,34.0,34.0,77.48,58.34,66.36,75.66,85.64,101.76,133.62,117.24,92.72,97.5,64.7,65.7,6.89,6.57,0.33,-0.59,4.78,4.94,-0.17,0.4,6.87,5.62,1.25,-2.62,6.03,6.41,-0.38,0.7,8.65,7.26,1.39,-2.27,9.09,8.62,0.47,-0.64,11.49,11.32,0.16,-0.17,11.63,9.94,1.69,-2.01,7.62,7.86,-0.24,0.36,7.88,8.26,-0.38,0.54,5.55,5.48,0.07,-0.15,5.35,5.57,-0.22,0.47,40.95,3.47,4.93,0.42,34.0,3.89,34.0,45.88,-0.9,43.9,3.72,1.8,0.15,34.0,3.87,34.0,45.7,-0.51,66.96,5.67,13.18,1.12,34.0,6.79,34.0,80.14,-2.37,95.33,8.08,1.76,0.15,34.0,8.23,34.0,97.09,-0.39,97.99,8.3,-1.71,-0.14,34.0,8.16,34.0,96.28,0.15,Level1,1,0.0
8,"Standing fan (Daison, long)",0.5,180.0,150.0,22,TskControl34,2025-02-21 14:35:33,2025-02-21_ID0_NoPCS_Ta22_TskControl34.csv,"2025-02-21_ID8_Standing fan (Daison, long)_Level5_Angle180_Distance150_Ta22_TskControl34.csv",33.2,12.56,38.04,19.88,63.1,79.98,63.3,60.7,18.72,15.12,-0.16,-3.06,22.2,22.4,72.4,0.12,22.3,22.97,34.0,34.0,34.0,34.0,34.0,34.0,33.98,34.0,34.0,34.0,34.0,34.0,110.68,70.9,104.4,95.54,148.74,181.74,196.92,177.94,111.44,112.62,64.54,62.64,22.2,22.2,50.04,0.13,22.2,22.39,34.0,34.0,34.0,34.0,34.0,34.0,34.0,34.0,34.0,34.0,34.0,34.0,77.48,58.34,66.36,75.66,85.64,101.76,133.62,117.24,92.72,97.5,64.7,65.7,9.46,6.57,2.89,-5.06,6.06,4.94,1.12,-2.54,8.92,5.62,3.3,-6.76,8.17,6.41,1.75,-3.1,12.71,7.26,5.46,-8.69,15.53,8.62,6.91,-9.27,16.86,11.32,5.54,-5.59,15.21,9.94,5.27,-6.11,9.52,7.86,1.67,-2.38,9.63,8.26,1.36,-1.83,5.52,5.48,0.03,0.03,5.35,5.57,-0.21,0.55,40.95,3.47,7.97,0.71,34.0,4.18,34.0,48.93,-0.9,43.9,3.72,25.79,2.24,34.0,5.96,34.0,69.69,-6.92,66.96,5.67,26.16,2.28,34.0,7.96,34.0,93.12,-4.71,95.33,8.08,71.08,6.14,34.0,14.22,34.0,166.41,-9.01,97.99,8.3,42.96,3.74,34.0,12.05,34.0,140.95,-5.38,Level5,3,0.5
8,"Standing fan (Daison, long)",0.5,225.0,150.0,22,TskControl34,2025-02-21 12:35:48,2025-02-21_ID0_NoPCS_Ta22_TskControl34.csv,"2025-02-21_ID8_Standing fan (Daison, long)_Level5_Angle225_Distance150_Ta22_TskControl34.csv",27.58,8.96,33.48,6.4,55.24,59.4,69.98,95.86,22.22,15.3,0.46,-3.7,22.2,22.2,55.96,0.09,22.2,22.43,34.0,34.0,34.0,34.0,34.0,34.0,32.72,33.44,34.0,34.0,34.0,34.0,105.06,67.3,99.84,82.06,140.88,161.16,203.6,213.1,114.94,112.8,65.16,62.0,22.2,22.2,50.04,0.13,22.2,22.39,34.0,34.0,34.0,34.0,34.0,34.0,34.0,34.0,34.0,34.0,34.0,34.0,77.48,58.34,66.36,75.66,85.64,101.76,133.62,117.24,92.72,97.5,64.7,65.7,8.9,6.57,2.34,-4.2,5.7,4.94,0.76,-1.81,8.46,5.62,2.84,-5.95,6.95,6.41,0.54,-1.0,11.94,7.26,4.68,-7.61,13.66,8.62,5.03,-6.89,19.35,11.32,8.03,-6.18,18.96,9.94,9.02,-9.65,9.74,7.86,1.88,-2.83,9.56,8.26,1.3,-1.85,5.52,5.48,0.04,-0.08,5.25,5.57,-0.31,0.66,40.95,3.47,11.59,0.98,34.0,4.45,34.0,52.55,-2.3,43.9,3.72,8.65,0.73,34.0,4.45,34.0,52.55,-2.36,66.96,5.67,28.96,2.45,34.0,8.13,34.0,95.92,-5.11,95.33,8.08,51.2,4.34,34.0,12.42,34.0,146.53,-6.55,97.99,8.3,26.23,2.22,34.0,10.53,34.0,124.22,-3.3,Level5,3,0.5
8,"Standing fan (Daison, long)",0.75,180.0,150.0,22,TskControl34,2025-02-21 14:57:58,2025-02-21_ID0_NoPCS_Ta22_TskControl34.csv,"2025-02-21_ID8_Standing fan (Daison, long)_Level8_Angle180_Distance150_Ta22_TskControl34.csv",41.38,16.3,45.28,26.26,78.6,100.7,69.54,89.7,24.84,22.46,-1.4,-1.4,22.3,22.4,65.82,0.05,22.36,22.99,34.0,34.0,34.0,34.0,34.0,34.0,33.02,34.0,34.0,34.0,34.0,34.0,118.86,74.64,111.64,101.92,164.24,202.46,203.16,206.94,117.56,119.96,63.3,64.3,22.2,22.2,50.04,0.13,22.2,22.39,34.0,34.0,34.0,34.0,34.0,34.0,34.0,34.0,34.0,34.0,34.0,34.0,77.48,58.34,66.36,75.66,85.64,101.76,133.62,117.24,92.72,97.5,64.7,65.7,10.21,6.57,3.65,-6.3,6.41,4.94,1.47,-3.3,9.59,5.62,3.97,-8.05,8.76,6.41,2.34,-4.1,14.11,7.26,6.85,-10.83,17.39,8.62,8.77,-11.68,19.06,11.32,7.73,-6.14,17.78,9.94,7.84,-9.03,10.1,7.86,2.24,-3.16,10.31,8.26,2.04,-2.72,5.44,5.48,-0.04,0.26,5.52,5.57,-0.04,0.25,40.95,3.47,9.34,0.85,34.0,4.32,34.0,50.29,-1.19,43.9,3.72,31.79,2.78,34.0,6.5,34.0,75.69,-8.52,66.96,5.67,33.19,2.93,34.0,8.6,34.0,100.14,-5.97,95.33,8.08,82.71,7.22,34.0,15.3,34.0,178.04,-10.42,97.99,8.3,54.97,4.84,34.0,13.14,34.0,152.96,-6.84,Level8,4,0.75
8,"Standing fan (Daison, long)",0.75,225.0,150.0,22,TskControl34,2025-02-21 13:06:53,2025-02-21_ID0_NoPCS_Ta22_TskControl34.csv,"2025-02-21_ID8_Standing fan (Daison, long)_Level8_Angle225_Distance150_Ta22_TskControl34.csv",36.68,14.6,40.34,14.74,70.14,77.82,71.34,98.12,31.4,26.68,-0.08,-2.12,22.3,22.3,56.35,0.02,22.3,22.54,33.9,34.0,34.0,34.0,34.0,34.0,31.36,31.24,34.0,34.0,34.0,34.0,114.16,72.94,106.7,90.4,155.78,179.58,204.96,215.36,124.12,124.18,64.62,63.58,22.2,22.2,50.04,0.13,22.2,22.39,34.0,34.0,34.0,34.0,34.0,34.0,34.0,34.0,34.0,34.0,34.0,34.0,77.48,58.34,66.36,75.66,85.64,101.76,133.62,117.24,92.72,97.5,64.7,65.7,9.84,6.57,3.28,-5.59,6.23,4.94,1.29,-2.95,9.12,5.62,3.5,-7.17,7.73,6.41,1.31,-2.3,13.31,7.26,6.06,-9.66,15.35,8.62,6.72,-9.02,22.62,11.32,11.3,-6.3,24.09,9.94,14.15,-9.88,10.61,7.86,2.75,-4.0,10.61,8.26,2.35,-3.23,5.52,5.48,0.04,0.01,5.43,5.57,-0.13,0.38,40.95,3.47,14.34,1.26,34.0,4.73,34.0,55.29,-2.66,43.9,3.72,10.31,0.91,34.0,4.63,34.0,54.21,-2.81,66.96,5.67,37.75,3.27,34.0,8.95,34.0,104.7,-6.68,95.33,8.08,72.35,6.25,34.0,14.33,34.0,167.68,-9.21,97.99,8.3,39.15,3.42,34.0,11.72,34.0,137.14,-4.88,Level8,4,0.75
8,"Standing fan (Daison, long)",1.0,180.0,150.0,22,TskControl34,2025-02-21 15:14:53,2025-02-21_ID0_NoPCS_Ta22_TskControl34.csv,"2025-02-21_ID8_Standing fan (Daison, long)_Level10_Angle180_Distance150_Ta22_TskControl34.csv",40.28,16.44,45.36,23.92,74.84,93.52,68.78,75.48,22.44,17.96,-1.34,-2.7,22.3,22.3,55.99,0.0,22.3,22.63,34.0,34.0,34.0,34.0,34.0,34.0,33.78,34.0,34.0,34.0,34.0,34.0,117.76,74.78,111.72,99.58,160.48,195.28,202.4,192.72,115.16,115.46,63.36,63.0,22.2,22.2,50.04,0.13,22.2,22.39,34.0,34.0,34.0,34.0,34.0,34.0,34.0,34.0,34.0,34.0,34.0,34.0,77.48,58.34,66.36,75.66,85.64,101.76,133.62,117.24,92.72,97.5,64.7,65.7,10.06,6.57,3.5,-6.13,6.39,4.94,1.45,-3.33,9.55,5.62,3.92,-8.07,8.51,6.41,2.1,-3.73,13.72,7.26,6.46,-10.31,16.69,8.62,8.07,-10.84,17.63,11.32,6.31,-6.07,16.47,9.94,6.54,-7.6,9.84,7.86,1.99,-2.86,9.87,8.26,1.61,-2.17,5.42,5.48,-0.07,0.24,5.38,5.57,-0.18,0.48,40.95,3.47,11.51,1.01,34.0,4.48,34.0,52.46,-1.82,43.9,3.72,30.62,2.65,34.0,6.37,34.0,74.52,-8.21,66.96,5.67,33.61,2.92,34.0,8.6,34.0,100.57,-6.07,95.33,8.08,84.34,7.28,34.0,15.36,34.0,179.67,-10.66,97.99,8.3,53.53,4.65,34.0,12.95,34.0,151.52,-6.63,Level10,5,1.0
8,"Standing fan (Daison, long)",1.0,225.0,150.0,22,TskControl34,2025-02-21 13:23:33,2025-02-21_ID0_NoPCS_Ta22_TskControl34.csv,"2025-02-21_ID8_Standing fan (Daison, long)_Level10_Angle225_Distance150_Ta22_TskControl34.csv",35.36,11.86,38.52,15.0,64.64,74.66,71.16,97.7,27.48,20.34,-1.72,-1.42,22.3,22.3,54.9,0.12,22.3,22.6,33.9,34.0,34.0,34.0,34.0,34.0,31.6,31.6,34.0,34.0,34.0,34.0,112.84,70.2,104.88,90.66,150.28,176.42,204.78,214.94,120.2,117.84,62.98,64.28,22.2,22.2,50.04,0.13,22.2,22.39,34.0,34.0,34.0,34.0,34.0,34.0,34.0,34.0,34.0,34.0,34.0,34.0,77.48,58.34,66.36,75.66,85.64,101.76,133.62,117.24,92.72,97.5,64.7,65.7,9.73,6.57,3.16,-5.39,6.0,4.94,1.06,-2.4,8.96,5.62,3.34,-6.85,7.75,6.41,1.34,-2.34,12.84,7.26,5.59,-8.91,15.08,8.62,6.45,-8.66,22.02,11.32,10.7,-6.28,23.11,9.94,13.18,-9.83,10.27,7.86,2.42,-3.5,10.07,8.26,1.81,-2.46,5.38,5.48,-0.1,0.31,5.49,5.57,-0.07,0.26,40.95,3.47,15.58,1.36,34.0,4.83,34.0,56.54,-3.03,43.9,3.72,10.54,0.93,34.0,4.65,34.0,54.44,-2.87,66.96,5.67,39.83,3.45,34.0,9.13,34.0,106.79,-7.04,95.33,8.08,66.28,5.73,34.0,13.81,34.0,161.61,-8.43,97.99,8.3,39.19,3.42,34.0,11.72,34.0,137.18,-4.84,Level10,5,1.0
8,"Standing fan (Daison, long)",0.0,180.0,150.0,22,TskControl34,2025-02-21 13:47:13,2025-02-21_ID0_NoPCS_Ta22_TskControl34.csv,"2025-02-21_ID8_Standing fan (Daison, long)_Level1_Angle180_Distance150_Ta22_TskControl34.csv",4.4,0.12,18.78,-8.08,32.7,24.18,15.98,11.58,-4.2,-7.44,-2.48,-4.16,22.2,22.4,54.52,0.13,22.29,22.58,34.0,34.0,34.0,34.0,34.0,34.0,34.0,34.0,34.0,34.0,34.0,34.0,81.88,58.46,85.14,67.58,118.34,125.94,149.6,128.82,88.52,90.06,62.22,61.54,22.2,22.2,50.04,0.13,22.2,22.39,34.0,34.0,34.0,34.0,34.0,34.0,34.0,34.0,34.0,34.0,34.0,34.0,77.48,58.34,66.36,75.66,85.64,101.76,133.62,117.24,92.72,97.5,64.7,65.7,6.99,6.57,0.43,-0.67,4.99,4.94,0.05,-0.02,7.27,5.62,1.65,-3.34,5.77,6.41,-0.64,1.26,10.11,7.26,2.85,-4.51,10.75,8.62,2.13,-2.8,12.78,11.32,1.45,-1.41,11.0,9.94,1.07,-1.17,7.56,7.86,-0.3,0.53,7.69,8.26,-0.57,0.9,5.31,5.48,-0.17,0.45,5.26,5.57,-0.31,0.75,40.95,3.47,5.91,0.53,34.0,4.0,34.0,46.86,-0.41,43.9,3.72,7.53,0.67,34.0,4.39,34.0,51.43,-2.04,66.96,5.67,6.39,0.59,34.0,6.26,34.0,73.35,-1.3,95.33,8.08,6.67,0.63,34.0,8.71,34.0,102.0,-1.03,97.99,8.3,-5.77,-0.43,34.0,7.88,34.0,92.22,0.53,Level1,1,0.0
8,"Standing fan (Daison, long)",0.25,180.0,150.0,22,TskControl34,2025-02-21 14:17:58,2025-02-21_ID0_NoPCS_Ta22_TskControl34.csv,"2025-02-21_ID8_Standing fan (Daison, long)_Level3_Angle180_Distance150_Ta22_TskControl34.csv",17.74,4.64,27.64,3.48,48.02,45.14,23.74,30.18,6.66,1.6,-1.34,-4.6,22.3,22.3,66.24,0.0,22.3,22.9,34.0,34.0,34.0,34.0,34.0,34.0,34.0,34.0,34.0,34.0,34.0,34.0,95.22,62.98,94.0,79.14,133.66,146.9,157.36,147.42,99.38,99.1,63.36,61.1,22.2,22.2,50.04,0.13,22.2,22.39,34.0,34.0,34.0,34.0,34.0,34.0,34.0,34.0,34.0,34.0,34.0,34.0,77.48,58.34,66.36,75.66,85.64,101.76,133.62,117.24,92.72,97.5,64.7,65.7,8.14,6.57,1.57,-2.7,5.38,4.94,0.44,-0.94,8.03,5.62,2.41,-4.91,6.76,6.41,0.35,-0.54,11.42,7.26,4.17,-6.62,12.56,8.62,3.93,-5.23,13.45,11.32,2.13,-2.1,12.6,9.94,2.66,-3.04,8.49,7.86,0.64,-0.85,8.47,8.26,0.21,-0.19,5.42,5.48,-0.07,0.24,5.22,5.57,-0.35,0.83,40.95,3.47,5.87,0.53,34.0,4.0,34.0,46.82,-0.53,43.9,3.72,17.09,1.49,34.0,5.21,34.0,60.99,-4.6,66.96,5.67,14.52,1.29,34.0,6.96,34.0,81.48,-2.7,95.33,8.08,40.69,3.55,34.0,11.63,34.0,136.02,-5.2,97.99,8.3,20.58,1.83,34.0,10.13,34.0,118.57,-2.59,Level3,2,0.25
8,"Standing fan (Daison, long)",0.0,225.0,150.0,22,TskControl34,2025-02-21 11:38:03,2025-02-21_ID0_NoPCS_Ta22_TskControl34.csv,"2025-02-21_ID8_Standing fan (Daison, long)_Level1_Angle225_Distance150_Ta22_TskControl34.csv",3.86,-1.98,14.74,-4.5,16.46,5.54,1.92,19.94,-2.84,-4.48,0.8,-2.6,22.2,22.2,52.06,0.0,22.2,22.43,34.0,34.0,34.0,34.0,34.0,34.0,34.0,34.0,34.0,34.0,34.0,34.0,81.34,56.36,81.1,71.16,102.1,107.3,135.54,137.18,89.88,93.02,65.5,63.1,22.2,22.2,50.04,0.13,22.2,22.39,34.0,34.0,34.0,34.0,34.0,34.0,34.0,34.0,34.0,34.0,34.0,34.0,77.48,58.34,66.36,75.66,85.64,101.76,133.62,117.24,92.72,97.5,64.7,65.7,6.89,6.57,0.33,-0.59,4.78,4.94,-0.17,0.4,6.87,5.62,1.25,-2.62,6.03,6.41,-0.38,0.7,8.65,7.26,1.39,-2.27,9.09,8.62,0.47,-0.64,11.49,11.32,0.16,-0.17,11.63,9.94,1.69,-2.01,7.62,7.86,-0.24,0.36,7.88,8.26,-0.38,0.54,5.55,5.48,0.07,-0.15,5.35,5.57,-0.22,0.47,40.95,3.47,4.93,0.42,34.0,3.89,34.0,45.88,-0.9,43.9,3.72,1.8,0.15,34.0,3.87,34.0,45.7,-0.51,66.96,5.67,13.18,1.12,34.0,6.79,34.0,80.14,-2.37,95.33,8.08,1.76,0.15,34.0,8.23,34.0,97.09,-0.39,97.99,8.3,-1.71,-0.14,34.0,8.16,34.0,96.28,0.15,Level1,1,0.0
8,"Standing fan (Daison, long)",0.0,180.0,150.0,22,TskControl34,2025-02-21 13:47:13,2025-02-21_ID0_NoPCS_Ta22_TskControl34.csv,"2025-02-21_ID8_Standing fan (Daison, long)_Level1_Angle180_Distance150_Ta22_TskControl34.csv",4.4,0.12,18.78,-8.08,32.7,24.18,15.98,11.58,-4.2,-7.44,-2.48,-4.16,22.2,22.4,54.52,0.13,22.29,22.58,34.0,34.0,34.0,34.0,34.0,34.0,34.0,34.0,34.0,34.0,34.0,34.0,81.88,58.46,85.14,67.58,118.34,125.94,149.6,128.82,88.52,90.06,62.22,61.54,22.2,22.2,50.04,0.13,22.2,22.39,34.0,34.0,34.0,34.0,34.0,34.0,34.0,34.0,34.0,34.0,34.0,34.0,77.48,58.34,66.36,75.66,85.64,101.76,133.62,117.24,92.72,97.5,64.7,65.7,6.99,6.57,0.43,-0.67,4.99,4.94,0.05,-0.02,7.27,5.62,1.65,-3.34,5.77,6.41,-0.64,1.26,10.11,7.26,2.85,-4.51,10.75,8.62,2.13,-2.8,12.78,11.32,1.45,-1.41,11.0,9.94,1.07,-1.17,7.56,7.86,-0.3,0.53,7.69,8.26,-0.57,0.9,5.31,5.48,-0.17,0.45,5.26,5.57,-0.31,0.75,40.95,3.47,5.91,0.53,34.0,4.0,34.0,46.86,-0.41,43.9,3.72,7.53,0.67,34.0,4.39,34.0,51.43,-2.04,66.96,5.67,6.39,0.59,34.0,6.26,34.0,73.35,-1.3,95.33,8.08,6.67,0.63,34.0,8.71,34.0,102.0,-1.03,97.99,8.3,-5.77,-0.43,34.0,7.88,34.0,92.22,0.53,Level1,1,0.0
8,"Standing fan (Daison, long)",0.25,180.0,150.0,22,TskControl34,2025-02-21 14:17:58,2025-02-21_ID0_NoPCS_Ta22_TskControl34.csv,"2025-02-21_ID8_Standing fan (Daison, long)_Level3_Angle180_Distance150_Ta22_TskControl34.csv",17.74,4.64,27.64,3.48,48.02,45.14,23.74,30.18,6.66,1.6,-1.34,-4.6,22.3,22.3,66.24,0.0,22.3,22.9,34.0,34.0,34.0,34.0,34.0,34.0,34.0,34.0,34.0,34.0,34.0,34.0,95.22,62.98,94.0,79.14,133.66,146.9,157.36,147.42,99.38,99.1,63.36,61.1,22.2,22.2,50.04,0.13,22.2,22.39,34.0,34.0,34.0,34.0,34.0,34.0,34.0,34.0,34.0,34.0,34.0,34.0,77.48,58.34,66.36,75.66,85.64,101.76,133.62,117.24,92.72,97.5,64.7,65.7,8.14,6.57,1.57,-2.7,5.38,4.94,0.44,-0.94,8.03,5.62,2.41,-4.91,6.76,6.41,0.35,-0.54,11.42,7.26,4.17,-6.62,12.56,8.62,3.93,-5.23,13.45,11.32,2.13,-2.1,12.6,9.94,2.66,-3.04,8.49,7.86,0.64,-0.85,8.47,8.26,0.21,-0.19,5.42,5.48,-0.07,0.24,5.22,5.57,-0.35,0.83,40.95,3.47,5.87,0.53,34.0,4.0,34.0,46.82,-0.53,43.9,3.72,17.09,1.49,34.0,5.21,34.0,60.99,-4.6,66.96,5.67,14.52,1.29,34.0,6.96,34.0,81.48,-2.7,95.33,8.08,40.69,3.55,34.0,11.63,34.0,136.02,-5.2,97.99,8.3,20.58,1.83,34.0,10.13,34.0,118.57,-2.59,Level3,2,0.25
8,"Standing fan (Daison, long)",0.5,180.0,150.0,22,TskControl34,2025-02-21 14:35:33,2025-02-21_ID0_NoPCS_Ta22_TskControl34.csv,"2025-02-21_ID8_Standing fan (Daison, long)_Level5_Angle180_Distance150_Ta22_TskControl34.csv",33.2,12.56,38.04,19.88,63.1,79.98,63.3,60.7,18.72,15.12,-0.16,-3.06,22.2,22.4,72.4,0.12,22.3,22.97,34.0,34.0,34.0,34.0,34.0,34.0,33.98,34.0,34.0,34.0,34.0,34.0,110.68,70.9,104.4,95.54,148.74,181.74,196.92,177.94,111.44,112.62,64.54,62.64,22.2,22.2,50.04,0.13,22.2,22.39,34.0,34.0,34.0,34.0,34.0,34.0,34.0,34.0,34.0,34.0,34.0,34.0,77.48,58.34,66.36,75.66,85.64,101.76,133.62,117.24,92.72,97.5,64.7,65.7,9.46,6.57,2.89,-5.06,6.06,4.94,1.12,-2.54,8.92,5.62,3.3,-6.76,8.17,6.41,1.75,-3.1,12.71,7.26,5.46,-8.69,15.53,8.62,6.91,-9.27,16.86,11.32,5.54,-5.59,15.21,9.94,5.27,-6.11,9.52,7.86,1.67,-2.38,9.63,8.26,1.36,-1.83,5.52,5.48,0.03,0.03,5.35,5.57,-0.21,0.55,40.95,3.47,7.97,0.71,34.0,4.18,34.0,48.93,-0.9,43.9,3.72,25.79,2.24,34.0,5.96,34.0,69.69,-6.92,66.96,5.67,26.16,2.28,34.0,7.96,34.0,93.12,-4.71,95.33,8.08,71.08,6.14,34.0,14.22,34.0,166.41,-9.01,97.99,8.3,42.96,3.74,34.0,12.05,34.0,140.95,-5.38,Level5,3,0.5
8,"Standing fan (Daison, long)",0.5,225.0,150.0,22,TskControl34,2025-02-21 12:35:48,2025-02-21_ID0_NoPCS_Ta22_TskControl34.csv,"2025-02-21_ID8_Standing fan (Daison, long)_Level5_Angle225_Distance150_Ta22_TskControl34.csv",27.58,8.96,33.48,6.4,55.24,59.4,69.98,95.86,22.22,15.3,0.46,-3.7,22.2,22.2,55.96,0.09,22.2,22.43,34.0,34.0,34.0,34.0,34.0,34.0,32.72,33.44,34.0,34.0,34.0,34.0,105.06,67.3,99.84,82.06,140.88,161.16,203.6,213.1,114.94,112.8,65.16,62.0,22.2,22.2,50.04,0.13,22.2,22.39,34.0,34.0,34.0,34.0,34.0,34.0,34.0,34.0,34.0,34.0,34.0,34.0,77.48,58.34,66.36,75.66,85.64,101.76,133.62,117.24,92.72,97.5,64.7,65.7,8.9,6.57,2.34,-4.2,5.7,4.94,0.76,-1.81,8.46,5.62,2.84,-5.95,6.95,6.41,0.54,-1.0,11.94,7.26,4.68,-7.61,13.66,8.62,5.03,-6.89,19.35,11.32,8.03,-6.18,18.96,9.94,9.02,-9.65,9.74,7.86,1.88,-2.83,9.56,8.26,1.3,-1.85,5.52,5.48,0.04,-0.08,5.25,5.57,-0.31,0.66,40.95,3.47,11.59,0.98,34.0,4.45,34.0,52.55,-2.3,43.9,3.72,8.65,0.73,34.0,4.45,34.0,52.55,-2.36,66.96,5.67,28.96,2.45,34.0,8.13,34.0,95.92,-5.11,95.33,8.08,51.2,4.34,34.0,12.42,34.0,146.53,-6.55,97.99,8.3,26.23,2.22,34.0,10.53,34.0,124.22,-3.3,Level5,3,0.5
8,"Standing fan (daison, long)",0.25,180.0,150.0,25,TskControl34,2025-02-04 16:58:49,2025-02-04_ID0_NoPCS_Ta25_TskControl34.csv,"2025-02-04_ID8_Standing fan (daison, long)_Level3_Angle180_Distance150_Ta25_TskControl34.csv",15.52,2.92,26.14,6.7,41.24,27.1,37.56,26.6,9.14,4.22,-2.14,-3.72,24.9,25.0,54.5,0.07,24.95,25.36,34.0,34.0,34.0,34.0,34.0,34.0,34.0,34.0,34.0,34.0,34.0,34.0,71.34,46.18,75.04,60.96,100.94,96.22,122.82,109.82,77.54,72.58,47.52,44.54,25.4,25.2,56.77,0.08,25.29,25.72,34.0,34.0,34.0,34.0,34.0,34.0,34.0,34.0,34.0,34.0,34.0,34.0,55.82,43.26,48.9,54.26,59.7,69.12,85.26,83.22,68.4,68.36,49.66,48.26,7.88,6.41,1.47,-2.42,5.1,4.97,0.14,-0.59,8.29,5.61,2.68,-4.66,6.74,6.23,0.51,-1.08,11.15,6.85,4.3,-6.02,10.63,7.94,2.7,-3.41,13.57,9.79,3.78,-3.84,12.13,9.55,2.58,-2.78,8.57,7.85,0.71,-1.16,8.02,7.85,0.17,-0.54,5.25,5.7,-0.45,0.38,4.92,5.54,-0.62,0.67,29.03,3.33,6.68,0.61,34.0,3.95,34.0,35.71,-1.3,32.18,3.69,8.87,0.84,34.0,4.54,34.0,41.05,-2.44,50.17,5.76,11.71,1.08,34.0,6.84,34.0,61.88,-2.18,68.87,7.91,36.51,3.74,34.0,11.64,34.0,105.38,-4.76,70.09,8.05,17.13,1.59,34.0,9.64,34.0,87.22,-2.16,Level3,2,0.25
8,"Standing fan (daison, long)",0.0,270.0,150.0,25,TskControl34,2025-02-04 12:55:49,2025-02-04_ID0_NoPCS_Ta25_TskControl34.csv,"2025-02-04_ID8_Standing fan (daison, long)_Level1_Angle270_Distance150_Ta25_TskControl34.csv",3.6,-8.38,5.08,2.34,0.16,4.6,4.34,5.0,3.32,2.56,-2.14,-2.06,25.4,25.4,52.23,0.17,25.4,25.68,34.0,34.0,34.0,34.0,34.0,34.0,34.0,34.0,34.0,34.0,34.0,34.0,59.42,34.88,53.98,56.6,59.86,73.72,89.6,88.22,71.72,70.92,47.52,46.2,25.4,25.2,56.77,0.08,25.29,25.72,34.0,34.0,34.0,34.0,34.0,34.0,34.0,34.0,34.0,34.0,34.0,34.0,55.82,43.26,48.9,54.26,59.7,69.12,85.26,83.22,68.4,68.36,49.66,48.26,6.91,6.41,0.5,-0.56,4.06,4.97,-0.91,1.69,6.28,5.61,0.66,-0.9,6.58,6.23,0.35,-0.38,6.96,6.85,0.11,-0.02,8.57,7.94,0.64,-0.58,10.42,9.79,0.63,-0.44,10.26,9.55,0.7,-0.52,8.34,7.85,0.49,-0.42,8.25,7.85,0.4,-0.33,5.53,5.7,-0.18,0.38,5.37,5.54,-0.17,0.37,29.03,3.33,5.26,0.65,34.0,3.99,34.0,34.29,-1.45,32.18,3.69,-2.43,-0.24,34.0,3.46,34.0,29.75,0.64,50.17,5.76,15.08,1.83,34.0,7.59,34.0,65.25,-2.68,68.87,7.91,0.35,0.14,34.0,8.05,34.0,69.22,-0.06,70.09,8.05,1.95,0.33,34.0,8.38,34.0,72.04,-0.23,Level1,1,0.0
8,"Standing fan (daison, long)",0.5,270.0,150.0,25,TskControl34,2025-02-04 13:39:49,2025-02-04_ID0_NoPCS_Ta25_TskControl34.csv,"2025-02-04_ID8_Standing fan (daison, long)_Level5_Angle270_Distance150_Ta25_TskControl34.csv",19.36,0.14,18.16,14.14,14.76,15.62,23.58,14.12,28.48,26.26,5.2,3.18,25.2,25.2,52.85,0.11,25.2,25.51,34.0,34.0,34.0,34.0,34.0,34.0,34.0,34.0,34.0,34.0,34.0,34.0,75.18,43.4,67.06,68.4,74.46,84.74,108.84,97.34,96.88,94.62,54.86,51.44,25.4,25.2,56.77,0.08,25.29,25.72,34.0,34.0,34.0,34.0,34.0,34.0,34.0,34.0,34.0,34.0,34.0,34.0,55.82,43.26,48.9,54.26,59.7,69.12,85.26,83.22,68.4,68.36,49.66,48.26,8.54,6.41,2.13,-3.02,4.93,4.97,-0.03,-0.03,7.62,5.61,2.01,-3.23,7.77,6.23,1.54,-2.27,8.46,6.85,1.61,-2.15,9.63,7.94,1.69,-1.97,12.37,9.79,2.58,-2.41,11.06,9.55,1.51,-1.48,11.01,7.85,3.16,-3.63,10.75,7.85,2.9,-3.35,6.23,5.7,0.53,-0.91,5.85,5.54,0.3,-0.57,29.03,3.33,17.05,1.9,34.0,5.24,34.0,46.08,-4.88,32.18,3.69,6.74,0.73,34.0,4.42,34.0,38.92,-1.85,50.17,5.76,36.45,4.08,34.0,9.84,34.0,86.62,-6.38,68.87,7.91,19.61,2.15,34.0,10.05,34.0,88.48,-2.49,70.09,8.05,17.67,1.93,34.0,9.97,34.0,87.76,-2.17,Level5,3,0.5
8,"Standing fan (daison, long)",0.5,225.0,150.0,25,TskControl34,2025-02-04 15:59:49,2025-02-04_ID0_NoPCS_Ta25_TskControl34.csv,"2025-02-04_ID8_Standing fan (daison, long)_Level5_Angle225_Distance150_Ta25_TskControl34.csv",26.16,6.2,33.8,9.98,52.42,43.88,97.92,82.42,20.5,18.94,-4.22,-1.12,25.0,25.0,54.53,0.08,25.0,25.37,34.0,34.0,34.0,34.0,34.0,34.0,34.0,34.0,34.0,34.0,34.0,34.0,81.98,49.46,82.7,64.24,112.12,113.0,183.18,165.64,88.9,87.3,45.44,47.14,25.4,25.2,56.77,0.08,25.29,25.72,34.0,34.0,34.0,34.0,34.0,34.0,34.0,34.0,34.0,34.0,34.0,34.0,55.82,43.26,48.9,54.26,59.7,69.12,85.26,83.22,68.4,68.36,49.66,48.26,9.11,6.41,2.7,-4.08,5.5,4.97,0.53,-1.25,9.19,5.61,3.57,-6.02,7.14,6.23,0.91,-1.6,12.46,6.85,5.6,-7.65,12.56,7.94,4.62,-5.53,20.35,9.79,10.56,-10.0,18.4,9.55,8.85,-8.63,9.88,7.85,2.02,-2.61,9.7,7.85,1.85,-2.41,5.05,5.7,-0.65,0.74,5.24,5.54,-0.3,0.2,29.03,3.33,11.11,1.13,34.0,4.46,34.0,40.14,-2.17,32.18,3.69,9.37,0.92,34.0,4.62,34.0,41.55,-2.59,50.17,5.76,23.84,2.46,34.0,8.22,34.0,74.01,-4.15,68.87,7.91,44.34,4.67,34.0,12.58,34.0,113.21,-5.74,70.09,8.05,28.9,2.95,34.0,11.0,34.0,98.99,-3.59,Level5,3,0.5
8,"Standing fan (daison, long)",0.5,180.0,150.0,25,TskControl34,2025-02-04 17:11:49,2025-02-04_ID0_NoPCS_Ta25_TskControl34.csv,"2025-02-04_ID8_Standing fan (daison, long)_Level5_Angle180_Distance150_Ta25_TskControl34.csv",21.32,5.24,33.64,11.36,50.22,35.42,42.1,34.58,12.74,6.02,-2.8,0.48,25.0,25.2,54.18,0.13,25.09,25.45,34.0,34.0,34.0,34.0,34.0,34.0,34.0,34.0,34.0,34.0,34.0,34.0,77.14,48.5,82.54,65.62,109.92,104.54,127.36,117.8,81.14,74.38,46.86,48.74,25.4,25.2,56.77,0.08,25.29,25.72,34.0,34.0,34.0,34.0,34.0,34.0,34.0,34.0,34.0,34.0,34.0,34.0,55.82,43.26,48.9,54.26,59.7,69.12,85.26,83.22,68.4,68.36,49.66,48.26,8.66,6.41,2.25,-3.33,5.44,4.97,0.48,-1.06,9.26,5.61,3.65,-5.99,7.36,6.23,1.14,-1.82,12.34,6.85,5.48,-7.33,11.73,7.94,3.8,-4.46,14.29,9.79,4.51,-4.3,13.22,9.55,3.67,-3.62,9.11,7.85,1.25,-1.62,8.35,7.85,0.5,-0.77,5.26,5.7,-0.44,0.49,5.47,5.54,-0.07,-0.09,29.03,3.33,9.8,1.03,34.0,4.36,34.0,38.83,-1.75,32.18,3.69,11.05,1.16,34.0,4.85,34.0,43.23,-3.04,50.17,5.76,19.04,2.01,34.0,7.77,34.0,69.21,-3.51,68.87,7.91,46.63,5.06,34.0,12.96,34.0,115.5,-6.05,70.09,8.05,25.9,2.73,34.0,10.77,34.0,95.99,-3.24,Level5,3,0.5
8,"Standing fan (daison, long)",0.25,270.0,150.0,25,TskControl34,2025-02-04 13:20:49,2025-02-04_ID0_NoPCS_Ta25_TskControl34.csv,"2025-02-04_ID8_Standing fan (daison, long)_Level3_Angle270_Distance150_Ta25_TskControl34.csv",12.62,-3.46,11.78,9.7,9.68,9.68,14.94,7.28,18.04,17.36,3.26,1.48,25.3,25.3,52.2,0.06,25.3,25.58,34.0,34.0,34.0,34.0,34.0,34.0,34.0,34.0,34.0,34.0,34.0,34.0,68.44,39.8,60.68,63.96,69.38,78.8,100.2,90.5,86.44,85.72,52.92,49.74,25.4,25.2,56.77,0.08,25.29,25.72,34.0,34.0,34.0,34.0,34.0,34.0,34.0,34.0,34.0,34.0,34.0,34.0,55.82,43.26,48.9,54.26,59.7,69.12,85.26,83.22,68.4,68.36,49.66,48.26,7.87,6.41,1.46,-1.97,4.57,4.97,-0.39,0.7,6.97,5.61,1.36,-2.1,7.35,6.23,1.12,-1.56,7.97,6.85,1.12,-1.41,9.06,7.94,1.12,-1.22,11.52,9.79,1.73,-1.53,10.4,9.55,0.85,-0.76,9.94,7.85,2.08,-2.3,9.85,7.85,2.0,-2.21,6.08,5.7,0.38,-0.57,5.72,5.54,0.18,-0.27,29.03,3.33,12.95,1.49,34.0,4.83,34.0,41.99,-3.6,32.18,3.69,4.42,0.51,34.0,4.21,34.0,36.6,-1.21,50.17,5.76,27.81,3.2,34.0,8.96,34.0,77.98,-4.87,68.87,7.91,10.03,1.16,34.0,9.07,34.0,78.9,-1.29,70.09,8.05,9.07,1.05,34.0,9.1,34.0,79.16,-1.11,Level3,2,0.25
8,"Standing fan (daison, long)",0.25,225.0,150.0,25,TskControl34,2025-02-04 15:37:49,2025-02-04_ID0_NoPCS_Ta25_TskControl34.csv,"2025-02-04_ID8_Standing fan (daison, long)_Level3_Angle225_Distance150_Ta25_TskControl34.csv",14.7,-0.84,24.0,2.66,36.78,24.14,54.0,36.34,8.98,4.82,-2.3,-3.68,25.1,25.3,53.51,0.18,25.19,25.43,34.0,34.0,34.0,34.0,34.0,34.0,34.0,34.0,34.0,34.0,34.0,34.0,70.52,42.42,72.9,56.92,96.48,93.26,139.26,119.56,77.38,73.18,47.36,44.58,25.4,25.2,56.77,0.08,25.29,25.72,34.0,34.0,34.0,34.0,34.0,34.0,34.0,34.0,34.0,34.0,34.0,34.0,55.82,43.26,48.9,54.26,59.7,69.12,85.26,83.22,68.4,68.36,49.66,48.26,8.0,6.41,1.6,-2.29,4.81,4.97,-0.15,0.17,8.27,5.61,2.66,-4.27,6.46,6.23,0.23,-0.43,10.95,6.85,4.1,-5.37,10.59,7.94,2.65,-3.04,15.81,9.79,6.02,-5.52,13.57,9.55,4.02,-3.8,8.78,7.85,0.93,-1.14,8.31,7.85,0.46,-0.61,5.38,5.7,-0.33,0.4,5.06,5.54,-0.48,0.66,29.03,3.33,7.5,0.81,34.0,4.15,34.0,36.54,-1.37,32.18,3.69,4.36,0.45,34.0,4.15,34.0,36.54,-1.23,50.17,5.76,17.84,1.96,34.0,7.72,34.0,68.01,-3.09,68.87,7.91,25.49,2.8,34.0,10.71,34.0,94.36,-3.28,70.09,8.05,15.69,1.69,34.0,9.74,34.0,85.78,-1.93,Level3,2,0.25
8,"Standing fan (daison, long)",0.75,270.0,150.0,25,TskControl34,2025-02-04 13:57:49,2025-02-04_ID0_NoPCS_Ta25_TskControl34.csv,"2025-02-04_ID8_Standing fan (daison, long)_Level8_Angle270_Distance150_Ta25_TskControl34.csv",27.32,5.44,20.78,18.04,19.46,24.2,28.04,27.08,40.24,36.82,6.96,5.44,25.3,25.3,52.54,0.09,25.3,25.51,34.0,34.0,34.0,34.0,34.0,34.0,34.0,34.0,34.0,34.0,34.0,34.0,83.14,48.7,69.68,72.3,79.16,93.32,113.3,110.3,108.64,105.18,56.62,53.7,25.4,25.2,56.77,0.08,25.29,25.72,34.0,34.0,34.0,34.0,34.0,34.0,34.0,34.0,34.0,34.0,34.0,34.0,55.82,43.26,48.9,54.26,59.7,69.12,85.26,83.22,68.4,68.36,49.66,48.26,9.56,6.41,3.15,-4.26,5.6,4.97,0.63,-1.1,8.01,5.61,2.39,-3.7,8.31,6.23,2.08,-2.9,9.1,6.85,2.24,-2.84,10.73,7.94,2.79,-3.05,13.02,9.79,3.23,-2.86,12.68,9.55,3.12,-2.83,12.49,7.85,4.63,-5.12,12.09,7.85,4.24,-4.69,6.51,5.7,0.81,-1.22,6.17,5.54,0.63,-0.98,29.03,3.33,20.56,2.37,34.0,5.7,34.0,49.59,-5.85,32.18,3.69,10.78,1.24,34.0,4.94,34.0,42.96,-2.95,50.17,5.76,45.89,5.28,34.0,11.04,34.0,96.06,-8.01,68.87,7.91,31.47,3.63,34.0,11.53,34.0,100.34,-3.98,70.09,8.05,30.87,3.56,34.0,11.6,34.0,100.96,-3.79,Level8,4,0.75
8,"Standing fan (daison, long)",0.75,180.0,150.0,25,TskControl34,2025-02-04 17:24:49,2025-02-04_ID0_NoPCS_Ta25_TskControl34.csv,"2025-02-04_ID8_Standing fan (daison, long)_Level8_Angle180_Distance150_Ta25_TskControl34.csv",30.74,7.98,41.86,17.68,67.4,50.66,74.4,57.76,19.16,13.0,-2.42,-1.04,25.2,25.1,53.88,0.07,25.15,25.46,34.0,34.0,34.0,34.0,34.0,34.0,34.0,34.0,34.0,34.0,34.0,34.0,86.56,51.24,90.76,71.94,127.1,119.78,159.66,140.98,87.56,81.36,47.24,47.22,25.4,25.2,56.77,0.08,25.29,25.72,34.0,34.0,34.0,34.0,34.0,34.0,34.0,34.0,34.0,34.0,34.0,34.0,55.82,43.26,48.9,54.26,59.7,69.12,85.26,83.22,68.4,68.36,49.66,48.26,9.78,6.41,3.37,-4.8,5.79,4.97,0.82,-1.61,10.26,5.61,4.64,-7.46,8.13,6.23,1.9,-2.84,14.36,6.85,7.51,-9.83,13.53,7.94,5.6,-6.38,18.04,9.79,8.25,-7.6,15.93,9.55,6.38,-6.05,9.89,7.85,2.04,-2.44,9.19,7.85,1.34,-1.66,5.34,5.7,-0.36,0.42,5.34,5.54,-0.21,0.19,29.03,3.33,11.66,1.26,34.0,4.6,34.0,40.69,-1.86,32.18,3.69,16.28,1.78,34.0,5.48,34.0,48.46,-4.44,50.17,5.76,26.88,2.95,34.0,8.71,34.0,77.05,-4.89,68.87,7.91,63.7,7.07,34.0,14.98,34.0,132.57,-8.21,70.09,8.05,39.67,4.36,34.0,12.4,34.0,109.76,-4.95,Level8,4,0.75
8,"Standing fan (daison, long)",0.75,225.0,150.0,25,TskControl34,2025-02-04 16:11:49,2025-02-04_ID0_NoPCS_Ta25_TskControl34.csv,"2025-02-04_ID8_Standing fan (daison, long)_Level8_Angle225_Distance150_Ta25_TskControl34.csv",32.64,10.16,38.8,13.44,62.72,55.1,117.54,108.5,26.36,25.72,-0.9,-0.94,24.9,24.9,54.15,0.0,24.9,25.26,34.0,34.0,34.0,34.0,34.0,34.0,33.94,34.0,34.0,34.0,34.0,34.0,88.46,53.42,87.7,67.7,122.42,124.22,202.8,191.72,94.76,94.08,48.76,47.32,25.4,25.2,56.77,0.08,25.29,25.72,34.0,34.0,34.0,34.0,34.0,34.0,34.0,34.0,34.0,34.0,34.0,34.0,55.82,43.26,48.9,54.26,59.7,69.12,85.26,83.22,68.4,68.36,49.66,48.26,9.72,6.41,3.31,-5.09,5.87,4.97,0.9,-2.05,9.64,5.61,4.02,-6.91,7.44,6.23,1.21,-2.16,13.45,6.85,6.6,-9.15,13.65,7.94,5.71,-6.94,22.43,9.79,12.64,-12.01,21.07,9.55,11.51,-11.36,10.41,7.85,2.56,-3.36,10.34,7.85,2.49,-3.28,5.36,5.7,-0.34,0.16,5.2,5.54,-0.34,0.17,29.03,3.33,14.74,1.48,34.0,4.81,34.0,43.77,-2.95,32.18,3.69,12.42,1.21,34.0,4.9,34.0,44.6,-3.41,50.17,5.76,28.93,2.93,34.0,8.69,34.0,79.1,-5.09,68.87,7.91,53.2,5.51,34.0,13.41,34.0,122.07,-6.86,70.09,8.05,35.83,3.59,34.0,11.64,34.0,105.92,-4.46,Level8,4,0.75
8,"Standing fan (daison, long)",0.0,180.0,150.0,25,TskControl34,2025-02-04 16:37:49,2025-02-04_ID0_NoPCS_Ta25_TskControl34.csv,"2025-02-04_ID8_Standing fan (daison, long)_Level1_Angle180_Distance150_Ta25_TskControl34.csv",6.76,-0.26,20.94,-1.72,30.72,15.12,26.08,18.54,-1.64,-4.28,-3.2,-1.96,25.2,25.1,53.19,0.05,25.14,25.43,34.0,34.0,34.0,34.0,34.0,34.0,34.0,34.0,34.0,34.0,34.0,34.0,62.58,43.0,69.84,52.54,90.42,84.24,111.34,101.76,66.76,64.08,46.46,46.3,25.4,25.2,56.77,0.08,25.29,25.72,34.0,34.0,34.0,34.0,34.0,34.0,34.0,34.0,34.0,34.0,34.0,34.0,55.82,43.26,48.9,54.26,59.7,69.12,85.26,83.22,68.4,68.36,49.66,48.26,7.06,6.41,0.65,-1.05,4.85,4.97,-0.11,0.05,7.88,5.61,2.27,-3.73,5.93,6.23,-0.3,0.28,10.21,6.85,3.35,-4.48,9.51,7.94,1.57,-1.91,12.57,9.79,2.78,-2.66,11.49,9.55,1.93,-1.94,7.53,7.85,-0.32,0.21,7.23,7.85,-0.62,0.55,5.24,5.7,-0.46,0.56,5.23,5.54,-0.32,0.35,29.03,3.33,5.09,0.52,34.0,3.85,34.0,34.12,-0.66,32.18,3.69,5.07,0.51,34.0,4.2,34.0,37.25,-1.42,50.17,5.76,5.86,0.56,34.0,6.32,34.0,56.03,-1.13,68.87,7.91,14.29,1.48,34.0,9.39,34.0,83.16,-1.96,70.09,8.05,3.16,0.22,34.0,8.27,34.0,73.25,-0.42,Level1,1,0.0
8,"Standing fan (daison, long)",1.0,270.0,150.0,25,TskControl34,2025-02-04 14:10:00,2025-02-04_ID0_NoPCS_Ta25_TskControl34.csv,"2025-02-04_ID8_Standing fan (daison, long)_Level10_Angle270_Distance150_Ta25_TskControl34.csv",27.7,5.92,20.88,18.68,19.5,27.96,32.26,32.86,39.58,37.46,5.68,6.16,25.3,25.2,52.2,0.04,25.24,25.58,34.0,34.0,34.0,34.0,34.0,34.0,34.0,34.0,34.0,34.0,34.0,34.0,83.52,49.18,69.78,72.94,79.2,97.08,117.52,116.08,107.98,105.82,55.34,54.42,25.4,25.2,56.77,0.08,25.29,25.72,34.0,34.0,34.0,34.0,34.0,34.0,34.0,34.0,34.0,34.0,34.0,34.0,55.82,43.26,48.9,54.26,59.7,69.12,85.26,83.22,68.4,68.36,49.66,48.26,9.53,6.41,3.13,-4.32,5.61,4.97,0.65,-1.19,7.97,5.61,2.35,-3.72,8.33,6.23,2.1,-3.0,9.04,6.85,2.19,-2.84,11.08,7.94,3.15,-3.52,13.42,9.79,3.63,-3.3,13.25,9.55,3.7,-3.44,12.33,7.85,4.47,-5.04,12.08,7.85,4.23,-4.77,6.32,5.7,0.62,-1.0,6.21,5.54,0.67,-1.11,29.03,3.33,20.54,2.33,34.0,5.66,34.0,49.57,-5.66,32.18,3.69,11.04,1.24,34.0,4.93,34.0,43.22,-3.01,50.17,5.76,46.43,5.27,34.0,11.03,34.0,96.6,-8.1,68.87,7.91,31.87,3.59,34.0,11.5,34.0,100.74,-4.03,70.09,8.05,29.28,3.3,34.0,11.34,34.0,99.37,-3.61,Level10,5,1.0
8,"Standing fan (daison, long)",0.75,225.0,150.0,25,TskControl34,2025-02-04 16:11:49,2025-02-04_ID0_NoPCS_Ta25_TskControl34.csv,"2025-02-04_ID8_Standing fan (daison, long)_Level8_Angle225_Distance150_Ta25_TskControl34.csv",32.64,10.16,38.8,13.44,62.72,55.1,117.54,108.5,26.36,25.72,-0.9,-0.94,24.9,24.9,54.15,0.0,24.9,25.26,34.0,34.0,34.0,34.0,34.0,34.0,33.94,34.0,34.0,34.0,34.0,34.0,88.46,53.42,87.7,67.7,122.42,124.22,202.8,191.72,94.76,94.08,48.76,47.32,25.4,25.2,56.77,0.08,25.29,25.72,34.0,34.0,34.0,34.0,34.0,34.0,34.0,34.0,34.0,34.0,34.0,34.0,55.82,43.26,48.9,54.26,59.7,69.12,85.26,83.22,68.4,68.36,49.66,48.26,9.72,6.41,3.31,-5.09,5.87,4.97,0.9,-2.05,9.64,5.61,4.02,-6.91,7.44,6.23,1.21,-2.16,13.45,6.85,6.6,-9.15,13.65,7.94,5.71,-6.94,22.43,9.79,12.64,-12.01,21.07,9.55,11.51,-11.36,10.41,7.85,2.56,-3.36,10.34,7.85,2.49,-3.28,5.36,5.7,-0.34,0.16,5.2,5.54,-0.34,0.17,29.03,3.33,14.74,1.48,34.0,4.81,34.0,43.77,-2.95,32.18,3.69,12.42,1.21,34.0,4.9,34.0,44.6,-3.41,50.17,5.76,28.93,2.93,34.0,8.69,34.0,79.1,-5.09,68.87,7.91,53.2,5.51,34.0,13.41,34.0,122.07,-6.86,70.09,8.05,35.83,3.59,34.0,11.64,34.0,105.92,-4.46,Level8,4,0.75
8,"Standing fan (daison, long)",0.75,180.0,150.0,25,TskControl34,2025-02-04 17:24:49,2025-02-04_ID0_NoPCS_Ta25_TskControl34.csv,"2025-02-04_ID8_Standing fan (daison, long)_Level8_Angle180_Distance150_Ta25_TskControl34.csv",30.74,7.98,41.86,17.68,67.4,50.66,74.4,57.76,19.16,13.0,-2.42,-1.04,25.2,25.1,53.88,0.07,25.15,25.46,34.0,34.0,34.0,34.0,34.0,34.0,34.0,34.0,34.0,34.0,34.0,34.0,86.56,51.24,90.76,71.94,127.1,119.78,159.66,140.98,87.56,81.36,47.24,47.22,25.4,25.2,56.77,0.08,25.29,25.72,34.0,34.0,34.0,34.0,34.0,34.0,34.0,34.0,34.0,34.0,34.0,34.0,55.82,43.26,48.9,54.26,59.7,69.12,85.26,83.22,68.4,68.36,49.66,48.26,9.78,6.41,3.37,-4.8,5.79,4.97,0.82,-1.61,10.26,5.61,4.64,-7.46,8.13,6.23,1.9,-2.84,14.36,6.85,7.51,-9.83,13.53,7.94,5.6,-6.38,18.04,9.79,8.25,-7.6,15.93,9.55,6.38,-6.05,9.89,7.85,2.04,-2.44,9.19,7.85,1.34,-1.66,5.34,5.7,-0.36,0.42,5.34,5.54,-0.21,0.19,29.03,3.33,11.66,1.26,34.0,4.6,34.0,40.69,-1.86,32.18,3.69,16.28,1.78,34.0,5.48,34.0,48.46,-4.44,50.17,5.76,26.88,2.95,34.0,8.71,34.0,77.05,-4.89,68.87,7.91,63.7,7.07,34.0,14.98,34.0,132.57,-8.21,70.09,8.05,39.67,4.36,34.0,12.4,34.0,109.76,-4.95,Level8,4,0.75
8,"Standing fan (daison, long)",0.5,180.0,150.0,25,TskControl34,2025-02-04 17:11:49,2025-02-04_ID0_NoPCS_Ta25_TskControl34.csv,"2025-02-04_ID8_Standing fan (daison, long)_Level5_Angle180_Distance150_Ta25_TskControl34.csv",21.32,5.24,33.64,11.36,50.22,35.42,42.1,34.58,12.74,6.02,-2.8,0.48,25.0,25.2,54.18,0.13,25.09,25.45,34.0,34.0,34.0,34.0,34.0,34.0,34.0,34.0,34.0,34.0,34.0,34.0,77.14,48.5,82.54,65.62,109.92,104.54,127.36,117.8,81.14,74.38,46.86,48.74,25.4,25.2,56.77,0.08,25.29,25.72,34.0,34.0,34.0,34.0,34.0,34.0,34.0,34.0,34.0,34.0,34.0,34.0,55.82,43.26,48.9,54.26,59.7,69.12,85.26,83.22,68.4,68.36,49.66,48.26,8.66,6.41,2.25,-3.33,5.44,4.97,0.48,-1.06,9.26,5.61,3.65,-5.99,7.36,6.23,1.14,-1.82,12.34,6.85,5.48,-7.33,11.73,7.94,3.8,-4.46,14.29,9.79,4.51,-4.3,13.22,9.55,3.67,-3.62,9.11,7.85,1.25,-1.62,8.35,7.85,0.5,-0.77,5.26,5.7,-0.44,0.49,5.47,5.54,-0.07,-0.09,29.03,3.33,9.8,1.03,34.0,4.36,34.0,38.83,-1.75,32.18,3.69,11.05,1.16,34.0,4.85,34.0,43.23,-3.04,50.17,5.76,19.04,2.01,34.0,7.77,34.0,69.21,-3.51,68.87,7.91,46.63,5.06,34.0,12.96,34.0,115.5,-6.05,70.09,8.05,25.9,2.73,34.0,10.77,34.0,95.99,-3.24,Level5,3,0.5
8,"Standing fan (daison, long)",0.25,270.0,150.0,25,TskControl34,2025-02-04 13:20:49,2025-02-04_ID0_NoPCS_Ta25_TskControl34.csv,"2025-02-04_ID8_Standing fan (daison, long)_Level3_Angle270_Distance150_Ta25_TskControl34.csv",12.62,-3.46,11.78,9.7,9.68,9.68,14.94,7.28,18.04,17.36,3.26,1.48,25.3,25.3,52.2,0.06,25.3,25.58,34.0,34.0,34.0,34.0,34.0,34.0,34.0,34.0,34.0,34.0,34.0,34.0,68.44,39.8,60.68,63.96,69.38,78.8,100.2,90.5,86.44,85.72,52.92,49.74,25.4,25.2,56.77,0.08,25.29,25.72,34.0,34.0,34.0,34.0,34.0,34.0,34.0,34.0,34.0,34.0,34.0,34.0,55.82,43.26,48.9,54.26,59.7,69.12,85.26,83.22,68.4,68.36,49.66,48.26,7.87,6.41,1.46,-1.97,4.57,4.97,-0.39,0.7,6.97,5.61,1.36,-2.1,7.35,6.23,1.12,-1.56,7.97,6.85,1.12,-1.41,9.06,7.94,1.12,-1.22,11.52,9.79,1.73,-1.53,10.4,9.55,0.85,-0.76,9.94,7.85,2.08,-2.3,9.85,7.85,2.0,-2.21,6.08,5.7,0.38,-0.57,5.72,5.54,0.18,-0.27,29.03,3.33,12.95,1.49,34.0,4.83,34.0,41.99,-3.6,32.18,3.69,4.42,0.51,34.0,4.21,34.0,36.6,-1.21,50.17,5.76,27.81,3.2,34.0,8.96,34.0,77.98,-4.87,68.87,7.91,10.03,1.16,34.0,9.07,34.0,78.9,-1.29,70.09,8.05,9.07,1.05,34.0,9.1,34.0,79.16,-1.11,Level3,2,0.25
8,"Standing fan (daison, long)",0.5,270.0,150.0,25,TskControl34,2025-02-04 13:39:49,2025-02-04_ID0_NoPCS_Ta25_TskControl34.csv,"2025-02-04_ID8_Standing fan (daison, long)_Level5_Angle270_Distance150_Ta25_TskControl34.csv",19.36,0.14,18.16,14.14,14.76,15.62,23.58,14.12,28.48,26.26,5.2,3.18,25.2,25.2,52.85,0.11,25.2,25.51,34.0,34.0,34.0,34.0,34.0,34.0,34.0,34.0,34.0,34.0,34.0,34.0,75.18,43.4,67.06,68.4,74.46,84.74,108.84,97.34,96.88,94.62,54.86,51.44,25.4,25.2,56.77,0.08,25.29,25.72,34.0,34.0,34.0,34.0,34.0,34.0,34.0,34.0,34.0,34.0,34.0,34.0,55.82,43.26,48.9,54.26,59.7,69.12,85.26,83.22,68.4,68.36,49.66,48.26,8.54,6.41,2.13,-3.02,4.93,4.97,-0.03,-0.03,7.62,5.61,2.01,-3.23,7.77,6.23,1.54,-2.27,8.46,6.85,1.61,-2.15,9.63,7.94,1.69,-1.97,12.37,9.79,2.58,-2.41,11.06,9.55,1.51,-1.48,11.01,7.85,3.16,-3.63,10.75,7.85,2.9,-3.35,6.23,5.7,0.53,-0.91,5.85,5.54,0.3,-0.57,29.03,3.33,17.05,1.9,34.0,5.24,34.0,46.08,-4.88,32.18,3.69,6.74,0.73,34.0,4.42,34.0,38.92,-1.85,50.17,5.76,36.45,4.08,34.0,9.84,34.0,86.62,-6.38,68.87,7.91,19.61,2.15,34.0,10.05,34.0,88.48,-2.49,70.09,8.05,17.67,1.93,34.0,9.97,34.0,87.76,-2.17,Level5,3,0.5
8,"Standing fan (daison, long)",0.5,225.0,150.0,25,TskControl34,2025-02-04 15:59:49,2025-02-04_ID0_NoPCS_Ta25_TskControl34.csv,"2025-02-04_ID8_Standing fan (daison, long)_Level5_Angle225_Distance150_Ta25_TskControl34.csv",26.16,6.2,33.8,9.98,52.42,43.88,97.92,82.42,20.5,18.94,-4.22,-1.12,25.0,25.0,54.53,0.08,25.0,25.37,34.0,34.0,34.0,34.0,34.0,34.0,34.0,34.0,34.0,34.0,34.0,34.0,81.98,49.46,82.7,64.24,112.12,113.0,183.18,165.64,88.9,87.3,45.44,47.14,25.4,25.2,56.77,0.08,25.29,25.72,34.0,34.0,34.0,34.0,34.0,34.0,34.0,34.0,34.0,34.0,34.0,34.0,55.82,43.26,48.9,54.26,59.7,69.12,85.26,83.22,68.4,68.36,49.66,48.26,9.11,6.41,2.7,-4.08,5.5,4.97,0.53,-1.25,9.19,5.61,3.57,-6.02,7.14,6.23,0.91,-1.6,12.46,6.85,5.6,-7.65,12.56,7.94,4.62,-5.53,20.35,9.79,10.56,-10.0,18.4,9.55,8.85,-8.63,9.88,7.85,2.02,-2.61,9.7,7.85,1.85,-2.41,5.05,5.7,-0.65,0.74,5.24,5.54,-0.3,0.2,29.03,3.33,11.11,1.13,34.0,4.46,34.0,40.14,-2.17,32.18,3.69,9.37,0.92,34.0,4.62,34.0,41.55,-2.59,50.17,5.76,23.84,2.46,34.0,8.22,34.0,74.01,-4.15,68.87,7.91,44.34,4.67,34.0,12.58,34.0,113.21,-5.74,70.09,8.05,28.9,2.95,34.0,11.0,34.0,98.99,-3.59,Level5,3,0.5
8,"Standing fan (daison, long)",0.0,270.0,150.0,25,TskControl34,2025-02-04 12:55:49,2025-02-04_ID0_NoPCS_Ta25_TskControl34.csv,"2025-02-04_ID8_Standing fan (daison, long)_Level1_Angle270_Distance150_Ta25_TskControl34.csv",3.6,-8.38,5.08,2.34,0.16,4.6,4.34,5.0,3.32,2.56,-2.14,-2.06,25.4,25.4,52.23,0.17,25.4,25.68,34.0,34.0,34.0,34.0,34.0,34.0,34.0,34.0,34.0,34.0,34.0,34.0,59.42,34.88,53.98,56.6,59.86,73.72,89.6,88.22,71.72,70.92,47.52,46.2,25.4,25.2,56.77,0.08,25.29,25.72,34.0,34.0,34.0,34.0,34.0,34.0,34.0,34.0,34.0,34.0,34.0,34.0,55.82,43.26,48.9,54.26,59.7,69.12,85.26,83.22,68.4,68.36,49.66,48.26,6.91,6.41,0.5,-0.56,4.06,4.97,-0.91,1.69,6.28,5.61,0.66,-0.9,6.58,6.23,0.35,-0.38,6.96,6.85,0.11,-0.02,8.57,7.94,0.64,-0.58,10.42,9.79,0.63,-0.44,10.26,9.55,0.7,-0.52,8.34,7.85,0.49,-0.42,8.25,7.85,0.4,-0.33,5.53,5.7,-0.18,0.38,5.37,5.54,-0.17,0.37,29.03,3.33,5.26,0.65,34.0,3.99,34.0,34.29,-1.45,32.18,3.69,-2.43,-0.24,34.0,3.46,34.0,29.75,0.64,50.17,5.76,15.08,1.83,34.0,7.59,34.0,65.25,-2.68,68.87,7.91,0.35,0.14,34.0,8.05,34.0,69.22,-0.06,70.09,8.05,1.95,0.33,34.0,8.38,34.0,72.04,-0.23,Level1,1,0.0
8,"Standing fan (daison, long)",0.0,225.0,150.0,25,TskControl34,2025-02-04 15:23:49,2025-02-04_ID0_NoPCS_Ta25_TskControl34.csv,"2025-02-04_ID8_Standing fan (daison, long)_Level1_Angle225_Distance150_Ta25_TskControl34.csv",5.28,-6.58,17.1,-4.28,25.22,11.18,28.08,14.16,-2.1,-4.58,-2.56,-4.6,25.3,25.3,53.22,0.05,25.3,25.62,34.0,34.0,34.0,34.0,34.0,34.0,34.0,34.0,34.0,34.0,34.0,34.0,61.1,36.68,66.0,49.98,84.92,80.3,113.34,97.38,66.3,63.78,47.1,43.66,25.4,25.2,56.77,0.08,25.29,25.72,34.0,34.0,34.0,34.0,34.0,34.0,34.0,34.0,34.0,34.0,34.0,34.0,55.82,43.26,48.9,54.26,59.7,69.12,85.26,83.22,68.4,68.36,49.66,48.26,7.02,6.41,0.61,-0.82,4.22,4.97,-0.75,1.32,7.59,5.61,1.97,-3.05,5.74,6.23,-0.48,0.69,9.76,6.85,2.91,-3.68,9.23,7.94,1.29,-1.41,13.03,9.79,3.24,-2.87,11.19,9.55,1.64,-1.48,7.62,7.85,-0.23,0.27,7.33,7.85,-0.52,0.58,5.41,5.7,-0.29,0.45,5.02,5.54,-0.52,0.83,29.03,3.33,5.6,0.65,34.0,3.98,34.0,34.63,-0.71,32.18,3.69,1.1,0.13,34.0,3.83,34.0,33.28,-0.35,50.17,5.76,9.73,1.13,34.0,6.89,34.0,59.9,-1.75,68.87,7.91,9.49,1.1,34.0,9.01,34.0,78.36,-1.32,70.09,8.05,1.17,0.14,34.0,8.19,34.0,71.26,-0.13,Level1,1,0.0
8,"Standing fan (daison, long)",0.0,180.0,150.0,25,TskControl34,2025-02-04 16:37:49,2025-02-04_ID0_NoPCS_Ta25_TskControl34.csv,"2025-02-04_ID8_Standing fan (daison, long)_Level1_Angle180_Distance150_Ta25_TskControl34.csv",6.76,-0.26,20.94,-1.72,30.72,15.12,26.08,18.54,-1.64,-4.28,-3.2,-1.96,25.2,25.1,53.19,0.05,25.14,25.43,34.0,34.0,34.0,34.0,34.0,34.0,34.0,34.0,34.0,34.0,34.0,34.0,62.58,43.0,69.84,52.54,90.42,84.24,111.34,101.76,66.76,64.08,46.46,46.3,25.4,25.2,56.77,0.08,25.29,25.72,34.0,34.0,34.0,34.0,34.0,34.0,34.0,34.0,34.0,34.0,34.0,34.0,55.82,43.26,48.9,54.26,59.7,69.12,85.26,83.22,68.4,68.36,49.66,48.26,7.06,6.41,0.65,-1.05,4.85,4.97,-0.11,0.05,7.88,5.61,2.27,-3.73,5.93,6.23,-0.3,0.28,10.21,6.85,3.35,-4.48,9.51,7.94,1.57,-1.91,12.57,9.79,2.78,-2.66,11.49,9.55,1.93,-1.94,7.53,7.85,-0.32,0.21,7.23,7.85,-0.62,0.55,5.24,5.7,-0.46,0.56,5.23,5.54,-0.32,0.35,29.03,3.33,5.09,0.52,34.0,3.85,34.0,34.12,-0.66,32.18,3.69,5.07,0.51,34.0,4.2,34.0,37.25,-1.42,50.17,5.76,5.86,0.56,34.0,6.32,34.0,56.03,-1.13,68.87,7.91,14.29,1.48,34.0,9.39,34.0,83.16,-1.96,70.09,8.05,3.16,0.22,34.0,8.27,34.0,73.25,-0.42,Level1,1,0.0
8,"Standing fan (daison, long)",1.0,270.0,150.0,25,TskControl34,2025-02-04 14:10:00,2025-02-04_ID0_NoPCS_Ta25_TskControl34.csv,"2025-02-04_ID8_Standing fan (daison, long)_Level10_Angle270_Distance150_Ta25_TskControl34.csv",27.7,5.92,20.88,18.68,19.5,27.96,32.26,32.86,39.58,37.46,5.68,6.16,25.3,25.2,52.2,0.04,25.24,25.58,34.0,34.0,34.0,34.0,34.0,34.0,34.0,34.0,34.0,34.0,34.0,34.0,83.52,49.18,69.78,72.94,79.2,97.08,117.52,116.08,107.98,105.82,55.34,54.42,25.4,25.2,56.77,0.08,25.29,25.72,34.0,34.0,34.0,34.0,34.0,34.0,34.0,34.0,34.0,34.0,34.0,34.0,55.82,43.26,48.9,54.26,59.7,69.12,85.26,83.22,68.4,68.36,49.66,48.26,9.53,6.41,3.13,-4.32,5.61,4.97,0.65,-1.19,7.97,5.61,2.35,-3.72,8.33,6.23,2.1,-3.0,9.04,6.85,2.19,-2.84,11.08,7.94,3.15,-3.52,13.42,9.79,3.63,-3.3,13.25,9.55,3.7,-3.44,12.33,7.85,4.47,-5.04,12.08,7.85,4.23,-4.77,6.32,5.7,0.62,-1.0,6.21,5.54,0.67,-1.11,29.03,3.33,20.54,2.33,34.0,5.66,34.0,49.57,-5.66,32.18,3.69,11.04,1.24,34.0,4.93,34.0,43.22,-3.01,50.17,5.76,46.43,5.27,34.0,11.03,34.0,96.6,-8.1,68.87,7.91,31.87,3.59,34.0,11.5,34.0,100.74,-4.03,70.09,8.05,29.28,3.3,34.0,11.34,34.0,99.37,-3.61,Level10,5,1.0
8,"Standing fan (daison, long)",1.0,225.0,150.0,25,TskControl34,2025-02-04 16:20:49,2025-02-04_ID0_NoPCS_Ta25_TskControl34.csv,"2025-02-04_ID8_Standing fan (daison, long)_Level10_Angle225_Distance150_Ta25_TskControl34.csv",30.74,8.38,37.26,12.74,60.74,51.24,110.18,100.78,23.94,21.3,-0.84,-1.96,24.9,25.1,54.5,0.08,25.01,25.36,34.0,34.0,34.0,34.0,34.0,34.0,34.0,34.0,34.0,34.0,34.0,34.0,86.56,51.64,86.16,67.0,120.44,120.36,195.44,184.0,92.34,89.66,48.82,46.3,25.4,25.2,56.77,0.08,25.29,25.72,34.0,34.0,34.0,34.0,34.0,34.0,34.0,34.0,34.0,34.0,34.0,34.0,55.82,43.26,48.9,54.26,59.7,69.12,85.26,83.22,68.4,68.36,49.66,48.26,9.63,6.41,3.22,-4.8,5.74,4.97,0.78,-1.69,9.58,5.61,3.97,-6.64,7.45,6.23,1.22,-2.05,13.4,6.85,6.54,-8.86,13.39,7.94,5.45,-6.46,21.74,9.79,11.95,-11.26,20.47,9.55,10.91,-10.55,10.27,7.85,2.42,-3.05,9.97,7.85,2.12,-2.71,5.43,5.7,-0.27,0.15,5.15,5.54,-0.39,0.35,29.03,3.33,13.82,1.43,34.0,4.77,34.0,42.85,-2.57,32.18,3.69,11.15,1.13,34.0,4.82,34.0,43.33,-3.06,50.17,5.76,29.0,3.05,34.0,8.81,34.0,79.17,-5.12,68.87,7.91,50.12,5.33,34.0,13.24,34.0,118.99,-6.47,70.09,8.05,34.34,3.57,34.0,11.62,34.0,104.43,-4.27,Level10,5,1.0
8,"Standing fan (daison, long)",1.0,180.0,150.0,25,TskControl34,2025-02-04 17:40:49,2025-02-04_ID0_NoPCS_Ta25_TskControl34.csv,"2025-02-04_ID8_Standing fan (daison, long)_Level10_Angle180_Distance150_Ta25_TskControl34.csv",29.62,8.14,41.74,16.5,64.08,48.08,73.44,55.24,17.08,11.84,-3.16,-2.86,25.3,25.1,53.56,0.13,25.21,25.55,34.0,34.0,34.0,34.0,34.0,34.0,34.0,34.0,34.0,34.0,34.0,34.0,85.44,51.4,90.64,70.76,123.78,117.2,158.7,138.46,85.48,80.2,46.5,45.4,25.4,25.2,56.77,0.08,25.29,25.72,34.0,34.0,34.0,34.0,34.0,34.0,34.0,34.0,34.0,34.0,34.0,34.0,55.82,43.26,48.9,54.26,59.7,69.12,85.26,83.22,68.4,68.36,49.66,48.26,9.72,6.41,3.31,-4.62,5.85,4.97,0.88,-1.64,10.31,5.61,4.7,-7.43,8.05,6.23,1.82,-2.65,14.08,6.85,7.23,-9.35,13.33,7.94,5.4,-6.06,18.05,9.79,8.27,-7.5,15.75,9.55,6.2,-5.78,9.72,7.85,1.87,-2.17,9.12,7.85,1.28,-1.51,5.29,5.7,-0.41,0.55,5.16,5.54,-0.38,0.52,29.03,3.33,11.3,1.25,34.0,4.59,34.0,40.33,-1.76,32.18,3.69,14.98,1.67,34.0,5.37,34.0,47.16,-4.11,50.17,5.76,27.16,3.04,34.0,8.8,34.0,77.33,-4.97,68.87,7.91,61.46,6.92,34.0,14.83,34.0,130.33,-7.93,70.09,8.05,38.48,4.3,34.0,12.35,34.0,108.57,-4.8,Level10,5,1.0
8,"Standing fan (daison, long)",0.25,225.0,150.0,25,TskControl34,2025-02-04 15:37:49,2025-02-04_ID0_NoPCS_Ta25_TskControl34.csv,"2025-02-04_ID8_Standing fan (daison, long)_Level3_Angle225_Distance150_Ta25_TskControl34.csv",14.7,-0.84,24.0,2.66,36.78,24.14,54.0,36.34,8.98,4.82,-2.3,-3.68,25.1,25.3,53.51,0.18,25.19,25.43,34.0,34.0,34.0,34.0,34.0,34.0,34.0,34.0,34.0,34.0,34.0,34.0,70.52,42.42,72.9,56.92,96.48,93.26,139.26,119.56,77.38,73.18,47.36,44.58,25.4,25.2,56.77,0.08,25.29,25.72,34.0,34.0,34.0,34.0,34.0,34.0,34.0,34.0,34.0,34.0,34.0,34.0,55.82,43.26,48.9,54.26,59.7,69.12,85.26,83.22,68.4,68.36,49.66,48.26,8.0,6.41,1.6,-2.29,4.81,4.97,-0.15,0.17,8.27,5.61,2.66,-4.27,6.46,6.23,0.23,-0.43,10.95,6.85,4.1,-5.37,10.59,7.94,2.65,-3.04,15.81,9.79,6.02,-5.52,13.57,9.55,4.02,-3.8,8.78,7.85,0.93,-1.14,8.31,7.85,0.46,-0.61,5.38,5.7,-0.33,0.4,5.06,5.54,-0.48,0.66,29.03,3.33,7.5,0.81,34.0,4.15,34.0,36.54,-1.37,32.18,3.69,4.36,0.45,34.0,4.15,34.0,36.54,-1.23,50.17,5.76,17.84,1.96,34.0,7.72,34.0,68.01,-3.09,68.87,7.91,25.49,2.8,34.0,10.71,34.0,94.36,-3.28,70.09,8.05,15.69,1.69,34.0,9.74,34.0,85.78,-1.93,Level3,2,0.25
8,"Standing fan (daison, long)",0.25,180.0,150.0,25,TskControl34,2025-02-04 16:58:49,2025-02-04_ID0_NoPCS_Ta25_TskControl34.csv,"2025-02-04_ID8_Standing fan (daison, long)_Level3_Angle180_Distance150_Ta25_TskControl34.csv",15.52,2.92,26.14,6.7,41.24,27.1,37.56,26.6,9.14,4.22,-2.14,-3.72,24.9,25.0,54.5,0.07,24.95,25.36,34.0,34.0,34.0,34.0,34.0,34.0,34.0,34.0,34.0,34.0,34.0,34.0,71.34,46.18,75.04,60.96,100.94,96.22,122.82,109.82,77.54,72.58,47.52,44.54,25.4,25.2,56.77,0.08,25.29,25.72,34.0,34.0,34.0,34.0,34.0,34.0,34.0,34.0,34.0,34.0,34.0,34.0,55.82,43.26,48.9,54.26,59.7,69.12,85.26,83.22,68.4,68.36,49.66,48.26,7.88,6.41,1.47,-2.42,5.1,4.97,0.14,-0.59,8.29,5.61,2.68,-4.66,6.74,6.23,0.51,-1.08,11.15,6.85,4.3,-6.02,10.63,7.94,2.7,-3.41,13.57,9.79,3.78,-3.84,12.13,9.55,2.58,-2.78,8.57,7.85,0.71,-1.16,8.02,7.85,0.17,-0.54,5.25,5.7,-0.45,0.38,4.92,5.54,-0.62,0.67,29.03,3.33,6.68,0.61,34.0,3.95,34.0,35.71,-1.3,32.18,3.69,8.87,0.84,34.0,4.54,34.0,41.05,-2.44,50.17,5.76,11.71,1.08,34.0,6.84,34.0,61.88,-2.18,68.87,7.91,36.51,3.74,34.0,11.64,34.0,105.38,-4.76,70.09,8.05,17.13,1.59,34.0,9.64,34.0,87.22,-2.16,Level3,2,0.25
8,"Standing fan (daison, long)",0.75,270.0,150.0,25,TskControl34,2025-02-04 13:57:49,2025-02-04_ID0_NoPCS_Ta25_TskControl34.csv,"2025-02-04_ID8_Standing fan (daison, long)_Level8_Angle270_Distance150_Ta25_TskControl34.csv",27.32,5.44,20.78,18.04,19.46,24.2,28.04,27.08,40.24,36.82,6.96,5.44,25.3,25.3,52.54,0.09,25.3,25.51,34.0,34.0,34.0,34.0,34.0,34.0,34.0,34.0,34.0,34.0,34.0,34.0,83.14,48.7,69.68,72.3,79.16,93.32,113.3,110.3,108.64,105.18,56.62,53.7,25.4,25.2,56.77,0.08,25.29,25.72,34.0,34.0,34.0,34.0,34.0,34.0,34.0,34.0,34.0,34.0,34.0,34.0,55.82,43.26,48.9,54.26,59.7,69.12,85.26,83.22,68.4,68.36,49.66,48.26,9.56,6.41,3.15,-4.26,5.6,4.97,0.63,-1.1,8.01,5.61,2.39,-3.7,8.31,6.23,2.08,-2.9,9.1,6.85,2.24,-2.84,10.73,7.94,2.79,-3.05,13.02,9.79,3.23,-2.86,12.68,9.55,3.12,-2.83,12.49,7.85,4.63,-5.12,12.09,7.85,4.24,-4.69,6.51,5.7,0.81,-1.22,6.17,5.54,0.63,-0.98,29.03,3.33,20.56,2.37,34.0,5.7,34.0,49.59,-5.85,32.18,3.69,10.78,1.24,34.0,4.94,34.0,42.96,-2.95,50.17,5.76,45.89,5.28,34.0,11.04,34.0,96.06,-8.01,68.87,7.91,31.47,3.63,34.0,11.53,34.0,100.34,-3.98,70.09,8.05,30.87,3.56,34.0,11.6,34.0,100.96,-3.79,Level8,4,0.75
8,"Standing fan (daison, long)",1.0,180.0,150.0,25,TskControl34,2025-02-04 17:40:49,2025-02-04_ID0_NoPCS_Ta25_TskControl34.csv,"2025-02-04_ID8_Standing fan (daison, long)_Level10_Angle180_Distance150_Ta25_TskControl34.csv",29.62,8.14,41.74,16.5,64.08,48.08,73.44,55.24,17.08,11.84,-3.16,-2.86,25.3,25.1,53.56,0.13,25.21,25.55,34.0,34.0,34.0,34.0,34.0,34.0,34.0,34.0,34.0,34.0,34.0,34.0,85.44,51.4,90.64,70.76,123.78,117.2,158.7,138.46,85.48,80.2,46.5,45.4,25.4,25.2,56.77,0.08,25.29,25.72,34.0,34.0,34.0,34.0,34.0,34.0,34.0,34.0,34.0,34.0,34.0,34.0,55.82,43.26,48.9,54.26,59.7,69.12,85.26,83.22,68.4,68.36,49.66,48.26,9.72,6.41,3.31,-4.62,5.85,4.97,0.88,-1.64,10.31,5.61,4.7,-7.43,8.05,6.23,1.82,-2.65,14.08,6.85,7.23,-9.35,13.33,7.94,5.4,-6.06,18.05,9.79,8.27,-7.5,15.75,9.55,6.2,-5.78,9.72,7.85,1.87,-2.17,9.12,7.85,1.28,-1.51,5.29,5.7,-0.41,0.55,5.16,5.54,-0.38,0.52,29.03,3.33,11.3,1.25,34.0,4.59,34.0,40.33,-1.76,32.18,3.69,14.98,1.67,34.0,5.37,34.0,47.16,-4.11,50.17,5.76,27.16,3.04,34.0,8.8,34.0,77.33,-4.97,68.87,7.91,61.46,6.92,34.0,14.83,34.0,130.33,-7.93,70.09,8.05,38.48,4.3,34.0,12.35,34.0,108.57,-4.8,Level10,5,1.0
8,"Standing fan (daison, long)",1.0,225.0,150.0,25,TskControl34,2025-02-04 16:20:49,2025-02-04_ID0_NoPCS_Ta25_TskControl34.csv,"2025-02-04_ID8_Standing fan (daison, long)_Level10_Angle225_Distance150_Ta25_TskControl34.csv",30.74,8.38,37.26,12.74,60.74,51.24,110.18,100.78,23.94,21.3,-0.84,-1.96,24.9,25.1,54.5,0.08,25.01,25.36,34.0,34.0,34.0,34.0,34.0,34.0,34.0,34.0,34.0,34.0,34.0,34.0,86.56,51.64,86.16,67.0,120.44,120.36,195.44,184.0,92.34,89.66,48.82,46.3,25.4,25.2,56.77,0.08,25.29,25.72,34.0,34.0,34.0,34.0,34.0,34.0,34.0,34.0,34.0,34.0,34.0,34.0,55.82,43.26,48.9,54.26,59.7,69.12,85.26,83.22,68.4,68.36,49.66,48.26,9.63,6.41,3.22,-4.8,5.74,4.97,0.78,-1.69,9.58,5.61,3.97,-6.64,7.45,6.23,1.22,-2.05,13.4,6.85,6.54,-8.86,13.39,7.94,5.45,-6.46,21.74,9.79,11.95,-11.26,20.47,9.55,10.91,-10.55,10.27,7.85,2.42,-3.05,9.97,7.85,2.12,-2.71,5.43,5.7,-0.27,0.15,5.15,5.54,-0.39,0.35,29.03,3.33,13.82,1.43,34.0,4.77,34.0,42.85,-2.57,32.18,3.69,11.15,1.13,34.0,4.82,34.0,43.33,-3.06,50.17,5.76,29.0,3.05,34.0,8.81,34.0,79.17,-5.12,68.87,7.91,50.12,5.33,34.0,13.24,34.0,118.99,-6.47,70.09,8.05,34.34,3.57,34.0,11.62,34.0,104.43,-4.27,Level10,5,1.0
8,"Standing fan (Daison, long)",1.0,225.0,150.0,22,TskControl34,2025-02-21 13:23:33,2025-02-21_ID0_NoPCS_Ta22_TskControl34.csv,"2025-02-21_ID8_Standing fan (Daison, long)_Level10_Angle225_Distance150_Ta22_TskControl34.csv",35.36,11.86,38.52,15.0,64.64,74.66,71.16,97.7,27.48,20.34,-1.72,-1.42,22.3,22.3,54.9,0.12,22.3,22.6,33.9,34.0,34.0,34.0,34.0,34.0,31.6,31.6,34.0,34.0,34.0,34.0,112.84,70.2,104.88,90.66,150.28,176.42,204.78,214.94,120.2,117.84,62.98,64.28,22.2,22.2,50.04,0.13,22.2,22.39,34.0,34.0,34.0,34.0,34.0,34.0,34.0,34.0,34.0,34.0,34.0,34.0,77.48,58.34,66.36,75.66,85.64,101.76,133.62,117.24,92.72,97.5,64.7,65.7,9.73,6.57,3.16,-5.39,6.0,4.94,1.06,-2.4,8.96,5.62,3.34,-6.85,7.75,6.41,1.34,-2.34,12.84,7.26,5.59,-8.91,15.08,8.62,6.45,-8.66,22.02,11.32,10.7,-6.28,23.11,9.94,13.18,-9.83,10.27,7.86,2.42,-3.5,10.07,8.26,1.81,-2.46,5.38,5.48,-0.1,0.31,5.49,5.57,-0.07,0.26,40.95,3.47,15.58,1.36,34.0,4.83,34.0,56.54,-3.03,43.9,3.72,10.54,0.93,34.0,4.65,34.0,54.44,-2.87,66.96,5.67,39.83,3.45,34.0,9.13,34.0,106.79,-7.04,95.33,8.08,66.28,5.73,34.0,13.81,34.0,161.61,-8.43,97.99,8.3,39.19,3.42,34.0,11.72,34.0,137.18,-4.84,Level10,5,1.0
8,"Standing fan (Daison, long)",0.25,225.0,150.0,22,TskControl34,2025-02-21 12:16:53,2025-02-21_ID0_NoPCS_Ta22_TskControl34.csv,"2025-02-21_ID8_Standing fan (Daison, long)_Level3_Angle225_Distance150_Ta22_TskControl34.csv",14.2,-0.16,24.48,-0.44,35.98,29.88,49.72,44.04,5.22,-2.22,0.34,-4.84,22.1,22.2,53.42,0.02,22.17,22.46,34.0,34.0,34.0,34.0,34.0,34.0,34.0,34.0,34.0,34.0,34.0,34.0,91.68,58.18,90.84,75.22,121.62,131.64,183.34,161.28,97.94,95.28,65.04,60.86,22.2,22.2,50.04,0.13,22.2,22.39,34.0,34.0,34.0,34.0,34.0,34.0,34.0,34.0,34.0,34.0,34.0,34.0,77.48,58.34,66.36,75.66,85.64,101.76,133.62,117.24,92.72,97.5,64.7,65.7,7.75,6.57,1.18,-2.16,4.92,4.94,-0.03,0.03,7.68,5.62,2.06,-4.35,6.36,6.41,-0.05,0.07,10.28,7.26,3.02,-4.96,11.13,8.62,2.5,-3.46,15.5,11.32,4.17,-4.39,13.63,9.94,3.7,-4.43,8.28,7.86,0.42,-0.66,8.05,8.26,-0.21,0.27,5.5,5.48,0.01,-0.06,5.14,5.57,-0.42,0.87,40.95,3.47,7.62,0.64,34.0,4.11,34.0,48.57,-1.42,43.9,3.72,4.4,0.36,34.0,4.08,34.0,48.3,-1.22,66.96,5.67,20.93,1.75,34.0,7.43,34.0,87.89,-3.66,95.33,8.08,27.55,2.31,34.0,10.39,34.0,122.88,-3.58,97.99,8.3,8.69,0.71,34.0,9.02,34.0,106.68,-1.08,Level3,2,0.25
8,"Standing fan (daison, long)",0.0,225.0,150.0,25,TskControl34,2025-02-04 15:23:49,2025-02-04_ID0_NoPCS_Ta25_TskControl34.csv,"2025-02-04_ID8_Standing fan (daison, long)_Level1_Angle225_Distance150_Ta25_TskControl34.csv",5.28,-6.58,17.1,-4.28,25.22,11.18,28.08,14.16,-2.1,-4.58,-2.56,-4.6,25.3,25.3,53.22,0.05,25.3,25.62,34.0,34.0,34.0,34.0,34.0,34.0,34.0,34.0,34.0,34.0,34.0,34.0,61.1,36.68,66.0,49.98,84.92,80.3,113.34,97.38,66.3,63.78,47.1,43.66,25.4,25.2,56.77,0.08,25.29,25.72,34.0,34.0,34.0,34.0,34.0,34.0,34.0,34.0,34.0,34.0,34.0,34.0,55.82,43.26,48.9,54.26,59.7,69.12,85.26,83.22,68.4,68.36,49.66,48.26,7.02,6.41,0.61,-0.82,4.22,4.97,-0.75,1.32,7.59,5.61,1.97,-3.05,5.74,6.23,-0.48,0.69,9.76,6.85,2.91,-3.68,9.23,7.94,1.29,-1.41,13.03,9.79,3.24,-2.87,11.19,9.55,1.64,-1.48,7.62,7.85,-0.23,0.27,7.33,7.85,-0.52,0.58,5.41,5.7,-0.29,0.45,5.02,5.54,-0.52,0.83,29.03,3.33,5.6,0.65,34.0,3.98,34.0,34.63,-0.71,32.18,3.69,1.1,0.13,34.0,3.83,34.0,33.28,-0.35,50.17,5.76,9.73,1.13,34.0,6.89,34.0,59.9,-1.75,68.87,7.91,9.49,1.1,34.0,9.01,34.0,78.36,-1.32,70.09,8.05,1.17,0.14,34.0,8.19,34.0,71.26,-0.13,Level1,1,0.0
8,"Standing fan (Daison, long)",0.25,270.0,150.0,22,TskControl34,2025-02-20 15:08:44,2025-02-20_ID0_NoPCS_Ta22_TskControl34.csv,"2025-02-20_ID8_Standing fan (Daison, long)_Level3_Angle270_Distance150_Ta22_TskControl34.csv",11.68,-7.0,8.92,17.38,6.58,9.56,19.58,15.42,5.76,7.08,-2.82,-2.78,21.9,22.2,49.95,0.07,22.06,22.18,34.0,34.0,34.0,34.0,34.0,34.0,34.0,34.0,34.0,34.0,34.0,34.0,88.4,50.66,77.76,89.52,90.64,105.74,142.1,129.02,99.56,105.64,64.08,64.1,22.1,22.3,49.02,0.15,22.19,22.27,34.0,34.0,34.0,34.0,34.0,34.0,34.0,34.0,34.0,34.0,34.0,34.0,76.72,57.66,68.84,72.14,84.06,96.18,122.52,113.6,93.8,98.56,66.9,66.88,7.4,6.5,0.91,-1.8,4.24,4.88,-0.64,1.43,6.51,5.83,0.68,-1.53,7.5,6.11,1.39,-2.85,7.59,7.12,0.47,-0.92,8.86,8.14,0.71,-1.17,11.9,10.37,1.53,-1.89,10.81,9.62,1.19,-1.6,8.34,7.94,0.4,-0.73,8.85,8.35,0.5,-0.85,5.37,5.66,-0.3,0.5,5.37,5.66,-0.29,0.49,47.93,4.06,8.19,0.64,34.0,4.7,33.99,56.12,-0.53,45.0,3.81,-2.14,-0.22,34.0,3.59,34.0,42.86,0.53,64.07,5.43,31.18,2.55,34.0,7.98,34.0,95.25,-5.78,93.0,7.87,13.91,1.08,34.0,8.95,34.0,106.91,-1.79,95.12,8.05,13.03,1.0,34.0,9.06,34.0,108.15,-1.59,Level3,2,0.25
8,"Standing fan (Daison, long)",0.25,270.0,150.0,22,TskControl34,2025-02-20 15:08:44,2025-02-20_ID0_NoPCS_Ta22_TskControl34.csv,"2025-02-20_ID8_Standing fan (Daison, long)_Level3_Angle270_Distance150_Ta22_TskControl34.csv",11.68,-7.0,8.92,17.38,6.58,9.56,19.58,15.42,5.76,7.08,-2.82,-2.78,21.9,22.2,49.95,0.07,22.06,22.18,34.0,34.0,34.0,34.0,34.0,34.0,34.0,34.0,34.0,34.0,34.0,34.0,88.4,50.66,77.76,89.52,90.64,105.74,142.1,129.02,99.56,105.64,64.08,64.1,22.1,22.3,49.02,0.15,22.19,22.27,34.0,34.0,34.0,34.0,34.0,34.0,34.0,34.0,34.0,34.0,34.0,34.0,76.72,57.66,68.84,72.14,84.06,96.18,122.52,113.6,93.8,98.56,66.9,66.88,7.4,6.5,0.91,-1.8,4.24,4.88,-0.64,1.43,6.51,5.83,0.68,-1.53,7.5,6.11,1.39,-2.85,7.59,7.12,0.47,-0.92,8.86,8.14,0.71,-1.17,11.9,10.37,1.53,-1.89,10.81,9.62,1.19,-1.6,8.34,7.94,0.4,-0.73,8.85,8.35,0.5,-0.85,5.37,5.66,-0.3,0.5,5.37,5.66,-0.29,0.49,47.93,4.06,8.19,0.64,34.0,4.7,33.99,56.12,-0.53,45.0,3.81,-2.14,-0.22,34.0,3.59,34.0,42.86,0.53,64.07,5.43,31.18,2.55,34.0,7.98,34.0,95.25,-5.78,93.0,7.87,13.91,1.08,34.0,8.95,34.0,106.91,-1.79,95.12,8.05,13.03,1.0,34.0,9.06,34.0,108.15,-1.59,Level3,2,0.25
8,"Standing fan (Daison, long)",0.5,270.0,150.0,22,TskControl34,2025-02-20 15:21:59,2025-02-20_ID0_NoPCS_Ta22_TskControl34.csv,"2025-02-20_ID8_Standing fan (Daison, long)_Level5_Angle270_Distance150_Ta22_TskControl34.csv",20.88,-3.36,17.06,22.6,15.3,18.16,35.42,28.88,22.52,23.92,-0.5,0.04,21.9,22.2,43.1,0.12,22.04,22.05,34.0,34.0,34.0,34.0,34.0,34.0,34.0,34.0,34.0,34.0,34.0,34.0,97.6,54.3,85.9,94.74,99.36,114.34,157.94,142.48,116.32,122.48,66.4,66.92,22.1,22.3,49.02,0.15,22.19,22.27,34.0,34.0,34.0,34.0,34.0,34.0,34.0,34.0,34.0,34.0,34.0,34.0,76.72,57.66,68.84,72.14,84.06,96.18,122.52,113.6,93.8,98.56,66.9,66.88,8.16,6.5,1.66,-3.21,4.54,4.88,-0.34,0.69,7.18,5.83,1.35,-2.93,7.92,6.11,1.81,-3.7,8.31,7.12,1.19,-2.15,9.56,8.14,1.42,-2.23,13.21,10.37,2.83,-3.41,11.91,9.62,2.29,-3.0,9.73,7.94,1.78,-2.84,10.24,8.35,1.9,-2.87,5.55,5.66,-0.11,0.09,5.6,5.66,-0.07,-0.01,47.93,4.06,15.29,1.22,34.0,5.29,33.99,63.22,-1.95,45.0,3.81,3.28,0.23,34.0,4.04,34.0,48.28,-0.89,64.07,5.43,41.77,3.42,34.0,8.85,34.0,105.84,-7.65,93.0,7.87,24.17,1.92,34.0,9.8,34.0,117.17,-3.06,95.12,8.05,21.06,1.66,34.0,9.71,34.0,116.18,-2.59,Level5,3,0.5
8,"Standing fan (Daison, long)",0.5,270.0,150.0,22,TskControl34,2025-02-20 15:21:59,2025-02-20_ID0_NoPCS_Ta22_TskControl34.csv,"2025-02-20_ID8_Standing fan (Daison, long)_Level5_Angle270_Distance150_Ta22_TskControl34.csv",20.88,-3.36,17.06,22.6,15.3,18.16,35.42,28.88,22.52,23.92,-0.5,0.04,21.9,22.2,43.1,0.12,22.04,22.05,34.0,34.0,34.0,34.0,34.0,34.0,34.0,34.0,34.0,34.0,34.0,34.0,97.6,54.3,85.9,94.74,99.36,114.34,157.94,142.48,116.32,122.48,66.4,66.92,22.1,22.3,49.02,0.15,22.19,22.27,34.0,34.0,34.0,34.0,34.0,34.0,34.0,34.0,34.0,34.0,34.0,34.0,76.72,57.66,68.84,72.14,84.06,96.18,122.52,113.6,93.8,98.56,66.9,66.88,8.16,6.5,1.66,-3.21,4.54,4.88,-0.34,0.69,7.18,5.83,1.35,-2.93,7.92,6.11,1.81,-3.7,8.31,7.12,1.19,-2.15,9.56,8.14,1.42,-2.23,13.21,10.37,2.83,-3.41,11.91,9.62,2.29,-3.0,9.73,7.94,1.78,-2.84,10.24,8.35,1.9,-2.87,5.55,5.66,-0.11,0.09,5.6,5.66,-0.07,-0.01,47.93,4.06,15.29,1.22,34.0,5.29,33.99,63.22,-1.95,45.0,3.81,3.28,0.23,34.0,4.04,34.0,48.28,-0.89,64.07,5.43,41.77,3.42,34.0,8.85,34.0,105.84,-7.65,93.0,7.87,24.17,1.92,34.0,9.8,34.0,117.17,-3.06,95.12,8.05,21.06,1.66,34.0,9.71,34.0,116.18,-2.59,Level5,3,0.5
8,"Standing fan (Daison, long)",0.0,270.0,150.0,22,TskControl34,2025-02-20 14:48:44,2025-02-20_ID0_NoPCS_Ta22_TskControl34.csv,"2025-02-20_ID8_Standing fan (Daison, long)_Level1_Angle270_Distance150_Ta22_TskControl34.csv",1.98,-9.54,-0.64,8.94,0.28,7.54,7.42,1.74,-3.08,-0.28,-2.84,-1.84,22.1,22.2,34.67,0.07,22.15,22.09,34.0,34.0,34.0,34.0,34.0,34.0,34.0,34.0,34.0,34.0,34.0,34.0,78.7,48.12,68.2,81.08,84.34,103.72,129.94,115.34,90.72,98.28,64.06,65.04,22.1,22.3,49.02,0.15,22.19,22.27,34.0,34.0,34.0,34.0,34.0,34.0,34.0,34.0,34.0,34.0,34.0,34.0,76.72,57.66,68.84,72.14,84.06,96.18,122.52,113.6,93.8,98.56,66.9,66.88,6.64,6.5,0.15,-0.3,4.06,4.88,-0.82,1.95,5.76,5.83,-0.07,0.11,6.84,6.11,0.73,-1.46,7.12,7.12,-0.0,-0.04,8.75,8.14,0.61,-0.93,10.97,10.37,0.59,-0.72,9.73,9.62,0.11,-0.18,7.66,7.94,-0.29,0.39,8.29,8.35,-0.05,0.03,5.41,5.66,-0.26,0.5,5.49,5.66,-0.17,0.32,47.93,4.06,-0.23,-0.04,34.0,4.03,33.99,47.7,1.3,45.0,3.81,-5.69,-0.49,34.0,3.32,34.0,39.31,1.48,64.07,5.43,17.45,1.45,34.0,6.88,34.0,81.52,-3.28,93.0,7.87,-2.93,-0.27,34.0,7.6,34.0,90.07,0.32,95.12,8.05,-1.15,-0.12,34.0,7.93,34.0,93.97,0.15,Level1,1,0.0
8,"Standing fan (Daison, long)",1.0,270.0,150.0,22,TskControl34,2025-02-20 16:06:34,2025-02-20_ID0_NoPCS_Ta22_TskControl34.csv,"2025-02-20_ID8_Standing fan (Daison, long)_Level10_Angle270_Distance150_Ta22_TskControl34.csv",30.06,6.42,20.72,35.02,24.68,32.86,35.9,24.94,37.8,40.08,2.72,3.54,22.0,22.3,45.22,0.09,22.15,22.19,34.0,34.0,34.0,34.0,34.0,34.0,34.0,34.0,34.0,34.0,34.0,34.0,106.78,64.08,89.56,107.16,108.74,129.04,158.42,138.54,131.6,138.64,69.62,70.42,22.1,22.3,49.02,0.15,22.19,22.27,34.0,34.0,34.0,34.0,34.0,34.0,34.0,34.0,34.0,34.0,34.0,34.0,76.72,57.66,68.84,72.14,84.06,96.18,122.52,113.6,93.8,98.56,66.9,66.88,9.01,6.5,2.51,-4.63,5.41,4.88,0.53,-1.31,7.56,5.83,1.73,-3.55,9.04,6.11,2.93,-5.73,9.18,7.12,2.06,-3.47,10.89,8.14,2.75,-4.03,13.37,10.37,2.99,-3.46,11.69,9.62,2.07,-2.59,11.11,7.94,3.16,-4.76,11.7,8.35,3.35,-4.8,5.88,5.66,0.21,-0.48,5.94,5.66,0.28,-0.63,47.93,4.06,19.33,1.61,34.0,5.68,33.99,67.26,-2.65,45.0,3.81,5.13,0.42,34.0,4.23,34.0,50.13,-1.38,64.07,5.43,51.37,4.32,34.0,9.74,34.0,115.44,-9.33,93.0,7.87,38.88,3.25,34.0,11.13,34.0,131.88,-4.96,95.12,8.05,33.35,2.79,34.0,10.84,34.0,128.47,-4.11,Level10,5,1.0
8,"Standing fan (Daison, long)",0.75,270.0,150.0,22,TskControl34,2025-02-20 15:40:09,2025-02-20_ID0_NoPCS_Ta22_TskControl34.csv,"2025-02-20_ID8_Standing fan (Daison, long)_Level8_Angle270_Distance150_Ta22_TskControl34.csv",31.14,5.12,22.68,34.36,26.22,31.68,41.66,36.34,42.58,45.46,3.5,6.28,21.9,22.2,44.28,0.06,22.07,22.07,34.0,34.0,34.0,34.0,34.0,34.0,34.0,34.0,34.0,34.0,34.0,34.0,107.86,62.78,91.52,106.5,110.28,127.86,164.18,149.94,136.38,144.02,70.4,73.16,22.1,22.3,49.02,0.15,22.19,22.27,34.0,34.0,34.0,34.0,34.0,34.0,34.0,34.0,34.0,34.0,34.0,34.0,76.72,57.66,68.84,72.14,84.06,96.18,122.52,113.6,93.8,98.56,66.9,66.88,9.04,6.5,2.54,-4.79,5.26,4.88,0.38,-1.05,7.67,5.83,1.84,-3.89,8.93,6.11,2.82,-5.63,9.24,7.12,2.13,-3.68,10.72,8.14,2.57,-3.89,13.76,10.37,3.39,-4.02,12.57,9.62,2.95,-3.78,11.43,7.94,3.49,-5.36,12.07,8.35,3.73,-5.45,5.9,5.66,0.24,-0.62,6.13,5.66,0.47,-1.11,47.93,4.06,18.0,1.46,34.0,5.53,33.99,65.93,-2.32,45.0,3.81,5.64,0.43,34.0,4.24,34.0,50.64,-1.52,64.07,5.43,51.55,4.27,34.0,9.69,34.0,115.62,-9.38,93.0,7.87,40.05,3.28,34.0,11.15,34.0,133.05,-5.11,95.12,8.05,31.7,2.58,34.0,10.63,34.0,126.82,-3.91,Level8,4,0.75
8,"Standing fan (Daison, long)",1.0,180.0,150.0,22,TskControl34,2025-02-21 15:14:53,2025-02-21_ID0_NoPCS_Ta22_TskControl34.csv,"2025-02-21_ID8_Standing fan (Daison, long)_Level10_Angle180_Distance150_Ta22_TskControl34.csv",40.28,16.44,45.36,23.92,74.84,93.52,68.78,75.48,22.44,17.96,-1.34,-2.7,22.3,22.3,55.99,0.0,22.3,22.63,34.0,34.0,34.0,34.0,34.0,34.0,33.78,34.0,34.0,34.0,34.0,34.0,117.76,74.78,111.72,99.58,160.48,195.28,202.4,192.72,115.16,115.46,63.36,63.0,22.2,22.2,50.04,0.13,22.2,22.39,34.0,34.0,34.0,34.0,34.0,34.0,34.0,34.0,34.0,34.0,34.0,34.0,77.48,58.34,66.36,75.66,85.64,101.76,133.62,117.24,92.72,97.5,64.7,65.7,10.06,6.57,3.5,-6.13,6.39,4.94,1.45,-3.33,9.55,5.62,3.92,-8.07,8.51,6.41,2.1,-3.73,13.72,7.26,6.46,-10.31,16.69,8.62,8.07,-10.84,17.63,11.32,6.31,-6.07,16.47,9.94,6.54,-7.6,9.84,7.86,1.99,-2.86,9.87,8.26,1.61,-2.17,5.42,5.48,-0.07,0.24,5.38,5.57,-0.18,0.48,40.95,3.47,11.51,1.01,34.0,4.48,34.0,52.46,-1.82,43.9,3.72,30.62,2.65,34.0,6.37,34.0,74.52,-8.21,66.96,5.67,33.61,2.92,34.0,8.6,34.0,100.57,-6.07,95.33,8.08,84.34,7.28,34.0,15.36,34.0,179.67,-10.66,97.99,8.3,53.53,4.65,34.0,12.95,34.0,151.52,-6.63,Level10,5,1.0
8,"Standing fan (Daison, long)",0.75,270.0,150.0,22,TskControl34,2025-02-20 15:40:09,2025-02-20_ID0_NoPCS_Ta22_TskControl34.csv,"2025-02-20_ID8_Standing fan (Daison, long)_Level8_Angle270_Distance150_Ta22_TskControl34.csv",31.14,5.12,22.68,34.36,26.22,31.68,41.66,36.34,42.58,45.46,3.5,6.28,21.9,22.2,44.28,0.06,22.07,22.07,34.0,34.0,34.0,34.0,34.0,34.0,34.0,34.0,34.0,34.0,34.0,34.0,107.86,62.78,91.52,106.5,110.28,127.86,164.18,149.94,136.38,144.02,70.4,73.16,22.1,22.3,49.02,0.15,22.19,22.27,34.0,34.0,34.0,34.0,34.0,34.0,34.0,34.0,34.0,34.0,34.0,34.0,76.72,57.66,68.84,72.14,84.06,96.18,122.52,113.6,93.8,98.56,66.9,66.88,9.04,6.5,2.54,-4.79,5.26,4.88,0.38,-1.05,7.67,5.83,1.84,-3.89,8.93,6.11,2.82,-5.63,9.24,7.12,2.13,-3.68,10.72,8.14,2.57,-3.89,13.76,10.37,3.39,-4.02,12.57,9.62,2.95,-3.78,11.43,7.94,3.49,-5.36,12.07,8.35,3.73,-5.45,5.9,5.66,0.24,-0.62,6.13,5.66,0.47,-1.11,47.93,4.06,18.0,1.46,34.0,5.53,33.99,65.93,-2.32,45.0,3.81,5.64,0.43,34.0,4.24,34.0,50.64,-1.52,64.07,5.43,51.55,4.27,34.0,9.69,34.0,115.62,-9.38,93.0,7.87,40.05,3.28,34.0,11.15,34.0,133.05,-5.11,95.12,8.05,31.7,2.58,34.0,10.63,34.0,126.82,-3.91,Level8,4,0.75
9,Standing fan (Sunbeam),0.0,225.0,150.0,22,TskControl34,2025-02-21 18:48:38,2025-02-21_ID0_NoPCS_Ta22_TskControl34.csv,2025-02-21_ID9_Standing fan (Sunbeam)_Level1_Angle225_Distance150_Ta22_TskControl34.csv,17.18,2.42,27.3,1.1,36.6,47.38,69.28,76.12,4.04,-1.66,-1.16,-3.06,22.1,22.2,55.94,0.06,22.16,22.42,34.0,34.0,34.0,34.0,34.0,34.0,33.52,34.0,34.0,34.0,34.0,34.0,94.66,60.76,93.66,76.76,122.24,149.14,202.9,193.36,96.76,95.84,63.54,62.64,22.2,22.2,50.04,0.13,22.2,22.39,34.0,34.0,34.0,34.0,34.0,34.0,34.0,34.0,34.0,34.0,34.0,34.0,77.48,58.34,66.36,75.66,85.64,101.76,133.62,117.24,92.72,97.5,64.7,65.7,7.99,6.57,1.43,-2.62,5.13,4.94,0.19,-0.49,7.91,5.62,2.29,-4.85,6.48,6.41,0.07,-0.17,10.32,7.26,3.07,-5.04,12.6,8.62,3.97,-5.49,17.86,11.32,6.54,-6.12,16.33,9.94,6.4,-7.66,8.17,7.86,0.31,-0.51,8.09,8.26,-0.17,0.2,5.37,5.48,-0.12,0.21,5.29,5.57,-0.28,0.55,40.95,3.47,20.92,1.76,34.0,5.23,34.0,61.88,-5.46,43.9,3.72,4.82,0.39,34.0,4.11,34.0,48.72,-1.34,66.96,5.67,16.92,1.41,34.0,7.08,34.0,83.88,-3.31,95.33,8.08,28.05,2.34,34.0,10.42,34.0,123.38,-3.8,97.99,8.3,10.69,0.87,34.0,9.18,34.0,108.68,-1.58,Level1,1,0.0
9,Standing fan (Sunbeam),0.0,270.0,150.0,22,TskControl34,2025-02-21 17:16:23,2025-02-21_ID0_NoPCS_Ta22_TskControl34.csv,2025-02-21_ID9_Standing fan (Sunbeam)_Level1_Angle270_Distance150_Ta22_TskControl34.csv,9.96,-3.16,14.94,16.96,25.14,25.88,36.78,24.26,-0.8,0.94,-2.02,-1.42,22.1,22.1,51.35,0.08,22.1,22.32,34.0,34.0,34.0,34.0,34.0,34.0,34.0,34.0,34.0,34.0,34.0,34.0,87.44,55.18,81.3,92.62,110.78,127.64,170.4,141.5,91.92,98.44,62.68,64.28,22.2,22.2,50.04,0.13,22.2,22.39,34.0,34.0,34.0,34.0,34.0,34.0,34.0,34.0,34.0,34.0,34.0,34.0,77.48,58.34,66.36,75.66,85.64,101.76,133.62,117.24,92.72,97.5,64.7,65.7,7.35,6.57,0.78,-1.52,4.64,4.94,-0.31,0.64,6.83,5.62,1.21,-2.66,7.78,6.41,1.37,-2.65,9.31,7.26,2.05,-3.46,10.73,8.62,2.1,-3.0,14.32,11.32,3.0,-3.25,11.89,9.94,1.96,-2.44,7.72,7.86,-0.13,0.1,8.27,8.26,0.01,-0.11,5.27,5.48,-0.22,0.37,5.4,5.57,-0.17,0.26,40.95,3.47,30.55,2.54,34.0,6.01,34.0,71.5,-11.38,43.9,3.72,0.83,0.04,34.0,3.76,34.0,44.73,-0.23,66.96,5.67,18.48,1.51,34.0,7.18,34.0,85.44,-3.59,95.33,8.08,-1.38,-0.18,34.0,7.89,34.0,93.95,0.05,97.99,8.3,-0.93,-0.15,34.0,8.16,34.0,97.06,-0.03,Level1,1,0.0
9,Standing fan (Sunbeam),0.5,225.0,150.0,22,TskControl34,2025-02-21 19:02:18,2025-02-21_ID0_NoPCS_Ta22_TskControl34.csv,2025-02-21_ID9_Standing fan (Sunbeam)_Level3_Angle225_Distance150_Ta22_TskControl34.csv,33.4,12.44,42.9,9.04,67.56,69.32,71.78,96.9,17.8,8.58,0.94,2.7,22.2,22.4,57.44,0.1,22.3,22.56,33.9,34.0,34.0,34.0,34.0,34.0,30.98,32.3,34.0,34.0,34.0,34.0,110.88,70.78,109.26,84.7,153.2,171.08,205.4,214.14,110.52,106.08,65.64,68.4,22.2,22.2,50.04,0.13,22.2,22.39,34.0,34.0,34.0,34.0,34.0,34.0,34.0,34.0,34.0,34.0,34.0,34.0,77.48,58.34,66.36,75.66,85.64,101.76,133.62,117.24,92.72,97.5,64.7,65.7,9.56,6.57,2.99,-5.09,6.05,4.94,1.11,-2.52,9.34,5.62,3.71,-7.63,7.24,6.41,0.83,-1.41,13.09,7.26,5.84,-9.31,14.62,8.62,6.0,-8.04,23.66,11.32,12.34,-6.34,21.41,9.94,11.48,-9.75,9.45,7.86,1.59,-2.27,9.07,8.26,0.8,-1.04,5.61,5.48,0.13,-0.17,5.85,5.57,0.28,-0.48,40.95,3.47,40.81,3.52,34.0,6.99,34.0,81.77,-11.63,43.9,3.72,10.46,0.93,34.0,4.65,34.0,54.36,-2.86,66.96,5.67,32.18,2.8,34.0,8.47,34.0,99.13,-6.24,95.33,8.08,53.53,4.64,34.0,12.72,34.0,148.86,-7.04,97.99,8.3,37.21,3.25,34.0,11.56,34.0,135.2,-4.83,Level3,4,0.5
9,Standing fan (Sunbeam),0.5,270.0,150.0,22,TskControl34,2025-02-21 17:51:53,2025-02-21_ID0_NoPCS_Ta22_TskControl34.csv,2025-02-21_ID9_Standing fan (Sunbeam)_Level3_Angle270_Distance150_Ta22_TskControl34.csv,23.36,-2.96,23.6,29.24,32.24,44.44,68.82,54.14,8.22,5.58,-0.28,-1.56,22.2,22.1,66.22,0.04,22.14,22.69,34.0,34.0,34.0,34.0,34.0,34.0,33.86,34.0,34.0,34.0,34.0,34.0,100.84,55.38,89.96,104.9,117.88,146.2,202.44,171.38,100.94,103.08,64.42,64.14,22.2,22.2,50.04,0.13,22.2,22.39,34.0,34.0,34.0,34.0,34.0,34.0,34.0,34.0,34.0,34.0,34.0,34.0,77.48,58.34,66.36,75.66,85.64,101.76,133.62,117.24,92.72,97.5,64.7,65.7,8.5,6.57,1.94,-3.56,4.67,4.94,-0.27,0.6,7.59,5.62,1.96,-4.2,8.84,6.41,2.43,-4.56,9.94,7.26,2.68,-4.44,12.33,8.62,3.7,-5.15,17.27,11.32,5.95,-6.08,14.45,9.94,4.51,-5.45,8.51,7.86,0.65,-1.05,8.69,8.26,0.43,-0.68,5.43,5.48,-0.05,0.05,5.41,5.57,-0.16,0.28,40.95,3.47,60.2,5.06,34.0,8.53,34.0,101.16,-22.09,43.9,3.72,6.19,0.5,34.0,4.22,34.0,50.09,-1.66,66.96,5.67,36.91,3.08,34.0,8.76,34.0,103.87,-6.95,95.33,8.08,13.04,1.06,34.0,9.14,34.0,108.37,-1.71,97.99,8.3,11.43,0.92,34.0,9.23,34.0,109.42,-1.46,Level3,4,0.5
9,Standing fan (Sunbeam),0.83,225.0,150.0,22,TskControl34,2025-02-21 20:08:53,2025-02-21_ID0_NoPCS_Ta22_TskControl34.csv,2025-02-21_ID9_Standing fan (Sunbeam)_Level4_Angle225_Distance150_Ta22_TskControl34.csv,34.62,13.28,46.84,9.04,68.98,74.3,72.9,97.96,19.3,10.18,0.72,-3.74,22.3,22.2,68.39,0.0,22.2,22.86,33.8,34.0,34.0,34.0,34.0,34.0,29.94,31.36,34.0,34.0,34.0,34.0,112.1,71.62,113.2,84.7,154.62,176.06,206.52,215.2,112.02,107.68,65.42,61.96,22.2,22.2,50.04,0.13,22.2,22.39,34.0,34.0,34.0,34.0,34.0,34.0,34.0,34.0,34.0,34.0,34.0,34.0,77.48,58.34,66.36,75.66,85.64,101.76,133.62,117.24,92.72,97.5,64.7,65.7,9.66,6.57,3.1,-5.27,6.07,4.94,1.13,-2.69,9.59,5.62,3.97,-8.33,7.18,6.41,0.77,-1.41,13.1,7.26,5.85,-9.5,14.92,8.62,6.3,-8.62,26.68,11.32,15.36,-6.44,23.49,9.94,13.56,-9.86,9.49,7.86,1.64,-2.46,9.13,8.26,0.86,-1.23,5.54,5.48,0.06,-0.13,5.25,5.57,-0.32,0.67,40.95,3.47,42.83,3.63,34.0,7.1,34.0,83.78,-11.72,43.9,3.72,10.79,0.91,34.0,4.63,34.0,54.69,-2.94,66.96,5.67,33.47,2.84,34.0,8.51,34.0,100.43,-6.47,95.33,8.08,55.03,4.66,34.0,12.74,34.0,150.36,-7.24,97.99,8.3,38.76,3.28,34.0,11.59,34.0,136.75,-5.02,Level4,6,0.83
9,Standing fan (Sunbeam),1.0,270.0,150.0,22,TskControl34,2025-02-21 18:24:53,2025-02-21_ID0_NoPCS_Ta22_TskControl34.csv,2025-02-21_ID9_Standing fan (Sunbeam)_Level6_Angle270_Distance150_Ta22_TskControl34.csv,41.3,4.54,41.4,38.36,61.18,60.56,71.76,92.58,23.8,18.12,5.04,3.36,22.1,22.1,62.07,0.05,22.1,22.57,33.9,34.0,34.0,34.0,34.0,34.0,30.88,34.0,34.0,34.0,34.0,34.0,118.78,62.88,107.76,114.02,146.82,162.32,205.38,209.82,116.52,115.62,69.74,69.06,22.2,22.2,50.04,0.13,22.2,22.39,34.0,34.0,34.0,34.0,34.0,34.0,34.0,34.0,34.0,34.0,34.0,34.0,77.48,58.34,66.36,75.66,85.64,101.76,133.62,117.24,92.72,97.5,64.7,65.7,10.07,6.57,3.5,-6.29,5.28,4.94,0.34,-0.92,9.06,5.62,3.43,-7.36,9.58,6.41,3.17,-5.98,12.34,7.26,5.08,-8.43,13.64,8.62,5.02,-7.02,23.39,11.32,12.07,-6.34,17.63,9.94,7.7,-9.32,9.79,7.86,1.93,-3.03,9.72,8.26,1.45,-2.19,5.86,5.48,0.38,-0.92,5.8,5.57,0.24,-0.6,40.95,3.47,100.08,8.74,33.75,12.21,34.0,141.03,-39.76,43.9,3.72,14.23,1.16,34.0,4.88,34.0,58.13,-3.83,66.96,5.67,63.19,5.26,34.0,10.94,34.0,130.15,-11.96,95.33,8.08,34.28,2.81,34.0,10.89,34.0,129.61,-4.39,97.99,8.3,19.49,1.57,34.0,9.87,34.0,117.48,-2.35,Level6,7,1.0
9,Standing fan (Sunbeam),0.0,225.0,150.0,22,TskControl34,2025-02-21 18:48:38,2025-02-21_ID0_NoPCS_Ta22_TskControl34.csv,2025-02-21_ID9_Standing fan (Sunbeam)_Level1_Angle225_Distance150_Ta22_TskControl34.csv,17.18,2.42,27.3,1.1,36.6,47.38,69.28,76.12,4.04,-1.66,-1.16,-3.06,22.1,22.2,55.94,0.06,22.16,22.42,34.0,34.0,34.0,34.0,34.0,34.0,33.52,34.0,34.0,34.0,34.0,34.0,94.66,60.76,93.66,76.76,122.24,149.14,202.9,193.36,96.76,95.84,63.54,62.64,22.2,22.2,50.04,0.13,22.2,22.39,34.0,34.0,34.0,34.0,34.0,34.0,34.0,34.0,34.0,34.0,34.0,34.0,77.48,58.34,66.36,75.66,85.64,101.76,133.62,117.24,92.72,97.5,64.7,65.7,7.99,6.57,1.43,-2.62,5.13,4.94,0.19,-0.49,7.91,5.62,2.29,-4.85,6.48,6.41,0.07,-0.17,10.32,7.26,3.07,-5.04,12.6,8.62,3.97,-5.49,17.86,11.32,6.54,-6.12,16.33,9.94,6.4,-7.66,8.17,7.86,0.31,-0.51,8.09,8.26,-0.17,0.2,5.37,5.48,-0.12,0.21,5.29,5.57,-0.28,0.55,40.95,3.47,20.92,1.76,34.0,5.23,34.0,61.88,-5.46,43.9,3.72,4.82,0.39,34.0,4.11,34.0,48.72,-1.34,66.96,5.67,16.92,1.41,34.0,7.08,34.0,83.88,-3.31,95.33,8.08,28.05,2.34,34.0,10.42,34.0,123.38,-3.8,97.99,8.3,10.69,0.87,34.0,9.18,34.0,108.68,-1.58,Level1,1,0.0
9,Standing fan (Sunbeam),0.0,270.0,150.0,22,TskControl34,2025-02-21 17:16:23,2025-02-21_ID0_NoPCS_Ta22_TskControl34.csv,2025-02-21_ID9_Standing fan (Sunbeam)_Level1_Angle270_Distance150_Ta22_TskControl34.csv,9.96,-3.16,14.94,16.96,25.14,25.88,36.78,24.26,-0.8,0.94,-2.02,-1.42,22.1,22.1,51.35,0.08,22.1,22.32,34.0,34.0,34.0,34.0,34.0,34.0,34.0,34.0,34.0,34.0,34.0,34.0,87.44,55.18,81.3,92.62,110.78,127.64,170.4,141.5,91.92,98.44,62.68,64.28,22.2,22.2,50.04,0.13,22.2,22.39,34.0,34.0,34.0,34.0,34.0,34.0,34.0,34.0,34.0,34.0,34.0,34.0,77.48,58.34,66.36,75.66,85.64,101.76,133.62,117.24,92.72,97.5,64.7,65.7,7.35,6.57,0.78,-1.52,4.64,4.94,-0.31,0.64,6.83,5.62,1.21,-2.66,7.78,6.41,1.37,-2.65,9.31,7.26,2.05,-3.46,10.73,8.62,2.1,-3.0,14.32,11.32,3.0,-3.25,11.89,9.94,1.96,-2.44,7.72,7.86,-0.13,0.1,8.27,8.26,0.01,-0.11,5.27,5.48,-0.22,0.37,5.4,5.57,-0.17,0.26,40.95,3.47,30.55,2.54,34.0,6.01,34.0,71.5,-11.38,43.9,3.72,0.83,0.04,34.0,3.76,34.0,44.73,-0.23,66.96,5.67,18.48,1.51,34.0,7.18,34.0,85.44,-3.59,95.33,8.08,-1.38,-0.18,34.0,7.89,34.0,93.95,0.05,97.99,8.3,-0.93,-0.15,34.0,8.16,34.0,97.06,-0.03,Level1,1,0.0
9,Standing fan (Sunbeam),0.5,270.0,150.0,25,TskControl34,2025-02-05 12:12:00,2025-02-05_ID0_NoPCS_Ta25_TskControl34.csv,2025-02-05_ID9_Standing fan (Sunbeam)_Level3_Angle270_Distance150_Ta25_TskControl34.csv,18.66,-6.26,27.04,14.62,37.44,26.82,74.38,42.04,5.22,1.14,-0.52,-1.02,25.2,25.3,52.85,0.04,25.26,25.59,34.0,34.0,34.0,34.0,34.0,34.0,34.0,34.0,34.0,34.0,34.0,34.0,77.34,41.66,76.46,71.46,98.26,95.76,170.1,126.44,78.14,77.36,49.06,47.68,25.4,25.4,52.23,0.1,25.4,25.68,34.0,34.0,34.0,34.0,34.0,34.0,34.0,34.0,34.0,34.0,34.0,34.0,58.68,47.92,49.42,56.84,60.82,68.94,95.72,84.4,72.92,76.22,49.58,48.7,8.85,6.82,2.03,-2.73,4.77,5.57,-0.81,1.12,8.75,5.75,3.0,-4.71,8.18,6.61,1.57,-2.21,11.24,7.07,4.17,-5.29,10.96,8.02,2.94,-3.35,19.46,11.13,8.33,-6.68,14.47,9.81,4.65,-4.28,8.94,8.48,0.46,-0.62,8.85,8.86,-0.01,-0.13,5.61,5.77,-0.15,0.09,5.46,5.66,-0.21,0.18,30.25,3.52,51.0,5.78,34.0,9.3,34.0,81.24,-17.0,35.56,4.13,5.11,0.52,34.0,4.65,34.0,40.67,-1.27,51.11,5.94,30.59,3.4,34.0,9.35,34.0,81.7,-5.71,69.36,8.07,14.65,1.55,34.0,9.61,34.0,84.01,-1.85,77.35,8.99,0.64,-0.07,34.0,8.92,34.0,77.99,-0.05,Level3,4,0.5
9,Standing fan (Sunbeam),0.83,180.0,150.0,25,TskControl34,2025-02-05 15:14:51,2025-02-05_ID0_NoPCS_Ta25_TskControl34.csv,2025-02-05_ID9_Standing fan (Sunbeam)_Level4_Angle180_Distance150_Ta25_TskControl34.csv,21.32,5.88,41.92,14.36,60.94,65.88,107.22,116.52,-4.96,-6.0,-3.96,-3.56,25.2,25.2,53.19,0.09,25.2,25.52,34.0,34.0,34.0,34.0,34.0,34.0,33.86,34.0,34.0,34.0,34.0,34.0,80.0,53.8,91.34,71.2,121.76,134.82,202.94,200.92,67.96,70.22,45.62,45.14,25.4,25.4,52.23,0.1,25.4,25.68,34.0,34.0,34.0,34.0,34.0,34.0,34.0,34.0,34.0,34.0,34.0,34.0,58.68,47.92,49.42,56.84,60.82,68.94,95.72,84.4,72.92,76.22,49.58,48.7,9.09,6.82,2.27,-3.12,6.11,5.57,0.54,-1.06,10.38,5.75,4.63,-7.29,8.09,6.61,1.48,-2.17,13.84,7.07,6.76,-8.62,15.32,8.02,7.3,-8.22,23.43,11.13,12.3,-9.63,22.83,9.81,13.02,-11.87,7.72,8.48,-0.76,0.58,7.98,8.86,-0.88,0.68,5.18,5.77,-0.58,0.69,5.13,5.66,-0.53,0.63,30.25,3.52,26.26,2.9,34.0,6.42,34.0,56.51,-5.29,35.56,4.13,11.56,1.22,34.0,5.35,34.0,47.12,-2.87,51.11,5.94,17.86,1.89,34.0,7.84,34.0,68.97,-3.43,69.36,8.07,25.15,2.67,34.0,10.74,34.0,94.51,-3.31,77.35,8.99,6.09,0.49,34.0,9.48,34.0,83.44,-0.71,Level4,6,0.83
9,Standing fan (Sunbeam),0.83,225.0,150.0,25,TskControl34,2025-02-05 14:24:51,2025-02-05_ID0_NoPCS_Ta25_TskControl34.csv,2025-02-05_ID9_Standing fan (Sunbeam)_Level4_Angle225_Distance150_Ta25_TskControl34.csv,23.48,0.8,39.92,6.08,56.7,47.48,107.16,120.4,2.7,-2.04,-2.32,-4.4,25.1,25.1,53.51,0.12,25.1,25.43,34.0,34.0,34.0,34.0,34.0,34.0,33.92,34.0,34.0,34.0,34.0,34.0,82.16,48.72,89.34,62.92,117.52,116.42,202.88,204.8,75.62,74.18,47.26,44.3,25.4,25.4,52.23,0.1,25.4,25.68,34.0,34.0,34.0,34.0,34.0,34.0,34.0,34.0,34.0,34.0,34.0,34.0,58.68,47.92,49.42,56.84,60.82,68.94,95.72,84.4,72.92,76.22,49.58,48.7,9.23,6.82,2.41,-3.44,5.47,5.57,-0.1,-0.14,10.04,5.75,4.29,-6.95,7.07,6.61,0.46,-0.92,13.2,7.07,6.13,-8.02,13.08,8.02,5.06,-5.92,23.0,11.13,11.87,-9.63,23.01,9.81,13.2,-12.27,8.5,8.48,0.02,-0.32,8.33,8.86,-0.53,0.23,5.31,5.77,-0.46,0.4,4.98,5.66,-0.69,0.78,30.25,3.52,31.04,3.37,34.0,6.89,34.0,61.28,-8.43,35.56,4.13,7.55,0.71,34.0,4.84,34.0,43.11,-1.96,51.11,5.94,21.52,2.22,34.0,8.16,34.0,72.63,-4.05,69.36,8.07,33.9,3.54,34.0,11.6,34.0,103.26,-4.41,77.35,8.99,15.19,1.4,34.0,10.4,34.0,92.54,-1.74,Level4,6,0.83
9,Standing fan (Sunbeam),0.83,270.0,150.0,25,TskControl34,2025-02-05 12:45:51,2025-02-05_ID0_NoPCS_Ta25_TskControl34.csv,2025-02-05_ID9_Standing fan (Sunbeam)_Level4_Angle270_Distance150_Ta25_TskControl34.csv,19.68,-5.8,28.62,15.76,36.18,28.16,77.26,43.32,5.62,1.86,-0.6,-0.34,25.2,25.3,52.85,0.0,25.3,25.59,34.0,34.0,34.0,34.0,34.0,34.0,34.0,34.0,34.0,34.0,34.0,34.0,78.36,42.12,78.04,72.6,97.0,97.1,172.98,127.72,78.54,78.08,48.98,48.36,25.4,25.4,52.23,0.1,25.4,25.68,34.0,34.0,34.0,34.0,34.0,34.0,34.0,34.0,34.0,34.0,34.0,34.0,58.68,47.92,49.42,56.84,60.82,68.94,95.72,84.4,72.92,76.22,49.58,48.7,9.01,6.82,2.18,-2.88,4.84,5.57,-0.73,1.04,8.97,5.75,3.22,-4.98,8.34,6.61,1.74,-2.38,11.15,7.07,4.08,-5.12,11.16,8.02,3.14,-3.51,19.88,11.13,8.75,-6.94,14.68,9.81,4.87,-4.41,9.03,8.48,0.55,-0.66,8.97,8.86,0.11,-0.21,5.63,5.77,-0.14,0.1,5.56,5.66,-0.1,0.06,30.25,3.52,51.92,5.93,34.0,9.44,34.0,82.17,-17.3,35.56,4.13,5.41,0.57,34.0,4.71,34.0,40.97,-1.34,51.11,5.94,32.01,3.61,34.0,9.55,34.0,83.12,-5.95,69.36,8.07,15.7,1.71,34.0,9.78,34.0,85.06,-2.0,77.35,8.99,2.31,0.16,34.0,9.16,34.0,79.66,-0.22,Level4,6,0.83
9,Standing fan (Sunbeam),1.0,180.0,150.0,25,TskControl34,2025-02-05 15:27:51,2025-02-05_ID0_NoPCS_Ta25_TskControl34.csv,2025-02-05_ID9_Standing fan (Sunbeam)_Level6_Angle180_Distance150_Ta25_TskControl34.csv,34.44,12.7,59.9,22.7,82.98,92.74,108.06,129.5,-2.74,-2.04,-3.0,-2.6,25.3,25.1,53.22,0.09,25.2,25.54,33.9,34.0,34.0,34.0,34.0,34.0,32.82,32.86,34.0,34.0,34.0,34.0,93.12,60.62,109.32,79.54,143.8,161.68,203.78,213.9,70.18,74.18,46.58,46.1,25.4,25.4,52.23,0.1,25.4,25.68,34.0,34.0,34.0,34.0,34.0,34.0,34.0,34.0,34.0,34.0,34.0,34.0,58.68,47.92,49.42,56.84,60.82,68.94,95.72,84.4,72.92,76.22,49.58,48.7,10.7,6.82,3.88,-5.05,6.89,5.57,1.32,-2.28,12.42,5.75,6.68,-10.42,9.04,6.61,2.43,-3.43,16.34,7.07,9.27,-11.73,18.37,8.02,10.36,-11.57,26.74,11.13,15.61,-9.71,27.92,9.81,18.11,-13.2,7.97,8.48,-0.5,0.32,8.43,8.86,-0.43,0.23,5.29,5.77,-0.47,0.52,5.24,5.66,-0.42,0.46,30.25,3.52,48.11,5.39,34.0,8.9,34.0,78.35,-11.32,35.56,4.13,19.62,2.14,34.0,6.27,34.0,55.18,-4.84,51.11,5.94,32.64,3.57,34.0,9.52,34.0,83.76,-6.13,69.36,8.07,44.56,4.88,34.0,12.95,34.0,113.92,-5.74,77.35,8.99,23.48,2.46,34.0,11.46,34.0,100.83,-2.66,Level6,7,1.0
9,Standing fan (Sunbeam),0.83,225.0,150.0,22,TskControl34,2025-02-21 20:08:53,2025-02-21_ID0_NoPCS_Ta22_TskControl34.csv,2025-02-21_ID9_Standing fan (Sunbeam)_Level4_Angle225_Distance150_Ta22_TskControl34.csv,34.62,13.28,46.84,9.04,68.98,74.3,72.9,97.96,19.3,10.18,0.72,-3.74,22.3,22.2,68.39,0.0,22.2,22.86,33.8,34.0,34.0,34.0,34.0,34.0,29.94,31.36,34.0,34.0,34.0,34.0,112.1,71.62,113.2,84.7,154.62,176.06,206.52,215.2,112.02,107.68,65.42,61.96,22.2,22.2,50.04,0.13,22.2,22.39,34.0,34.0,34.0,34.0,34.0,34.0,34.0,34.0,34.0,34.0,34.0,34.0,77.48,58.34,66.36,75.66,85.64,101.76,133.62,117.24,92.72,97.5,64.7,65.7,9.66,6.57,3.1,-5.27,6.07,4.94,1.13,-2.69,9.59,5.62,3.97,-8.33,7.18,6.41,0.77,-1.41,13.1,7.26,5.85,-9.5,14.92,8.62,6.3,-8.62,26.68,11.32,15.36,-6.44,23.49,9.94,13.56,-9.86,9.49,7.86,1.64,-2.46,9.13,8.26,0.86,-1.23,5.54,5.48,0.06,-0.13,5.25,5.57,-0.32,0.67,40.95,3.47,42.83,3.63,34.0,7.1,34.0,83.78,-11.72,43.9,3.72,10.79,0.91,34.0,4.63,34.0,54.69,-2.94,66.96,5.67,33.47,2.84,34.0,8.51,34.0,100.43,-6.47,95.33,8.08,55.03,4.66,34.0,12.74,34.0,150.36,-7.24,97.99,8.3,38.76,3.28,34.0,11.59,34.0,136.75,-5.02,Level4,6,0.83
9,Standing fan (Sunbeam),0.5,270.0,150.0,22,TskControl34,2025-02-21 17:51:53,2025-02-21_ID0_NoPCS_Ta22_TskControl34.csv,2025-02-21_ID9_Standing fan (Sunbeam)_Level3_Angle270_Distance150_Ta22_TskControl34.csv,23.36,-2.96,23.6,29.24,32.24,44.44,68.82,54.14,8.22,5.58,-0.28,-1.56,22.2,22.1,66.22,0.04,22.14,22.69,34.0,34.0,34.0,34.0,34.0,34.0,33.86,34.0,34.0,34.0,34.0,34.0,100.84,55.38,89.96,104.9,117.88,146.2,202.44,171.38,100.94,103.08,64.42,64.14,22.2,22.2,50.04,0.13,22.2,22.39,34.0,34.0,34.0,34.0,34.0,34.0,34.0,34.0,34.0,34.0,34.0,34.0,77.48,58.34,66.36,75.66,85.64,101.76,133.62,117.24,92.72,97.5,64.7,65.7,8.5,6.57,1.94,-3.56,4.67,4.94,-0.27,0.6,7.59,5.62,1.96,-4.2,8.84,6.41,2.43,-4.56,9.94,7.26,2.68,-4.44,12.33,8.62,3.7,-5.15,17.27,11.32,5.95,-6.08,14.45,9.94,4.51,-5.45,8.51,7.86,0.65,-1.05,8.69,8.26,0.43,-0.68,5.43,5.48,-0.05,0.05,5.41,5.57,-0.16,0.28,40.95,3.47,60.2,5.06,34.0,8.53,34.0,101.16,-22.09,43.9,3.72,6.19,0.5,34.0,4.22,34.0,50.09,-1.66,66.96,5.67,36.91,3.08,34.0,8.76,34.0,103.87,-6.95,95.33,8.08,13.04,1.06,34.0,9.14,34.0,108.37,-1.71,97.99,8.3,11.43,0.92,34.0,9.23,34.0,109.42,-1.46,Level3,4,0.5
9,Standing fan (Sunbeam),0.5,225.0,150.0,22,TskControl34,2025-02-21 19:02:18,2025-02-21_ID0_NoPCS_Ta22_TskControl34.csv,2025-02-21_ID9_Standing fan (Sunbeam)_Level3_Angle225_Distance150_Ta22_TskControl34.csv,33.4,12.44,42.9,9.04,67.56,69.32,71.78,96.9,17.8,8.58,0.94,2.7,22.2,22.4,57.44,0.1,22.3,22.56,33.9,34.0,34.0,34.0,34.0,34.0,30.98,32.3,34.0,34.0,34.0,34.0,110.88,70.78,109.26,84.7,153.2,171.08,205.4,214.14,110.52,106.08,65.64,68.4,22.2,22.2,50.04,0.13,22.2,22.39,34.0,34.0,34.0,34.0,34.0,34.0,34.0,34.0,34.0,34.0,34.0,34.0,77.48,58.34,66.36,75.66,85.64,101.76,133.62,117.24,92.72,97.5,64.7,65.7,9.56,6.57,2.99,-5.09,6.05,4.94,1.11,-2.52,9.34,5.62,3.71,-7.63,7.24,6.41,0.83,-1.41,13.09,7.26,5.84,-9.31,14.62,8.62,6.0,-8.04,23.66,11.32,12.34,-6.34,21.41,9.94,11.48,-9.75,9.45,7.86,1.59,-2.27,9.07,8.26,0.8,-1.04,5.61,5.48,0.13,-0.17,5.85,5.57,0.28,-0.48,40.95,3.47,40.81,3.52,34.0,6.99,34.0,81.77,-11.63,43.9,3.72,10.46,0.93,34.0,4.65,34.0,54.36,-2.86,66.96,5.67,32.18,2.8,34.0,8.47,34.0,99.13,-6.24,95.33,8.08,53.53,4.64,34.0,12.72,34.0,148.86,-7.04,97.99,8.3,37.21,3.25,34.0,11.56,34.0,135.2,-4.83,Level3,4,0.5
9,Standing fan (Sunbeam),1.0,225.0,150.0,22,TskControl34,2025-02-21 19:49:48,2025-02-21_ID0_NoPCS_Ta22_TskControl34.csv,2025-02-21_ID9_Standing fan (Sunbeam)_Level6_Angle225_Distance150_Ta22_TskControl34.csv,48.18,18.6,68.66,20.52,93.3,104.28,73.56,99.46,22.46,20.58,-1.28,-4.24,22.3,22.3,64.15,0.0,22.3,22.74,33.8,34.0,34.0,34.0,34.0,34.0,29.12,29.78,34.0,34.0,34.0,34.0,125.66,76.94,135.02,96.18,178.94,206.04,207.18,216.7,115.18,118.08,63.42,61.46,22.2,22.2,50.04,0.13,22.2,22.39,34.0,34.0,34.0,34.0,34.0,34.0,34.0,34.0,34.0,34.0,34.0,34.0,77.48,58.34,66.36,75.66,85.64,101.76,133.62,117.24,92.72,97.5,64.7,65.7,10.93,6.57,4.36,-7.34,6.58,4.94,1.63,-3.76,11.54,5.62,5.92,-12.21,8.22,6.41,1.81,-3.2,15.29,7.26,8.04,-12.86,17.61,8.62,8.99,-12.09,30.38,11.32,19.05,-6.5,28.97,9.94,19.03,-10.01,9.84,7.86,1.99,-2.86,10.09,8.26,1.83,-2.49,5.42,5.48,-0.06,0.23,5.25,5.57,-0.31,0.76,40.95,3.47,63.36,5.56,33.92,9.03,34.0,104.31,-19.14,43.9,3.72,18.04,1.57,34.0,5.29,34.0,61.94,-4.9,66.96,5.67,50.98,4.41,34.0,10.08,34.0,117.94,-9.65,95.33,8.08,73.09,6.32,34.0,14.39,34.0,168.42,-9.51,97.99,8.3,54.77,4.75,34.0,13.06,34.0,152.76,-6.96,Level6,7,1.0
9,Standing fan (Sunbeam),0.0,180.0,150.0,22,TskControl34,2025-02-22 16:00:14,2025-02-22_ID0_NoPCS_Ta22_TskControl34.csv,2025-02-22_ID9_Standing fan (Sunbeam)_Level1_Angle180_Distance150_Ta22_TskControl34.csv,11.54,10.2,27.3,4.06,39.48,49.22,45.8,64.94,-2.02,-4.38,0.6,-3.02,22.3,22.2,75.69,0.02,22.23,22.98,34.0,34.0,34.0,34.0,34.0,34.0,34.0,34.0,34.0,34.0,34.0,34.0,88.74,68.02,94.5,80.92,123.96,149.54,176.0,178.32,89.46,91.94,66.92,63.26,22.1,21.9,67.05,0.12,22.0,22.6,34.0,34.0,34.0,34.0,34.0,34.0,34.0,34.0,34.0,34.0,34.0,34.0,77.2,57.82,67.2,76.86,84.48,100.32,130.2,113.38,91.48,96.32,66.32,66.28,7.54,6.43,1.11,-1.79,5.78,4.82,0.96,-2.12,8.03,5.6,2.43,-4.87,6.88,6.4,0.47,-0.63,10.53,7.04,3.49,-5.61,12.71,8.36,4.35,-5.89,14.95,10.85,4.1,-4.22,15.15,9.45,5.7,-6.87,7.6,7.62,-0.02,0.26,7.81,8.03,-0.22,0.55,5.69,5.53,0.16,-0.11,5.37,5.52,-0.15,0.55,41.44,3.45,19.63,1.74,34.0,5.19,34.0,61.07,-4.79,44.1,3.68,14.23,1.28,34.0,4.96,34.0,58.33,-3.91,67.3,5.61,11.17,1.06,34.0,6.67,34.0,78.47,-2.3,94.46,7.87,2.91,0.4,34.0,8.27,34.0,97.37,-0.61,97.43,8.12,-4.4,-0.22,34.0,7.9,34.0,93.03,0.4,Level1,1,0.0
9,Standing fan (Sunbeam),0.5,180.0,150.0,22,TskControl34,2025-02-22 16:16:54,2025-02-22_ID0_NoPCS_Ta22_TskControl34.csv,2025-02-22_ID9_Standing fan (Sunbeam)_Level3_Angle180_Distance150_Ta22_TskControl34.csv,32.84,24.22,45.26,16.88,75.58,92.76,74.2,100.76,-0.88,0.48,-2.62,-3.16,22.3,22.3,52.43,0.05,22.3,22.45,33.9,34.0,34.0,34.0,34.0,34.0,31.9,32.32,34.0,34.0,34.0,34.0,110.04,82.04,112.46,93.74,160.06,193.08,204.4,214.14,90.6,96.8,63.7,63.12,22.1,21.9,67.05,0.12,22.0,22.6,34.0,34.0,34.0,34.0,34.0,34.0,34.0,34.0,34.0,34.0,34.0,34.0,77.2,57.82,67.2,76.86,84.48,100.32,130.2,113.38,91.48,96.32,66.32,66.28,9.49,6.43,3.05,-5.1,7.01,4.82,2.19,-5.03,9.61,5.6,4.01,-8.08,8.01,6.4,1.61,-2.64,13.68,7.04,6.64,-10.74,16.5,8.36,8.14,-11.1,21.29,10.85,10.44,-6.84,21.37,9.45,11.92,-10.66,7.74,7.62,0.12,0.12,8.27,8.03,0.25,-0.06,5.44,5.53,-0.08,0.47,5.39,5.52,-0.13,0.57,41.44,3.45,39.01,3.42,34.0,6.88,34.0,80.45,-9.36,44.1,3.68,28.06,2.49,34.0,6.17,34.0,72.16,-7.65,67.3,5.61,28.75,2.6,34.0,8.21,34.0,96.05,-5.55,94.46,7.87,46.77,4.2,34.0,12.07,34.0,141.23,-6.35,97.43,8.12,30.81,2.84,34.0,10.96,34.0,128.24,-4.07,Level3,4,0.5
9,Standing fan (Sunbeam),0.83,180.0,150.0,22,TskControl34,2025-02-22 16:27:09,2025-02-22_ID0_NoPCS_Ta22_TskControl34.csv,2025-02-22_ID9_Standing fan (Sunbeam)_Level4_Angle180_Distance150_Ta22_TskControl34.csv,32.74,25.54,45.48,16.46,76.26,96.86,74.74,101.32,-0.58,-0.78,-2.78,-2.44,22.5,22.2,61.37,0.06,22.33,22.78,33.9,34.0,34.0,34.0,34.0,34.0,31.42,31.9,34.0,34.0,34.0,34.0,109.94,83.36,112.68,93.32,160.74,197.18,204.94,214.7,90.9,95.54,63.54,63.84,22.1,21.9,67.05,0.12,22.0,22.6,34.0,34.0,34.0,34.0,34.0,34.0,34.0,34.0,34.0,34.0,34.0,34.0,77.2,57.82,67.2,76.86,84.48,100.32,130.2,113.38,91.48,96.32,66.32,66.28,9.5,6.43,3.07,-5.09,7.14,4.82,2.32,-5.3,9.66,5.6,4.06,-8.12,8.0,6.4,1.59,-2.57,13.77,7.04,6.73,-10.83,16.9,8.36,8.54,-11.59,22.55,10.85,11.7,-6.89,22.43,9.45,12.99,-10.72,7.79,7.62,0.17,0.08,8.19,8.03,0.16,0.1,5.44,5.53,-0.08,0.5,5.47,5.52,-0.05,0.44,41.44,3.45,39.29,3.46,34.0,6.92,34.0,80.73,-9.42,44.1,3.68,27.07,2.42,34.0,6.1,34.0,71.17,-7.38,67.3,5.61,28.8,2.63,34.0,8.23,34.0,96.1,-5.58,94.46,7.87,47.29,4.27,34.0,12.15,34.0,141.75,-6.42,97.43,8.12,28.86,2.7,34.0,10.82,34.0,126.29,-3.83,Level4,6,0.83
9,Standing fan (Sunbeam),0.83,270.0,150.0,22,TskControl34,2025-02-21 18:01:43,2025-02-21_ID0_NoPCS_Ta22_TskControl34.csv,2025-02-21_ID9_Standing fan (Sunbeam)_Level4_Angle270_Distance150_Ta22_TskControl34.csv,25.1,-2.52,24.96,28.84,36.0,45.32,69.0,60.26,7.96,6.4,1.62,-0.76,22.2,22.2,64.13,0.0,22.2,22.73,34.0,34.0,34.0,34.0,34.0,34.0,33.68,34.0,34.0,34.0,34.0,34.0,102.58,55.82,91.32,104.5,121.64,147.08,202.62,177.5,100.68,103.9,66.32,64.94,22.2,22.2,50.04,0.13,22.2,22.39,34.0,34.0,34.0,34.0,34.0,34.0,34.0,34.0,34.0,34.0,34.0,34.0,77.48,58.34,66.36,75.66,85.64,101.76,133.62,117.24,92.72,97.5,64.7,65.7,8.69,6.57,2.13,-3.82,4.73,4.94,-0.21,0.51,7.74,5.62,2.12,-4.44,8.86,6.41,2.44,-4.5,10.31,7.26,3.05,-4.96,12.46,8.62,3.84,-5.26,17.65,11.32,6.33,-6.09,15.04,9.94,5.11,-6.07,8.53,7.86,0.67,-1.01,8.81,8.26,0.54,-0.77,5.62,5.48,0.14,-0.3,5.5,5.57,-0.06,0.14,40.95,3.47,63.94,5.42,34.0,8.89,34.0,104.89,-23.69,43.9,3.72,7.31,0.62,34.0,4.34,34.0,51.21,-1.97,66.96,5.67,39.88,3.38,34.0,9.05,34.0,106.84,-7.5,95.33,8.08,14.61,1.24,34.0,9.32,34.0,109.94,-1.91,97.99,8.3,12.75,1.08,34.0,9.38,34.0,110.74,-1.61,Level4,6,0.83
9,Standing fan (Sunbeam),1.0,180.0,150.0,22,TskControl34,2025-02-22 16:42:14,2025-02-22_ID0_NoPCS_Ta22_TskControl34.csv,2025-02-22_ID9_Standing fan (Sunbeam)_Level6_Angle180_Distance150_Ta22_TskControl34.csv,48.24,30.76,67.08,29.4,104.38,128.18,76.06,102.68,5.02,6.5,-1.84,-2.76,22.3,22.5,63.74,0.11,22.4,22.83,33.8,34.0,34.0,34.0,34.0,34.0,30.04,30.38,34.0,34.0,34.0,34.0,125.44,88.58,134.28,106.26,188.86,228.5,206.26,216.06,96.5,102.82,64.48,63.52,22.1,21.9,67.05,0.12,22.0,22.6,34.0,34.0,34.0,34.0,34.0,34.0,34.0,34.0,34.0,34.0,34.0,34.0,77.2,57.82,67.2,76.86,84.48,100.32,130.2,113.38,91.48,96.32,66.32,66.28,11.0,6.43,4.57,-7.5,7.64,4.82,2.82,-6.38,11.58,5.6,5.98,-11.98,9.16,6.4,2.76,-4.59,16.28,7.04,9.24,-14.83,19.7,8.36,11.34,-15.33,27.0,10.85,16.15,-7.01,27.08,9.45,17.63,-10.87,8.32,7.62,0.7,-0.66,8.86,8.03,0.84,-0.81,5.56,5.53,0.03,0.33,5.48,5.52,-0.05,0.5,41.44,3.45,67.06,6.52,33.61,9.98,34.0,108.5,-20.37,44.1,3.68,37.16,3.33,34.0,7.01,34.0,81.26,-10.12,67.3,5.61,45.52,4.12,34.0,9.73,34.0,112.81,-8.76,94.46,7.87,67.68,6.11,34.0,13.98,34.0,162.14,-9.05,97.43,8.12,49.99,4.59,34.0,12.71,34.0,147.42,-6.49,Level6,7,1.0
9,Standing fan (Sunbeam),1.0,225.0,150.0,25,TskControl34,2025-02-05 14:36:51,2025-02-05_ID0_NoPCS_Ta25_TskControl34.csv,2025-02-05_ID9_Standing fan (Sunbeam)_Level6_Angle225_Distance150_Ta25_TskControl34.csv,35.84,6.06,57.66,10.5,77.46,71.6,108.46,129.7,14.94,10.52,-4.96,-4.2,25.1,25.1,53.17,0.07,25.1,25.42,33.9,34.0,34.0,34.0,34.0,34.0,32.36,32.72,34.0,34.0,34.0,34.0,94.52,53.98,107.08,67.34,138.28,140.54,204.18,214.1,87.86,86.74,44.62,44.5,25.4,25.4,52.23,0.1,25.4,25.68,34.0,34.0,34.0,34.0,34.0,34.0,34.0,34.0,34.0,34.0,34.0,34.0,58.68,47.92,49.42,56.84,60.82,68.94,95.72,84.4,72.92,76.22,49.58,48.7,10.74,6.82,3.92,-5.25,6.07,5.57,0.49,-1.09,12.03,5.75,6.28,-10.03,7.57,6.61,0.96,-1.59,15.54,7.07,8.46,-10.95,15.79,8.02,7.77,-8.93,28.12,11.13,16.99,-9.74,28.1,9.81,18.28,-13.22,9.87,8.48,1.39,-1.76,9.75,8.86,0.88,-1.19,5.01,5.77,-0.75,0.86,5.0,5.66,-0.66,0.74,30.25,3.52,45.34,4.98,34.0,8.49,34.0,75.58,-12.61,35.56,4.13,11.34,1.13,34.0,5.27,34.0,46.9,-2.88,51.11,5.94,34.11,3.63,34.0,9.58,34.0,85.22,-6.37,69.36,8.07,53.91,5.79,34.0,13.85,34.0,123.27,-6.91,77.35,8.99,32.72,3.37,34.0,12.37,34.0,110.07,-3.69,Level6,7,1.0
9,Standing fan (Sunbeam),1.0,270.0,150.0,25,TskControl34,2025-02-05 12:59:51,2025-02-05_ID0_NoPCS_Ta25_TskControl34.csv,2025-02-05_ID9_Standing fan (Sunbeam)_Level6_Angle270_Distance150_Ta25_TskControl34.csv,32.34,-1.16,38.96,23.48,53.8,41.08,107.58,71.7,17.2,12.14,-1.44,2.24,25.2,25.4,53.88,0.14,25.29,25.64,34.0,34.0,34.0,34.0,34.0,34.0,33.34,34.0,34.0,34.0,34.0,34.0,91.02,46.76,88.38,80.32,114.62,110.02,203.3,156.1,90.12,88.36,48.14,50.94,25.4,25.4,52.23,0.1,25.4,25.68,34.0,34.0,34.0,34.0,34.0,34.0,34.0,34.0,34.0,34.0,34.0,34.0,58.68,47.92,49.42,56.84,60.82,68.94,95.72,84.4,72.92,76.22,49.58,48.7,10.45,6.82,3.63,-4.74,5.37,5.57,-0.2,0.21,10.15,5.75,4.4,-6.78,9.22,6.61,2.61,-3.55,13.16,7.07,6.09,-7.61,12.63,8.02,4.62,-5.12,25.25,11.13,14.12,-9.67,17.92,9.81,8.11,-7.31,10.35,8.48,1.87,-2.03,10.14,8.86,1.28,-1.37,5.53,5.77,-0.24,0.25,5.85,5.66,0.19,-0.4,30.25,3.52,75.55,8.63,34.0,12.15,34.0,105.8,-25.68,35.56,4.13,11.89,1.31,34.0,5.45,34.0,47.45,-2.94,51.11,5.94,48.77,5.52,34.0,11.47,34.0,99.88,-9.04,69.36,8.07,30.11,3.36,34.0,11.42,34.0,99.47,-3.81,77.35,8.99,9.07,0.93,34.0,9.92,34.0,86.42,-0.98,Level6,7,1.0
9,Standing fan (Sunbeam),1.0,180.0,150.0,22,TskControl34,2025-02-22 16:42:14,2025-02-22_ID0_NoPCS_Ta22_TskControl34.csv,2025-02-22_ID9_Standing fan (Sunbeam)_Level6_Angle180_Distance150_Ta22_TskControl34.csv,48.24,30.76,67.08,29.4,104.38,128.18,76.06,102.68,5.02,6.5,-1.84,-2.76,22.3,22.5,63.74,0.11,22.4,22.83,33.8,34.0,34.0,34.0,34.0,34.0,30.04,30.38,34.0,34.0,34.0,34.0,125.44,88.58,134.28,106.26,188.86,228.5,206.26,216.06,96.5,102.82,64.48,63.52,22.1,21.9,67.05,0.12,22.0,22.6,34.0,34.0,34.0,34.0,34.0,34.0,34.0,34.0,34.0,34.0,34.0,34.0,77.2,57.82,67.2,76.86,84.48,100.32,130.2,113.38,91.48,96.32,66.32,66.28,11.0,6.43,4.57,-7.5,7.64,4.82,2.82,-6.38,11.58,5.6,5.98,-11.98,9.16,6.4,2.76,-4.59,16.28,7.04,9.24,-14.83,19.7,8.36,11.34,-15.33,27.0,10.85,16.15,-7.01,27.08,9.45,17.63,-10.87,8.32,7.62,0.7,-0.66,8.86,8.03,0.84,-0.81,5.56,5.53,0.03,0.33,5.48,5.52,-0.05,0.5,41.44,3.45,67.06,6.52,33.61,9.98,34.0,108.5,-20.37,44.1,3.68,37.16,3.33,34.0,7.01,34.0,81.26,-10.12,67.3,5.61,45.52,4.12,34.0,9.73,34.0,112.81,-8.76,94.46,7.87,67.68,6.11,34.0,13.98,34.0,162.14,-9.05,97.43,8.12,49.99,4.59,34.0,12.71,34.0,147.42,-6.49,Level6,7,1.0
9,Standing fan (Sunbeam),0.83,270.0,150.0,22,TskControl34,2025-02-21 18:01:43,2025-02-21_ID0_NoPCS_Ta22_TskControl34.csv,2025-02-21_ID9_Standing fan (Sunbeam)_Level4_Angle270_Distance150_Ta22_TskControl34.csv,25.1,-2.52,24.96,28.84,36.0,45.32,69.0,60.26,7.96,6.4,1.62,-0.76,22.2,22.2,64.13,0.0,22.2,22.73,34.0,34.0,34.0,34.0,34.0,34.0,33.68,34.0,34.0,34.0,34.0,34.0,102.58,55.82,91.32,104.5,121.64,147.08,202.62,177.5,100.68,103.9,66.32,64.94,22.2,22.2,50.04,0.13,22.2,22.39,34.0,34.0,34.0,34.0,34.0,34.0,34.0,34.0,34.0,34.0,34.0,34.0,77.48,58.34,66.36,75.66,85.64,101.76,133.62,117.24,92.72,97.5,64.7,65.7,8.69,6.57,2.13,-3.82,4.73,4.94,-0.21,0.51,7.74,5.62,2.12,-4.44,8.86,6.41,2.44,-4.5,10.31,7.26,3.05,-4.96,12.46,8.62,3.84,-5.26,17.65,11.32,6.33,-6.09,15.04,9.94,5.11,-6.07,8.53,7.86,0.67,-1.01,8.81,8.26,0.54,-0.77,5.62,5.48,0.14,-0.3,5.5,5.57,-0.06,0.14,40.95,3.47,63.94,5.42,34.0,8.89,34.0,104.89,-23.69,43.9,3.72,7.31,0.62,34.0,4.34,34.0,51.21,-1.97,66.96,5.67,39.88,3.38,34.0,9.05,34.0,106.84,-7.5,95.33,8.08,14.61,1.24,34.0,9.32,34.0,109.94,-1.91,97.99,8.3,12.75,1.08,34.0,9.38,34.0,110.74,-1.61,Level4,6,0.83
9,Standing fan (Sunbeam),1.0,225.0,150.0,22,TskControl34,2025-02-21 19:49:48,2025-02-21_ID0_NoPCS_Ta22_TskControl34.csv,2025-02-21_ID9_Standing fan (Sunbeam)_Level6_Angle225_Distance150_Ta22_TskControl34.csv,48.18,18.6,68.66,20.52,93.3,104.28,73.56,99.46,22.46,20.58,-1.28,-4.24,22.3,22.3,64.15,0.0,22.3,22.74,33.8,34.0,34.0,34.0,34.0,34.0,29.12,29.78,34.0,34.0,34.0,34.0,125.66,76.94,135.02,96.18,178.94,206.04,207.18,216.7,115.18,118.08,63.42,61.46,22.2,22.2,50.04,0.13,22.2,22.39,34.0,34.0,34.0,34.0,34.0,34.0,34.0,34.0,34.0,34.0,34.0,34.0,77.48,58.34,66.36,75.66,85.64,101.76,133.62,117.24,92.72,97.5,64.7,65.7,10.93,6.57,4.36,-7.34,6.58,4.94,1.63,-3.76,11.54,5.62,5.92,-12.21,8.22,6.41,1.81,-3.2,15.29,7.26,8.04,-12.86,17.61,8.62,8.99,-12.09,30.38,11.32,19.05,-6.5,28.97,9.94,19.03,-10.01,9.84,7.86,1.99,-2.86,10.09,8.26,1.83,-2.49,5.42,5.48,-0.06,0.23,5.25,5.57,-0.31,0.76,40.95,3.47,63.36,5.56,33.92,9.03,34.0,104.31,-19.14,43.9,3.72,18.04,1.57,34.0,5.29,34.0,61.94,-4.9,66.96,5.67,50.98,4.41,34.0,10.08,34.0,117.94,-9.65,95.33,8.08,73.09,6.32,34.0,14.39,34.0,168.42,-9.51,97.99,8.3,54.77,4.75,34.0,13.06,34.0,152.76,-6.96,Level6,7,1.0
9,Standing fan (Sunbeam),1.0,270.0,150.0,22,TskControl34,2025-02-21 18:24:53,2025-02-21_ID0_NoPCS_Ta22_TskControl34.csv,2025-02-21_ID9_Standing fan (Sunbeam)_Level6_Angle270_Distance150_Ta22_TskControl34.csv,41.3,4.54,41.4,38.36,61.18,60.56,71.76,92.58,23.8,18.12,5.04,3.36,22.1,22.1,62.07,0.05,22.1,22.57,33.9,34.0,34.0,34.0,34.0,34.0,30.88,34.0,34.0,34.0,34.0,34.0,118.78,62.88,107.76,114.02,146.82,162.32,205.38,209.82,116.52,115.62,69.74,69.06,22.2,22.2,50.04,0.13,22.2,22.39,34.0,34.0,34.0,34.0,34.0,34.0,34.0,34.0,34.0,34.0,34.0,34.0,77.48,58.34,66.36,75.66,85.64,101.76,133.62,117.24,92.72,97.5,64.7,65.7,10.07,6.57,3.5,-6.29,5.28,4.94,0.34,-0.92,9.06,5.62,3.43,-7.36,9.58,6.41,3.17,-5.98,12.34,7.26,5.08,-8.43,13.64,8.62,5.02,-7.02,23.39,11.32,12.07,-6.34,17.63,9.94,7.7,-9.32,9.79,7.86,1.93,-3.03,9.72,8.26,1.45,-2.19,5.86,5.48,0.38,-0.92,5.8,5.57,0.24,-0.6,40.95,3.47,100.08,8.74,33.75,12.21,34.0,141.03,-39.76,43.9,3.72,14.23,1.16,34.0,4.88,34.0,58.13,-3.83,66.96,5.67,63.19,5.26,34.0,10.94,34.0,130.15,-11.96,95.33,8.08,34.28,2.81,34.0,10.89,34.0,129.61,-4.39,97.99,8.3,19.49,1.57,34.0,9.87,34.0,117.48,-2.35,Level6,7,1.0
9,Standing fan (DeLonghi),0.17,270.0,150.0,25,TskControl34,2025-02-05 16:59:00,2025-02-05_ID0_NoPCS_Ta25_TskControl34.csv,2025-02-05_ID9_Standing fan (DeLonghi)_Low_Angle270_Distance150_Ta25_TskControl34.csv,4.92,-12.02,14.34,5.02,12.26,15.68,11.36,16.86,-3.96,-4.22,-3.06,-2.12,25.1,25.1,53.86,0.07,25.1,25.54,34.0,34.0,34.0,34.0,34.0,34.0,34.0,34.0,34.0,34.0,34.0,34.0,63.6,35.9,63.76,61.86,73.08,84.62,107.08,101.26,68.96,72.0,46.52,46.58,25.4,25.4,52.23,0.1,25.4,25.68,34.0,34.0,34.0,34.0,34.0,34.0,34.0,34.0,34.0,34.0,34.0,34.0,58.68,47.92,49.42,56.84,60.82,68.94,95.72,84.4,72.92,76.22,49.58,48.7,7.15,6.82,0.32,-0.72,4.03,5.57,-1.54,2.16,7.16,5.75,1.42,-2.5,6.95,6.61,0.34,-0.76,8.21,7.07,1.14,-1.73,9.51,8.02,1.49,-1.96,12.03,11.13,0.9,-1.02,11.38,9.81,1.56,-1.72,7.75,8.48,-0.73,0.47,8.09,8.86,-0.77,0.48,5.23,5.77,-0.54,0.53,5.23,5.66,-0.43,0.37,30.25,3.52,18.32,1.94,34.0,5.46,34.0,48.57,-5.25,35.56,4.13,-2.46,-0.42,34.0,3.72,34.0,33.1,0.58,51.11,5.94,18.2,1.84,34.0,7.79,34.0,69.31,-3.42,69.36,8.07,-0.57,-0.34,34.0,7.73,34.0,68.79,0.05,77.35,8.99,-6.44,-1.03,34.0,7.97,34.0,70.91,0.71,Low,2,0.17
9,Standing fan (Sunbeam),0.0,180.0,150.0,22,TskControl34,2025-02-22 16:00:14,2025-02-22_ID0_NoPCS_Ta22_TskControl34.csv,2025-02-22_ID9_Standing fan (Sunbeam)_Level1_Angle180_Distance150_Ta22_TskControl34.csv,11.54,10.2,27.3,4.06,39.48,49.22,45.8,64.94,-2.02,-4.38,0.6,-3.02,22.3,22.2,75.69,0.02,22.23,22.98,34.0,34.0,34.0,34.0,34.0,34.0,34.0,34.0,34.0,34.0,34.0,34.0,88.74,68.02,94.5,80.92,123.96,149.54,176.0,178.32,89.46,91.94,66.92,63.26,22.1,21.9,67.05,0.12,22.0,22.6,34.0,34.0,34.0,34.0,34.0,34.0,34.0,34.0,34.0,34.0,34.0,34.0,77.2,57.82,67.2,76.86,84.48,100.32,130.2,113.38,91.48,96.32,66.32,66.28,7.54,6.43,1.11,-1.79,5.78,4.82,0.96,-2.12,8.03,5.6,2.43,-4.87,6.88,6.4,0.47,-0.63,10.53,7.04,3.49,-5.61,12.71,8.36,4.35,-5.89,14.95,10.85,4.1,-4.22,15.15,9.45,5.7,-6.87,7.6,7.62,-0.02,0.26,7.81,8.03,-0.22,0.55,5.69,5.53,0.16,-0.11,5.37,5.52,-0.15,0.55,41.44,3.45,19.63,1.74,34.0,5.19,34.0,61.07,-4.79,44.1,3.68,14.23,1.28,34.0,4.96,34.0,58.33,-3.91,67.3,5.61,11.17,1.06,34.0,6.67,34.0,78.47,-2.3,94.46,7.87,2.91,0.4,34.0,8.27,34.0,97.37,-0.61,97.43,8.12,-4.4,-0.22,34.0,7.9,34.0,93.03,0.4,Level1,1,0.0
9,Standing fan (Sunbeam),0.83,180.0,150.0,22,TskControl34,2025-02-22 16:27:09,2025-02-22_ID0_NoPCS_Ta22_TskControl34.csv,2025-02-22_ID9_Standing fan (Sunbeam)_Level4_Angle180_Distance150_Ta22_TskControl34.csv,32.74,25.54,45.48,16.46,76.26,96.86,74.74,101.32,-0.58,-0.78,-2.78,-2.44,22.5,22.2,61.37,0.06,22.33,22.78,33.9,34.0,34.0,34.0,34.0,34.0,31.42,31.9,34.0,34.0,34.0,34.0,109.94,83.36,112.68,93.32,160.74,197.18,204.94,214.7,90.9,95.54,63.54,63.84,22.1,21.9,67.05,0.12,22.0,22.6,34.0,34.0,34.0,34.0,34.0,34.0,34.0,34.0,34.0,34.0,34.0,34.0,77.2,57.82,67.2,76.86,84.48,100.32,130.2,113.38,91.48,96.32,66.32,66.28,9.5,6.43,3.07,-5.09,7.14,4.82,2.32,-5.3,9.66,5.6,4.06,-8.12,8.0,6.4,1.59,-2.57,13.77,7.04,6.73,-10.83,16.9,8.36,8.54,-11.59,22.55,10.85,11.7,-6.89,22.43,9.45,12.99,-10.72,7.79,7.62,0.17,0.08,8.19,8.03,0.16,0.1,5.44,5.53,-0.08,0.5,5.47,5.52,-0.05,0.44,41.44,3.45,39.29,3.46,34.0,6.92,34.0,80.73,-9.42,44.1,3.68,27.07,2.42,34.0,6.1,34.0,71.17,-7.38,67.3,5.61,28.8,2.63,34.0,8.23,34.0,96.1,-5.58,94.46,7.87,47.29,4.27,34.0,12.15,34.0,141.75,-6.42,97.43,8.12,28.86,2.7,34.0,10.82,34.0,126.29,-3.83,Level4,6,0.83
9,Standing fan (Sunbeam),0.5,180.0,150.0,22,TskControl34,2025-02-22 16:16:54,2025-02-22_ID0_NoPCS_Ta22_TskControl34.csv,2025-02-22_ID9_Standing fan (Sunbeam)_Level3_Angle180_Distance150_Ta22_TskControl34.csv,32.84,24.22,45.26,16.88,75.58,92.76,74.2,100.76,-0.88,0.48,-2.62,-3.16,22.3,22.3,52.43,0.05,22.3,22.45,33.9,34.0,34.0,34.0,34.0,34.0,31.9,32.32,34.0,34.0,34.0,34.0,110.04,82.04,112.46,93.74,160.06,193.08,204.4,214.14,90.6,96.8,63.7,63.12,22.1,21.9,67.05,0.12,22.0,22.6,34.0,34.0,34.0,34.0,34.0,34.0,34.0,34.0,34.0,34.0,34.0,34.0,77.2,57.82,67.2,76.86,84.48,100.32,130.2,113.38,91.48,96.32,66.32,66.28,9.49,6.43,3.05,-5.1,7.01,4.82,2.19,-5.03,9.61,5.6,4.01,-8.08,8.01,6.4,1.61,-2.64,13.68,7.04,6.64,-10.74,16.5,8.36,8.14,-11.1,21.29,10.85,10.44,-6.84,21.37,9.45,11.92,-10.66,7.74,7.62,0.12,0.12,8.27,8.03,0.25,-0.06,5.44,5.53,-0.08,0.47,5.39,5.52,-0.13,0.57,41.44,3.45,39.01,3.42,34.0,6.88,34.0,80.45,-9.36,44.1,3.68,28.06,2.49,34.0,6.17,34.0,72.16,-7.65,67.3,5.61,28.75,2.6,34.0,8.21,34.0,96.05,-5.55,94.46,7.87,46.77,4.2,34.0,12.07,34.0,141.23,-6.35,97.43,8.12,30.81,2.84,34.0,10.96,34.0,128.24,-4.07,Level3,4,0.5
9,Standing fan (Sunbeam),0.0,270.0,150.0,25,TskControl34,2025-02-05 11:50:51,2025-02-05_ID0_NoPCS_Ta25_TskControl34.csv,2025-02-05_ID9_Standing fan (Sunbeam)_Level1_Angle270_Distance150_Ta25_TskControl34.csv,7.8,-9.76,17.38,7.74,20.92,16.86,33.44,17.68,-3.28,-1.58,-2.26,-1.0,25.3,25.3,52.2,0.14,25.3,25.58,34.0,34.0,34.0,34.0,34.0,34.0,34.0,34.0,34.0,34.0,34.0,34.0,66.48,38.16,66.8,64.58,81.74,85.8,129.16,102.08,69.64,74.64,47.32,47.7,25.4,25.4,52.23,0.1,25.4,25.68,34.0,34.0,34.0,34.0,34.0,34.0,34.0,34.0,34.0,34.0,34.0,34.0,58.68,47.92,49.42,56.84,60.82,68.94,95.72,84.4,72.92,76.22,49.58,48.7,7.64,6.82,0.82,-1.14,4.39,5.57,-1.19,1.75,7.68,5.75,1.93,-3.02,7.42,6.61,0.81,-1.17,9.4,7.07,2.32,-2.96,9.86,8.02,1.85,-2.1,14.85,11.13,3.72,-3.0,11.73,9.81,1.92,-1.8,8.0,8.48,-0.47,0.39,8.58,8.86,-0.28,0.18,5.44,5.77,-0.33,0.39,5.48,5.66,-0.18,0.18,30.25,3.52,28.44,3.23,34.0,6.75,34.0,58.69,-9.46,35.56,4.13,-1.08,-0.17,34.0,3.96,34.0,34.48,0.24,51.11,5.94,15.56,1.72,34.0,7.66,34.0,66.67,-2.99,69.36,8.07,3.4,0.3,34.0,8.36,34.0,72.76,-0.48,77.35,8.99,-3.67,-0.53,34.0,8.47,34.0,73.68,0.41,Level1,1,0.0
9,Standing fan (Sunbeam),0.5,180.0,150.0,25,TskControl34,2025-02-05 15:03:00,2025-02-05_ID0_NoPCS_Ta25_TskControl34.csv,2025-02-05_ID9_Standing fan (Sunbeam)_Level3_Angle180_Distance150_Ta25_TskControl34.csv,20.46,2.86,40.26,12.04,63.62,67.12,107.3,121.34,-5.9,-7.38,-2.84,-3.92,25.2,25.0,53.19,0.11,25.1,25.52,34.0,34.0,34.0,34.0,34.0,34.0,33.82,34.0,34.0,34.0,34.0,34.0,79.14,50.78,89.68,68.88,124.44,136.06,203.02,205.74,67.02,68.84,46.74,44.78,25.4,25.4,52.23,0.1,25.4,25.68,34.0,34.0,34.0,34.0,34.0,34.0,34.0,34.0,34.0,34.0,34.0,34.0,58.68,47.92,49.42,56.84,60.82,68.94,95.72,84.4,72.92,76.22,49.58,48.7,8.89,6.82,2.07,-3.0,5.71,5.57,0.13,-0.51,10.08,5.75,4.33,-7.01,7.74,6.61,1.13,-1.82,13.98,7.07,6.91,-9.0,15.29,8.02,7.27,-8.37,23.28,11.13,12.15,-9.64,23.12,9.81,13.3,-12.36,7.53,8.48,-0.95,0.7,7.73,8.86,-1.13,0.83,5.25,5.77,-0.51,0.49,5.03,5.66,-0.63,0.69,30.25,3.52,25.19,2.71,34.0,6.23,34.0,55.44,-5.16,35.56,4.13,10.15,1.0,34.0,5.14,34.0,45.71,-2.55,51.11,5.94,17.35,1.75,34.0,7.69,34.0,68.46,-3.33,69.36,8.07,23.46,2.36,34.0,10.43,34.0,92.82,-3.09,77.35,8.99,4.35,0.19,34.0,9.18,34.0,81.7,-0.52,Level3,4,0.5
9,Standing fan (Sunbeam),0.5,225.0,150.0,25,TskControl34,2025-02-05 14:16:51,2025-02-05_ID0_NoPCS_Ta25_TskControl34.csv,2025-02-05_ID9_Standing fan (Sunbeam)_Level3_Angle225_Distance150_Ta25_TskControl34.csv,23.1,0.52,40.22,7.82,56.5,49.6,106.88,117.08,3.58,-1.48,-3.24,-4.54,25.1,25.1,53.17,0.06,25.1,25.42,34.0,34.0,34.0,34.0,34.0,34.0,33.96,34.0,34.0,34.0,34.0,34.0,81.78,48.44,89.64,64.66,117.32,118.54,202.6,201.48,76.5,74.74,46.34,44.16,25.4,25.4,52.23,0.1,25.4,25.68,34.0,34.0,34.0,34.0,34.0,34.0,34.0,34.0,34.0,34.0,34.0,34.0,58.68,47.92,49.42,56.84,60.82,68.94,95.72,84.4,72.92,76.22,49.58,48.7,9.19,6.82,2.37,-3.39,5.44,5.57,-0.13,-0.09,10.07,5.75,4.33,-7.0,7.27,6.61,0.66,-1.18,13.18,7.07,6.11,-7.99,13.32,8.02,5.3,-6.19,22.87,11.13,11.74,-9.6,22.64,9.81,12.82,-11.93,8.6,8.48,0.12,-0.42,8.4,8.86,-0.47,0.17,5.21,5.77,-0.56,0.56,4.96,5.66,-0.7,0.8,30.25,3.52,27.89,3.02,34.0,6.53,34.0,58.14,-7.22,35.56,4.13,7.31,0.68,34.0,4.82,34.0,42.87,-1.88,51.11,5.94,20.8,2.14,34.0,8.08,34.0,71.91,-3.89,69.36,8.07,33.67,3.51,34.0,11.58,34.0,103.03,-4.38,77.35,8.99,14.78,1.36,34.0,10.35,34.0,92.13,-1.69,Level3,4,0.5
9,Standing fan (Sunbeam),0.5,270.0,150.0,25,TskControl34,2025-02-05 12:12:00,2025-02-05_ID0_NoPCS_Ta25_TskControl34.csv,2025-02-05_ID9_Standing fan (Sunbeam)_Level3_Angle270_Distance150_Ta25_TskControl34.csv,18.66,-6.26,27.04,14.62,37.44,26.82,74.38,42.04,5.22,1.14,-0.52,-1.02,25.2,25.3,52.85,0.04,25.26,25.59,34.0,34.0,34.0,34.0,34.0,34.0,34.0,34.0,34.0,34.0,34.0,34.0,77.34,41.66,76.46,71.46,98.26,95.76,170.1,126.44,78.14,77.36,49.06,47.68,25.4,25.4,52.23,0.1,25.4,25.68,34.0,34.0,34.0,34.0,34.0,34.0,34.0,34.0,34.0,34.0,34.0,34.0,58.68,47.92,49.42,56.84,60.82,68.94,95.72,84.4,72.92,76.22,49.58,48.7,8.85,6.82,2.03,-2.73,4.77,5.57,-0.81,1.12,8.75,5.75,3.0,-4.71,8.18,6.61,1.57,-2.21,11.24,7.07,4.17,-5.29,10.96,8.02,2.94,-3.35,19.46,11.13,8.33,-6.68,14.47,9.81,4.65,-4.28,8.94,8.48,0.46,-0.62,8.85,8.86,-0.01,-0.13,5.61,5.77,-0.15,0.09,5.46,5.66,-0.21,0.18,30.25,3.52,51.0,5.78,34.0,9.3,34.0,81.24,-17.0,35.56,4.13,5.11,0.52,34.0,4.65,34.0,40.67,-1.27,51.11,5.94,30.59,3.4,34.0,9.35,34.0,81.7,-5.71,69.36,8.07,14.65,1.55,34.0,9.61,34.0,84.01,-1.85,77.35,8.99,0.64,-0.07,34.0,8.92,34.0,77.99,-0.05,Level3,4,0.5
9,Standing fan (Sunbeam),0.83,180.0,150.0,25,TskControl34,2025-02-05 15:14:51,2025-02-05_ID0_NoPCS_Ta25_TskControl34.csv,2025-02-05_ID9_Standing fan (Sunbeam)_Level4_Angle180_Distance150_Ta25_TskControl34.csv,21.32,5.88,41.92,14.36,60.94,65.88,107.22,116.52,-4.96,-6.0,-3.96,-3.56,25.2,25.2,53.19,0.09,25.2,25.52,34.0,34.0,34.0,34.0,34.0,34.0,33.86,34.0,34.0,34.0,34.0,34.0,80.0,53.8,91.34,71.2,121.76,134.82,202.94,200.92,67.96,70.22,45.62,45.14,25.4,25.4,52.23,0.1,25.4,25.68,34.0,34.0,34.0,34.0,34.0,34.0,34.0,34.0,34.0,34.0,34.0,34.0,58.68,47.92,49.42,56.84,60.82,68.94,95.72,84.4,72.92,76.22,49.58,48.7,9.09,6.82,2.27,-3.12,6.11,5.57,0.54,-1.06,10.38,5.75,4.63,-7.29,8.09,6.61,1.48,-2.17,13.84,7.07,6.76,-8.62,15.32,8.02,7.3,-8.22,23.43,11.13,12.3,-9.63,22.83,9.81,13.02,-11.87,7.72,8.48,-0.76,0.58,7.98,8.86,-0.88,0.68,5.18,5.77,-0.58,0.69,5.13,5.66,-0.53,0.63,30.25,3.52,26.26,2.9,34.0,6.42,34.0,56.51,-5.29,35.56,4.13,11.56,1.22,34.0,5.35,34.0,47.12,-2.87,51.11,5.94,17.86,1.89,34.0,7.84,34.0,68.97,-3.43,69.36,8.07,25.15,2.67,34.0,10.74,34.0,94.51,-3.31,77.35,8.99,6.09,0.49,34.0,9.48,34.0,83.44,-0.71,Level4,6,0.83
9,Standing fan (DeLonghi),0.67,270.0,150.0,25,TskControl34,2025-02-05 16:48:51,2025-02-05_ID0_NoPCS_Ta25_TskControl34.csv,2025-02-05_ID9_Standing fan (DeLonghi)_High_Angle270_Distance150_Ta25_TskControl34.csv,9.42,-9.9,20.16,11.04,13.18,18.06,19.06,21.34,-3.44,-4.12,-2.76,-2.48,25.2,25.2,53.54,0.08,25.2,25.54,34.0,34.0,34.0,34.0,34.0,34.0,34.0,34.0,34.0,34.0,34.0,34.0,68.1,38.02,69.58,67.88,74.0,87.0,114.78,105.74,69.48,72.1,46.82,46.22,25.4,25.4,52.23,0.1,25.4,25.68,34.0,34.0,34.0,34.0,34.0,34.0,34.0,34.0,34.0,34.0,34.0,34.0,58.68,47.92,49.42,56.84,60.82,68.94,95.72,84.4,72.92,76.22,49.58,48.7,7.74,6.82,0.92,-1.38,4.32,5.57,-1.25,1.78,7.91,5.75,2.16,-3.51,7.71,6.61,1.1,-1.67,8.41,7.07,1.34,-1.86,9.89,8.02,1.87,-2.25,13.04,11.13,1.91,-1.71,12.02,9.81,2.2,-2.17,7.9,8.48,-0.58,0.41,8.19,8.86,-0.67,0.46,5.32,5.77,-0.44,0.48,5.25,5.66,-0.41,0.44,30.25,3.52,29.08,3.22,34.0,6.74,34.0,59.33,-8.89,35.56,4.13,0.23,-0.07,34.0,4.07,34.0,35.79,-0.08,51.11,5.94,26.43,2.87,34.0,8.81,34.0,77.55,-4.89,69.36,8.07,4.5,0.33,34.0,8.39,34.0,73.86,-0.59,77.35,8.99,-3.73,-0.63,34.0,8.37,34.0,73.62,0.41,High,5,0.67
9,Standing fan (Sunbeam),0.0,225.0,150.0,25,TskControl34,2025-02-05 13:29:51,2025-02-05_ID0_NoPCS_Ta25_TskControl34.csv,2025-02-05_ID9_Standing fan (Sunbeam)_Level1_Angle225_Distance150_Ta25_TskControl34.csv,12.34,-4.16,26.58,3.16,35.02,31.18,62.52,64.68,-2.76,-7.8,-1.9,-4.08,24.9,25.1,53.8,0.09,25.0,25.33,34.0,34.0,34.0,34.0,34.0,34.0,34.0,34.0,34.0,34.0,34.0,34.0,71.02,43.76,76.0,60.0,95.84,100.12,158.24,149.08,70.16,68.42,47.68,44.62,25.4,25.4,52.23,0.1,25.4,25.68,34.0,34.0,34.0,34.0,34.0,34.0,34.0,34.0,34.0,34.0,34.0,34.0,58.68,47.92,49.42,56.84,60.82,68.94,95.72,84.4,72.92,76.22,49.58,48.7,7.89,6.82,1.07,-1.81,4.86,5.57,-0.71,0.75,8.44,5.75,2.7,-4.63,6.67,6.61,0.06,-0.48,10.65,7.07,3.58,-4.95,11.12,8.02,3.11,-3.89,17.58,11.13,6.45,-5.62,16.56,9.81,6.75,-6.59,7.8,8.48,-0.68,0.33,7.6,8.86,-1.26,0.88,5.3,5.77,-0.47,0.33,4.96,5.66,-0.71,0.72,30.25,3.52,20.7,2.14,34.0,5.66,34.0,50.95,-5.66,35.56,4.13,3.17,0.17,34.0,4.3,34.0,38.73,-0.86,51.11,5.94,10.68,0.92,34.0,6.87,34.0,61.79,-2.1,69.36,8.07,21.12,1.99,34.0,10.05,34.0,90.48,-2.8,77.35,8.99,3.9,0.03,34.0,9.03,34.0,81.25,-0.47,Level1,1,0.0
9,Standing fan (Sunbeam),0.0,180.0,150.0,25,TskControl34,2025-02-05 14:53:51,2025-02-05_ID0_NoPCS_Ta25_TskControl34.csv,2025-02-05_ID9_Standing fan (Sunbeam)_Level1_Angle180_Distance150_Ta25_TskControl34.csv,7.38,-3.82,26.84,-4.1,39.1,40.32,54.74,63.34,-5.0,-9.78,-2.8,-4.0,25.0,25.2,53.83,0.09,25.1,25.43,34.0,34.0,34.0,34.0,34.0,34.0,34.0,34.0,34.0,34.0,34.0,34.0,66.06,44.1,76.26,52.74,99.92,109.26,150.46,147.74,67.92,66.44,46.78,44.7,25.4,25.4,52.23,0.1,25.4,25.68,34.0,34.0,34.0,34.0,34.0,34.0,34.0,34.0,34.0,34.0,34.0,34.0,58.68,47.92,49.42,56.84,60.82,68.94,95.72,84.4,72.92,76.22,49.58,48.7,7.42,6.82,0.6,-1.08,4.96,5.57,-0.62,0.69,8.57,5.75,2.82,-4.67,5.93,6.61,-0.68,0.62,11.23,7.07,4.15,-5.53,12.28,8.02,4.26,-5.03,16.91,11.13,5.78,-4.92,16.6,9.81,6.79,-6.45,7.63,8.48,-0.85,0.59,7.47,8.86,-1.4,1.1,5.26,5.77,-0.51,0.49,5.02,5.66,-0.64,0.71,30.25,3.52,15.84,1.66,34.0,5.18,34.0,46.09,-3.57,35.56,4.13,5.62,0.49,34.0,4.63,34.0,41.18,-1.43,51.11,5.94,5.67,0.44,34.0,6.38,34.0,56.78,-1.21,69.36,8.07,3.22,0.09,34.0,8.16,34.0,72.58,-0.52,77.35,8.99,-8.9,-1.3,34.0,7.69,34.0,68.45,0.97,Level1,1,0.0
9,Standing fan (Sunbeam),0.5,225.0,150.0,25,TskControl34,2025-02-05 14:16:51,2025-02-05_ID0_NoPCS_Ta25_TskControl34.csv,2025-02-05_ID9_Standing fan (Sunbeam)_Level3_Angle225_Distance150_Ta25_TskControl34.csv,23.1,0.52,40.22,7.82,56.5,49.6,106.88,117.08,3.58,-1.48,-3.24,-4.54,25.1,25.1,53.17,0.06,25.1,25.42,34.0,34.0,34.0,34.0,34.0,34.0,33.96,34.0,34.0,34.0,34.0,34.0,81.78,48.44,89.64,64.66,117.32,118.54,202.6,201.48,76.5,74.74,46.34,44.16,25.4,25.4,52.23,0.1,25.4,25.68,34.0,34.0,34.0,34.0,34.0,34.0,34.0,34.0,34.0,34.0,34.0,34.0,58.68,47.92,49.42,56.84,60.82,68.94,95.72,84.4,72.92,76.22,49.58,48.7,9.19,6.82,2.37,-3.39,5.44,5.57,-0.13,-0.09,10.07,5.75,4.33,-7.0,7.27,6.61,0.66,-1.18,13.18,7.07,6.11,-7.99,13.32,8.02,5.3,-6.19,22.87,11.13,11.74,-9.6,22.64,9.81,12.82,-11.93,8.6,8.48,0.12,-0.42,8.4,8.86,-0.47,0.17,5.21,5.77,-0.56,0.56,4.96,5.66,-0.7,0.8,30.25,3.52,27.89,3.02,34.0,6.53,34.0,58.14,-7.22,35.56,4.13,7.31,0.68,34.0,4.82,34.0,42.87,-1.88,51.11,5.94,20.8,2.14,34.0,8.08,34.0,71.91,-3.89,69.36,8.07,33.67,3.51,34.0,11.58,34.0,103.03,-4.38,77.35,8.99,14.78,1.36,34.0,10.35,34.0,92.13,-1.69,Level3,4,0.5
9,Standing fan (Sunbeam),0.5,180.0,150.0,25,TskControl34,2025-02-05 15:03:00,2025-02-05_ID0_NoPCS_Ta25_TskControl34.csv,2025-02-05_ID9_Standing fan (Sunbeam)_Level3_Angle180_Distance150_Ta25_TskControl34.csv,20.46,2.86,40.26,12.04,63.62,67.12,107.3,121.34,-5.9,-7.38,-2.84,-3.92,25.2,25.0,53.19,0.11,25.1,25.52,34.0,34.0,34.0,34.0,34.0,34.0,33.82,34.0,34.0,34.0,34.0,34.0,79.14,50.78,89.68,68.88,124.44,136.06,203.02,205.74,67.02,68.84,46.74,44.78,25.4,25.4,52.23,0.1,25.4,25.68,34.0,34.0,34.0,34.0,34.0,34.0,34.0,34.0,34.0,34.0,34.0,34.0,58.68,47.92,49.42,56.84,60.82,68.94,95.72,84.4,72.92,76.22,49.58,48.7,8.89,6.82,2.07,-3.0,5.71,5.57,0.13,-0.51,10.08,5.75,4.33,-7.01,7.74,6.61,1.13,-1.82,13.98,7.07,6.91,-9.0,15.29,8.02,7.27,-8.37,23.28,11.13,12.15,-9.64,23.12,9.81,13.3,-12.36,7.53,8.48,-0.95,0.7,7.73,8.86,-1.13,0.83,5.25,5.77,-0.51,0.49,5.03,5.66,-0.63,0.69,30.25,3.52,25.19,2.71,34.0,6.23,34.0,55.44,-5.16,35.56,4.13,10.15,1.0,34.0,5.14,34.0,45.71,-2.55,51.11,5.94,17.35,1.75,34.0,7.69,34.0,68.46,-3.33,69.36,8.07,23.46,2.36,34.0,10.43,34.0,92.82,-3.09,77.35,8.99,4.35,0.19,34.0,9.18,34.0,81.7,-0.52,Level3,4,0.5
9,Standing fan (DeLonghi),0.33,270.0,150.0,25,TskControl34,2025-02-05 16:17:51,2025-02-05_ID0_NoPCS_Ta25_TskControl34.csv,2025-02-05_ID9_Standing fan (DeLonghi)_Mid_Angle270_Distance150_Ta25_TskControl34.csv,7.9,-9.82,18.14,7.88,16.22,17.04,19.74,20.4,-3.44,-3.48,-0.88,-2.12,25.1,25.3,53.17,0.08,25.21,25.51,34.0,34.0,34.0,34.0,34.0,34.0,34.0,34.0,34.0,34.0,34.0,34.0,66.58,38.1,67.56,64.72,77.04,85.98,115.46,104.8,69.48,72.74,48.7,46.58,25.4,25.4,52.23,0.1,25.4,25.68,34.0,34.0,34.0,34.0,34.0,34.0,34.0,34.0,34.0,34.0,34.0,34.0,58.68,47.92,49.42,56.84,60.82,68.94,95.72,84.4,72.92,76.22,49.58,48.7,7.57,6.82,0.75,-1.16,4.33,5.57,-1.24,1.76,7.69,5.75,1.94,-3.16,7.36,6.61,0.75,-1.19,8.76,7.07,1.69,-2.29,9.78,8.02,1.77,-2.13,13.14,11.13,2.01,-1.77,11.92,9.81,2.11,-2.08,7.9,8.48,-0.57,0.41,8.28,8.86,-0.59,0.39,5.54,5.77,-0.22,0.15,5.3,5.66,-0.36,0.37,30.25,3.52,23.87,2.64,34.0,6.16,34.0,54.11,-7.09,35.56,4.13,-0.87,-0.19,34.0,3.95,34.0,34.69,0.18,51.11,5.94,22.47,2.43,34.0,8.37,34.0,73.59,-4.14,69.36,8.07,3.12,0.18,34.0,8.25,34.0,72.48,-0.4,77.35,8.99,-4.36,-0.69,34.0,8.3,34.0,72.99,0.48,Mid,3,0.33
9,Standing fan (Sunbeam),1.0,270.0,150.0,25,TskControl34,2025-02-05 12:59:51,2025-02-05_ID0_NoPCS_Ta25_TskControl34.csv,2025-02-05_ID9_Standing fan (Sunbeam)_Level6_Angle270_Distance150_Ta25_TskControl34.csv,32.34,-1.16,38.96,23.48,53.8,41.08,107.58,71.7,17.2,12.14,-1.44,2.24,25.2,25.4,53.88,0.14,25.29,25.64,34.0,34.0,34.0,34.0,34.0,34.0,33.34,34.0,34.0,34.0,34.0,34.0,91.02,46.76,88.38,80.32,114.62,110.02,203.3,156.1,90.12,88.36,48.14,50.94,25.4,25.4,52.23,0.1,25.4,25.68,34.0,34.0,34.0,34.0,34.0,34.0,34.0,34.0,34.0,34.0,34.0,34.0,58.68,47.92,49.42,56.84,60.82,68.94,95.72,84.4,72.92,76.22,49.58,48.7,10.45,6.82,3.63,-4.74,5.37,5.57,-0.2,0.21,10.15,5.75,4.4,-6.78,9.22,6.61,2.61,-3.55,13.16,7.07,6.09,-7.61,12.63,8.02,4.62,-5.12,25.25,11.13,14.12,-9.67,17.92,9.81,8.11,-7.31,10.35,8.48,1.87,-2.03,10.14,8.86,1.28,-1.37,5.53,5.77,-0.24,0.25,5.85,5.66,0.19,-0.4,30.25,3.52,75.55,8.63,34.0,12.15,34.0,105.8,-25.68,35.56,4.13,11.89,1.31,34.0,5.45,34.0,47.45,-2.94,51.11,5.94,48.77,5.52,34.0,11.47,34.0,99.88,-9.04,69.36,8.07,30.11,3.36,34.0,11.42,34.0,99.47,-3.81,77.35,8.99,9.07,0.93,34.0,9.92,34.0,86.42,-0.98,Level6,7,1.0
9,Standing fan (Sunbeam),1.0,225.0,150.0,25,TskControl34,2025-02-05 14:36:51,2025-02-05_ID0_NoPCS_Ta25_TskControl34.csv,2025-02-05_ID9_Standing fan (Sunbeam)_Level6_Angle225_Distance150_Ta25_TskControl34.csv,35.84,6.06,57.66,10.5,77.46,71.6,108.46,129.7,14.94,10.52,-4.96,-4.2,25.1,25.1,53.17,0.07,25.1,25.42,33.9,34.0,34.0,34.0,34.0,34.0,32.36,32.72,34.0,34.0,34.0,34.0,94.52,53.98,107.08,67.34,138.28,140.54,204.18,214.1,87.86,86.74,44.62,44.5,25.4,25.4,52.23,0.1,25.4,25.68,34.0,34.0,34.0,34.0,34.0,34.0,34.0,34.0,34.0,34.0,34.0,34.0,58.68,47.92,49.42,56.84,60.82,68.94,95.72,84.4,72.92,76.22,49.58,48.7,10.74,6.82,3.92,-5.25,6.07,5.57,0.49,-1.09,12.03,5.75,6.28,-10.03,7.57,6.61,0.96,-1.59,15.54,7.07,8.46,-10.95,15.79,8.02,7.77,-8.93,28.12,11.13,16.99,-9.74,28.1,9.81,18.28,-13.22,9.87,8.48,1.39,-1.76,9.75,8.86,0.88,-1.19,5.01,5.77,-0.75,0.86,5.0,5.66,-0.66,0.74,30.25,3.52,45.34,4.98,34.0,8.49,34.0,75.58,-12.61,35.56,4.13,11.34,1.13,34.0,5.27,34.0,46.9,-2.88,51.11,5.94,34.11,3.63,34.0,9.58,34.0,85.22,-6.37,69.36,8.07,53.91,5.79,34.0,13.85,34.0,123.27,-6.91,77.35,8.99,32.72,3.37,34.0,12.37,34.0,110.07,-3.69,Level6,7,1.0
9,Standing fan (Sunbeam),1.0,180.0,150.0,25,TskControl34,2025-02-05 15:27:51,2025-02-05_ID0_NoPCS_Ta25_TskControl34.csv,2025-02-05_ID9_Standing fan (Sunbeam)_Level6_Angle180_Distance150_Ta25_TskControl34.csv,34.44,12.7,59.9,22.7,82.98,92.74,108.06,129.5,-2.74,-2.04,-3.0,-2.6,25.3,25.1,53.22,0.09,25.2,25.54,33.9,34.0,34.0,34.0,34.0,34.0,32.82,32.86,34.0,34.0,34.0,34.0,93.12,60.62,109.32,79.54,143.8,161.68,203.78,213.9,70.18,74.18,46.58,46.1,25.4,25.4,52.23,0.1,25.4,25.68,34.0,34.0,34.0,34.0,34.0,34.0,34.0,34.0,34.0,34.0,34.0,34.0,58.68,47.92,49.42,56.84,60.82,68.94,95.72,84.4,72.92,76.22,49.58,48.7,10.7,6.82,3.88,-5.05,6.89,5.57,1.32,-2.28,12.42,5.75,6.68,-10.42,9.04,6.61,2.43,-3.43,16.34,7.07,9.27,-11.73,18.37,8.02,10.36,-11.57,26.74,11.13,15.61,-9.71,27.92,9.81,18.11,-13.2,7.97,8.48,-0.5,0.32,8.43,8.86,-0.43,0.23,5.29,5.77,-0.47,0.52,5.24,5.66,-0.42,0.46,30.25,3.52,48.11,5.39,34.0,8.9,34.0,78.35,-11.32,35.56,4.13,19.62,2.14,34.0,6.27,34.0,55.18,-4.84,51.11,5.94,32.64,3.57,34.0,9.52,34.0,83.76,-6.13,69.36,8.07,44.56,4.88,34.0,12.95,34.0,113.92,-5.74,77.35,8.99,23.48,2.46,34.0,11.46,34.0,100.83,-2.66,Level6,7,1.0
9,Standing fan (Sunbeam),0.83,270.0,150.0,25,TskControl34,2025-02-05 12:45:51,2025-02-05_ID0_NoPCS_Ta25_TskControl34.csv,2025-02-05_ID9_Standing fan (Sunbeam)_Level4_Angle270_Distance150_Ta25_TskControl34.csv,19.68,-5.8,28.62,15.76,36.18,28.16,77.26,43.32,5.62,1.86,-0.6,-0.34,25.2,25.3,52.85,0.0,25.3,25.59,34.0,34.0,34.0,34.0,34.0,34.0,34.0,34.0,34.0,34.0,34.0,34.0,78.36,42.12,78.04,72.6,97.0,97.1,172.98,127.72,78.54,78.08,48.98,48.36,25.4,25.4,52.23,0.1,25.4,25.68,34.0,34.0,34.0,34.0,34.0,34.0,34.0,34.0,34.0,34.0,34.0,34.0,58.68,47.92,49.42,56.84,60.82,68.94,95.72,84.4,72.92,76.22,49.58,48.7,9.01,6.82,2.18,-2.88,4.84,5.57,-0.73,1.04,8.97,5.75,3.22,-4.98,8.34,6.61,1.74,-2.38,11.15,7.07,4.08,-5.12,11.16,8.02,3.14,-3.51,19.88,11.13,8.75,-6.94,14.68,9.81,4.87,-4.41,9.03,8.48,0.55,-0.66,8.97,8.86,0.11,-0.21,5.63,5.77,-0.14,0.1,5.56,5.66,-0.1,0.06,30.25,3.52,51.92,5.93,34.0,9.44,34.0,82.17,-17.3,35.56,4.13,5.41,0.57,34.0,4.71,34.0,40.97,-1.34,51.11,5.94,32.01,3.61,34.0,9.55,34.0,83.12,-5.95,69.36,8.07,15.7,1.71,34.0,9.78,34.0,85.06,-2.0,77.35,8.99,2.31,0.16,34.0,9.16,34.0,79.66,-0.22,Level4,6,0.83
9,Standing fan (Sunbeam),0.83,225.0,150.0,25,TskControl34,2025-02-05 14:24:51,2025-02-05_ID0_NoPCS_Ta25_TskControl34.csv,2025-02-05_ID9_Standing fan (Sunbeam)_Level4_Angle225_Distance150_Ta25_TskControl34.csv,23.48,0.8,39.92,6.08,56.7,47.48,107.16,120.4,2.7,-2.04,-2.32,-4.4,25.1,25.1,53.51,0.12,25.1,25.43,34.0,34.0,34.0,34.0,34.0,34.0,33.92,34.0,34.0,34.0,34.0,34.0,82.16,48.72,89.34,62.92,117.52,116.42,202.88,204.8,75.62,74.18,47.26,44.3,25.4,25.4,52.23,0.1,25.4,25.68,34.0,34.0,34.0,34.0,34.0,34.0,34.0,34.0,34.0,34.0,34.0,34.0,58.68,47.92,49.42,56.84,60.82,68.94,95.72,84.4,72.92,76.22,49.58,48.7,9.23,6.82,2.41,-3.44,5.47,5.57,-0.1,-0.14,10.04,5.75,4.29,-6.95,7.07,6.61,0.46,-0.92,13.2,7.07,6.13,-8.02,13.08,8.02,5.06,-5.92,23.0,11.13,11.87,-9.63,23.01,9.81,13.2,-12.27,8.5,8.48,0.02,-0.32,8.33,8.86,-0.53,0.23,5.31,5.77,-0.46,0.4,4.98,5.66,-0.69,0.78,30.25,3.52,31.04,3.37,34.0,6.89,34.0,61.28,-8.43,35.56,4.13,7.55,0.71,34.0,4.84,34.0,43.11,-1.96,51.11,5.94,21.52,2.22,34.0,8.16,34.0,72.63,-4.05,69.36,8.07,33.9,3.54,34.0,11.6,34.0,103.26,-4.41,77.35,8.99,15.19,1.4,34.0,10.4,34.0,92.54,-1.74,Level4,6,0.83
9,Standing fan (DeLonghi),0.67,270.0,150.0,25,TskControl34,2025-02-05 16:48:51,2025-02-05_ID0_NoPCS_Ta25_TskControl34.csv,2025-02-05_ID9_Standing fan (DeLonghi)_High_Angle270_Distance150_Ta25_TskControl34.csv,9.42,-9.9,20.16,11.04,13.18,18.06,19.06,21.34,-3.44,-4.12,-2.76,-2.48,25.2,25.2,53.54,0.08,25.2,25.54,34.0,34.0,34.0,34.0,34.0,34.0,34.0,34.0,34.0,34.0,34.0,34.0,68.1,38.02,69.58,67.88,74.0,87.0,114.78,105.74,69.48,72.1,46.82,46.22,25.4,25.4,52.23,0.1,25.4,25.68,34.0,34.0,34.0,34.0,34.0,34.0,34.0,34.0,34.0,34.0,34.0,34.0,58.68,47.92,49.42,56.84,60.82,68.94,95.72,84.4,72.92,76.22,49.58,48.7,7.74,6.82,0.92,-1.38,4.32,5.57,-1.25,1.78,7.91,5.75,2.16,-3.51,7.71,6.61,1.1,-1.67,8.41,7.07,1.34,-1.86,9.89,8.02,1.87,-2.25,13.04,11.13,1.91,-1.71,12.02,9.81,2.2,-2.17,7.9,8.48,-0.58,0.41,8.19,8.86,-0.67,0.46,5.32,5.77,-0.44,0.48,5.25,5.66,-0.41,0.44,30.25,3.52,29.08,3.22,34.0,6.74,34.0,59.33,-8.89,35.56,4.13,0.23,-0.07,34.0,4.07,34.0,35.79,-0.08,51.11,5.94,26.43,2.87,34.0,8.81,34.0,77.55,-4.89,69.36,8.07,4.5,0.33,34.0,8.39,34.0,73.86,-0.59,77.35,8.99,-3.73,-0.63,34.0,8.37,34.0,73.62,0.41,High,5,0.67
9,Standing fan (DeLonghi),0.17,270.0,150.0,25,TskControl34,2025-02-05 16:59:00,2025-02-05_ID0_NoPCS_Ta25_TskControl34.csv,2025-02-05_ID9_Standing fan (DeLonghi)_Low_Angle270_Distance150_Ta25_TskControl34.csv,4.92,-12.02,14.34,5.02,12.26,15.68,11.36,16.86,-3.96,-4.22,-3.06,-2.12,25.1,25.1,53.86,0.07,25.1,25.54,34.0,34.0,34.0,34.0,34.0,34.0,34.0,34.0,34.0,34.0,34.0,34.0,63.6,35.9,63.76,61.86,73.08,84.62,107.08,101.26,68.96,72.0,46.52,46.58,25.4,25.4,52.23,0.1,25.4,25.68,34.0,34.0,34.0,34.0,34.0,34.0,34.0,34.0,34.0,34.0,34.0,34.0,58.68,47.92,49.42,56.84,60.82,68.94,95.72,84.4,72.92,76.22,49.58,48.7,7.15,6.82,0.32,-0.72,4.03,5.57,-1.54,2.16,7.16,5.75,1.42,-2.5,6.95,6.61,0.34,-0.76,8.21,7.07,1.14,-1.73,9.51,8.02,1.49,-1.96,12.03,11.13,0.9,-1.02,11.38,9.81,1.56,-1.72,7.75,8.48,-0.73,0.47,8.09,8.86,-0.77,0.48,5.23,5.77,-0.54,0.53,5.23,5.66,-0.43,0.37,30.25,3.52,18.32,1.94,34.0,5.46,34.0,48.57,-5.25,35.56,4.13,-2.46,-0.42,34.0,3.72,34.0,33.1,0.58,51.11,5.94,18.2,1.84,34.0,7.79,34.0,69.31,-3.42,69.36,8.07,-0.57,-0.34,34.0,7.73,34.0,68.79,0.05,77.35,8.99,-6.44,-1.03,34.0,7.97,34.0,70.91,0.71,Low,2,0.17
9,Standing fan (DeLonghi),0.33,270.0,150.0,25,TskControl34,2025-02-05 16:17:51,2025-02-05_ID0_NoPCS_Ta25_TskControl34.csv,2025-02-05_ID9_Standing fan (DeLonghi)_Mid_Angle270_Distance150_Ta25_TskControl34.csv,7.9,-9.82,18.14,7.88,16.22,17.04,19.74,20.4,-3.44,-3.48,-0.88,-2.12,25.1,25.3,53.17,0.08,25.21,25.51,34.0,34.0,34.0,34.0,34.0,34.0,34.0,34.0,34.0,34.0,34.0,34.0,66.58,38.1,67.56,64.72,77.04,85.98,115.46,104.8,69.48,72.74,48.7,46.58,25.4,25.4,52.23,0.1,25.4,25.68,34.0,34.0,34.0,34.0,34.0,34.0,34.0,34.0,34.0,34.0,34.0,34.0,58.68,47.92,49.42,56.84,60.82,68.94,95.72,84.4,72.92,76.22,49.58,48.7,7.57,6.82,0.75,-1.16,4.33,5.57,-1.24,1.76,7.69,5.75,1.94,-3.16,7.36,6.61,0.75,-1.19,8.76,7.07,1.69,-2.29,9.78,8.02,1.77,-2.13,13.14,11.13,2.01,-1.77,11.92,9.81,2.11,-2.08,7.9,8.48,-0.57,0.41,8.28,8.86,-0.59,0.39,5.54,5.77,-0.22,0.15,5.3,5.66,-0.36,0.37,30.25,3.52,23.87,2.64,34.0,6.16,34.0,54.11,-7.09,35.56,4.13,-0.87,-0.19,34.0,3.95,34.0,34.69,0.18,51.11,5.94,22.47,2.43,34.0,8.37,34.0,73.59,-4.14,69.36,8.07,3.12,0.18,34.0,8.25,34.0,72.48,-0.4,77.35,8.99,-4.36,-0.69,34.0,8.3,34.0,72.99,0.48,Mid,3,0.33
9,Standing fan (Sunbeam),0.0,180.0,150.0,25,TskControl34,2025-02-05 14:53:51,2025-02-05_ID0_NoPCS_Ta25_TskControl34.csv,2025-02-05_ID9_Standing fan (Sunbeam)_Level1_Angle180_Distance150_Ta25_TskControl34.csv,7.38,-3.82,26.84,-4.1,39.1,40.32,54.74,63.34,-5.0,-9.78,-2.8,-4.0,25.0,25.2,53.83,0.09,25.1,25.43,34.0,34.0,34.0,34.0,34.0,34.0,34.0,34.0,34.0,34.0,34.0,34.0,66.06,44.1,76.26,52.74,99.92,109.26,150.46,147.74,67.92,66.44,46.78,44.7,25.4,25.4,52.23,0.1,25.4,25.68,34.0,34.0,34.0,34.0,34.0,34.0,34.0,34.0,34.0,34.0,34.0,34.0,58.68,47.92,49.42,56.84,60.82,68.94,95.72,84.4,72.92,76.22,49.58,48.7,7.42,6.82,0.6,-1.08,4.96,5.57,-0.62,0.69,8.57,5.75,2.82,-4.67,5.93,6.61,-0.68,0.62,11.23,7.07,4.15,-5.53,12.28,8.02,4.26,-5.03,16.91,11.13,5.78,-4.92,16.6,9.81,6.79,-6.45,7.63,8.48,-0.85,0.59,7.47,8.86,-1.4,1.1,5.26,5.77,-0.51,0.49,5.02,5.66,-0.64,0.71,30.25,3.52,15.84,1.66,34.0,5.18,34.0,46.09,-3.57,35.56,4.13,5.62,0.49,34.0,4.63,34.0,41.18,-1.43,51.11,5.94,5.67,0.44,34.0,6.38,34.0,56.78,-1.21,69.36,8.07,3.22,0.09,34.0,8.16,34.0,72.58,-0.52,77.35,8.99,-8.9,-1.3,34.0,7.69,34.0,68.45,0.97,Level1,1,0.0
9,Standing fan (Sunbeam),0.0,225.0,150.0,25,TskControl34,2025-02-05 13:29:51,2025-02-05_ID0_NoPCS_Ta25_TskControl34.csv,2025-02-05_ID9_Standing fan (Sunbeam)_Level1_Angle225_Distance150_Ta25_TskControl34.csv,12.34,-4.16,26.58,3.16,35.02,31.18,62.52,64.68,-2.76,-7.8,-1.9,-4.08,24.9,25.1,53.8,0.09,25.0,25.33,34.0,34.0,34.0,34.0,34.0,34.0,34.0,34.0,34.0,34.0,34.0,34.0,71.02,43.76,76.0,60.0,95.84,100.12,158.24,149.08,70.16,68.42,47.68,44.62,25.4,25.4,52.23,0.1,25.4,25.68,34.0,34.0,34.0,34.0,34.0,34.0,34.0,34.0,34.0,34.0,34.0,34.0,58.68,47.92,49.42,56.84,60.82,68.94,95.72,84.4,72.92,76.22,49.58,48.7,7.89,6.82,1.07,-1.81,4.86,5.57,-0.71,0.75,8.44,5.75,2.7,-4.63,6.67,6.61,0.06,-0.48,10.65,7.07,3.58,-4.95,11.12,8.02,3.11,-3.89,17.58,11.13,6.45,-5.62,16.56,9.81,6.75,-6.59,7.8,8.48,-0.68,0.33,7.6,8.86,-1.26,0.88,5.3,5.77,-0.47,0.33,4.96,5.66,-0.71,0.72,30.25,3.52,20.7,2.14,34.0,5.66,34.0,50.95,-5.66,35.56,4.13,3.17,0.17,34.0,4.3,34.0,38.73,-0.86,51.11,5.94,10.68,0.92,34.0,6.87,34.0,61.79,-2.1,69.36,8.07,21.12,1.99,34.0,10.05,34.0,90.48,-2.8,77.35,8.99,3.9,0.03,34.0,9.03,34.0,81.25,-0.47,Level1,1,0.0
9,Standing fan (Sunbeam),0.0,270.0,150.0,25,TskControl34,2025-02-05 11:50:51,2025-02-05_ID0_NoPCS_Ta25_TskControl34.csv,2025-02-05_ID9_Standing fan (Sunbeam)_Level1_Angle270_Distance150_Ta25_TskControl34.csv,7.8,-9.76,17.38,7.74,20.92,16.86,33.44,17.68,-3.28,-1.58,-2.26,-1.0,25.3,25.3,52.2,0.14,25.3,25.58,34.0,34.0,34.0,34.0,34.0,34.0,34.0,34.0,34.0,34.0,34.0,34.0,66.48,38.16,66.8,64.58,81.74,85.8,129.16,102.08,69.64,74.64,47.32,47.7,25.4,25.4,52.23,0.1,25.4,25.68,34.0,34.0,34.0,34.0,34.0,34.0,34.0,34.0,34.0,34.0,34.0,34.0,58.68,47.92,49.42,56.84,60.82,68.94,95.72,84.4,72.92,76.22,49.58,48.7,7.64,6.82,0.82,-1.14,4.39,5.57,-1.19,1.75,7.68,5.75,1.93,-3.02,7.42,6.61,0.81,-1.17,9.4,7.07,2.32,-2.96,9.86,8.02,1.85,-2.1,14.85,11.13,3.72,-3.0,11.73,9.81,1.92,-1.8,8.0,8.48,-0.47,0.39,8.58,8.86,-0.28,0.18,5.44,5.77,-0.33,0.39,5.48,5.66,-0.18,0.18,30.25,3.52,28.44,3.23,34.0,6.75,34.0,58.69,-9.46,35.56,4.13,-1.08,-0.17,34.0,3.96,34.0,34.48,0.24,51.11,5.94,15.56,1.72,34.0,7.66,34.0,66.67,-2.99,69.36,8.07,3.4,0.3,34.0,8.36,34.0,72.76,-0.48,77.35,8.99,-3.67,-0.53,34.0,8.47,34.0,73.68,0.41,Level1,1,0.0
10,Standing fan (DeLonghi),0.0,180.0,150.0,22,TskControl34,2025-02-22 19:38:09,2025-02-22_ID0_NoPCS_Ta22_TskControl34.csv,2025-02-22_ID10_Standing fan (DeLonghi)_Low_Angle180_Distance150_Ta22_TskControl34_FanMode.csv,10.86,5.5,30.78,-0.04,41.38,35.0,46.08,41.16,-1.84,-7.36,-0.88,-3.7,22.4,22.4,56.38,0.04,22.4,22.65,34.0,34.0,34.0,34.0,34.0,34.0,34.0,34.0,34.0,34.0,34.0,34.0,88.06,63.32,97.98,76.82,125.86,135.32,176.28,154.54,89.64,88.96,65.44,62.58,22.1,21.9,67.05,0.12,22.0,22.6,34.0,34.0,34.0,34.0,34.0,34.0,34.0,34.0,34.0,34.0,34.0,34.0,77.2,57.82,67.2,76.86,84.48,100.32,130.2,113.38,91.48,96.32,66.32,66.28,7.59,6.43,1.16,-1.69,5.46,4.82,0.64,-1.14,8.45,5.6,2.85,-5.5,6.62,6.4,0.22,0.01,10.85,7.04,3.81,-5.88,11.67,8.36,3.31,-4.19,15.2,10.85,4.35,-4.25,13.32,9.45,3.87,-4.36,7.73,7.62,0.1,0.24,7.67,8.03,-0.36,0.92,5.64,5.53,0.11,0.16,5.39,5.52,-0.13,0.67,41.44,3.45,20.05,1.85,34.0,5.3,34.0,61.49,-4.46,44.1,3.68,14.08,1.34,34.0,5.02,34.0,58.18,-3.86,67.3,5.61,8.84,0.96,34.0,6.56,34.0,76.14,-1.91,94.46,7.87,9.85,1.12,34.0,8.99,34.0,104.31,-1.53,97.43,8.12,-2.03,0.1,34.0,8.22,34.0,95.4,0.06,Low,1,0.0
10,Standing fan (DeLonghi),1.0,270.0,150.0,22,TskControl34,2025-02-22 17:53:54,2025-02-22_ID0_NoPCS_Ta22_TskControl34.csv,2025-02-22_ID10_Standing fan (DeLonghi)_High_Angle270_Distance150_Ta22_TskControl34_FanMode.csv,14.4,-2.04,18.2,22.6,15.86,32.84,28.1,31.42,1.94,1.16,-2.84,-3.26,22.3,22.3,58.98,0.14,22.3,22.7,34.0,34.0,34.0,34.0,34.0,34.0,34.0,34.0,34.0,34.0,34.0,34.0,91.6,55.78,85.4,99.46,100.34,133.16,158.3,144.8,93.42,97.48,63.48,63.02,22.1,21.9,67.05,0.12,22.0,22.6,34.0,34.0,34.0,34.0,34.0,34.0,34.0,34.0,34.0,34.0,34.0,34.0,77.2,57.82,67.2,76.86,84.48,100.32,130.2,113.38,91.48,96.32,66.32,66.28,7.83,6.43,1.4,-2.24,4.77,4.82,-0.05,0.42,7.3,5.6,1.7,-3.25,8.5,6.4,2.1,-3.53,8.58,7.04,1.54,-2.25,11.38,8.36,3.02,-3.93,13.53,10.85,2.68,-2.59,12.38,9.45,2.93,-3.33,7.98,7.62,0.36,-0.25,8.33,8.03,0.3,-0.14,5.43,5.53,-0.1,0.51,5.39,5.52,-0.14,0.59,41.44,3.45,39.42,3.46,34.0,6.91,34.0,80.87,-12.55,44.1,3.68,2.75,0.33,34.0,4.0,34.0,46.85,-0.76,67.3,5.61,30.37,2.74,34.0,8.35,34.0,97.67,-5.9,94.46,7.87,4.81,0.61,34.0,8.48,34.0,99.27,-0.72,97.43,8.12,2.89,0.46,34.0,8.57,34.0,100.32,-0.48,High,3,1.0
10,Standing evaporative cooler (DeLonghi),0.5,180.0,150.0,22,TskControl34,2025-02-24 16:20:27,2025-02-24_ID0_NoPCS_Ta22_TskControl34.csv,2025-02-24_ID10_Standing evaporative cooler (DeLonghi)_Mid_Angle180_Distance150_Ta22_TskControl34_MistMode.csv,21.16,12.68,43.8,11.22,55.38,48.5,62.22,42.86,0.44,-3.36,0.98,-3.06,22.0,22.0,30.12,0.03,22.0,21.84,34.0,34.0,34.0,34.0,34.0,34.0,34.0,34.0,34.0,34.0,34.0,34.0,97.46,69.52,109.36,86.16,137.72,153.96,183.54,165.92,92.1,92.7,65.38,62.38,22.3,22.5,37.98,0.13,22.39,22.25,34.0,34.0,34.0,34.0,34.0,34.0,34.0,34.0,34.0,34.0,34.0,34.0,76.3,56.84,65.56,74.94,82.34,105.46,121.32,123.06,91.66,96.06,64.4,65.44,8.12,6.57,1.55,-3.22,5.79,4.9,0.9,-2.59,9.11,5.65,3.47,-7.76,7.18,6.45,0.73,-1.74,11.48,7.09,4.38,-7.81,12.83,9.08,3.75,-5.34,15.3,10.45,4.85,-5.95,13.83,10.6,3.23,-4.04,7.68,7.89,-0.22,-0.06,7.72,8.27,-0.55,0.41,5.45,5.55,-0.1,-0.18,5.2,5.64,-0.44,0.54,40.47,3.49,30.27,2.41,34.0,5.9,34.0,70.74,-7.1,43.47,3.74,22.53,1.76,34.0,5.5,34.0,66.0,-6.05,65.77,5.67,21.74,1.63,34.0,7.29,34.0,87.52,-4.34,93.02,8.01,25.12,1.83,34.0,9.85,34.0,118.14,-3.53,95.87,8.26,11.83,0.72,34.0,8.98,34.0,107.7,-1.64,Mid,2,0.5
10,Standing evaporative cooler (DeLonghi),0.5,225.0,150.0,22,TskControl34,2025-02-24 15:19:11,2025-02-24_ID0_NoPCS_Ta22_TskControl34.csv,2025-02-24_ID10_Standing evaporative cooler (DeLonghi)_Mid_Angle225_Distance150_Ta22_TskControl34_MistMode.csv,20.74,5.74,44.9,8.64,64.6,49.32,82.48,69.62,3.78,-2.18,-0.58,-2.38,21.9,22.2,30.09,0.0,22.2,21.84,34.0,34.0,34.0,34.0,34.0,34.0,32.72,34.0,34.0,34.0,34.0,34.0,97.04,62.58,110.46,83.58,146.94,154.78,203.8,192.68,95.44,93.88,63.82,63.06,22.3,22.5,37.98,0.13,22.39,22.25,34.0,34.0,34.0,34.0,34.0,34.0,34.0,34.0,34.0,34.0,34.0,34.0,76.3,56.84,65.56,74.94,82.34,105.46,121.32,123.06,91.66,96.06,64.4,65.44,8.22,6.57,1.65,-3.16,5.3,4.9,0.41,-1.17,9.36,5.65,3.71,-7.95,7.08,6.45,0.63,-1.34,12.45,7.09,5.36,-9.11,13.12,9.08,4.03,-5.43,19.37,10.45,8.92,-7.89,16.33,10.6,5.73,-6.57,8.09,7.89,0.19,-0.48,7.96,8.27,-0.32,0.26,5.41,5.55,-0.14,0.1,5.34,5.64,-0.29,0.42,40.47,3.49,20.73,1.7,34.0,5.19,34.0,61.2,-5.06,43.47,3.74,11.01,0.87,34.0,4.62,34.0,54.48,-3.01,65.77,5.67,22.76,1.84,34.0,7.5,34.0,88.54,-4.43,93.02,8.01,24.86,1.98,34.0,9.99,34.0,117.88,-3.49,95.87,8.26,11.29,0.82,34.0,9.08,34.0,107.16,-1.5,Mid,2,0.5
10,Standing evaporative cooler (DeLonghi),0.5,270.0,150.0,22,TskControl34,2025-02-24 14:16:56,2025-02-24_ID0_NoPCS_Ta22_TskControl34.csv,2025-02-24_ID10_Standing evaporative cooler (DeLonghi)_Mid_Angle270_Distance150_Ta22_TskControl34_MistMode.csv,14.62,-2.28,24.04,17.88,24.58,16.9,43.6,14.22,2.36,2.72,0.48,-0.34,22.0,22.1,30.76,0.07,22.05,21.85,34.0,34.0,34.0,34.0,34.0,34.0,34.0,34.0,34.0,34.0,34.0,34.0,90.92,54.56,89.6,92.82,106.92,122.36,164.92,137.28,94.02,98.78,64.88,65.1,22.3,22.5,37.98,0.13,22.39,22.25,34.0,34.0,34.0,34.0,34.0,34.0,34.0,34.0,34.0,34.0,34.0,34.0,76.3,56.84,65.56,74.94,82.34,105.46,121.32,123.06,91.66,96.06,64.4,65.44,7.61,6.57,1.04,-2.22,4.57,4.9,-0.33,0.47,7.5,5.65,1.85,-4.26,7.77,6.45,1.31,-2.77,8.95,7.09,1.86,-3.47,10.24,9.08,1.16,-1.86,13.8,10.45,3.35,-4.17,11.49,10.6,0.89,-1.34,7.87,7.89,-0.03,-0.3,8.27,8.27,-0.01,-0.33,5.43,5.55,-0.12,-0.09,5.45,5.64,-0.19,0.06,40.47,3.49,34.72,2.81,34.0,6.29,34.0,75.19,-10.49,43.47,3.74,2.59,0.11,34.0,3.85,34.0,46.06,-0.7,65.77,5.67,31.54,2.48,34.0,8.14,34.0,97.31,-6.13,93.02,8.01,7.5,0.4,34.0,8.41,34.0,100.52,-1.05,95.87,8.26,3.66,0.07,34.0,8.33,34.0,99.53,-0.48,Mid,2,0.5
10,Standing fan (DeLonghi),1.0,180.0,150.0,22,TskControl34,2025-02-22 19:58:14,2025-02-22_ID0_NoPCS_Ta22_TskControl34.csv,2025-02-22_ID10_Standing fan (DeLonghi)_High_Angle180_Distance150_Ta22_TskControl34_FanMode.csv,20.6,10.9,42.44,6.52,67.82,57.56,72.28,59.1,-2.26,-5.64,-0.98,-4.9,22.3,22.4,65.4,0.06,22.36,22.87,34.0,34.0,34.0,34.0,34.0,34.0,33.88,34.0,34.0,34.0,34.0,34.0,97.8,68.72,109.64,83.38,152.3,157.88,202.48,172.48,89.22,90.68,65.34,61.38,22.1,21.9,67.05,0.12,22.0,22.6,34.0,34.0,34.0,34.0,34.0,34.0,34.0,34.0,34.0,34.0,34.0,34.0,77.2,57.82,67.2,76.86,84.48,100.32,130.2,113.38,91.48,96.32,66.32,66.28,8.4,6.43,1.97,-3.2,5.9,4.82,1.09,-2.26,9.42,5.6,3.82,-7.58,7.16,6.4,0.76,-1.02,13.08,7.04,6.04,-9.63,13.56,8.36,5.2,-6.89,17.58,10.85,6.73,-6.66,14.82,9.45,5.37,-6.26,7.66,7.62,0.04,0.3,7.79,8.03,-0.24,0.7,5.61,5.53,0.09,0.18,5.27,5.52,-0.25,0.89,41.44,3.45,31.74,2.83,34.0,6.29,34.0,73.19,-7.59,44.1,3.68,20.76,1.9,34.0,5.57,34.0,64.86,-5.68,67.3,5.61,18.13,1.73,34.0,7.34,34.0,85.43,-3.66,94.46,7.87,25.4,2.43,34.0,10.3,34.0,119.86,-3.56,97.43,8.12,7.26,0.87,34.0,8.99,34.0,104.69,-1.15,High,3,1.0
10,Standing fan (DeLonghi),1.0,225.0,150.0,22,TskControl34,2025-02-22 18:27:09,2025-02-22_ID0_NoPCS_Ta22_TskControl34.csv,2025-02-22_ID10_Standing fan (DeLonghi)_High_Angle225_Distance150_Ta22_TskControl34_FanMode.csv,18.68,3.84,40.76,3.36,66.34,48.76,73.8,78.86,0.24,-7.02,-3.4,-6.58,22.4,22.3,65.42,0.06,22.34,22.89,34.0,34.0,34.0,34.0,34.0,34.0,32.44,34.0,34.0,34.0,34.0,34.0,95.88,61.66,107.96,80.22,150.82,149.08,204.0,192.24,91.72,89.3,62.92,59.7,22.1,21.9,67.05,0.12,22.0,22.6,34.0,34.0,34.0,34.0,34.0,34.0,34.0,34.0,34.0,34.0,34.0,34.0,77.2,57.82,67.2,76.86,84.48,100.32,130.2,113.38,91.48,96.32,66.32,66.28,8.22,6.43,1.79,-2.9,5.29,4.82,0.47,-0.8,9.26,5.6,3.66,-7.28,6.88,6.4,0.47,-0.52,12.93,7.04,5.89,-9.42,12.79,8.36,4.43,-5.83,20.2,10.85,9.35,-6.8,16.49,9.45,7.04,-8.35,7.87,7.62,0.24,-0.03,7.66,8.03,-0.37,0.87,5.4,5.53,-0.13,0.62,5.12,5.52,-0.4,1.19,41.44,3.45,21.17,1.92,34.0,5.37,34.0,62.61,-5.27,44.1,3.68,8.95,0.87,34.0,4.55,34.0,53.05,-2.5,67.3,5.61,20.09,1.89,34.0,7.49,34.0,87.39,-3.96,94.46,7.87,27.14,2.56,34.0,10.43,34.0,121.6,-3.87,97.43,8.12,6.51,0.8,34.0,8.91,34.0,103.94,-1.0,High,3,1.0
10,Standing evaporative cooler (DeLonghi),0.0,180.0,150.0,22,TskControl34,2025-02-24 15:44:00,2025-02-24_ID0_NoPCS_Ta22_TskControl34.csv,2025-02-24_ID10_Standing evaporative cooler (DeLonghi)_Low_Angle180_Distance150_Ta22_TskControl34_MistMode.csv,13.08,6.3,35.38,4.7,34.42,20.98,46.92,12.98,-0.86,-5.62,0.62,-3.84,22.1,22.1,30.79,0.0,22.1,21.85,34.0,34.0,34.0,34.0,34.0,34.0,34.08,34.0,34.0,34.0,34.0,34.0,89.38,63.14,100.94,79.64,116.76,126.44,168.24,136.04,90.8,90.44,65.02,61.6,22.3,22.5,37.98,0.13,22.39,22.25,34.0,34.0,34.0,34.0,34.0,34.0,34.0,34.0,34.0,34.0,34.0,34.0,76.3,56.84,65.56,74.94,82.34,105.46,121.32,123.06,91.66,96.06,64.4,65.44,7.51,6.57,0.94,-1.99,5.31,4.9,0.41,-1.29,8.48,5.65,2.84,-6.27,6.69,6.45,0.24,-0.73,9.81,7.09,2.72,-4.85,10.63,9.08,1.54,-2.31,14.04,10.45,3.59,-4.49,11.43,10.6,0.83,-1.22,7.63,7.89,-0.26,0.11,7.6,8.27,-0.67,0.68,5.46,5.55,-0.08,-0.11,5.18,5.64,-0.46,0.68,40.47,3.49,25.88,2.09,34.0,5.58,34.0,66.35,-5.63,43.47,3.74,17.09,1.34,34.0,5.09,34.0,60.56,-4.6,65.77,5.67,16.07,1.21,34.0,6.88,34.0,81.84,-3.29,93.02,8.01,13.11,0.91,34.0,8.92,34.0,106.13,-1.92,95.87,8.26,2.62,0.02,34.0,8.28,34.0,98.49,-0.44,Low,1,0.0
10,Standing evaporative cooler (DeLonghi),0.0,225.0,150.0,22,TskControl34,2025-02-24 15:08:36,2025-02-24_ID0_NoPCS_Ta22_TskControl34.csv,2025-02-24_ID10_Standing evaporative cooler (DeLonghi)_Low_Angle225_Distance150_Ta22_TskControl34_MistMode.csv,15.16,2.62,37.08,6.8,46.74,29.46,81.5,46.44,1.78,-2.96,0.06,-3.16,21.9,22.0,30.52,0.03,21.96,21.84,34.0,34.0,34.0,34.0,34.0,34.0,33.72,34.0,34.0,34.0,34.0,34.0,91.46,59.46,102.64,81.74,129.08,134.92,202.82,169.5,93.44,93.1,64.46,62.28,22.3,22.5,37.98,0.13,22.39,22.25,34.0,34.0,34.0,34.0,34.0,34.0,34.0,34.0,34.0,34.0,34.0,34.0,76.3,56.84,65.56,74.94,82.34,105.46,121.32,123.06,91.66,96.06,64.4,65.44,7.6,6.57,1.02,-2.31,4.94,4.9,0.04,-0.54,8.52,5.65,2.88,-6.57,6.79,6.45,0.33,-1.05,10.72,7.09,3.63,-6.59,11.21,9.08,2.12,-3.24,17.25,10.45,6.8,-7.8,14.08,10.6,3.48,-4.38,7.76,7.89,-0.13,-0.23,7.73,8.27,-0.54,0.36,5.35,5.55,-0.19,-0.01,5.17,5.64,-0.46,0.56,40.47,3.49,18.07,1.38,34.0,4.86,34.0,58.54,-4.26,43.47,3.74,8.88,0.6,34.0,4.35,34.0,52.35,-2.44,65.77,5.67,17.27,1.23,34.0,6.9,34.0,83.05,-3.45,93.02,8.01,15.16,0.97,34.0,8.99,34.0,108.18,-2.21,95.87,8.26,6.02,0.21,34.0,8.46,34.0,101.89,-0.84,Low,1,0.0
10,Standing evaporative cooler (DeLonghi),0.0,270.0,150.0,22,TskControl34,2025-02-24 13:56:16,2025-02-24_ID0_NoPCS_Ta22_TskControl34.csv,2025-02-24_ID10_Standing evaporative cooler (DeLonghi)_Low_Angle270_Distance150_Ta22_TskControl34_MistMode.csv,8.34,-6.94,17.58,12.74,12.44,9.34,27.04,5.9,0.34,1.02,1.02,0.0,22.1,22.2,32.8,0.02,22.17,21.97,34.0,34.0,34.0,34.0,34.0,34.0,34.0,34.0,34.0,34.0,34.0,34.0,84.64,49.9,83.14,87.68,94.78,114.8,148.36,128.96,92.0,97.08,65.42,65.44,22.3,22.5,37.98,0.13,22.39,22.25,34.0,34.0,34.0,34.0,34.0,34.0,34.0,34.0,34.0,34.0,34.0,34.0,76.3,56.84,65.56,74.94,82.34,105.46,121.32,123.06,91.66,96.06,64.4,65.44,7.15,6.57,0.58,-1.27,4.22,4.9,-0.68,1.42,7.03,5.65,1.38,-3.11,7.41,6.45,0.96,-1.97,8.01,7.09,0.92,-1.75,9.7,9.08,0.62,-1.03,12.54,10.45,2.09,-2.59,10.9,10.6,0.3,-0.56,7.78,7.89,-0.12,-0.04,8.21,8.27,-0.07,-0.12,5.53,5.55,-0.02,-0.18,5.53,5.64,-0.1,-0.0,40.47,3.49,26.62,2.19,34.0,5.67,34.0,67.1,-8.15,43.47,3.74,-0.7,-0.13,34.0,3.62,34.0,42.77,0.18,65.77,5.67,21.23,1.69,34.0,7.35,34.0,87.01,-4.24,93.02,8.01,1.79,0.0,34.0,8.01,34.0,94.81,-0.28,95.87,8.26,-3.19,-0.42,34.0,7.83,34.0,92.68,0.36,Low,1,0.0
10,Standing fan (DeLonghi),0.5,180.0,150.0,22,TskControl34,2025-02-22 19:48:44,2025-02-22_ID0_NoPCS_Ta22_TskControl34.csv,2025-02-22_ID10_Standing fan (DeLonghi)_Mid_Angle180_Distance150_Ta22_TskControl34.csv,18.2,8.44,37.96,5.42,64.4,55.28,70.9,64.16,-0.26,-6.12,-0.88,-5.06,22.3,22.4,68.39,0.06,22.36,22.96,34.0,34.0,34.0,34.0,34.0,34.0,33.94,34.0,34.0,34.0,34.0,34.0,95.4,66.26,105.16,82.28,148.88,155.6,201.1,177.54,91.22,90.2,65.44,61.22,22.1,21.9,67.05,0.12,22.0,22.6,34.0,34.0,34.0,34.0,34.0,34.0,34.0,34.0,34.0,34.0,34.0,34.0,77.2,57.82,67.2,76.86,84.48,100.32,130.2,113.38,91.48,96.32,66.32,66.28,8.2,6.43,1.76,-2.83,5.69,4.82,0.87,-1.75,9.03,5.6,3.43,-6.78,7.07,6.4,0.66,-0.85,12.79,7.04,5.75,-9.15,13.37,8.36,5.01,-6.61,17.37,10.85,6.52,-6.53,15.25,9.45,5.8,-6.79,7.84,7.62,0.21,0.03,7.75,8.03,-0.28,0.76,5.62,5.53,0.1,0.16,5.26,5.52,-0.26,0.92,41.44,3.45,25.22,2.27,34.0,5.73,34.0,66.67,-5.87,44.1,3.68,19.54,1.79,34.0,5.47,34.0,63.64,-5.34,67.3,5.61,13.78,1.36,34.0,6.97,34.0,81.08,-2.83,94.46,7.87,20.89,2.04,34.0,9.91,34.0,115.35,-2.98,97.43,8.12,5.8,0.75,34.0,8.87,34.0,103.23,-0.98,Mid,2,0.5
10,Standing fan (DeLonghi),0.0,270.0,150.0,22,TskControl34,2025-02-22 17:17:04,2025-02-22_ID0_NoPCS_Ta22_TskControl34.csv,2025-02-22_ID10_Standing fan (DeLonghi)_Low_Angle270_Distance150_Ta22_TskControl34.csv,6.34,-3.14,14.62,8.5,18.32,14.5,29.88,16.48,-2.12,-3.1,-2.5,-3.02,22.4,22.3,63.35,0.0,22.3,22.73,34.0,34.0,34.0,34.0,34.0,34.0,34.0,34.0,34.0,34.0,34.0,34.0,83.54,54.68,81.82,85.36,102.8,114.82,160.08,129.86,89.36,93.22,63.82,63.26,22.1,21.9,67.05,0.12,22.0,22.6,34.0,34.0,34.0,34.0,34.0,34.0,34.0,34.0,34.0,34.0,34.0,34.0,77.2,57.82,67.2,76.86,84.48,100.32,130.2,113.38,91.48,96.32,66.32,66.28,7.14,6.43,0.71,-0.99,4.67,4.82,-0.14,0.65,6.99,5.6,1.39,-2.61,7.3,6.4,0.89,-1.33,8.79,7.04,1.75,-2.6,9.81,8.36,1.45,-1.73,13.68,10.85,2.83,-2.75,11.1,9.45,1.65,-1.74,7.64,7.62,0.01,0.28,7.97,8.03,-0.06,0.39,5.45,5.53,-0.07,0.45,5.41,5.52,-0.12,0.55,41.44,3.45,24.32,2.17,34.0,5.62,34.0,65.76,-7.25,44.1,3.68,-0.26,0.07,34.0,3.75,34.0,43.84,0.06,67.3,5.61,17.4,1.63,34.0,7.24,34.0,84.7,-3.53,94.46,7.87,-4.72,-0.2,34.0,7.67,34.0,89.74,0.55,97.43,8.12,-6.26,-0.33,34.0,7.79,34.0,91.17,0.71,Low,1,0.0
10,Standing fan (DeLonghi),0.0,225.0,150.0,22,TskControl34,2025-02-22 18:07:54,2025-02-22_ID0_NoPCS_Ta22_TskControl34.csv,2025-02-22_ID10_Standing fan (DeLonghi)_Low_Angle225_Distance150_Ta22_TskControl34.csv,11.44,0.08,30.06,0.98,47.68,31.68,72.36,50.44,-2.28,-4.8,-3.72,-5.82,22.3,22.3,60.53,0.0,22.3,22.64,34.0,34.0,34.0,34.0,34.0,34.0,34.02,34.0,34.0,34.0,34.0,34.0,88.64,57.9,97.26,77.84,132.16,132.0,202.56,163.82,89.2,91.52,62.6,60.46,22.1,21.9,67.05,0.12,22.0,22.6,34.0,34.0,34.0,34.0,34.0,34.0,34.0,34.0,34.0,34.0,34.0,34.0,77.2,57.82,67.2,76.86,84.48,100.32,130.2,113.38,91.48,96.32,66.32,66.28,7.58,6.43,1.14,-1.78,4.95,4.82,0.13,-0.02,8.31,5.6,2.71,-5.37,6.65,6.4,0.25,-0.15,11.3,7.04,4.26,-6.77,11.28,8.36,2.92,-3.79,17.28,10.85,6.43,-6.67,14.0,9.45,4.55,-5.34,7.62,7.62,0.0,0.3,7.82,8.03,-0.2,0.6,5.35,5.53,-0.18,0.67,5.17,5.52,-0.36,1.05,41.44,3.45,13.96,1.28,34.0,4.74,34.0,55.4,-2.99,44.1,3.68,5.01,0.52,34.0,4.2,34.0,49.11,-1.42,67.3,5.61,12.35,1.2,34.0,6.81,34.0,79.65,-2.54,94.46,7.87,11.14,1.15,34.0,9.03,34.0,105.6,-1.65,97.43,8.12,1.91,0.37,34.0,8.49,34.0,99.34,-0.38,Low,1,0.0
10,Standing fan (DeLonghi),0.0,180.0,150.0,22,TskControl34,2025-02-22 19:38:09,2025-02-22_ID0_NoPCS_Ta22_TskControl34.csv,2025-02-22_ID10_Standing fan (DeLonghi)_Low_Angle180_Distance150_Ta22_TskControl34.csv,10.86,5.5,30.78,-0.04,41.38,35.0,46.08,41.16,-1.84,-7.36,-0.88,-3.7,22.4,22.4,56.38,0.04,22.4,22.65,34.0,34.0,34.0,34.0,34.0,34.0,34.0,34.0,34.0,34.0,34.0,34.0,88.06,63.32,97.98,76.82,125.86,135.32,176.28,154.54,89.64,88.96,65.44,62.58,22.1,21.9,67.05,0.12,22.0,22.6,34.0,34.0,34.0,34.0,34.0,34.0,34.0,34.0,34.0,34.0,34.0,34.0,77.2,57.82,67.2,76.86,84.48,100.32,130.2,113.38,91.48,96.32,66.32,66.28,7.59,6.43,1.16,-1.69,5.46,4.82,0.64,-1.14,8.45,5.6,2.85,-5.5,6.62,6.4,0.22,0.01,10.85,7.04,3.81,-5.88,11.67,8.36,3.31,-4.19,15.2,10.85,4.35,-4.25,13.32,9.45,3.87,-4.36,7.73,7.62,0.1,0.24,7.67,8.03,-0.36,0.92,5.64,5.53,0.11,0.16,5.39,5.52,-0.13,0.67,41.44,3.45,20.05,1.85,34.0,5.3,34.0,61.49,-4.46,44.1,3.68,14.08,1.34,34.0,5.02,34.0,58.18,-3.86,67.3,5.61,8.84,0.96,34.0,6.56,34.0,76.14,-1.91,94.46,7.87,9.85,1.12,34.0,8.99,34.0,104.31,-1.53,97.43,8.12,-2.03,0.1,34.0,8.22,34.0,95.4,0.06,Low,1,0.0
10,Standing fan (DeLonghi),1.0,270.0,150.0,22,TskControl34,2025-02-22 17:53:54,2025-02-22_ID0_NoPCS_Ta22_TskControl34.csv,2025-02-22_ID10_Standing fan (DeLonghi)_High_Angle270_Distance150_Ta22_TskControl34.csv,14.4,-2.04,18.2,22.6,15.86,32.84,28.1,31.42,1.94,1.16,-2.84,-3.26,22.3,22.3,58.98,0.14,22.3,22.7,34.0,34.0,34.0,34.0,34.0,34.0,34.0,34.0,34.0,34.0,34.0,34.0,91.6,55.78,85.4,99.46,100.34,133.16,158.3,144.8,93.42,97.48,63.48,63.02,22.1,21.9,67.05,0.12,22.0,22.6,34.0,34.0,34.0,34.0,34.0,34.0,34.0,34.0,34.0,34.0,34.0,34.0,77.2,57.82,67.2,76.86,84.48,100.32,130.2,113.38,91.48,96.32,66.32,66.28,7.83,6.43,1.4,-2.24,4.77,4.82,-0.05,0.42,7.3,5.6,1.7,-3.25,8.5,6.4,2.1,-3.53,8.58,7.04,1.54,-2.25,11.38,8.36,3.02,-3.93,13.53,10.85,2.68,-2.59,12.38,9.45,2.93,-3.33,7.98,7.62,0.36,-0.25,8.33,8.03,0.3,-0.14,5.43,5.53,-0.1,0.51,5.39,5.52,-0.14,0.59,41.44,3.45,39.42,3.46,34.0,6.91,34.0,80.87,-12.55,44.1,3.68,2.75,0.33,34.0,4.0,34.0,46.85,-0.76,67.3,5.61,30.37,2.74,34.0,8.35,34.0,97.67,-5.9,94.46,7.87,4.81,0.61,34.0,8.48,34.0,99.27,-0.72,97.43,8.12,2.89,0.46,34.0,8.57,34.0,100.32,-0.48,High,3,1.0
10,Standing fan (DeLonghi),1.0,225.0,150.0,22,TskControl34,2025-02-22 18:27:09,2025-02-22_ID0_NoPCS_Ta22_TskControl34.csv,2025-02-22_ID10_Standing fan (DeLonghi)_High_Angle225_Distance150_Ta22_TskControl34.csv,18.68,3.84,40.76,3.36,66.34,48.76,73.8,78.86,0.24,-7.02,-3.4,-6.58,22.4,22.3,65.42,0.06,22.34,22.89,34.0,34.0,34.0,34.0,34.0,34.0,32.44,34.0,34.0,34.0,34.0,34.0,95.88,61.66,107.96,80.22,150.82,149.08,204.0,192.24,91.72,89.3,62.92,59.7,22.1,21.9,67.05,0.12,22.0,22.6,34.0,34.0,34.0,34.0,34.0,34.0,34.0,34.0,34.0,34.0,34.0,34.0,77.2,57.82,67.2,76.86,84.48,100.32,130.2,113.38,91.48,96.32,66.32,66.28,8.22,6.43,1.79,-2.9,5.29,4.82,0.47,-0.8,9.26,5.6,3.66,-7.28,6.88,6.4,0.47,-0.52,12.93,7.04,5.89,-9.42,12.79,8.36,4.43,-5.83,20.2,10.85,9.35,-6.8,16.49,9.45,7.04,-8.35,7.87,7.62,0.24,-0.03,7.66,8.03,-0.37,0.87,5.4,5.53,-0.13,0.62,5.12,5.52,-0.4,1.19,41.44,3.45,21.17,1.92,34.0,5.37,34.0,62.61,-5.27,44.1,3.68,8.95,0.87,34.0,4.55,34.0,53.05,-2.5,67.3,5.61,20.09,1.89,34.0,7.49,34.0,87.39,-3.96,94.46,7.87,27.14,2.56,34.0,10.43,34.0,121.6,-3.87,97.43,8.12,6.51,0.8,34.0,8.91,34.0,103.94,-1.0,High,3,1.0
10,Standing fan (DeLonghi),1.0,180.0,150.0,22,TskControl34,2025-02-22 19:58:14,2025-02-22_ID0_NoPCS_Ta22_TskControl34.csv,2025-02-22_ID10_Standing fan (DeLonghi)_High_Angle180_Distance150_Ta22_TskControl34.csv,20.6,10.9,42.44,6.52,67.82,57.56,72.28,59.1,-2.26,-5.64,-0.98,-4.9,22.3,22.4,65.4,0.06,22.36,22.87,34.0,34.0,34.0,34.0,34.0,34.0,33.88,34.0,34.0,34.0,34.0,34.0,97.8,68.72,109.64,83.38,152.3,157.88,202.48,172.48,89.22,90.68,65.34,61.38,22.1,21.9,67.05,0.12,22.0,22.6,34.0,34.0,34.0,34.0,34.0,34.0,34.0,34.0,34.0,34.0,34.0,34.0,77.2,57.82,67.2,76.86,84.48,100.32,130.2,113.38,91.48,96.32,66.32,66.28,8.4,6.43,1.97,-3.2,5.9,4.82,1.09,-2.26,9.42,5.6,3.82,-7.58,7.16,6.4,0.76,-1.02,13.08,7.04,6.04,-9.63,13.56,8.36,5.2,-6.89,17.58,10.85,6.73,-6.66,14.82,9.45,5.37,-6.26,7.66,7.62,0.04,0.3,7.79,8.03,-0.24,0.7,5.61,5.53,0.09,0.18,5.27,5.52,-0.25,0.89,41.44,3.45,31.74,2.83,34.0,6.29,34.0,73.19,-7.59,44.1,3.68,20.76,1.9,34.0,5.57,34.0,64.86,-5.68,67.3,5.61,18.13,1.73,34.0,7.34,34.0,85.43,-3.66,94.46,7.87,25.4,2.43,34.0,10.3,34.0,119.86,-3.56,97.43,8.12,7.26,0.87,34.0,8.99,34.0,104.69,-1.15,High,3,1.0
10,Standing evaporative cooler (DeLonghi),1.0,270.0,150.0,22,TskControl34,2025-02-24 14:52:21,2025-02-24_ID0_NoPCS_Ta22_TskControl34.csv,2025-02-24_ID10_Standing evaporative cooler (DeLonghi)_High_Angle270_Distance150_Ta22_TskControl34_MistMode.csv,20.24,0.42,29.6,23.26,34.04,23.68,62.24,19.96,3.12,3.0,1.18,0.24,22.0,22.0,30.76,0.2,22.0,21.76,34.0,34.0,34.0,34.0,34.0,34.0,34.0,34.0,34.0,34.0,34.0,34.0,96.54,57.26,95.16,98.2,116.38,129.14,183.56,143.02,94.78,99.06,65.58,65.68,22.3,22.5,37.98,0.13,22.39,22.25,34.0,34.0,34.0,34.0,34.0,34.0,34.0,34.0,34.0,34.0,34.0,34.0,76.3,56.84,65.56,74.94,82.34,105.46,121.32,123.06,91.66,96.06,64.4,65.44,8.04,6.57,1.47,-3.08,4.77,4.9,-0.12,-0.09,7.93,5.65,2.28,-5.24,8.18,6.45,1.73,-3.6,9.7,7.09,2.61,-4.8,10.76,9.08,1.68,-2.61,15.3,10.45,4.85,-5.96,11.92,10.6,1.32,-1.88,7.9,7.89,0.0,-0.4,8.25,8.27,-0.02,-0.36,5.46,5.55,-0.08,-0.21,5.47,5.64,-0.16,-0.04,40.47,3.49,40.1,3.23,34.0,6.71,34.0,80.58,-11.9,43.47,3.74,4.99,0.29,34.0,4.04,34.0,48.46,-1.34,65.77,5.67,38.46,3.02,34.0,8.69,34.0,104.23,-7.39,93.02,8.01,17.1,1.17,33.99,9.18,34.0,110.12,-2.37,95.87,8.26,11.06,0.65,34.0,8.91,34.0,106.93,-1.43,High,3,1.0
10,Standing evaporative cooler (DeLonghi),1.0,225.0,150.0,22,TskControl34,2025-02-24 15:31:51,2025-02-24_ID0_NoPCS_Ta22_TskControl34.csv,2025-02-24_ID10_Standing evaporative cooler (DeLonghi)_High_Angle225_Distance150_Ta22_TskControl34_MistMode.csv,25.42,8.58,50.74,9.38,73.32,61.84,83.62,87.52,8.62,0.94,0.48,-3.52,22.0,22.2,30.55,0.11,22.1,21.85,33.9,34.0,34.0,34.0,34.0,34.0,31.52,33.98,34.0,34.0,34.0,34.0,101.72,65.42,116.3,84.32,155.66,167.3,204.94,210.58,100.28,97.0,64.88,61.92,22.3,22.5,37.98,0.13,22.39,22.25,34.0,34.0,34.0,34.0,34.0,34.0,34.0,34.0,34.0,34.0,34.0,34.0,76.3,56.84,65.56,74.94,82.34,105.46,121.32,123.06,91.66,96.06,64.4,65.44,8.62,6.57,2.05,-3.87,5.5,4.9,0.6,-1.75,9.77,5.65,4.13,-8.99,7.09,6.45,0.63,-1.45,13.08,7.09,5.99,-10.34,14.06,9.08,4.98,-6.81,21.76,10.45,11.31,-8.0,17.73,10.6,7.13,-8.26,8.43,7.89,0.53,-1.09,8.15,8.27,-0.12,-0.11,5.45,5.55,-0.09,-0.09,5.2,5.64,-0.43,0.62,40.47,3.49,23.49,1.89,34.0,5.38,34.0,63.97,-5.96,43.47,3.74,13.23,1.02,34.0,4.76,34.0,56.7,-3.6,65.77,5.67,25.95,2.04,34.0,7.71,34.0,91.72,-5.0,93.02,8.01,35.06,2.75,34.0,10.76,34.0,128.08,-4.82,95.87,8.26,15.34,1.09,34.0,9.35,34.0,111.21,-2.02,High,3,1.0
10,Standing evaporative cooler (DeLonghi),1.0,180.0,150.0,22,TskControl34,2025-02-24 16:32:37,2025-02-24_ID0_NoPCS_Ta22_TskControl34.csv,2025-02-24_ID10_Standing evaporative cooler (DeLonghi)_High_Angle180_Distance150_Ta22_TskControl34_MistMode.csv,24.62,14.28,48.1,15.44,56.32,51.84,65.48,48.3,1.84,-3.2,0.04,-4.06,22.0,22.1,31.2,0.0,22.1,21.86,34.0,34.0,34.0,34.0,34.0,34.0,34.0,34.0,34.0,34.0,34.0,34.0,100.92,71.12,113.66,90.38,138.66,157.3,186.8,171.36,93.5,92.86,64.44,61.38,22.3,22.5,37.98,0.13,22.39,22.25,34.0,34.0,34.0,34.0,34.0,34.0,34.0,34.0,34.0,34.0,34.0,34.0,76.3,56.84,65.56,74.94,82.34,105.46,121.32,123.06,91.66,96.06,64.4,65.44,8.48,6.57,1.91,-3.75,5.98,4.9,1.08,-2.92,9.55,5.65,3.9,-8.52,7.59,6.45,1.14,-2.39,11.65,7.09,4.56,-7.94,13.22,9.08,4.13,-5.71,15.7,10.45,5.25,-6.27,14.4,10.6,3.8,-4.56,7.86,7.89,-0.04,-0.23,7.8,8.27,-0.47,0.39,5.42,5.55,-0.13,-0.01,5.16,5.64,-0.48,0.72,40.47,3.49,35.19,2.87,34.0,6.36,34.0,75.67,-8.41,43.47,3.74,25.28,2.03,34.0,5.78,34.0,68.75,-6.78,65.77,5.67,25.75,2.03,34.0,7.69,34.0,91.53,-5.06,93.02,8.01,32.01,2.49,34.0,10.51,34.0,125.03,-4.36,95.87,8.26,16.1,1.15,34.0,9.41,34.0,111.97,-2.2,High,3,1.0
10,Standing fan (DeLonghi),0.5,270.0,150.0,22,TskControl34,2025-02-22 17:38:00,2025-02-22_ID0_NoPCS_Ta22_TskControl34.csv,2025-02-22_ID10_Standing fan (DeLonghi)_Mid_Angle270_Distance150_Ta22_TskControl34.csv,10.82,-2.14,17.06,16.04,16.74,25.28,23.34,25.62,-0.74,-1.66,-6.34,-1.7,22.3,22.2,62.92,0.07,22.25,22.71,34.0,34.0,34.0,34.0,34.0,34.0,34.0,34.0,34.0,34.0,34.0,34.0,88.02,55.68,84.26,92.9,101.22,125.6,153.54,139.0,90.74,94.66,59.98,64.58,22.1,21.9,67.05,0.12,22.0,22.6,34.0,34.0,34.0,34.0,34.0,34.0,34.0,34.0,34.0,34.0,34.0,34.0,77.2,57.82,67.2,76.86,84.48,100.32,130.2,113.38,91.48,96.32,66.32,66.28,7.49,6.43,1.06,-1.68,4.74,4.82,-0.08,0.44,7.17,5.6,1.57,-3.05,7.91,6.4,1.5,-2.5,8.61,7.04,1.57,-2.38,10.69,8.36,2.33,-3.02,13.07,10.85,2.22,-2.15,11.83,9.45,2.38,-2.71,7.72,7.62,0.1,0.1,8.06,8.03,0.03,0.21,5.1,5.53,-0.42,1.15,5.5,5.52,-0.03,0.31,41.44,3.45,31.71,2.77,34.0,6.23,34.0,73.16,-9.62,44.1,3.68,1.49,0.21,34.0,3.88,34.0,45.59,-0.41,67.3,5.61,25.67,2.3,34.0,7.91,34.0,92.97,-5.02,94.46,7.87,1.32,0.28,34.0,8.15,34.0,95.78,-0.28,97.43,8.12,-0.34,0.14,34.0,8.26,34.0,97.09,-0.08,Mid,2,0.5
10,Standing fan (DeLonghi),0.0,225.0,150.0,25,TskControl34,2025-02-07 16:59:54,2025-02-07_ID0_NoPCS_Ta25_TskControl34.csv,2025-02-07_ID10_Standing fan (DeLonghi)_Low_Angle225_Distance150_Ta25_TskControl34.csv,5.44,0.64,14.5,1.66,-0.46,8.26,7.6,21.16,-0.2,-2.62,0.54,-0.5,25.0,25.0,71.11,0.1,25.0,26.23,34.0,34.0,34.0,34.0,34.0,34.0,34.0,34.0,34.0,34.0,34.0,34.0,55.96,30.7,60.44,56.84,53.26,71.04,75.86,85.48,66.68,68.02,46.16,45.76,24.9,25.1,71.54,0.08,25.01,26.32,34.0,34.0,34.0,34.0,34.0,34.0,34.0,34.0,34.0,34.0,34.0,34.0,50.52,30.06,45.94,55.18,53.72,62.78,68.26,64.32,66.88,70.64,45.62,46.26,6.22,5.62,0.6,-0.97,3.41,3.34,0.07,-0.19,6.72,5.11,1.61,-2.84,6.32,6.14,0.18,-0.27,5.92,5.98,-0.06,0.08,7.89,6.98,0.91,-1.18,8.43,7.59,0.84,-1.0,9.5,7.15,2.34,-2.96,7.41,7.44,-0.03,0.03,7.56,7.86,-0.3,0.33,5.13,5.07,0.05,-0.11,5.08,5.15,-0.06,0.1,29.02,3.23,24.87,2.76,34.0,5.99,34.0,53.89,-7.72,29.4,3.27,3.22,0.35,34.0,3.62,34.0,32.62,-1.04,45.15,5.02,6.32,0.7,34.0,5.72,34.0,51.47,-1.65,56.44,6.28,2.13,0.23,34.0,6.51,34.0,58.57,-0.44,62.93,7.0,1.1,0.11,34.0,7.11,34.0,64.03,-0.19,Low,1,0.0
10,Standing fan (DeLonghi),0.5,225.0,150.0,25,TskControl34,2025-02-07 17:12:54,2025-02-07_ID0_NoPCS_Ta25_TskControl34.csv,2025-02-07_ID10_Standing fan (DeLonghi)_Mid_Angle225_Distance150_Ta25_TskControl34_FanMode.csv,8.28,1.66,20.12,3.22,5.5,13.36,15.56,28.96,1.12,-0.68,1.72,-0.34,25.1,25.1,69.38,0.03,25.1,26.15,34.0,34.0,34.0,34.0,34.0,34.0,34.0,34.0,34.0,34.0,34.0,34.0,58.8,31.72,66.06,58.4,59.22,76.14,83.82,93.28,68.0,69.96,47.34,45.92,24.9,25.1,71.54,0.08,25.01,26.32,34.0,34.0,34.0,34.0,34.0,34.0,34.0,34.0,34.0,34.0,34.0,34.0,50.52,30.06,45.94,55.18,53.72,62.78,68.26,64.32,66.88,70.64,45.62,46.26,6.61,5.62,0.99,-1.47,3.56,3.34,0.22,-0.5,7.42,5.11,2.31,-3.94,6.56,6.14,0.42,-0.52,6.65,5.98,0.68,-0.92,8.56,6.98,1.57,-1.91,9.42,7.59,1.83,-2.05,10.48,7.15,3.33,-4.05,7.64,7.44,0.2,-0.15,7.86,7.86,0.0,0.09,5.32,5.07,0.24,-0.34,5.16,5.15,0.01,0.07,29.02,3.23,30.74,3.49,34.0,6.71,34.0,59.76,-9.32,29.4,3.27,6.25,0.74,34.0,4.01,34.0,35.65,-1.99,45.15,5.02,9.47,1.11,34.0,6.14,34.0,54.61,-2.49,56.44,6.28,2.77,0.37,34.0,6.65,34.0,59.21,-0.67,62.93,7.0,1.72,0.26,34.0,7.26,34.0,64.65,-0.39,Mid,2,0.5
10,Standing fan (DeLonghi),0.5,180.0,150.0,25,TskControl34,2025-02-07 17:53:54,2025-02-07_ID0_NoPCS_Ta25_TskControl34.csv,2025-02-07_ID10_Standing fan (DeLonghi)_Mid_Angle180_Distance150_Ta25_TskControl34_FanMode.csv,11.34,9.62,30.44,0.4,28.6,19.34,34.38,37.78,-1.34,-7.18,1.28,-2.82,25.2,25.0,68.54,0.09,25.1,26.22,34.0,34.0,34.0,34.0,34.0,34.0,34.0,34.0,34.0,34.0,34.0,34.0,61.86,39.68,76.38,55.58,82.32,82.12,102.64,102.1,65.54,63.46,46.9,43.44,24.9,25.1,71.54,0.08,25.01,26.32,34.0,34.0,34.0,34.0,34.0,34.0,34.0,34.0,34.0,34.0,34.0,34.0,50.52,30.06,45.94,55.18,53.72,62.78,68.26,64.32,66.88,70.64,45.62,46.26,6.95,5.62,1.33,-2.02,4.46,3.34,1.11,-2.88,8.58,5.11,3.47,-5.96,6.24,6.14,0.11,-0.07,9.25,5.98,3.27,-4.79,9.23,6.98,2.24,-2.77,11.53,7.59,3.94,-4.53,11.47,7.15,4.32,-5.28,7.36,7.44,-0.08,0.18,7.13,7.86,-0.73,0.91,5.27,5.07,0.2,-0.25,4.88,5.15,-0.26,0.55,29.02,3.23,20.6,2.35,34.0,5.58,34.0,49.62,-4.84,29.4,3.27,10.68,1.23,34.0,4.5,34.0,40.08,-3.4,45.15,5.02,11.08,1.3,34.0,6.32,34.0,56.23,-2.67,56.44,6.28,14.84,1.73,34.0,8.01,34.0,71.28,-3.13,62.93,7.0,4.6,0.59,34.0,7.59,34.0,67.53,-0.96,Mid,2,0.5
10,Standing fan (DeLonghi),0.0,225.0,150.0,25,TskControl34,2025-02-07 16:59:54,2025-02-07_ID0_NoPCS_Ta25_TskControl34.csv,2025-02-07_ID10_Standing fan (DeLonghi)_Low_Angle225_Distance150_Ta25_TskControl34_FanMode.csv,5.44,0.64,14.5,1.66,-0.46,8.26,7.6,21.16,-0.2,-2.62,0.54,-0.5,25.0,25.0,71.11,0.1,25.0,26.23,34.0,34.0,34.0,34.0,34.0,34.0,34.0,34.0,34.0,34.0,34.0,34.0,55.96,30.7,60.44,56.84,53.26,71.04,75.86,85.48,66.68,68.02,46.16,45.76,24.9,25.1,71.54,0.08,25.01,26.32,34.0,34.0,34.0,34.0,34.0,34.0,34.0,34.0,34.0,34.0,34.0,34.0,50.52,30.06,45.94,55.18,53.72,62.78,68.26,64.32,66.88,70.64,45.62,46.26,6.22,5.62,0.6,-0.97,3.41,3.34,0.07,-0.19,6.72,5.11,1.61,-2.84,6.32,6.14,0.18,-0.27,5.92,5.98,-0.06,0.08,7.89,6.98,0.91,-1.18,8.43,7.59,0.84,-1.0,9.5,7.15,2.34,-2.96,7.41,7.44,-0.03,0.03,7.56,7.86,-0.3,0.33,5.13,5.07,0.05,-0.11,5.08,5.15,-0.06,0.1,29.02,3.23,24.87,2.76,34.0,5.99,34.0,53.89,-7.72,29.4,3.27,3.22,0.35,34.0,3.62,34.0,32.62,-1.04,45.15,5.02,6.32,0.7,34.0,5.72,34.0,51.47,-1.65,56.44,6.28,2.13,0.23,34.0,6.51,34.0,58.57,-0.44,62.93,7.0,1.1,0.11,34.0,7.11,34.0,64.03,-0.19,Low,1,0.0
10,Standing fan (DeLonghi),0.0,180.0,150.0,25,TskControl34,2025-02-07 17:40:54,2025-02-07_ID0_NoPCS_Ta25_TskControl34.csv,2025-02-07_ID10_Standing fan (DeLonghi)_Low_Angle180_Distance150_Ta25_TskControl34_FanMode.csv,9.48,6.74,27.6,-0.9,35.94,24.9,44.54,39.24,-3.74,-9.34,0.34,-2.22,25.0,25.0,69.36,0.15,25.0,26.12,34.0,34.0,34.0,34.0,34.0,34.0,34.0,34.0,34.0,34.0,34.0,34.0,60.0,36.8,73.54,54.28,89.66,87.68,112.8,103.56,63.14,61.3,45.96,44.04,24.9,25.1,71.54,0.08,25.01,26.32,34.0,34.0,34.0,34.0,34.0,34.0,34.0,34.0,34.0,34.0,34.0,34.0,50.52,30.06,45.94,55.18,53.72,62.78,68.26,64.32,66.88,70.64,45.62,46.26,6.67,5.62,1.05,-1.69,4.09,3.34,0.75,-2.02,8.17,5.11,3.06,-5.4,6.03,6.14,-0.11,0.15,9.96,5.98,3.99,-6.01,9.74,6.98,2.76,-3.57,12.53,7.59,4.94,-5.87,11.51,7.15,4.35,-5.48,7.02,7.44,-0.42,0.5,6.81,7.86,-1.05,1.19,5.11,5.07,0.03,-0.07,4.89,5.15,-0.25,0.43,29.02,3.23,16.0,1.77,34.0,5.0,34.0,45.03,-3.65,29.4,3.27,8.09,0.9,34.0,4.17,34.0,37.49,-2.6,45.15,5.02,7.56,0.83,34.0,5.86,34.0,52.71,-1.86,56.44,6.28,10.02,1.11,34.0,7.38,34.0,66.46,-2.22,62.93,7.0,3.12,0.34,34.0,7.34,34.0,66.05,-0.72,Low,1,0.0
10,Standing fan (DeLonghi),0.0,180.0,150.0,25,TskControl34,2025-02-07 17:40:54,2025-02-07_ID0_NoPCS_Ta25_TskControl34.csv,2025-02-07_ID10_Standing fan (DeLonghi)_Low_Angle180_Distance150_Ta25_TskControl34.csv,9.48,6.74,27.6,-0.9,35.94,24.9,44.54,39.24,-3.74,-9.34,0.34,-2.22,25.0,25.0,69.36,0.15,25.0,26.12,34.0,34.0,34.0,34.0,34.0,34.0,34.0,34.0,34.0,34.0,34.0,34.0,60.0,36.8,73.54,54.28,89.66,87.68,112.8,103.56,63.14,61.3,45.96,44.04,24.9,25.1,71.54,0.08,25.01,26.32,34.0,34.0,34.0,34.0,34.0,34.0,34.0,34.0,34.0,34.0,34.0,34.0,50.52,30.06,45.94,55.18,53.72,62.78,68.26,64.32,66.88,70.64,45.62,46.26,6.67,5.62,1.05,-1.69,4.09,3.34,0.75,-2.02,8.17,5.11,3.06,-5.4,6.03,6.14,-0.11,0.15,9.96,5.98,3.99,-6.01,9.74,6.98,2.76,-3.57,12.53,7.59,4.94,-5.87,11.51,7.15,4.35,-5.48,7.02,7.44,-0.42,0.5,6.81,7.86,-1.05,1.19,5.11,5.07,0.03,-0.07,4.89,5.15,-0.25,0.43,29.02,3.23,16.0,1.77,34.0,5.0,34.0,45.03,-3.65,29.4,3.27,8.09,0.9,34.0,4.17,34.0,37.49,-2.6,45.15,5.02,7.56,0.83,34.0,5.86,34.0,52.71,-1.86,56.44,6.28,10.02,1.11,34.0,7.38,34.0,66.46,-2.22,62.93,7.0,3.12,0.34,34.0,7.34,34.0,66.05,-0.72,Low,1,0.0
10,Standing fan (DeLonghi),1.0,225.0,150.0,25,TskControl34,2025-02-07 17:23:54,2025-02-07_ID0_NoPCS_Ta25_TskControl34.csv,2025-02-07_ID10_Standing fan (DeLonghi)_High_Angle225_Distance150_Ta25_TskControl34.csv,10.42,1.88,22.52,4.84,7.86,20.78,23.6,40.48,1.32,0.12,1.28,0.46,25.0,25.0,69.36,0.16,25.0,26.12,34.0,34.0,34.0,34.0,34.0,34.0,34.0,34.0,34.0,34.0,34.0,34.0,60.94,31.94,68.46,60.02,61.58,83.56,91.86,104.8,68.2,70.76,46.9,46.72,24.9,25.1,71.54,0.08,25.01,26.32,34.0,34.0,34.0,34.0,34.0,34.0,34.0,34.0,34.0,34.0,34.0,34.0,50.52,30.06,45.94,55.18,53.72,62.78,68.26,64.32,66.88,70.64,45.62,46.26,6.77,5.62,1.15,-1.85,3.55,3.34,0.21,-0.56,7.61,5.11,2.5,-4.41,6.67,6.14,0.53,-0.79,6.84,5.98,0.87,-1.32,9.28,6.98,2.3,-2.98,10.21,7.59,2.61,-3.11,11.64,7.15,4.49,-5.66,7.58,7.44,0.14,-0.18,7.86,7.86,0.0,-0.02,5.21,5.07,0.14,-0.25,5.19,5.15,0.05,-0.09,29.02,3.23,34.18,3.79,34.0,7.02,34.0,63.21,-10.23,29.4,3.27,7.5,0.83,34.0,4.1,34.0,36.9,-2.39,45.15,5.02,11.18,1.24,34.0,6.26,34.0,56.33,-2.91,56.44,6.28,4.34,0.48,34.0,6.75,34.0,60.78,-0.99,62.93,7.0,3.29,0.36,34.0,7.36,34.0,66.22,-0.64,High,3,1.0
10,Standing fan (DeLonghi),1.0,180.0,150.0,25,TskControl34,2025-02-07 18:06:24,2025-02-07_ID0_NoPCS_Ta25_TskControl34.csv,2025-02-07_ID10_Standing fan (DeLonghi)_High_Angle180_Distance150_Ta25_TskControl34.csv,15.1,11.89,34.68,0.7,60.93,39.29,73.82,52.88,-1.95,-8.59,0.7,-2.68,25.3,25.1,68.14,0.19,25.22,26.22,34.0,34.0,34.0,34.0,34.0,34.0,34.0,34.0,34.0,34.0,34.0,34.0,65.62,41.95,80.62,55.88,114.65,102.07,142.08,117.2,64.93,62.05,46.32,43.58,24.9,25.1,71.54,0.08,25.01,26.32,34.0,34.0,34.0,34.0,34.0,34.0,34.0,34.0,34.0,34.0,34.0,34.0,50.52,30.06,45.94,55.18,53.72,62.78,68.26,64.32,66.88,70.64,45.62,46.26,7.47,5.62,1.85,-2.69,4.78,3.34,1.43,-3.56,9.18,5.11,4.07,-6.79,6.36,6.14,0.23,-0.11,13.06,5.98,7.08,-10.2,11.62,6.98,4.64,-5.63,16.18,7.59,8.59,-9.72,13.35,7.15,6.19,-7.39,7.4,7.44,-0.04,0.26,7.07,7.86,-0.79,1.09,5.28,5.07,0.2,-0.14,4.96,5.15,-0.18,0.52,29.02,3.23,20.75,2.44,34.0,5.67,34.0,49.77,-4.96,29.4,3.27,11.22,1.36,34.0,4.63,34.0,40.62,-3.57,45.15,5.02,11.62,1.44,34.0,6.47,34.0,56.77,-2.79,56.44,6.28,17.6,2.15,34.0,8.43,34.0,74.04,-3.64,62.93,7.0,5.79,0.83,34.0,7.83,34.0,68.72,-1.18,High,3,1.0
10,Standing evaporative cooler (DeLonghi),0.5,180.0,150.0,25,TskControl34,2025-02-11 14:18:01,2025-02-11_ID0_NoPCS_Ta25_TskControl34.csv,2025-02-11_ID10_Standing evaporative cooler (DeLonghi)_Mid_Angle180_Distance150_Ta25_TskControl34_MistMode.csv,13.42,8.4,37.86,3.74,49.12,23.14,50.5,26.06,-0.42,-0.28,-0.54,-0.38,25.2,25.1,66.02,0.0,25.1,26.17,34.0,34.0,34.0,34.0,34.0,34.0,34.0,34.0,34.0,34.0,34.0,34.0,69.52,49.4,86.58,57.42,110.06,93.62,140.94,110.12,70.72,67.78,48.56,46.68,25.3,25.3,62.41,0.07,25.3,26.08,34.0,34.0,34.0,34.0,34.0,34.0,34.0,34.0,34.0,34.0,34.0,34.0,56.1,41.0,48.72,53.68,60.94,70.48,90.44,84.06,71.14,68.06,49.1,47.06,7.81,6.45,1.36,-2.08,5.55,4.71,0.84,-1.78,9.73,5.6,4.13,-6.76,6.45,6.17,0.28,-0.61,12.37,7.0,5.36,-7.01,10.52,8.1,2.42,-2.86,15.84,10.4,5.44,-4.86,12.37,9.66,2.71,-2.7,7.95,8.18,-0.23,0.05,7.62,7.82,-0.21,0.04,5.46,5.64,-0.19,0.1,5.24,5.41,-0.16,0.07,29.67,3.41,23.31,2.54,34.0,5.95,34.0,52.98,-5.36,32.16,3.7,15.1,1.61,34.0,5.31,34.0,47.26,-4.15,48.66,5.59,12.09,1.23,34.0,6.83,34.0,60.75,-2.52,69.26,7.96,13.52,1.34,34.0,9.3,34.0,82.78,-1.9,71.96,8.27,0.83,-0.09,34.0,8.18,34.0,72.79,-0.16,Mid,2,0.5
10,Standing fan (DeLonghi),0.5,225.0,150.0,25,TskControl34,2025-02-07 17:12:54,2025-02-07_ID0_NoPCS_Ta25_TskControl34.csv,2025-02-07_ID10_Standing fan (DeLonghi)_Mid_Angle225_Distance150_Ta25_TskControl34.csv,8.28,1.66,20.12,3.22,5.5,13.36,15.56,28.96,1.12,-0.68,1.72,-0.34,25.1,25.1,69.38,0.03,25.1,26.15,34.0,34.0,34.0,34.0,34.0,34.0,34.0,34.0,34.0,34.0,34.0,34.0,58.8,31.72,66.06,58.4,59.22,76.14,83.82,93.28,68.0,69.96,47.34,45.92,24.9,25.1,71.54,0.08,25.01,26.32,34.0,34.0,34.0,34.0,34.0,34.0,34.0,34.0,34.0,34.0,34.0,34.0,50.52,30.06,45.94,55.18,53.72,62.78,68.26,64.32,66.88,70.64,45.62,46.26,6.61,5.62,0.99,-1.47,3.56,3.34,0.22,-0.5,7.42,5.11,2.31,-3.94,6.56,6.14,0.42,-0.52,6.65,5.98,0.68,-0.92,8.56,6.98,1.57,-1.91,9.42,7.59,1.83,-2.05,10.48,7.15,3.33,-4.05,7.64,7.44,0.2,-0.15,7.86,7.86,0.0,0.09,5.32,5.07,0.24,-0.34,5.16,5.15,0.01,0.07,29.02,3.23,30.74,3.49,34.0,6.71,34.0,59.76,-9.32,29.4,3.27,6.25,0.74,34.0,4.01,34.0,35.65,-1.99,45.15,5.02,9.47,1.11,34.0,6.14,34.0,54.61,-2.49,56.44,6.28,2.77,0.37,34.0,6.65,34.0,59.21,-0.67,62.93,7.0,1.72,0.26,34.0,7.26,34.0,64.65,-0.39,Mid,2,0.5
10,Standing fan (DeLonghi),0.5,180.0,150.0,25,TskControl34,2025-02-07 17:53:54,2025-02-07_ID0_NoPCS_Ta25_TskControl34.csv,2025-02-07_ID10_Standing fan (DeLonghi)_Mid_Angle180_Distance150_Ta25_TskControl34.csv,11.34,9.62,30.44,0.4,28.6,19.34,34.38,37.78,-1.34,-7.18,1.28,-2.82,25.2,25.0,68.54,0.09,25.1,26.22,34.0,34.0,34.0,34.0,34.0,34.0,34.0,34.0,34.0,34.0,34.0,34.0,61.86,39.68,76.38,55.58,82.32,82.12,102.64,102.1,65.54,63.46,46.9,43.44,24.9,25.1,71.54,0.08,25.01,26.32,34.0,34.0,34.0,34.0,34.0,34.0,34.0,34.0,34.0,34.0,34.0,34.0,50.52,30.06,45.94,55.18,53.72,62.78,68.26,64.32,66.88,70.64,45.62,46.26,6.95,5.62,1.33,-2.02,4.46,3.34,1.11,-2.88,8.58,5.11,3.47,-5.96,6.24,6.14,0.11,-0.07,9.25,5.98,3.27,-4.79,9.23,6.98,2.24,-2.77,11.53,7.59,3.94,-4.53,11.47,7.15,4.32,-5.28,7.36,7.44,-0.08,0.18,7.13,7.86,-0.73,0.91,5.27,5.07,0.2,-0.25,4.88,5.15,-0.26,0.55,29.02,3.23,20.6,2.35,34.0,5.58,34.0,49.62,-4.84,29.4,3.27,10.68,1.23,34.0,4.5,34.0,40.08,-3.4,45.15,5.02,11.08,1.3,34.0,6.32,34.0,56.23,-2.67,56.44,6.28,14.84,1.73,34.0,8.01,34.0,71.28,-3.13,62.93,7.0,4.6,0.59,34.0,7.59,34.0,67.53,-0.96,Mid,2,0.5
10,Standing fan (DeLonghi),1.0,225.0,150.0,25,TskControl34,2025-02-07 17:23:54,2025-02-07_ID0_NoPCS_Ta25_TskControl34.csv,2025-02-07_ID10_Standing fan (DeLonghi)_High_Angle225_Distance150_Ta25_TskControl34_FanMode.csv,10.42,1.88,22.52,4.84,7.86,20.78,23.6,40.48,1.32,0.12,1.28,0.46,25.0,25.0,69.36,0.16,25.0,26.12,34.0,34.0,34.0,34.0,34.0,34.0,34.0,34.0,34.0,34.0,34.0,34.0,60.94,31.94,68.46,60.02,61.58,83.56,91.86,104.8,68.2,70.76,46.9,46.72,24.9,25.1,71.54,0.08,25.01,26.32,34.0,34.0,34.0,34.0,34.0,34.0,34.0,34.0,34.0,34.0,34.0,34.0,50.52,30.06,45.94,55.18,53.72,62.78,68.26,64.32,66.88,70.64,45.62,46.26,6.77,5.62,1.15,-1.85,3.55,3.34,0.21,-0.56,7.61,5.11,2.5,-4.41,6.67,6.14,0.53,-0.79,6.84,5.98,0.87,-1.32,9.28,6.98,2.3,-2.98,10.21,7.59,2.61,-3.11,11.64,7.15,4.49,-5.66,7.58,7.44,0.14,-0.18,7.86,7.86,0.0,-0.02,5.21,5.07,0.14,-0.25,5.19,5.15,0.05,-0.09,29.02,3.23,34.18,3.79,34.0,7.02,34.0,63.21,-10.23,29.4,3.27,7.5,0.83,34.0,4.1,34.0,36.9,-2.39,45.15,5.02,11.18,1.24,34.0,6.26,34.0,56.33,-2.91,56.44,6.28,4.34,0.48,34.0,6.75,34.0,60.78,-0.99,62.93,7.0,3.29,0.36,34.0,7.36,34.0,66.22,-0.64,High,3,1.0
10,Standing fan (DeLonghi),0.0,225.0,150.0,22,TskControl34,2025-02-22 18:07:54,2025-02-22_ID0_NoPCS_Ta22_TskControl34.csv,2025-02-22_ID10_Standing fan (DeLonghi)_Low_Angle225_Distance150_Ta22_TskControl34_FanMode.csv,11.44,0.08,30.06,0.98,47.68,31.68,72.36,50.44,-2.28,-4.8,-3.72,-5.82,22.3,22.3,60.53,0.0,22.3,22.64,34.0,34.0,34.0,34.0,34.0,34.0,34.02,34.0,34.0,34.0,34.0,34.0,88.64,57.9,97.26,77.84,132.16,132.0,202.56,163.82,89.2,91.52,62.6,60.46,22.1,21.9,67.05,0.12,22.0,22.6,34.0,34.0,34.0,34.0,34.0,34.0,34.0,34.0,34.0,34.0,34.0,34.0,77.2,57.82,67.2,76.86,84.48,100.32,130.2,113.38,91.48,96.32,66.32,66.28,7.58,6.43,1.14,-1.78,4.95,4.82,0.13,-0.02,8.31,5.6,2.71,-5.37,6.65,6.4,0.25,-0.15,11.3,7.04,4.26,-6.77,11.28,8.36,2.92,-3.79,17.28,10.85,6.43,-6.67,14.0,9.45,4.55,-5.34,7.62,7.62,0.0,0.3,7.82,8.03,-0.2,0.6,5.35,5.53,-0.18,0.67,5.17,5.52,-0.36,1.05,41.44,3.45,13.96,1.28,34.0,4.74,34.0,55.4,-2.99,44.1,3.68,5.01,0.52,34.0,4.2,34.0,49.11,-1.42,67.3,5.61,12.35,1.2,34.0,6.81,34.0,79.65,-2.54,94.46,7.87,11.14,1.15,34.0,9.03,34.0,105.6,-1.65,97.43,8.12,1.91,0.37,34.0,8.49,34.0,99.34,-0.38,Low,1,0.0
10,Standing evaporative cooler (DeLonghi),0.5,225.0,150.0,25,TskControl34,2025-02-11 13:26:01,2025-02-11_ID0_NoPCS_Ta25_TskControl34.csv,2025-02-11_ID10_Standing evaporative cooler (DeLonghi)_Mid_Angle225_Distance150_Ta25_TskControl34_MistMode.csv,16.96,6.72,39.34,6.02,54.06,34.16,80.96,63.02,1.0,-0.58,-1.42,-1.8,25.1,25.2,64.36,0.06,25.16,25.96,34.0,34.0,34.0,34.0,34.0,34.0,34.0,34.0,34.0,34.0,34.0,34.0,73.06,47.72,88.06,59.7,115.0,104.64,171.4,147.08,72.14,67.48,47.68,45.26,25.3,25.3,62.41,0.07,25.3,26.08,34.0,34.0,34.0,34.0,34.0,34.0,34.0,34.0,34.0,34.0,34.0,34.0,56.1,41.0,48.72,53.68,60.94,70.48,90.44,84.06,71.14,68.06,49.1,47.06,8.26,6.45,1.82,-2.63,5.4,4.71,0.69,-1.43,9.96,5.6,4.36,-7.02,6.75,6.17,0.58,-0.98,13.01,7.0,6.0,-7.72,11.84,8.1,3.74,-4.22,19.39,10.4,8.99,-7.79,16.64,9.66,6.98,-6.52,8.16,8.18,-0.02,-0.12,7.63,7.82,-0.19,0.07,5.39,5.64,-0.25,0.25,5.12,5.41,-0.29,0.33,29.67,3.41,17.66,1.94,34.0,5.35,34.0,47.33,-4.14,32.16,3.7,9.56,1.02,34.0,4.72,34.0,41.72,-2.7,48.66,5.59,18.73,2.03,34.0,7.62,34.0,67.39,-3.72,69.26,7.96,17.73,1.88,34.0,9.84,34.0,86.99,-2.44,71.96,8.27,7.31,0.7,34.0,8.97,34.0,79.27,-0.95,Mid,2,0.5
10,Standing evaporative cooler (DeLonghi),0.5,270.0,150.0,25,TskControl34,2025-02-11 12:48:00,2025-02-11_ID0_NoPCS_Ta25_TskControl34.csv,2025-02-11_ID10_Standing evaporative cooler (DeLonghi)_Mid_Angle270_Distance150_Ta25_TskControl34_MistMode.csv,12.34,-0.78,22.7,13.32,23.36,15.82,36.7,17.6,0.52,2.6,-0.62,-0.2,25.2,25.2,61.6,0.02,25.2,25.84,34.0,34.0,34.0,34.0,34.0,34.0,34.0,34.0,34.0,34.0,34.0,34.0,68.44,40.22,71.42,67.0,84.3,86.3,127.14,101.66,71.66,70.66,48.48,46.86,25.3,25.3,62.41,0.07,25.3,26.08,34.0,34.0,34.0,34.0,34.0,34.0,34.0,34.0,34.0,34.0,34.0,34.0,56.1,41.0,48.72,53.68,60.94,70.48,90.44,84.06,71.14,68.06,49.1,47.06,7.78,6.45,1.33,-1.91,4.57,4.71,-0.14,0.17,8.12,5.6,2.52,-4.05,7.61,6.17,1.44,-2.16,9.58,7.0,2.57,-3.33,9.81,8.1,1.71,-1.95,14.45,10.4,4.05,-3.53,11.55,9.66,1.89,-1.82,8.14,8.18,-0.03,-0.06,8.03,7.82,0.21,-0.33,5.51,5.64,-0.13,0.11,5.32,5.41,-0.08,0.04,29.67,3.41,27.02,3.03,34.0,6.44,34.0,56.69,-7.95,32.16,3.7,3.76,0.39,34.0,4.08,34.0,35.92,-1.03,48.66,5.59,26.76,2.98,34.0,8.57,34.0,75.41,-5.26,69.26,7.96,5.32,0.51,34.0,8.48,34.0,74.58,-0.73,71.96,8.27,2.4,0.18,34.0,8.45,34.0,74.36,-0.32,Mid,2,0.5
10,Standing evaporative cooler (DeLonghi),1.0,180.0,150.0,25,TskControl34,2025-02-11 15:26:01,2025-02-11_ID0_NoPCS_Ta25_TskControl34.csv,2025-02-11_ID10_Standing evaporative cooler (DeLonghi)_High_Angle180_Distance150_Ta25_TskControl34_MistMode.csv,17.4,12.62,43.54,9.84,42.86,30.06,34.4,37.02,1.14,0.56,-0.92,-1.12,24.9,25.0,68.48,0.02,24.97,26.05,34.0,34.0,34.0,34.0,34.0,34.0,34.0,34.0,34.0,34.0,34.0,34.0,73.5,53.62,92.26,63.52,103.8,100.54,124.84,121.08,72.28,68.62,48.18,45.94,25.3,25.3,62.41,0.07,25.3,26.08,34.0,34.0,34.0,34.0,34.0,34.0,34.0,34.0,34.0,34.0,34.0,34.0,56.1,41.0,48.72,53.68,60.94,70.48,90.44,84.06,71.14,68.06,49.1,47.06,8.14,6.45,1.69,-2.7,5.94,4.71,1.23,-2.68,10.22,5.6,4.62,-7.78,7.03,6.17,0.86,-1.59,11.5,7.0,4.49,-6.12,11.13,8.1,3.03,-3.71,13.83,10.4,3.43,-3.31,13.41,9.66,3.75,-3.83,8.0,8.18,-0.17,-0.14,7.6,7.82,-0.22,-0.07,5.34,5.64,-0.31,0.16,5.09,5.41,-0.32,0.21,29.67,3.41,27.04,2.87,34.0,6.28,34.0,56.72,-6.27,32.16,3.7,17.77,1.83,34.0,5.53,34.0,49.93,-4.88,48.66,5.59,17.24,1.7,34.0,7.3,34.0,65.89,-3.44,69.26,7.96,22.4,2.19,34.0,10.15,34.0,91.66,-3.03,71.96,8.27,8.09,0.59,34.0,8.86,34.0,80.05,-1.07,High,3,1.0
10,Standing evaporative cooler (DeLonghi),1.0,225.0,150.0,25,TskControl34,2025-02-11 13:41:01,2025-02-11_ID0_NoPCS_Ta25_TskControl34.csv,2025-02-11_ID10_Standing evaporative cooler (DeLonghi)_High_Angle225_Distance150_Ta25_TskControl34_MistMode.csv,19.12,7.98,43.46,8.28,49.96,34.16,68.8,64.68,2.06,2.42,-0.3,-1.3,25.0,25.2,64.74,0.12,25.1,25.96,34.0,34.0,34.0,34.0,34.0,34.0,34.0,34.0,34.0,34.0,34.0,34.0,75.22,48.98,92.18,61.96,110.9,104.64,159.24,148.74,73.2,70.48,48.8,45.76,25.3,25.3,62.41,0.07,25.3,26.08,34.0,34.0,34.0,34.0,34.0,34.0,34.0,34.0,34.0,34.0,34.0,34.0,56.1,41.0,48.72,53.68,60.94,70.48,90.44,84.06,71.14,68.06,49.1,47.06,8.45,6.45,2.0,-2.97,5.5,4.71,0.79,-1.69,10.36,5.6,4.76,-7.76,6.96,6.17,0.79,-1.34,12.46,7.0,5.46,-7.13,11.76,8.1,3.66,-4.22,17.89,10.4,7.5,-6.62,16.71,9.66,7.05,-6.69,8.22,8.18,0.05,-0.25,7.92,7.82,0.1,-0.31,5.48,5.64,-0.16,0.05,5.14,5.41,-0.27,0.24,29.67,3.41,23.03,2.51,34.0,5.92,34.0,52.7,-5.39,32.16,3.7,11.04,1.16,34.0,4.85,34.0,43.2,-3.1,48.66,5.59,22.51,2.4,34.0,8.0,34.0,71.17,-4.41,69.26,7.96,21.39,2.22,34.0,10.19,34.0,90.65,-2.91,71.96,8.27,9.58,0.89,34.0,9.16,34.0,81.54,-1.22,High,3,1.0
10,Standing evaporative cooler (DeLonghi),1.0,270.0,150.0,25,TskControl34,2025-02-11 12:23:01,2025-02-11_ID0_NoPCS_Ta25_TskControl34.csv,2025-02-11_ID10_Standing evaporative cooler (DeLonghi)_High_Angle270_Distance150_Ta25_TskControl34_MistMode.csv,16.16,3.3,25.68,16.02,23.94,18.26,39.32,25.88,4.4,4.76,0.7,0.68,25.1,25.1,61.58,0.11,25.1,25.82,34.0,34.0,34.0,34.0,34.0,34.0,34.0,34.0,34.0,34.0,34.0,34.0,72.26,44.3,74.4,69.7,84.88,88.74,129.76,109.94,75.54,72.82,49.8,47.74,25.3,25.3,62.41,0.07,25.3,26.08,34.0,34.0,34.0,34.0,34.0,34.0,34.0,34.0,34.0,34.0,34.0,34.0,56.1,41.0,48.72,53.68,60.94,70.48,90.44,84.06,71.14,68.06,49.1,47.06,8.12,6.45,1.67,-2.51,4.98,4.71,0.26,-0.7,8.36,5.6,2.76,-4.59,7.83,6.17,1.66,-2.6,9.54,7.0,2.53,-3.42,9.97,8.1,1.87,-2.25,14.58,10.4,4.18,-3.78,12.35,9.66,2.69,-2.68,8.49,8.18,0.31,-0.54,8.18,7.82,0.36,-0.61,5.6,5.64,-0.05,-0.12,5.36,5.41,-0.05,-0.13,29.67,3.41,33.79,3.72,34.0,7.13,34.0,63.46,-10.2,32.16,3.7,5.08,0.49,34.0,4.18,34.0,37.24,-1.4,48.66,5.59,31.44,3.41,34.0,9.0,34.0,80.1,-6.16,69.26,7.96,11.24,1.08,34.0,9.04,34.0,80.5,-1.5,71.96,8.27,6.19,0.51,34.0,8.78,34.0,78.15,-0.78,High,3,1.0
10,Standing evaporative cooler (DeLonghi),0.0,180.0,150.0,25,TskControl34,2025-02-11 13:58:01,2025-02-11_ID0_NoPCS_Ta25_TskControl34.csv,2025-02-11_ID10_Standing evaporative cooler (DeLonghi)_Low_Angle180_Distance150_Ta25_TskControl34_MistMode.csv,10.2,6.06,33.8,3.02,38.46,16.2,34.9,19.04,-2.72,-0.56,-0.94,-1.42,25.0,25.1,64.74,0.07,25.05,25.96,34.0,34.0,34.0,34.0,34.0,34.0,34.0,34.0,34.0,34.0,34.0,34.0,66.3,47.06,82.52,56.7,99.4,86.68,125.34,103.1,68.42,67.5,48.16,45.64,25.3,25.3,62.41,0.07,25.3,26.08,34.0,34.0,34.0,34.0,34.0,34.0,34.0,34.0,34.0,34.0,34.0,34.0,56.1,41.0,48.72,53.68,60.94,70.48,90.44,84.06,71.14,68.06,49.1,47.06,7.41,6.45,0.96,-1.58,5.26,4.71,0.55,-1.29,9.22,5.6,3.62,-6.04,6.34,6.17,0.17,-0.49,11.11,7.0,4.1,-5.49,9.68,8.1,1.58,-2.0,14.0,10.4,3.61,-3.36,11.52,9.66,1.86,-1.97,7.64,8.18,-0.53,0.33,7.54,7.82,-0.28,0.07,5.38,5.64,-0.26,0.17,5.1,5.41,-0.31,0.26,29.67,3.41,18.69,1.99,34.0,5.4,34.0,48.36,-4.01,32.16,3.7,12.79,1.33,34.0,5.02,34.0,44.95,-3.53,48.66,5.59,10.63,1.03,34.0,6.62,34.0,59.28,-2.2,69.26,7.96,8.46,0.72,34.0,8.68,34.0,77.72,-1.23,71.96,8.27,-0.37,-0.27,34.0,8.0,34.0,71.59,-0.0,Low,1,0.0
10,Standing evaporative cooler (DeLonghi),0.0,225.0,150.0,25,TskControl34,2025-02-11 13:13:01,2025-02-11_ID0_NoPCS_Ta25_TskControl34.csv,2025-02-11_ID10_Standing evaporative cooler (DeLonghi)_Low_Angle225_Distance150_Ta25_TskControl34_MistMode.csv,12.2,3.98,33.02,3.92,50.14,22.02,65.82,40.32,-0.56,-0.68,-0.84,-1.34,25.1,25.2,63.95,0.05,25.16,26.03,34.0,34.0,34.0,34.0,34.0,34.0,34.0,34.0,34.0,34.0,34.0,34.0,68.3,44.98,81.74,57.6,111.08,92.5,156.26,124.38,70.58,67.38,48.26,45.72,25.3,25.3,62.41,0.07,25.3,26.08,34.0,34.0,34.0,34.0,34.0,34.0,34.0,34.0,34.0,34.0,34.0,34.0,56.1,41.0,48.72,53.68,60.94,70.48,90.44,84.06,71.14,68.06,49.1,47.06,7.73,6.45,1.28,-1.89,5.09,4.71,0.38,-0.84,9.25,5.6,3.65,-5.9,6.52,6.17,0.35,-0.64,12.57,7.0,5.56,-7.16,10.46,8.1,2.36,-2.72,17.68,10.4,7.28,-6.33,14.07,9.66,4.41,-4.17,7.98,8.18,-0.19,0.07,7.62,7.82,-0.2,0.09,5.46,5.64,-0.18,0.15,5.17,5.41,-0.24,0.25,29.67,3.41,14.36,1.57,34.0,4.98,34.0,44.04,-3.28,32.16,3.7,8.22,0.87,34.0,4.57,34.0,40.38,-2.32,48.66,5.59,13.98,1.49,34.0,7.09,34.0,62.63,-2.85,69.26,7.96,8.82,0.87,34.0,8.83,34.0,78.08,-1.28,71.96,8.27,2.62,0.17,34.0,8.44,34.0,74.58,-0.37,Low,1,0.0
10,Standing evaporative cooler (DeLonghi),0.0,270.0,150.0,25,TskControl34,2025-02-11 12:59:01,2025-02-11_ID0_NoPCS_Ta25_TskControl34.csv,2025-02-11_ID10_Standing evaporative cooler (DeLonghi)_Low_Angle270_Distance150_Ta25_TskControl34_MistMode.csv,8.5,-0.64,14.94,11.1,8.88,5.84,19.42,13.56,-0.5,2.72,-0.2,0.48,25.2,25.2,62.38,0.04,25.2,25.97,34.0,34.0,34.0,34.0,34.0,34.0,34.0,34.0,34.0,34.0,34.0,34.0,64.6,40.36,63.66,64.78,69.82,76.32,109.86,97.62,70.64,70.78,48.9,47.54,25.3,25.3,62.41,0.07,25.3,26.08,34.0,34.0,34.0,34.0,34.0,34.0,34.0,34.0,34.0,34.0,34.0,34.0,56.1,41.0,48.72,53.68,60.94,70.48,90.44,84.06,71.14,68.06,49.1,47.06,7.34,6.45,0.89,-1.32,4.59,4.71,-0.13,0.14,7.23,5.6,1.63,-2.67,7.36,6.17,1.19,-1.8,7.93,7.0,0.93,-1.27,8.67,8.1,0.57,-0.72,12.48,10.4,2.09,-1.87,11.09,9.66,1.43,-1.4,8.03,8.18,-0.15,0.06,8.04,7.82,0.22,-0.35,5.56,5.64,-0.09,0.04,5.4,5.41,-0.01,-0.09,29.67,3.41,23.28,2.61,34.0,6.02,34.0,52.96,-7.09,32.16,3.7,0.72,0.04,34.0,3.74,34.0,32.88,-0.21,48.66,5.59,21.52,2.38,34.0,7.98,34.0,70.18,-4.28,69.26,7.96,1.13,0.04,34.0,8.0,34.0,70.39,-0.17,71.96,8.27,1.26,0.05,34.0,8.32,34.0,73.22,-0.17,Low,1,0.0
10,Standing fan (DeLonghi),0.5,225.0,150.0,22,TskControl34,2025-02-22 18:17:34,2025-02-22_ID0_NoPCS_Ta22_TskControl34.csv,2025-02-22_ID10_Standing fan (DeLonghi)_Mid_Angle225_Distance150_Ta22_TskControl34.csv,14.88,1.82,36.94,0.48,62.52,40.54,73.04,66.12,-0.7,-7.18,-3.86,-6.22,22.3,22.3,57.47,0.16,22.3,22.57,34.0,34.0,34.0,34.0,34.0,34.0,33.2,34.0,34.0,34.0,34.0,34.0,92.08,59.64,104.14,77.34,147.0,140.86,203.24,179.5,90.78,89.14,62.46,60.06,22.1,21.9,67.05,0.12,22.0,22.6,34.0,34.0,34.0,34.0,34.0,34.0,34.0,34.0,34.0,34.0,34.0,34.0,77.2,57.82,67.2,76.86,84.48,100.32,130.2,113.38,91.48,96.32,66.32,66.28,7.87,6.43,1.44,-2.31,5.1,4.82,0.28,-0.38,8.9,5.6,3.3,-6.6,6.61,6.4,0.21,-0.07,12.56,7.04,5.52,-8.88,12.04,8.36,3.68,-4.85,18.65,10.85,7.8,-6.73,15.34,9.45,5.89,-7.0,7.76,7.62,0.14,0.09,7.62,8.03,-0.41,0.89,5.34,5.53,-0.19,0.7,5.13,5.52,-0.39,1.13,41.44,3.45,16.19,1.47,34.0,4.93,34.0,57.63,-3.83,44.1,3.68,6.89,0.68,34.0,4.36,34.0,50.99,-1.94,67.3,5.61,16.34,1.54,34.0,7.15,34.0,83.64,-3.27,94.46,7.87,17.03,1.66,34.0,9.53,34.0,111.49,-2.49,97.43,8.12,4.54,0.6,34.0,8.72,34.0,101.97,-0.75,Mid,2,0.5
10,Standing fan (DeLonghi),0.0,270.0,150.0,22,TskControl34,2025-02-22 17:17:04,2025-02-22_ID0_NoPCS_Ta22_TskControl34.csv,2025-02-22_ID10_Standing fan (DeLonghi)_Low_Angle270_Distance150_Ta22_TskControl34_FanMode.csv,6.34,-3.14,14.62,8.5,18.32,14.5,29.88,16.48,-2.12,-3.1,-2.5,-3.02,22.4,22.3,63.35,0.0,22.3,22.73,34.0,34.0,34.0,34.0,34.0,34.0,34.0,34.0,34.0,34.0,34.0,34.0,83.54,54.68,81.82,85.36,102.8,114.82,160.08,129.86,89.36,93.22,63.82,63.26,22.1,21.9,67.05,0.12,22.0,22.6,34.0,34.0,34.0,34.0,34.0,34.0,34.0,34.0,34.0,34.0,34.0,34.0,77.2,57.82,67.2,76.86,84.48,100.32,130.2,113.38,91.48,96.32,66.32,66.28,7.14,6.43,0.71,-0.99,4.67,4.82,-0.14,0.65,6.99,5.6,1.39,-2.61,7.3,6.4,0.89,-1.33,8.79,7.04,1.75,-2.6,9.81,8.36,1.45,-1.73,13.68,10.85,2.83,-2.75,11.1,9.45,1.65,-1.74,7.64,7.62,0.01,0.28,7.97,8.03,-0.06,0.39,5.45,5.53,-0.07,0.45,5.41,5.52,-0.12,0.55,41.44,3.45,24.32,2.17,34.0,5.62,34.0,65.76,-7.25,44.1,3.68,-0.26,0.07,34.0,3.75,34.0,43.84,0.06,67.3,5.61,17.4,1.63,34.0,7.24,34.0,84.7,-3.53,94.46,7.87,-4.72,-0.2,34.0,7.67,34.0,89.74,0.55,97.43,8.12,-6.26,-0.33,34.0,7.79,34.0,91.17,0.71,Low,1,0.0
10,Standing fan (DeLonghi),0.5,270.0,150.0,22,TskControl34,2025-02-22 17:38:00,2025-02-22_ID0_NoPCS_Ta22_TskControl34.csv,2025-02-22_ID10_Standing fan (DeLonghi)_Mid_Angle270_Distance150_Ta22_TskControl34_FanMode.csv,10.82,-2.14,17.06,16.04,16.74,25.28,23.34,25.62,-0.74,-1.66,-6.34,-1.7,22.3,22.2,62.92,0.07,22.25,22.71,34.0,34.0,34.0,34.0,34.0,34.0,34.0,34.0,34.0,34.0,34.0,34.0,88.02,55.68,84.26,92.9,101.22,125.6,153.54,139.0,90.74,94.66,59.98,64.58,22.1,21.9,67.05,0.12,22.0,22.6,34.0,34.0,34.0,34.0,34.0,34.0,34.0,34.0,34.0,34.0,34.0,34.0,77.2,57.82,67.2,76.86,84.48,100.32,130.2,113.38,91.48,96.32,66.32,66.28,7.49,6.43,1.06,-1.68,4.74,4.82,-0.08,0.44,7.17,5.6,1.57,-3.05,7.91,6.4,1.5,-2.5,8.61,7.04,1.57,-2.38,10.69,8.36,2.33,-3.02,13.07,10.85,2.22,-2.15,11.83,9.45,2.38,-2.71,7.72,7.62,0.1,0.1,8.06,8.03,0.03,0.21,5.1,5.53,-0.42,1.15,5.5,5.52,-0.03,0.31,41.44,3.45,31.71,2.77,34.0,6.23,34.0,73.16,-9.62,44.1,3.68,1.49,0.21,34.0,3.88,34.0,45.59,-0.41,67.3,5.61,25.67,2.3,34.0,7.91,34.0,92.97,-5.02,94.46,7.87,1.32,0.28,34.0,8.15,34.0,95.78,-0.28,97.43,8.12,-0.34,0.14,34.0,8.26,34.0,97.09,-0.08,Mid,2,0.5
10,Standing fan (DeLonghi),0.5,225.0,150.0,22,TskControl34,2025-02-22 18:17:34,2025-02-22_ID0_NoPCS_Ta22_TskControl34.csv,2025-02-22_ID10_Standing fan (DeLonghi)_Mid_Angle225_Distance150_Ta22_TskControl34_FanMode.csv,14.88,1.82,36.94,0.48,62.52,40.54,73.04,66.12,-0.7,-7.18,-3.86,-6.22,22.3,22.3,57.47,0.16,22.3,22.57,34.0,34.0,34.0,34.0,34.0,34.0,33.2,34.0,34.0,34.0,34.0,34.0,92.08,59.64,104.14,77.34,147.0,140.86,203.24,179.5,90.78,89.14,62.46,60.06,22.1,21.9,67.05,0.12,22.0,22.6,34.0,34.0,34.0,34.0,34.0,34.0,34.0,34.0,34.0,34.0,34.0,34.0,77.2,57.82,67.2,76.86,84.48,100.32,130.2,113.38,91.48,96.32,66.32,66.28,7.87,6.43,1.44,-2.31,5.1,4.82,0.28,-0.38,8.9,5.6,3.3,-6.6,6.61,6.4,0.21,-0.07,12.56,7.04,5.52,-8.88,12.04,8.36,3.68,-4.85,18.65,10.85,7.8,-6.73,15.34,9.45,5.89,-7.0,7.76,7.62,0.14,0.09,7.62,8.03,-0.41,0.89,5.34,5.53,-0.19,0.7,5.13,5.52,-0.39,1.13,41.44,3.45,16.19,1.47,34.0,4.93,34.0,57.63,-3.83,44.1,3.68,6.89,0.68,34.0,4.36,34.0,50.99,-1.94,67.3,5.61,16.34,1.54,34.0,7.15,34.0,83.64,-3.27,94.46,7.87,17.03,1.66,34.0,9.53,34.0,111.49,-2.49,97.43,8.12,4.54,0.6,34.0,8.72,34.0,101.97,-0.75,Mid,2,0.5
10,Standing fan (DeLonghi),0.5,180.0,150.0,22,TskControl34,2025-02-22 19:48:44,2025-02-22_ID0_NoPCS_Ta22_TskControl34.csv,2025-02-22_ID10_Standing fan (DeLonghi)_Mid_Angle180_Distance150_Ta22_TskControl34_FanMode.csv,18.2,8.44,37.96,5.42,64.4,55.28,70.9,64.16,-0.26,-6.12,-0.88,-5.06,22.3,22.4,68.39,0.06,22.36,22.96,34.0,34.0,34.0,34.0,34.0,34.0,33.94,34.0,34.0,34.0,34.0,34.0,95.4,66.26,105.16,82.28,148.88,155.6,201.1,177.54,91.22,90.2,65.44,61.22,22.1,21.9,67.05,0.12,22.0,22.6,34.0,34.0,34.0,34.0,34.0,34.0,34.0,34.0,34.0,34.0,34.0,34.0,77.2,57.82,67.2,76.86,84.48,100.32,130.2,113.38,91.48,96.32,66.32,66.28,8.2,6.43,1.76,-2.83,5.69,4.82,0.87,-1.75,9.03,5.6,3.43,-6.78,7.07,6.4,0.66,-0.85,12.79,7.04,5.75,-9.15,13.37,8.36,5.01,-6.61,17.37,10.85,6.52,-6.53,15.25,9.45,5.8,-6.79,7.84,7.62,0.21,0.03,7.75,8.03,-0.28,0.76,5.62,5.53,0.1,0.16,5.26,5.52,-0.26,0.92,41.44,3.45,25.22,2.27,34.0,5.73,34.0,66.67,-5.87,44.1,3.68,19.54,1.79,34.0,5.47,34.0,63.64,-5.34,67.3,5.61,13.78,1.36,34.0,6.97,34.0,81.08,-2.83,94.46,7.87,20.89,2.04,34.0,9.91,34.0,115.35,-2.98,97.43,8.12,5.8,0.75,34.0,8.87,34.0,103.23,-0.98,Mid,2,0.5
10,Standing fan (DeLonghi),1.0,180.0,150.0,25,TskControl34,2025-02-07 18:06:24,2025-02-07_ID0_NoPCS_Ta25_TskControl34.csv,2025-02-07_ID10_Standing fan (DeLonghi)_High_Angle180_Distance150_Ta25_TskControl34_FanMode.csv,15.1,11.89,34.68,0.7,60.93,39.29,73.82,52.88,-1.95,-8.59,0.7,-2.68,25.3,25.1,68.14,0.19,25.22,26.22,34.0,34.0,34.0,34.0,34.0,34.0,34.0,34.0,34.0,34.0,34.0,34.0,65.62,41.95,80.62,55.88,114.65,102.07,142.08,117.2,64.93,62.05,46.32,43.58,24.9,25.1,71.54,0.08,25.01,26.32,34.0,34.0,34.0,34.0,34.0,34.0,34.0,34.0,34.0,34.0,34.0,34.0,50.52,30.06,45.94,55.18,53.72,62.78,68.26,64.32,66.88,70.64,45.62,46.26,7.47,5.62,1.85,-2.69,4.78,3.34,1.43,-3.56,9.18,5.11,4.07,-6.79,6.36,6.14,0.23,-0.11,13.06,5.98,7.08,-10.2,11.62,6.98,4.64,-5.63,16.18,7.59,8.59,-9.72,13.35,7.15,6.19,-7.39,7.4,7.44,-0.04,0.26,7.07,7.86,-0.79,1.09,5.28,5.07,0.2,-0.14,4.96,5.15,-0.18,0.52,29.02,3.23,20.75,2.44,34.0,5.67,34.0,49.77,-4.96,29.4,3.27,11.22,1.36,34.0,4.63,34.0,40.62,-3.57,45.15,5.02,11.62,1.44,34.0,6.47,34.0,56.77,-2.79,56.44,6.28,17.6,2.15,34.0,8.43,34.0,74.04,-3.64,62.93,7.0,5.79,0.83,34.0,7.83,34.0,68.72,-1.18,High,3,1.0
11,Midiam evaporative cooler (purple),0.75,135.0,60.0,28,TskControl34,2025-05-21 12:17:46,2025-05-21_ID0_NoPCS_Ta28_TskControl34.csv,2025-05-21_ID11_Midiam evaporative cooler (purple)_Level4_Angle135_Distance60_Ta28_TskControl34.csv,1.88,-9.46,6.82,0.36,18.5,-0.2,-1.72,0.6,-2.66,-2.92,-3.0,-1.3,,,,,,,34.0,34.0,34.0,34.0,34.0,34.0,34.0,34.0,34.0,34.0,34.0,34.0,38.08,20.9,37.02,32.08,56.2,39.66,43.72,44.32,44.9,44.3,31.4,29.42,,,,,,,34.0,34.0,34.0,34.0,34.0,34.0,34.0,34.0,34.0,34.0,34.0,34.0,36.2,30.36,30.2,31.72,37.7,39.86,45.44,43.72,47.56,47.22,34.4,30.72,,,,,,,,,,,,,,,,,,,,,,,,,,,,,,,,,,,,,,,,,,,,,,,,,19.06,0.0,25.76,0.0,34.0,0.0,34.0,44.81,0.0,19.98,0.0,7.57,0.0,34.0,0.0,34.0,27.55,0.0,34.48,0.0,-2.26,0.0,34.0,0.0,34.0,32.22,0.0,44.98,0.0,-3.2,0.0,34.0,0.0,34.0,41.78,0.0,46.38,0.0,-3.67,0.0,34.0,0.0,34.0,42.71,0.0,Level4,4,0.75
11,Midiam evaporative cooler (purple),0.5,135.0,60.0,28,TskControl34,2025-05-21 12:44:51,2025-05-21_ID0_NoPCS_Ta28_TskControl34.csv,2025-05-21_ID11_Midiam evaporative cooler (purple)_Level3_Angle135_Distance60_Ta28_TskControl34.csv,0.26,-11.02,4.66,-0.94,11.1,-1.24,-4.74,-1.46,-2.02,-4.08,-2.68,-1.46,,,,,,,34.0,34.0,34.0,34.0,34.0,34.0,34.0,34.0,34.0,34.0,34.0,34.0,36.46,19.34,34.86,30.78,48.8,38.62,40.7,42.26,45.54,43.14,31.72,29.26,,,,,,,34.0,34.0,34.0,34.0,34.0,34.0,34.0,34.0,34.0,34.0,34.0,34.0,36.2,30.36,30.2,31.72,37.7,39.86,45.44,43.72,47.56,47.22,34.4,30.72,,,,,,,,,,,,,,,,,,,,,,,,,,,,,,,,,,,,,,,,,,,,,,,,,19.06,0.0,22.4,0.0,34.0,0.0,34.0,41.46,0.0,19.98,0.0,5.73,0.0,34.0,0.0,34.0,25.71,0.0,34.48,0.0,-3.68,0.0,34.0,0.0,34.0,30.8,0.0,44.98,0.0,-4.53,0.0,34.0,0.0,34.0,40.45,0.0,46.38,0.0,-5.03,0.0,34.0,0.0,34.0,41.35,0.0,Level3,3,0.5
11,Midiam evaporative cooler (purple),0.25,135.0,60.0,28,TskControl34,2025-05-21 13:03:41,2025-05-21_ID0_NoPCS_Ta28_TskControl34.csv,2025-05-21_ID11_Midiam evaporative cooler (purple)_Level2_Angle135_Distance60_Ta28_TskControl34.csv,-0.72,-11.24,2.42,-1.76,11.74,-1.12,-1.96,-1.0,-2.5,-4.66,-2.04,-1.58,,,,,,,34.0,34.0,34.0,34.0,34.0,34.0,34.0,34.0,34.0,34.0,34.0,34.0,35.48,19.12,32.62,29.96,49.44,38.74,43.48,42.72,45.06,42.56,32.36,29.14,,,,,,,34.0,34.0,34.0,34.0,34.0,34.0,34.0,34.0,34.0,34.0,34.0,34.0,36.2,30.36,30.2,31.72,37.7,39.86,45.44,43.72,47.56,47.22,34.4,30.72,,,,,,,,,,,,,,,,,,,,,,,,,,,,,,,,,,,,,,,,,,,,,,,,,19.06,0.0,16.22,0.0,34.0,0.0,34.0,35.28,0.0,19.98,0.0,4.04,0.0,34.0,0.0,34.0,24.02,0.0,34.48,0.0,-4.55,0.0,34.0,0.0,34.0,29.94,0.0,44.98,0.0,-4.93,0.0,34.0,0.0,34.0,40.05,0.0,46.38,0.0,-4.83,0.0,34.0,0.0,34.0,41.55,0.0,Level2,2,0.25
11,Midiam evaporative cooler (purple),0.0,135.0,60.0,28,TskControl34,2025-05-21 13:41:46,2025-05-21_ID0_NoPCS_Ta28_TskControl34.csv,2025-05-21_ID11_Midiam evaporative cooler (purple)_Level1_Angle135_Distance60_Ta28_TskControl34.csv,-2.88,-13.42,1.8,-2.48,9.0,0.02,-3.08,-0.86,-5.74,-6.04,-2.82,-1.7,,,,,,,34.0,34.0,34.0,34.0,34.0,34.0,34.0,34.0,34.0,34.0,34.0,34.0,33.32,16.94,32.0,29.24,46.7,39.88,42.36,42.86,41.82,41.18,31.58,29.02,,,,,,,34.0,34.0,34.0,34.0,34.0,34.0,34.0,34.0,34.0,34.0,34.0,34.0,36.2,30.36,30.2,31.72,37.7,39.86,45.44,43.72,47.56,47.22,34.4,30.72,,,,,,,,,,,,,,,,,,,,,,,,,,,,,,,,,,,,,,,,,,,,,,,,,19.06,0.0,7.19,0.0,34.0,0.0,34.0,26.24,0.0,19.98,0.0,2.35,0.0,34.0,0.0,34.0,22.33,0.0,34.48,0.0,-6.67,0.0,34.0,0.0,34.0,27.81,0.0,44.98,0.0,-6.01,0.0,34.0,0.0,34.0,38.97,0.0,46.38,0.0,-6.69,0.0,34.0,0.0,34.0,39.69,0.0,Level1,1,0.0
11,Midiam evaporative cooler (purple),0.75,135.0,60.0,22,TskControl34,2025-02-24 12:02:16,2025-02-24_ID0_NoPCS_Ta22_TskControl34.csv,2025-02-24_ID11_Midiam evaporative cooler (purple)_Level4_Angle135_Distance60_Ta22_TskControl34.csv,0.46,-10.08,0.68,-1.18,4.94,1.14,8.3,-3.36,-1.92,-1.38,-0.12,-0.26,21.5,22.4,31.27,0.31,21.83,21.73,34.0,34.0,34.0,34.0,34.0,34.0,34.0,34.0,34.0,34.0,34.0,34.0,76.76,46.76,66.24,73.76,87.28,106.6,129.62,119.7,89.74,94.68,64.28,65.18,22.3,22.5,37.98,0.13,22.39,22.25,34.0,34.0,34.0,34.0,34.0,34.0,34.0,34.0,34.0,34.0,34.0,34.0,76.3,56.84,65.56,74.94,82.34,105.46,121.32,123.06,91.66,96.06,64.4,65.44,6.31,6.57,-0.26,-0.07,3.84,4.9,-1.05,2.06,5.44,5.65,-0.2,-0.12,6.06,6.45,-0.39,0.18,7.17,7.09,0.08,-0.7,8.76,9.08,-0.32,-0.13,10.65,10.45,0.2,-0.79,9.84,10.6,-0.76,0.32,7.37,7.89,-0.52,0.24,7.78,8.27,-0.49,0.17,5.28,5.55,-0.27,0.02,5.36,5.64,-0.28,0.05,40.47,3.49,28.02,2.14,34.0,5.63,34.0,68.5,-5.26,43.47,3.74,0.8,-0.11,34.0,3.64,34.0,44.27,-0.21,65.77,5.67,-4.28,-0.61,34.0,5.05,34.0,61.49,0.72,93.02,8.01,-5.16,-0.79,34.0,7.22,34.0,87.86,0.62,95.87,8.26,-4.76,-0.77,34.0,7.49,34.0,91.11,0.54,Level4,4,0.75
11,Midiam evaporative cooler (purple),0.0,135.0,60.0,22,TskControl34,2025-02-24 11:19:21,2025-02-24_ID0_NoPCS_Ta22_TskControl34.csv,2025-02-24_ID11_Midiam evaporative cooler (purple)_Level1_Angle135_Distance60_Ta22_TskControl34.csv,-0.9,-5.94,0.28,-4.06,2.76,-3.12,9.62,-1.8,0.52,-0.38,1.06,-0.22,22.3,22.5,37.98,0.13,22.39,22.25,34.0,34.0,34.0,34.0,34.0,34.0,34.0,34.0,34.0,34.0,34.0,34.0,75.4,50.9,65.84,70.88,85.1,102.34,130.94,121.26,92.18,95.68,65.46,65.22,22.3,22.5,37.98,0.13,22.39,22.25,34.0,34.0,34.0,34.0,34.0,34.0,34.0,34.0,34.0,34.0,34.0,34.0,76.3,56.84,65.56,74.94,82.34,105.46,121.32,123.06,91.66,96.06,64.4,65.44,6.49,6.57,-0.08,0.14,4.38,4.9,-0.51,1.21,5.67,5.65,0.02,-0.05,6.11,6.45,-0.35,0.63,7.33,7.09,0.24,-0.39,8.81,9.08,-0.27,0.34,11.28,10.45,0.83,-0.92,10.44,10.6,-0.16,0.17,7.94,7.89,0.04,-0.07,8.24,8.27,-0.03,0.05,5.64,5.55,0.09,-0.19,5.62,5.64,-0.02,0.04,40.47,3.49,4.61,0.4,34.0,3.88,34.0,45.08,-0.39,43.47,3.74,-1.17,-0.1,34.0,3.64,34.0,42.3,0.31,65.77,5.67,-4.1,-0.35,34.0,5.31,34.0,61.68,0.74,93.02,8.01,-0.61,-0.05,34.0,7.96,34.0,92.41,0.06,95.87,8.26,-2.31,-0.2,34.0,8.06,34.0,93.56,0.3,Level1,1,0.0
11,Midiam evaporative cooler (purple),0.5,135.0,60.0,22,TskControl34,2025-02-24 11:44:51,2025-02-24_ID0_NoPCS_Ta22_TskControl34.csv,2025-02-24_ID11_Midiam evaporative cooler (purple)_Level3_Angle135_Distance60_Ta22_TskControl34.csv,0.34,-7.9,-1.06,-1.86,4.42,1.22,4.56,1.3,0.06,-1.12,-0.16,-0.5,22.3,22.5,37.98,0.13,22.39,22.25,34.0,34.0,34.0,34.0,34.0,34.0,34.0,34.0,34.0,34.0,34.0,34.0,76.64,48.94,64.5,73.08,86.76,106.68,125.88,124.36,91.72,94.94,64.24,64.94,22.3,22.5,37.98,0.13,22.39,22.25,34.0,34.0,34.0,34.0,34.0,34.0,34.0,34.0,34.0,34.0,34.0,34.0,76.3,56.84,65.56,74.94,82.34,105.46,121.32,123.06,91.66,96.06,64.4,65.44,6.6,6.57,0.03,-0.05,4.22,4.9,-0.68,1.61,5.56,5.65,-0.09,0.19,6.29,6.45,-0.16,0.29,7.47,7.09,0.38,-0.62,9.19,9.08,0.11,-0.13,10.84,10.45,0.39,-0.44,10.71,10.6,0.11,-0.12,7.9,7.89,0.01,-0.01,8.18,8.27,-0.1,0.14,5.53,5.55,-0.01,0.03,5.59,5.64,-0.04,0.09,40.47,3.49,21.09,1.82,34.0,5.3,34.0,61.56,-3.77,43.47,3.74,0.39,0.03,34.0,3.78,34.0,43.86,-0.1,65.77,5.67,-3.43,-0.3,34.0,5.37,34.0,62.34,0.6,93.02,8.01,-2.48,-0.21,34.0,7.8,34.0,90.54,0.3,95.87,8.26,-4.48,-0.39,34.0,7.87,34.0,91.39,0.53,Level3,3,0.5
11,Heating pad,0.0,,,22,TskControl34,2025-02-25 11:23:13,2025-02-25_ID0_NoPCS_Ta22_TskControl34_WinterClothing.csv,2025-02-25_ID11_Heating pad_Level1_PositionBack_Ta22_TskControl34_WinterClothing.csv,-11.84,-10.46,-0.92,-1.8,0.32,-0.16,-1.0,7.26,1.1,-1.96,-1.26,0.8,22.4,22.4,30.02,0.0,22.4,22.11,34.1,34.0,34.0,34.0,34.0,34.0,34.0,34.0,34.0,34.0,34.0,34.0,49.54,29.12,40.56,40.34,47.04,48.18,104.02,114.92,93.96,92.76,64.58,63.92,22.4,22.4,30.02,0.0,22.4,22.11,34.0,34.0,34.0,34.0,34.0,34.0,34.0,34.0,34.0,34.0,34.0,34.0,61.38,39.58,41.48,42.14,46.72,48.34,105.02,107.66,92.86,94.72,65.84,63.12,4.23,5.29,-1.06,2.24,2.51,3.41,-0.9,3.07,3.5,3.58,-0.08,0.26,3.48,3.63,-0.16,0.5,4.06,4.03,0.03,-0.08,4.15,4.17,-0.01,0.04,8.97,9.05,-0.09,0.11,9.91,9.28,0.63,-0.78,8.1,8.01,0.09,-0.14,8.0,8.17,-0.17,0.24,5.57,5.68,-0.11,0.22,5.51,5.44,0.07,-0.15,39.94,3.44,1.35,0.12,34.0,3.56,34.0,41.29,-0.54,27.57,2.38,-2.78,-0.24,34.0,2.14,34.0,24.79,1.17,45.24,3.9,-39.4,-3.4,34.39,0.5,34.0,5.84,9.89,76.46,6.59,-19.42,-1.67,34.0,4.92,34.0,57.04,2.37,86.41,7.45,-23.75,-2.05,34.0,5.4,34.0,62.66,2.62,Level1,1,0.0
11,Midiam evaporative cooler (purple),0.25,135.0,60.0,22,TskControl34,2025-02-24 11:31:31,2025-02-24_ID0_NoPCS_Ta22_TskControl34.csv,2025-02-24_ID11_Midiam evaporative cooler (purple)_Level2_Angle135_Distance60_Ta22_TskControl34.csv,0.4,-6.88,-0.72,-2.2,3.74,0.9,5.66,1.74,0.44,-0.68,-0.3,-0.12,22.3,22.5,37.98,0.13,22.39,22.25,34.0,34.0,34.0,34.0,34.0,34.0,34.0,34.0,34.0,34.0,34.0,34.0,76.7,49.96,64.84,72.74,86.08,106.36,126.98,124.8,92.1,95.38,64.1,65.32,22.3,22.5,37.98,0.13,22.39,22.25,34.0,34.0,34.0,34.0,34.0,34.0,34.0,34.0,34.0,34.0,34.0,34.0,76.3,56.84,65.56,74.94,82.34,105.46,121.32,123.06,91.66,96.06,64.4,65.44,6.61,6.57,0.03,-0.06,4.3,4.9,-0.59,1.41,5.58,5.65,-0.06,0.13,6.27,6.45,-0.19,0.34,7.41,7.09,0.32,-0.53,9.16,9.08,0.08,-0.1,10.94,10.45,0.49,-0.54,10.75,10.6,0.15,-0.16,7.93,7.89,0.04,-0.06,8.22,8.27,-0.06,0.08,5.52,5.55,-0.03,0.05,5.63,5.64,-0.01,0.02,40.47,3.49,13.39,1.15,34.0,4.64,34.0,53.86,-2.11,43.47,3.74,1.35,0.12,34.0,3.86,34.0,44.82,-0.35,65.77,5.67,-3.45,-0.3,34.0,5.37,34.0,62.32,0.61,93.02,8.01,-0.57,-0.05,34.0,7.96,34.0,92.45,0.06,95.87,8.26,-1.63,-0.14,34.0,8.12,34.0,94.24,0.21,Level2,2,0.25
11,Heating pad,0.0,,,22,TskControl34,2025-02-25 18:29:24,2025-02-25_ID0_NoPCS_Ta22_TskControl34_WinterClothing.csv,2025-02-25_ID11_Heating pad_Level1_PositionFeet_Ta22_TskControl34_WinterClothingWithoutShoes.csv,-16.74,-19.1,-4.08,-3.24,8.26,4.9,-105.02,-107.66,-25.78,-27.04,-65.84,-63.12,22.1,22.1,56.3,0.14,22.1,22.33,33.7,34.0,34.0,34.0,34.0,34.0,24.32,23.4,34.0,34.0,36.8,38.9,44.64,20.48,37.4,38.9,54.98,53.24,0.0,0.0,67.08,67.68,0.0,0.0,22.4,22.4,30.02,0.0,22.4,22.11,34.0,34.0,34.0,34.0,34.0,34.0,34.0,34.0,34.0,34.0,34.0,34.0,61.38,39.58,41.48,42.14,46.72,48.34,105.02,107.66,92.86,94.72,65.84,63.12,3.85,5.29,-1.44,3.16,1.72,3.41,-1.69,5.6,3.14,3.58,-0.43,1.14,3.27,3.63,-0.36,0.89,4.62,4.03,0.59,-2.05,4.47,4.17,0.31,-1.18,0.0,9.05,-9.05,11.6,0.0,9.28,-9.28,11.6,5.64,8.01,-2.37,3.22,5.69,8.17,-2.48,3.31,0.0,5.68,-5.68,11.6,0.0,5.44,-5.44,11.6,39.94,3.44,1.09,0.0,34.0,3.45,34.0,41.03,-1.07,27.57,2.38,-7.39,-0.68,34.0,1.7,34.0,20.18,3.11,45.24,3.9,-11.89,-1.1,34.0,2.8,34.0,33.35,3.01,76.46,6.59,-4.15,-0.51,34.0,6.08,34.0,72.31,0.64,86.41,7.45,-6.6,-0.74,34.0,6.71,34.0,79.81,0.81,Level1,1,0.0
11,Heating pad,0.5,,,22,TskControl34,2025-02-25 18:43:54,2025-02-25_ID0_NoPCS_Ta22_TskControl34_WinterClothing.csv,2025-02-25_ID11_Heating pad_Level3_PositionFeet_Ta22_TskControl34_WinterClothingWithoutShoes.csv,-17.74,-20.16,-4.42,-3.82,8.02,4.84,-105.02,-107.66,-31.58,-33.24,-65.84,-63.12,22.1,22.1,56.3,0.14,22.1,22.33,33.82,34.0,34.0,34.0,34.0,34.0,24.2,23.4,34.0,34.0,38.34,40.64,43.64,19.42,37.06,38.32,54.74,53.18,0.0,0.0,61.28,61.48,0.0,0.0,22.4,22.4,30.02,0.0,22.4,22.11,34.0,34.0,34.0,34.0,34.0,34.0,34.0,34.0,34.0,34.0,34.0,34.0,61.38,39.58,41.48,42.14,46.72,48.34,105.02,107.66,92.86,94.72,65.84,63.12,3.72,5.29,-1.57,3.35,1.63,3.41,-1.78,5.91,3.11,3.58,-0.46,1.24,3.22,3.63,-0.41,1.05,4.6,4.03,0.57,-1.99,4.47,4.17,0.3,-1.16,0.0,9.05,-9.05,11.6,0.0,9.28,-9.28,11.6,5.15,8.01,-2.86,3.94,5.17,8.17,-3.0,4.07,0.0,5.68,-5.68,11.6,0.0,5.44,-5.44,11.6,39.94,3.44,0.7,-0.03,34.0,3.42,34.0,40.64,-0.94,27.57,2.38,-7.59,-0.7,34.0,1.68,34.0,19.98,3.19,45.24,3.9,-11.92,-1.1,34.0,2.8,34.0,33.33,3.01,76.46,6.59,-4.52,-0.55,34.0,6.05,34.0,71.94,0.7,86.41,7.45,-6.9,-0.77,34.0,6.68,34.0,79.51,0.86,Level3,3,0.5
11,Heating pad,0.5,,,22,TskControl34,2025-02-25 11:45:28,2025-02-25_ID0_NoPCS_Ta22_TskControl34_WinterClothing.csv,2025-02-25_ID11_Heating pad_Level3_PositionBack_Ta22_TskControl34_WinterClothing.csv,-14.98,-22.24,-2.32,-3.18,-0.7,-0.54,0.16,7.78,-0.28,-2.58,-1.24,0.54,22.4,22.4,30.02,0.0,22.4,22.11,34.2,34.0,34.0,34.0,34.0,34.0,34.0,34.0,34.0,34.0,34.0,34.0,46.4,17.34,39.16,38.96,46.02,47.8,105.18,115.44,92.58,92.14,64.6,63.66,22.4,22.4,30.02,0.0,22.4,22.11,34.0,34.0,34.0,34.0,34.0,34.0,34.0,34.0,34.0,34.0,34.0,34.0,61.38,39.58,41.48,42.14,46.72,48.34,105.02,107.66,92.86,94.72,65.84,63.12,3.93,5.29,-1.36,2.83,1.49,3.41,-1.92,6.52,3.38,3.58,-0.2,0.65,3.36,3.63,-0.27,0.88,3.97,4.03,-0.06,0.17,4.12,4.17,-0.05,0.13,9.07,9.05,0.01,-0.02,9.95,9.28,0.67,-0.84,7.98,8.01,-0.02,0.03,7.94,8.17,-0.22,0.32,5.57,5.68,-0.11,0.22,5.49,5.44,0.05,-0.1,39.94,3.44,-0.41,-0.04,34.0,3.41,34.0,39.53,0.08,27.57,2.38,-4.47,-0.39,34.0,1.99,34.0,23.1,1.88,45.24,3.9,-44.32,-3.82,35.23,0.08,34.0,0.92,11.33,76.46,6.59,-25.66,-2.21,34.0,4.38,34.0,50.8,3.2,86.41,7.45,-29.57,-2.55,34.0,4.9,34.0,56.84,3.32,Level3,3,0.5
11,Heating pad,0.5,,,22,TskControl34,2025-02-25 14:48:00,2025-02-25_ID0_NoPCS_Ta22_TskControl34_WinterClothing.csv,2025-02-25_ID11_Heating pad_Level3_PositionHands_Ta22_TskControl34_WinterClothing.csv,-12.16,-24.7,-3.84,-2.4,-9.82,-8.8,-105.02,-107.66,-0.68,-2.54,-1.86,0.02,22.1,22.1,56.3,0.14,22.1,22.33,34.4,34.0,34.0,34.0,34.0,34.0,44.7,40.14,34.0,34.0,34.0,34.0,49.22,14.88,37.64,39.74,36.9,39.54,0.0,0.0,92.18,92.18,63.98,63.14,22.4,22.4,30.02,0.0,22.4,22.11,34.0,34.0,34.0,34.0,34.0,34.0,34.0,34.0,34.0,34.0,34.0,34.0,61.38,39.58,41.48,42.14,46.72,48.34,105.02,107.66,92.86,94.72,65.84,63.12,4.0,5.29,-1.29,2.3,1.25,3.41,-2.16,7.24,3.16,3.58,-0.41,1.07,3.34,3.63,-0.29,0.66,3.1,4.03,-0.93,2.44,3.32,4.17,-0.84,2.11,0.0,9.05,-9.05,11.6,0.0,9.28,-9.28,11.6,7.75,8.01,-0.26,0.08,7.75,8.17,-0.42,0.31,5.38,5.68,-0.3,0.33,5.31,5.44,-0.14,-0.0,39.94,3.44,0.99,-0.0,34.0,3.44,34.0,40.93,-1.1,27.57,2.38,-7.83,-0.72,34.0,1.66,34.0,19.74,3.29,45.24,3.9,-14.92,-1.35,34.0,2.55,34.0,30.33,3.75,76.46,6.59,-6.23,-0.69,34.0,5.9,34.0,70.23,1.01,86.41,7.45,-10.76,-1.09,34.0,6.36,34.0,75.65,1.41,Level3,3,0.5
11,Heating pad,1.0,,,22,TskControl34,2025-02-25 13:19:00,2025-02-25_ID0_NoPCS_Ta22_TskControl34_WinterClothing.csv,2025-02-25_ID11_Heating pad_Level6_PositionBack_Ta22_TskControl34_WinterClothing.csv,-18.54,-39.58,-2.94,-4.18,1.68,-1.3,2.64,13.34,-1.48,-2.88,-1.98,-0.6,22.4,22.4,30.02,0.0,22.4,22.11,34.7,35.12,34.0,34.0,34.0,34.0,34.0,34.0,34.0,34.0,34.0,34.0,42.84,0.0,38.54,37.96,48.4,47.04,107.66,121.0,91.38,91.84,63.86,62.52,22.4,22.4,30.02,0.0,22.4,22.11,34.0,34.0,34.0,34.0,34.0,34.0,34.0,34.0,34.0,34.0,34.0,34.0,61.38,39.58,41.48,42.14,46.72,48.34,105.02,107.66,92.86,94.72,65.84,63.12,3.48,5.29,-1.81,3.5,0.0,3.41,-3.41,11.6,3.32,3.58,-0.25,0.82,3.27,3.63,-0.36,1.15,4.17,4.03,0.14,-0.42,4.06,4.17,-0.11,0.31,9.28,9.05,0.23,-0.29,10.43,9.28,1.15,-1.44,7.88,8.01,-0.13,0.18,7.92,8.17,-0.25,0.35,5.51,5.68,-0.17,0.35,5.39,5.44,-0.05,0.11,39.94,3.44,-0.59,-0.05,34.0,3.39,34.0,39.35,0.2,27.57,2.38,-12.44,-1.07,34.0,1.3,34.0,15.13,5.24,45.24,3.9,-45.24,-3.9,38.32,0.0,34.0,0.0,11.6,76.46,6.59,-34.93,-3.01,34.0,3.58,34.0,41.53,4.57,86.41,7.45,-38.41,-3.31,34.0,4.14,34.0,48.0,4.47,Level6,5,1.0
11,Heating pad,0.75,,,22,TskControl34,2025-02-25 15:19:43,2025-02-25_ID0_NoPCS_Ta22_TskControl34_WinterClothing.csv,2025-02-25_ID11_Heating pad_Level4_PositionHands_Ta22_TskControl34_WinterClothing.csv,-11.84,-21.88,-3.86,-2.38,-11.86,-12.44,-105.02,-107.66,-1.44,-3.02,-2.5,0.48,22.1,22.1,56.3,0.14,22.1,22.33,34.5,34.0,34.0,34.0,34.0,34.0,44.7,43.42,34.0,34.0,34.0,34.0,49.54,17.7,37.62,39.76,34.86,35.9,0.0,0.0,91.42,91.7,63.34,63.6,22.4,22.4,30.02,0.0,22.4,22.11,34.0,34.0,34.0,34.0,34.0,34.0,34.0,34.0,34.0,34.0,34.0,34.0,61.38,39.58,41.48,42.14,46.72,48.34,105.02,107.66,92.86,94.72,65.84,63.12,4.0,5.29,-1.3,2.24,1.49,3.41,-1.92,6.41,3.16,3.58,-0.41,1.08,3.34,3.63,-0.29,0.66,2.93,4.03,-1.1,2.94,3.02,4.17,-1.15,2.99,0.0,9.05,-9.05,11.6,0.0,9.28,-9.28,11.6,7.68,8.01,-0.32,0.18,7.71,8.17,-0.46,0.37,5.32,5.68,-0.35,0.44,5.34,5.44,-0.1,-0.09,39.94,3.44,0.32,-0.06,34.0,3.38,34.0,40.26,-0.71,27.57,2.38,-8.6,-0.78,34.0,1.59,34.0,18.97,3.62,45.24,3.9,-12.53,-1.15,34.0,2.75,34.0,32.72,3.16,76.46,6.59,-5.14,-0.6,34.0,5.99,34.0,71.32,0.87,86.41,7.45,-9.77,-1.01,34.0,6.44,34.0,76.64,1.3,Level4,4,0.75
11,Heating pad,0.75,,,22,TskControl34,2025-02-25 12:19:28,2025-02-25_ID0_NoPCS_Ta22_TskControl34_WinterClothing.csv,2025-02-25_ID11_Heating pad_Level4_PositionBack_Ta22_TskControl34_WinterClothing.csv,-16.62,-37.46,-3.06,-4.12,-0.66,-0.96,-1.36,9.88,-0.56,-2.96,-1.36,-0.02,22.4,22.4,30.02,0.0,22.4,22.11,34.4,34.0,34.0,34.0,34.0,34.0,34.0,34.0,34.0,34.0,34.0,34.0,44.76,2.12,38.42,38.02,46.06,47.38,103.66,117.54,92.3,91.76,64.48,63.1,22.4,22.4,30.02,0.0,22.4,22.11,34.0,34.0,34.0,34.0,34.0,34.0,34.0,34.0,34.0,34.0,34.0,34.0,61.38,39.58,41.48,42.14,46.72,48.34,105.02,107.66,92.86,94.72,65.84,63.12,3.73,5.29,-1.56,3.14,0.18,3.41,-3.23,10.98,3.31,3.58,-0.26,0.86,3.28,3.63,-0.36,1.13,3.97,4.03,-0.06,0.16,4.08,4.17,-0.08,0.23,8.94,9.05,-0.12,0.15,10.13,9.28,0.85,-1.06,7.96,8.01,-0.05,0.07,7.91,8.17,-0.26,0.36,5.56,5.68,-0.12,0.24,5.44,5.44,-0.0,0.0,39.94,3.44,0.65,0.06,34.0,3.5,34.0,40.58,-0.39,27.57,2.38,-6.97,-0.6,34.0,1.78,34.0,20.6,2.94,45.24,3.9,-45.24,-3.9,36.28,0.0,34.0,0.0,11.6,76.46,6.59,-28.55,-2.46,34.0,4.13,34.0,47.91,3.66,86.41,7.45,-32.66,-2.82,34.0,4.63,34.0,53.75,3.73,Level4,4,0.75
11,Heating pad,0.0,,,22,TskControl34,2025-02-25 14:30:13,2025-02-25_ID0_NoPCS_Ta22_TskControl34_WinterClothing.csv,2025-02-25_ID11_Heating pad_Level1_PositionHands_Ta22_TskControl34_WinterClothing.csv,-12.06,-27.3,-3.82,-2.26,-5.68,-6.14,-105.02,-107.66,-0.88,-2.2,-1.66,0.16,22.1,22.1,56.3,0.14,22.1,22.33,34.3,34.0,34.0,34.0,34.0,34.0,42.78,36.7,34.0,34.0,34.0,34.0,49.32,12.28,37.66,39.88,41.04,42.2,0.0,0.0,91.98,92.52,64.18,63.28,22.4,22.4,30.02,0.0,22.4,22.11,34.0,34.0,34.0,34.0,34.0,34.0,34.0,34.0,34.0,34.0,34.0,34.0,61.38,39.58,41.48,42.14,46.72,48.34,105.02,107.66,92.86,94.72,65.84,63.12,4.04,5.29,-1.25,2.28,1.03,3.41,-2.38,8.0,3.16,3.58,-0.41,1.07,3.35,3.63,-0.28,0.62,3.45,4.03,-0.58,1.41,3.55,4.17,-0.62,1.47,0.0,9.05,-9.05,11.6,0.0,9.28,-9.28,11.6,7.73,8.01,-0.28,0.11,7.77,8.17,-0.39,0.27,5.39,5.68,-0.28,0.29,5.32,5.44,-0.12,-0.03,39.94,3.44,0.63,-0.03,34.0,3.41,34.0,40.57,-1.02,27.57,2.38,-9.28,-0.84,34.0,1.54,34.0,18.29,3.91,45.24,3.9,-16.48,-1.48,34.0,2.42,34.0,28.77,4.08,76.46,6.59,-3.11,-0.43,34.0,6.16,34.0,73.35,0.38,86.41,7.45,-10.62,-1.08,34.0,6.37,34.0,75.79,1.42,Level1,1,0.0
11,Heating pad,0.5,,,22,TskControl34,2025-02-26 11:56:54,2025-02-26_ID0_NoPCS_Ta22_TskControl34_WinterClothingWithoutShoes.csv,2025-02-26_ID11_Heating pad_Level3_PositionFeet_Ta22_TskControl34_WinterClothingWithoutShoes.csv,0.55,3.03,4.5,4.79,4.54,3.32,12.85,27.38,-17.11,-17.61,-35.42,-31.28,22.1,22.1,58.17,0.17,22.1,22.37,34.5,34.0,34.0,34.0,34.0,34.0,34.0,34.0,34.0,34.0,40.4,42.62,49.67,24.37,38.52,40.47,51.1,47.88,98.37,123.12,61.15,59.47,0.0,0.0,22.0,22.0,38.68,0.08,22.0,21.89,34.0,34.0,34.0,34.0,34.0,34.0,34.0,34.0,34.0,34.0,34.0,34.0,49.12,21.34,34.02,35.68,46.56,44.56,85.52,95.74,78.26,77.08,35.42,31.28,4.01,4.09,-0.09,-0.13,2.05,1.78,0.27,-1.7,3.24,2.84,0.4,-1.59,3.4,2.97,0.43,-1.61,4.29,3.88,0.41,-1.17,4.02,3.71,0.31,-0.89,8.27,7.13,1.14,-1.8,10.35,7.98,2.37,-3.43,5.14,6.52,-1.38,2.62,5.0,6.42,-1.43,2.74,0.0,2.95,-2.95,12.0,0.0,2.61,-2.61,12.0,36.35,3.03,4.5,0.4,34.0,3.43,34.0,40.85,-1.19,19.05,1.59,4.33,0.38,34.0,1.96,34.0,23.38,-2.78,32.69,2.72,2.21,0.21,34.0,2.93,34.0,34.9,-0.91,64.42,5.37,7.93,0.71,34.0,6.08,34.0,72.35,-1.38,72.15,6.01,7.82,0.71,34.0,6.72,34.0,79.97,-1.28,Level3,3,0.5
11,Heating pad,1.0,,,22,TskControl34,2025-02-25 15:41:53,2025-02-25_ID0_NoPCS_Ta22_TskControl34_WinterClothing.csv,2025-02-25_ID11_Heating pad_Level6_PositionHands_Ta22_TskControl34_WinterClothing.csv,-11.7,-21.61,-3.2,-4.37,-15.05,-14.62,-105.02,-107.66,-1.68,-2.79,-1.89,-0.9,22.1,22.1,56.3,0.14,22.1,22.33,34.5,34.0,34.0,34.0,34.0,34.0,44.7,44.8,34.0,34.0,34.0,34.0,49.68,17.97,38.28,37.77,31.67,33.72,0.0,0.0,91.18,91.93,63.95,62.22,22.4,22.4,30.02,0.0,22.4,22.11,34.0,34.0,34.0,34.0,34.0,34.0,34.0,34.0,34.0,34.0,34.0,34.0,61.38,39.58,41.48,42.14,46.72,48.34,105.02,107.66,92.86,94.72,65.84,63.12,4.01,5.29,-1.28,2.21,1.51,3.41,-1.9,6.33,3.22,3.58,-0.36,0.89,3.17,3.63,-0.46,1.2,2.66,4.03,-1.37,3.74,2.83,4.17,-1.33,3.51,0.0,9.05,-9.05,11.6,0.0,9.28,-9.28,11.6,7.66,8.01,-0.34,0.21,7.73,8.17,-0.44,0.34,5.37,5.68,-0.3,0.33,5.23,5.44,-0.21,0.17,39.94,3.44,-0.11,-0.1,34.0,3.35,34.0,39.83,-0.71,27.57,2.38,-6.4,-0.6,34.0,1.78,34.0,21.17,2.69,45.24,3.9,-12.53,-1.15,34.0,2.75,34.0,32.71,3.18,76.46,6.59,-3.47,-0.46,34.0,6.13,34.0,72.99,0.67,86.41,7.45,-9.48,-0.98,34.0,6.46,34.0,76.93,1.29,Level6,5,1.0
11,Heating pad,1.0,,,22,TskControl34,2025-02-26 12:57:54,2025-02-26_ID0_NoPCS_Ta22_TskControl34_WinterClothingWithoutShoes.csv,2025-02-26_ID11_Heating pad_Level6_PositionFeet_Ta22_TskControl34_WinterClothingWithoutShoes.csv,-1.4,-0.42,4.42,5.82,4.6,4.14,14.06,29.4,-28.58,-26.44,-35.42,-31.28,22.0,22.0,59.68,0.12,22.0,22.4,34.7,34.0,34.0,34.0,34.0,34.0,34.0,34.0,34.0,34.0,43.22,46.52,47.72,20.92,38.44,41.5,51.16,48.7,99.58,125.14,49.68,50.64,0.0,0.0,22.0,22.0,38.68,0.08,22.0,21.89,34.0,34.0,34.0,34.0,34.0,34.0,34.0,34.0,34.0,34.0,34.0,34.0,49.12,21.34,34.02,35.68,46.56,44.56,85.52,95.74,78.26,77.08,35.42,31.28,3.76,4.09,-0.34,0.34,1.74,1.78,-0.04,0.24,3.2,2.84,0.37,-1.56,3.46,2.97,0.48,-1.96,4.26,3.88,0.38,-1.19,4.06,3.71,0.35,-1.11,8.3,7.13,1.17,-1.97,10.43,7.98,2.45,-3.68,4.14,6.52,-2.38,4.38,4.22,6.42,-2.2,4.12,0.0,2.95,-2.95,12.0,0.0,2.61,-2.61,12.0,36.35,3.03,4.11,0.34,34.0,3.37,34.0,40.46,-1.1,19.05,1.59,1.31,0.11,34.0,1.7,34.0,20.36,-0.83,32.69,2.72,1.2,0.1,34.0,2.82,34.0,33.9,-0.52,64.42,5.37,6.83,0.57,34.0,5.94,34.0,71.25,-1.19,72.15,6.01,6.96,0.58,34.0,6.59,34.0,79.11,-1.1,Level6,5,1.0
11,Heating pad,0.75,,,22,TskControl34,2025-02-26 12:15:09,2025-02-26_ID0_NoPCS_Ta22_TskControl34_WinterClothingWithoutShoes.csv,2025-02-26_ID11_Heating pad_Level4_PositionFeet_Ta22_TskControl34_WinterClothingWithoutShoes.csv,-0.15,1.03,4.35,4.15,4.06,4.12,12.38,27.48,-20.68,-18.15,-35.42,-31.28,22.0,22.2,61.65,0.09,22.1,22.45,34.5,34.0,34.0,34.0,34.0,34.0,34.0,34.0,34.0,34.0,40.5,43.18,48.97,22.37,38.37,39.83,50.62,48.68,97.9,123.22,57.58,58.93,0.0,0.0,22.0,22.0,38.68,0.08,22.0,21.89,34.0,34.0,34.0,34.0,34.0,34.0,34.0,34.0,34.0,34.0,34.0,34.0,49.12,21.34,34.02,35.68,46.56,44.56,85.52,95.74,78.26,77.08,35.42,31.28,3.95,4.09,-0.14,0.04,1.88,1.78,0.1,-0.58,3.22,2.84,0.39,-1.53,3.35,2.97,0.37,-1.4,4.25,3.88,0.37,-1.05,4.09,3.71,0.38,-1.11,8.23,7.13,1.1,-1.74,10.35,7.98,2.38,-3.44,4.84,6.52,-1.68,3.17,4.95,6.42,-1.47,2.83,0.0,2.95,-2.95,12.0,0.0,2.61,-2.61,12.0,36.35,3.03,4.12,0.37,34.0,3.4,34.0,40.47,-1.12,19.05,1.59,2.43,0.22,34.0,1.8,34.0,21.48,-1.53,32.69,2.72,1.82,0.18,34.0,2.9,34.0,34.51,-0.76,64.42,5.37,7.46,0.67,34.0,6.04,34.0,71.88,-1.3,72.15,6.01,7.86,0.71,34.0,6.72,34.0,80.01,-1.28,Level4,4,0.75
11,Midiam evaporative cooler (purple),0.0,135.0,60.0,25,TskControl34,2025-02-10 17:25:59,2025-02-10_ID0_NoPCS_Ta25_TskControl34.csv,2025-02-10_ID11_Midiam evaporative cooler (purple)_Level1_Angle135_Distance60_Ta25_TskControl34.csv,-1.54,-7.86,0.78,-7.3,7.22,-5.46,9.38,0.0,2.92,-1.56,-1.68,-1.86,24.9,25.1,67.63,0.19,24.98,25.91,34.0,34.0,34.0,34.0,34.0,34.0,34.0,34.0,34.0,34.0,34.0,34.0,54.08,25.72,50.48,47.72,70.34,70.54,103.46,82.04,72.96,70.4,48.0,46.7,25.1,25.1,69.38,0.17,25.1,26.15,34.0,34.0,34.0,34.0,34.0,34.0,34.0,34.0,34.0,34.0,34.0,34.0,55.62,33.58,49.7,55.02,63.12,76.0,94.08,82.04,70.04,71.96,49.68,48.56,6.0,6.25,-0.25,0.25,2.85,3.77,-0.92,2.08,5.6,5.58,0.01,-0.14,5.29,6.18,-0.89,1.18,7.8,7.09,0.71,-1.02,7.82,8.54,-0.72,0.64,11.47,10.57,0.9,-0.89,9.1,9.22,-0.12,0.0,8.09,7.87,0.22,-0.37,7.8,8.09,-0.28,0.19,5.32,5.58,-0.26,0.3,5.18,5.46,-0.28,0.34,29.13,3.27,2.27,0.21,34.0,3.48,34.0,31.4,-0.21,30.59,3.44,-3.38,-0.42,34.0,3.02,34.0,27.21,0.94,46.83,5.26,-5.66,-0.7,34.0,4.56,34.0,41.17,1.0,67.48,7.58,2.19,0.14,34.0,7.72,34.0,69.67,-0.27,70.57,7.93,-3.88,-0.54,34.0,7.39,34.0,66.69,0.49,Level1,1,0.0
11,Midiam evaporative cooler (purple),0.5,135.0,60.0,25,TskControl34,2025-02-10 17:50:59,2025-02-10_ID0_NoPCS_Ta25_TskControl34.csv,2025-02-10_ID11_Midiam evaporative cooler (purple)_Level3_Angle135_Distance60_Ta25_TskControl34.csv,0.3,-4.32,0.92,-5.68,9.62,-3.8,13.02,1.2,2.2,-1.0,-0.34,-0.68,24.8,25.0,66.77,0.12,24.9,25.75,34.0,34.0,34.0,34.0,34.0,34.0,34.0,34.0,34.0,34.0,34.0,34.0,55.92,29.26,50.62,49.34,72.74,72.2,107.1,83.24,72.24,70.96,49.34,47.88,25.1,25.1,69.38,0.17,25.1,26.15,34.0,34.0,34.0,34.0,34.0,34.0,34.0,34.0,34.0,34.0,34.0,34.0,55.62,33.58,49.7,55.02,63.12,76.0,94.08,82.04,70.04,71.96,49.68,48.56,6.15,6.25,-0.1,-0.05,3.22,3.77,-0.56,1.14,5.56,5.58,-0.02,-0.16,5.42,6.18,-0.76,0.92,7.99,7.09,0.9,-1.36,7.93,8.54,-0.61,0.44,11.77,10.57,1.2,-1.23,9.15,9.22,-0.07,-0.13,7.94,7.87,0.07,-0.28,7.8,8.09,-0.29,0.12,5.42,5.58,-0.16,0.06,5.26,5.46,-0.19,0.12,29.13,3.27,9.84,1.01,34.0,4.28,34.0,38.97,-2.19,30.59,3.44,-2.39,-0.34,34.0,3.1,34.0,28.2,0.65,46.83,5.26,-2.94,-0.44,34.0,4.82,34.0,43.89,0.53,67.48,7.58,2.03,0.06,34.0,7.64,34.0,69.51,-0.28,70.57,7.93,-2.88,-0.49,34.0,7.44,34.0,67.69,0.37,Level3,3,0.5
11,Midiam evaporative cooler (purple),0.25,135.0,60.0,25,TskControl34,2025-02-10 17:38:29,2025-02-10_ID0_NoPCS_Ta25_TskControl34.csv,2025-02-10_ID11_Midiam evaporative cooler (purple)_Level2_Angle135_Distance60_Ta25_TskControl34.csv,-0.57,-6.53,0.55,-5.95,8.75,-4.02,11.05,2.38,3.46,-1.24,-1.15,-1.36,24.9,25.0,66.79,0.0,25.0,25.87,34.0,34.0,34.0,34.0,34.0,34.0,34.0,34.0,34.0,34.0,34.0,34.0,55.05,27.05,50.25,49.07,71.87,71.98,105.13,84.42,73.5,70.72,48.53,47.2,25.1,25.1,69.38,0.17,25.1,26.15,34.0,34.0,34.0,34.0,34.0,34.0,34.0,34.0,34.0,34.0,34.0,34.0,55.62,33.58,49.7,55.02,63.12,76.0,94.08,82.04,70.04,71.96,49.68,48.56,6.12,6.25,-0.13,0.09,3.01,3.77,-0.77,1.73,5.58,5.58,-0.0,-0.1,5.45,6.18,-0.73,0.96,7.99,7.09,0.89,-1.23,8.0,8.54,-0.54,0.47,11.68,10.57,1.11,-1.05,9.38,9.22,0.16,-0.26,8.17,7.87,0.3,-0.44,7.86,8.09,-0.23,0.15,5.39,5.58,-0.19,0.21,5.24,5.46,-0.21,0.25,29.13,3.27,5.74,0.6,34.0,3.87,34.0,34.87,-1.1,30.59,3.44,-3.03,-0.38,34.0,3.06,34.0,27.56,0.84,46.83,5.26,-4.35,-0.54,34.0,4.72,34.0,42.47,0.77,67.48,7.58,1.65,0.1,34.0,7.68,34.0,69.13,-0.21,70.57,7.93,-3.32,-0.46,34.0,7.47,34.0,67.25,0.41,Level2,2,0.25
11,Heating pad,0.75,,,25,TskControl34,2025-02-10 16:15:59,2025-02-10_ID0_NoPCS_Ta25_TskControl34.csv,2025-02-10_ID11_Heating pad_Level4_Ta25_TskControl34.csv,-18.38,-29.98,-1.88,-7.92,7.16,-3.66,5.1,1.1,-4.98,-7.02,-3.74,-5.44,25.3,25.3,64.0,0.05,25.3,26.17,34.6,34.0,34.0,34.0,34.0,34.0,34.0,34.0,34.0,34.0,34.0,34.0,37.24,3.6,47.82,47.1,70.28,72.34,99.18,83.14,65.06,64.94,45.94,43.12,25.1,25.1,69.38,0.17,25.1,26.15,34.0,34.0,34.0,34.0,34.0,34.0,34.0,34.0,34.0,34.0,34.0,34.0,55.62,33.58,49.7,55.02,63.12,76.0,94.08,82.04,70.04,71.96,49.68,48.56,4.0,6.25,-2.25,2.94,0.41,3.77,-3.36,7.95,5.5,5.58,-0.09,0.34,5.41,6.18,-0.77,1.28,8.08,7.09,0.99,-1.01,8.31,8.54,-0.22,0.43,11.4,10.57,0.83,-0.48,9.56,9.22,0.34,-0.12,7.48,7.87,-0.39,0.63,7.46,8.09,-0.62,0.87,5.28,5.58,-0.3,0.67,4.96,5.46,-0.5,1.0,29.13,3.27,0.37,0.12,34.0,3.39,34.0,29.5,0.37,30.59,3.44,-15.69,-1.72,34.0,1.71,34.0,14.9,4.55,46.83,5.26,-46.83,-5.26,38.04,0.0,34.0,0.0,8.9,67.48,7.58,-27.99,-3.04,34.0,4.54,34.0,39.49,3.39,70.57,7.93,-34.27,-3.76,34.0,4.17,34.0,36.3,4.11,Level4,4,0.75
11,Heating pad,1.0,,,25,TskControl34,2025-02-10 16:37:59,2025-02-10_ID0_NoPCS_Ta25_TskControl34.csv,2025-02-10_ID11_Heating pad_Level6_Ta25_TskControl34.csv,-17.3,-32.36,-0.72,-6.4,11.3,0.2,14.2,9.26,-1.08,-2.14,-1.8,-3.36,24.8,25.2,64.7,0.05,25.03,25.83,34.8,34.0,34.0,34.0,34.0,34.0,34.0,34.0,34.0,34.0,34.0,34.0,38.32,1.22,48.98,48.62,74.42,76.2,108.28,91.3,68.96,69.82,47.88,45.2,25.1,25.1,69.38,0.17,25.1,26.15,34.0,34.0,34.0,34.0,34.0,34.0,34.0,34.0,34.0,34.0,34.0,34.0,55.62,33.58,49.7,55.02,63.12,76.0,94.08,82.04,70.04,71.96,49.68,48.56,3.92,6.25,-2.33,2.77,0.14,3.77,-3.64,8.58,5.46,5.58,-0.12,0.13,5.42,6.18,-0.76,1.04,8.3,7.09,1.2,-1.59,8.49,8.54,-0.04,-0.02,12.07,10.57,1.5,-1.34,10.18,9.22,0.96,-1.0,7.69,7.87,-0.18,0.14,7.78,8.09,-0.3,0.26,5.34,5.58,-0.24,0.32,5.04,5.46,-0.42,0.62,29.13,3.27,2.04,0.2,34.0,3.48,34.0,31.17,-0.17,30.59,3.44,-17.61,-1.99,34.0,1.45,34.0,12.98,5.12,46.83,5.26,-46.83,-5.26,38.96,0.0,34.0,0.0,8.9,67.48,7.58,-28.56,-3.24,34.0,4.34,34.0,38.92,3.42,70.57,7.93,-36.29,-4.11,34.0,3.82,34.0,34.28,4.34,Level6,5,1.0
11,Heating pad,0.0,,,25,TskControl34,2025-02-10 14:36:59,2025-02-10_ID0_NoPCS_Ta25_TskControl34.csv,2025-02-10_ID11_Heating pad_Level 1_Ta25_TskControl34.csv,-15.3,-8.04,-1.8,-6.78,5.26,-3.02,5.56,3.08,-6.52,-8.06,-6.02,-8.2,25.3,25.3,65.63,0.0,25.3,26.17,34.2,34.0,34.0,34.0,34.0,34.0,34.0,34.0,34.0,34.0,34.0,34.0,40.32,25.54,47.9,48.24,68.38,72.98,99.64,85.12,63.52,63.9,43.66,40.36,25.1,25.1,69.38,0.17,25.1,26.15,34.0,34.0,34.0,34.0,34.0,34.0,34.0,34.0,34.0,34.0,34.0,34.0,55.62,33.58,49.7,55.02,63.12,76.0,94.08,82.04,70.04,71.96,49.68,48.56,4.53,6.25,-1.72,2.45,2.94,3.77,-0.84,2.13,5.51,5.58,-0.08,0.32,5.54,6.18,-0.64,1.1,7.86,7.09,0.77,-0.74,8.39,8.54,-0.15,0.35,11.45,10.57,0.88,-0.53,9.78,9.22,0.57,-0.33,7.3,7.87,-0.57,0.83,7.34,8.09,-0.74,1.0,5.02,5.58,-0.56,1.08,4.64,5.46,-0.82,1.5,29.13,3.27,0.95,0.18,34.0,3.46,34.0,30.08,0.29,30.59,3.44,-6.05,-0.62,34.0,2.82,34.0,24.54,1.73,46.83,5.26,-46.83,-5.26,35.15,0.0,34.0,0.0,8.9,67.48,7.58,-22.08,-2.36,34.0,5.22,34.0,45.4,2.68,70.57,7.93,-26.06,-2.81,34.0,5.12,34.0,44.51,3.13,Level1,1,0.0
11,Heating pad,0.5,,,25,TskControl34,2025-02-10 15:29:59,2025-02-10_ID0_NoPCS_Ta25_TskControl34.csv,2025-02-10_ID11_Heating pad_Level3_Ta25_TskControl34.csv,-17.74,-23.08,-3.3,-8.3,5.54,-3.56,5.8,2.64,-5.68,-6.76,-3.88,-6.42,25.3,25.3,63.6,0.06,25.3,26.06,34.5,34.0,34.0,34.0,34.0,34.0,34.0,34.0,34.0,34.0,34.0,34.0,37.88,10.5,46.4,46.72,68.66,72.44,99.88,84.68,64.36,65.2,45.8,42.14,25.1,25.1,69.38,0.17,25.1,26.15,34.0,34.0,34.0,34.0,34.0,34.0,34.0,34.0,34.0,34.0,34.0,34.0,55.62,33.58,49.7,55.02,63.12,76.0,94.08,82.04,70.04,71.96,49.68,48.56,4.12,6.25,-2.13,2.84,1.21,3.77,-2.57,6.12,5.33,5.58,-0.25,0.59,5.37,6.18,-0.81,1.34,7.89,7.09,0.8,-0.78,8.33,8.54,-0.21,0.42,11.48,10.57,0.91,-0.55,9.73,9.22,0.52,-0.29,7.4,7.87,-0.47,0.72,7.49,8.09,-0.59,0.84,5.26,5.58,-0.32,0.7,4.84,5.46,-0.61,1.18,29.13,3.27,0.44,0.13,34.0,3.4,34.0,29.57,0.34,30.59,3.44,-12.76,-1.39,34.0,2.05,34.0,17.83,3.7,46.83,5.26,-46.83,-5.26,37.3,0.0,34.0,0.0,8.9,67.48,7.58,-27.2,-2.95,34.0,4.63,34.0,40.28,3.3,70.57,7.93,-32.82,-3.59,34.0,4.34,34.0,37.75,3.94,Level3,3,0.5
11,Heating pad (Koreal),0.75,,,25,TskControl34,2025-03-01 19:03:43,2025-03-01_ID0_NoPCS_Ta22_TskControl34_WinterClothing.csv,2025-03-01_ID11_Heating pad (Koreal)_Level4_Position_Back_Ta25_TskControl34_WinterClothing.csv,-15.42,-32.96,-7.38,-4.86,-2.54,-1.68,-5.12,-1.54,-5.36,-5.64,-4.18,-4.66,25.2,25.2,43.18,0.13,25.2,25.1,34.66,34.76,34.0,34.0,34.0,34.0,34.0,34.0,34.0,34.0,34.0,34.0,32.04,0.0,25.24,29.42,36.4,37.06,69.66,81.0,66.92,68.4,46.24,43.5,24.9,24.7,44.25,0.12,24.8,24.77,34.0,34.0,34.0,34.0,34.0,34.0,34.0,34.0,34.0,34.0,34.0,34.0,47.46,32.96,32.62,34.28,38.94,38.74,74.78,82.54,72.28,74.04,50.42,48.16,3.39,5.16,-1.77,2.99,0.0,3.58,-3.58,9.2,2.87,3.55,-0.68,2.08,3.34,3.73,-0.38,1.3,4.14,4.23,-0.1,0.6,4.21,4.21,0.0,0.4,7.92,8.13,-0.21,0.63,9.2,8.97,0.23,0.17,7.6,7.86,-0.25,0.68,7.77,8.05,-0.28,0.7,5.25,5.48,-0.23,0.76,4.94,5.23,-0.29,0.89,31.7,3.45,-2.31,-0.11,34.0,3.34,34.0,29.38,0.81,22.3,2.42,-16.44,-1.76,34.0,0.67,34.0,5.86,6.8,34.6,3.76,-34.6,-3.76,37.88,0.0,34.0,0.0,9.2,57.64,6.27,-26.47,-2.72,34.0,3.54,34.0,31.17,3.79,65.8,7.15,-18.76,-1.81,34.0,5.35,34.0,47.04,2.4,Level4,4,0.75
11,Heating pad (Koreal),1.0,,,25,TskControl34,2025-03-01 19:44:20,2025-03-01_ID0_NoPCS_Ta22_TskControl34_WinterClothing.csv,2025-03-01_ID11_Heating pad (Koreal)_Level6_Position_Back_Ta25_TskControl34_WinterClothing.csv,-17.68,-32.96,-8.24,-5.5,-1.88,-1.72,-5.64,-3.44,-5.06,-6.36,-4.42,-4.72,25.3,25.1,47.05,0.18,25.21,25.27,34.9,35.34,34.0,34.0,34.0,34.0,34.0,34.0,34.0,34.0,34.0,34.0,29.78,0.0,24.38,28.78,37.06,37.02,69.14,79.1,67.22,67.68,46.0,43.44,24.9,24.7,44.25,0.12,24.8,24.77,34.0,34.0,34.0,34.0,34.0,34.0,34.0,34.0,34.0,34.0,34.0,34.0,47.46,32.96,32.62,34.28,38.94,38.74,74.78,82.54,72.28,74.04,50.42,48.16,3.07,5.16,-2.09,3.43,0.0,3.58,-3.58,9.2,2.77,3.55,-0.77,2.32,3.27,3.73,-0.45,1.48,4.22,4.23,-0.02,0.44,4.21,4.21,0.0,0.41,7.87,8.13,-0.26,0.69,9.0,8.97,0.03,0.38,7.65,7.86,-0.21,0.64,7.7,8.05,-0.35,0.79,5.23,5.48,-0.25,0.81,4.94,5.23,-0.29,0.9,31.7,3.45,-3.08,-0.19,34.0,3.26,34.0,28.62,0.98,22.3,2.42,-20.42,-2.21,34.0,0.21,34.0,1.88,8.45,34.6,3.76,-34.6,-3.76,39.19,0.0,34.0,0.0,9.2,57.64,6.27,-34.99,-3.69,34.0,2.58,34.0,22.65,4.98,65.8,7.15,-24.92,-2.5,34.0,4.65,34.0,40.88,3.19,Level6,5,1.0
11,Heating pad (Koreal),0.5,,,22,TskControl34,2025-03-01 18:41:13,2025-03-01_ID0_NoPCS_Ta22_TskControl34_WinterClothing.csv,2025-03-01_ID11_Heating pad (Koreal)_Level3_Position_Back_Ta22_TskControl34_WinterClothing.csv,-16.28,-32.96,-7.28,-5.9,-2.74,-2.94,-6.2,-5.86,-6.28,-6.92,-4.28,-3.82,25.3,25.3,30.23,0.09,25.3,24.65,34.6,34.4,34.0,34.0,34.0,34.0,34.0,34.0,34.0,34.0,34.0,34.0,31.18,0.0,25.34,28.38,36.2,35.8,68.58,76.68,66.0,67.12,46.14,44.34,24.9,24.7,44.25,0.12,24.8,24.77,34.0,34.0,34.0,34.0,34.0,34.0,34.0,34.0,34.0,34.0,34.0,34.0,47.46,32.96,32.62,34.28,38.94,38.74,74.78,82.54,72.28,74.04,50.42,48.16,3.35,5.16,-1.81,3.16,0.0,3.58,-3.58,9.2,2.91,3.55,-0.63,2.05,3.26,3.73,-0.46,1.58,4.16,4.23,-0.07,0.65,4.11,4.21,-0.1,0.7,7.88,8.13,-0.25,0.76,8.81,8.97,-0.16,0.65,7.59,7.86,-0.27,0.8,7.71,8.05,-0.33,0.86,5.3,5.48,-0.18,0.78,5.1,5.23,-0.14,0.73,31.7,3.45,-2.56,-0.1,34.0,3.35,34.0,29.14,0.85,22.3,2.42,-14.73,-1.55,34.0,0.87,34.0,7.57,6.09,34.6,3.76,-34.6,-3.76,37.56,0.0,34.0,0.0,9.2,57.64,6.27,-29.01,-2.97,34.0,3.29,34.0,28.63,4.11,65.8,7.15,-21.64,-2.08,34.0,5.08,34.0,44.16,2.76,Level3,3,0.5
11,Heating pad (Koreal),0.0,,,22,TskControl34,2025-03-01 17:17:48,2025-03-01_ID0_NoPCS_Ta22_TskControl34_WinterClothing.csv,2025-03-01_ID11_Heating pad (Koreal)_Level1_Position_Back_Ta22_TskControl34_WinterClothing.csv,-10.16,-11.0,-3.32,-1.8,-1.3,-0.96,-3.52,2.2,-2.04,-2.5,-1.74,-1.2,25.0,24.8,35.04,0.13,24.91,24.54,34.0,34.0,34.0,34.0,34.0,34.0,34.0,34.0,34.0,34.0,34.0,34.0,37.3,21.96,29.3,32.48,37.64,37.78,71.26,84.74,70.24,71.54,48.68,46.96,24.9,24.7,44.25,0.12,24.8,24.77,34.0,34.0,34.0,34.0,34.0,34.0,34.0,34.0,34.0,34.0,34.0,34.0,47.46,32.96,32.62,34.28,38.94,38.74,74.78,82.54,72.28,74.04,50.42,48.16,4.1,5.16,-1.06,1.97,2.42,3.58,-1.17,3.07,3.22,3.55,-0.32,0.94,3.57,3.73,-0.15,0.48,4.14,4.23,-0.09,0.31,4.16,4.21,-0.05,0.23,7.84,8.13,-0.29,0.43,9.32,8.97,0.35,-0.25,7.73,7.86,-0.13,0.26,7.87,8.05,-0.18,0.31,5.36,5.48,-0.13,0.32,5.17,5.23,-0.07,0.23,31.7,3.45,-0.77,-0.04,34.0,3.4,34.0,30.92,0.43,22.3,2.42,-3.37,-0.34,34.0,2.08,34.0,18.93,1.39,34.6,3.76,-33.7,-3.66,34.26,0.1,34.0,0.9,8.93,57.64,6.27,-17.42,-1.84,34.0,4.42,34.0,40.22,2.34,65.8,7.15,-11.16,-1.14,34.0,6.01,34.0,54.64,1.3,Level1,1,0.0
11,Midiam evaporative cooler (purple),0.75,135.0,60.0,25,TskControl34,2025-02-10 18:05:59,2025-02-10_ID0_NoPCS_Ta25_TskControl34.csv,2025-02-10_ID11_Midiam evaporative cooler (purple)_Level4_Angle135_Distance60_Ta25_TskControl34.csv,0.52,-3.7,1.02,-6.3,9.3,-5.32,12.7,2.78,3.74,-0.58,-0.56,-0.36,24.8,24.9,67.19,0.02,24.87,25.77,34.0,34.0,34.0,34.0,34.0,34.0,34.0,34.0,34.0,34.0,34.0,34.0,56.14,29.88,50.72,48.72,72.42,70.68,106.78,84.82,73.78,71.38,49.12,48.2,25.1,25.1,69.38,0.17,25.1,26.15,34.0,34.0,34.0,34.0,34.0,34.0,34.0,34.0,34.0,34.0,34.0,34.0,55.62,33.58,49.7,55.02,63.12,76.0,94.08,82.04,70.04,71.96,49.68,48.56,6.15,6.25,-0.1,-0.08,3.27,3.77,-0.5,0.98,5.56,5.58,-0.03,-0.18,5.34,6.18,-0.85,1.02,7.93,7.09,0.84,-1.31,7.74,8.54,-0.8,0.62,11.7,10.57,1.12,-1.2,9.29,9.22,0.07,-0.3,8.08,7.87,0.21,-0.48,7.82,8.09,-0.27,0.07,5.38,5.58,-0.2,0.1,5.28,5.46,-0.18,0.07,29.13,3.27,10.37,1.05,34.0,4.33,34.0,39.51,-2.45,30.59,3.44,-2.71,-0.38,34.0,3.05,34.0,27.88,0.75,46.83,5.26,-2.11,-0.36,34.0,4.9,34.0,44.72,0.38,67.48,7.58,2.35,0.07,34.0,7.65,34.0,69.83,-0.31,70.57,7.93,-3.38,-0.57,34.0,7.36,34.0,67.19,0.42,Level4,4,0.75
12,Foot warmer (Essuntial),1.0,,,22,TskControl34,2025-02-28 12:18:39,2025-02-28_ID0_NoPCS_Ta22_TskControl34_WinterClothing.csv,2025-02-28_ID12_Foot warmer (Essuntial)_Level8_Ta22_TskControl34_WinterClothing.csv,-18.58,-31.9,-8.9,-8.34,-4.76,-6.26,-13.56,-7.18,-32.26,-37.8,-27.42,-23.68,22.4,22.4,59.78,0.11,22.4,22.73,34.0,34.0,34.0,34.0,34.0,34.0,34.0,34.0,34.0,34.0,34.0,34.0,47.76,21.46,36.32,37.48,47.18,44.18,92.16,102.32,62.66,57.52,44.7,40.28,22.2,22.4,53.45,0.09,22.3,22.47,34.0,34.0,34.0,34.0,34.0,34.0,34.0,34.0,34.0,34.0,34.0,34.0,66.34,53.36,45.22,45.82,51.94,50.44,105.72,109.5,94.92,95.32,72.12,63.96,4.12,5.67,-1.55,3.28,1.85,4.56,-2.71,6.99,3.13,3.86,-0.73,2.3,3.23,3.92,-0.69,2.13,4.07,4.44,-0.37,1.07,3.81,4.31,-0.5,1.45,7.94,9.04,-1.09,1.5,8.82,9.36,-0.54,0.77,5.4,8.11,-2.71,3.98,4.96,8.15,-3.19,4.64,3.85,6.16,-2.31,4.45,3.47,5.47,-1.99,4.33,41.78,3.57,-3.19,-0.24,34.0,3.33,34.0,38.59,0.74,33.19,2.84,-13.34,-1.13,34.0,1.71,34.0,19.85,4.7,52.77,4.51,-18.69,-1.57,34.0,2.94,34.0,34.08,4.1,82.86,7.08,-21.32,-1.78,34.0,5.31,34.0,61.54,3.03,93.4,7.98,-24.76,-2.07,34.0,5.92,34.0,68.64,3.11,Level8,7,1.0
12,Foot warmer (Essuntial),0.67,90.0,100.0,25,TskControl34,2025-03-03 12:47:15,2025-03-03_ID0_NoPCS_Ta25_TskControl34_WinterClothing.csv,2025-03-03_ID12_Foot warmer (Essuntial)_Level4_Angle90_Distance100_Ta25_TskControl34_WinterClothing.csv,-2.24,-3.5,-0.96,-1.1,-0.26,0.32,-1.32,2.4,-7.66,-7.0,-4.3,-4.14,25.2,25.0,47.96,0.16,25.11,25.21,34.0,34.0,34.0,34.0,34.0,34.0,34.0,34.0,34.0,34.0,34.0,34.0,41.3,18.14,28.42,30.66,37.44,36.98,67.8,83.7,61.5,63.62,43.16,41.62,25.1,25.1,48.87,0.18,25.1,25.15,34.0,34.0,34.0,34.0,34.0,34.0,34.0,34.0,34.0,34.0,34.0,34.0,43.54,21.64,29.38,31.76,37.7,36.66,69.12,81.3,69.16,70.62,47.46,45.76,4.65,4.89,-0.25,0.46,2.04,2.43,-0.39,1.44,3.2,3.3,-0.1,0.29,3.45,3.57,-0.12,0.31,4.21,4.24,-0.02,0.06,4.16,4.12,0.04,-0.08,7.63,7.77,-0.14,0.17,9.42,9.13,0.28,-0.26,6.92,7.77,-0.85,0.99,7.16,7.93,-0.78,0.88,4.85,5.33,-0.48,0.81,4.68,5.14,-0.46,0.81,30.88,3.47,0.33,0.04,34.0,3.51,34.0,31.21,-0.22,17.37,1.95,-1.43,-0.16,34.0,1.79,34.0,15.94,0.74,27.45,3.08,-1.21,-0.13,34.0,2.95,34.0,26.24,0.42,52.97,5.95,-3.24,-0.36,34.0,5.59,34.0,49.73,0.49,64.09,7.2,-1.91,-0.21,34.0,6.99,34.0,62.18,0.3,Level4,5,0.67
12,Foot warmer (Essuntial),0.0,90.0,100.0,25,TskControl34,2025-03-03 12:35:50,2025-03-03_ID0_NoPCS_Ta25_TskControl34_WinterClothing.csv,2025-03-03_ID12_Foot warmer (Essuntial)_Level1_Angle90_Distance100_Ta25_TskControl34_WinterClothing.csv,-1.28,-1.98,-1.1,-0.64,-0.56,-1.74,1.34,0.96,-3.56,-3.62,-1.66,-1.2,25.1,25.1,47.93,0.13,25.1,25.19,34.0,34.0,34.0,34.0,34.0,34.0,34.0,34.0,34.0,34.0,34.0,34.0,42.26,19.66,28.28,31.12,37.14,34.92,70.46,82.26,65.6,67.0,45.8,44.56,25.1,25.1,48.87,0.18,25.1,25.15,34.0,34.0,34.0,34.0,34.0,34.0,34.0,34.0,34.0,34.0,34.0,34.0,43.54,21.64,29.38,31.76,37.7,36.66,69.12,81.3,69.16,70.62,47.46,45.76,4.75,4.89,-0.14,0.26,2.21,2.43,-0.22,0.81,3.18,3.3,-0.12,0.33,3.5,3.57,-0.07,0.18,4.17,4.24,-0.06,0.13,3.92,4.12,-0.2,0.42,7.92,7.77,0.15,-0.17,9.24,9.13,0.11,-0.11,7.37,7.77,-0.4,0.46,7.53,7.93,-0.41,0.46,5.15,5.33,-0.19,0.31,5.01,5.14,-0.13,0.23,30.88,3.47,0.07,0.01,34.0,3.48,34.0,30.95,-0.08,17.37,1.95,-0.82,-0.09,34.0,1.86,34.0,16.55,0.42,27.45,3.08,-0.67,-0.08,34.0,3.01,34.0,26.77,0.23,52.97,5.95,-2.18,-0.24,34.0,5.71,34.0,50.79,0.43,64.09,7.2,-1.42,-0.16,34.0,7.04,34.0,62.67,0.23,Level1,1,0.0
12,Foot warmer (Essuntial),0.0,,,22,TskControl34,2025-02-28 11:04:29,2025-02-28_ID0_NoPCS_Ta22_TskControl34_WinterClothing.csv,2025-02-28_ID12_Foot warmer (Essuntial)_Level1_Ta22_TskControl34_WinterClothing.csv,-9.04,-19.72,-4.34,-4.34,-1.84,-2.08,-6.62,-2.94,-9.72,-8.74,-10.92,-6.08,22.2,22.5,58.2,0.08,22.36,22.67,34.0,34.0,34.0,34.0,34.0,34.0,34.0,34.0,34.0,34.0,34.0,34.0,57.3,33.64,40.88,41.48,50.1,48.36,99.1,106.56,85.2,86.58,61.2,57.88,22.2,22.4,53.45,0.09,22.3,22.47,34.0,34.0,34.0,34.0,34.0,34.0,34.0,34.0,34.0,34.0,34.0,34.0,66.34,53.36,45.22,45.82,51.94,50.44,105.72,109.5,94.92,95.32,72.12,63.96,4.92,5.67,-0.75,1.59,2.89,4.56,-1.67,4.32,3.51,3.86,-0.35,1.12,3.56,3.92,-0.35,1.11,4.3,4.44,-0.14,0.41,4.15,4.31,-0.16,0.48,8.51,9.04,-0.52,0.73,9.15,9.36,-0.2,0.31,7.32,8.11,-0.79,1.2,7.44,8.15,-0.71,1.07,5.26,6.16,-0.91,1.77,4.97,5.47,-0.49,1.11,41.78,3.57,-2.51,-0.2,34.0,3.37,34.0,39.28,0.65,33.19,2.84,-8.76,-0.74,34.0,2.1,34.0,24.43,3.08,52.77,4.51,-12.98,-1.09,34.0,3.42,34.0,39.79,2.84,82.86,7.08,-10.97,-0.91,34.0,6.18,34.0,71.89,1.53,93.4,7.98,-13.22,-1.09,34.0,6.89,34.0,80.18,1.63,Level1,1,0.0
12,Midiam evaporative cooler (white),0.5,135.0,60.0,22,TskControl34,2025-02-24 13:23:51,2025-02-24_ID0_NoPCS_Ta22_TskControl34.csv,2025-02-24_ID12_Midiam evaporative cooler (white)_High_Angle135_Distance60_Ta22_TskControl34.csv,6.98,-9.82,6.66,2.14,14.6,7.78,22.34,-0.5,0.56,1.2,-0.28,-0.92,21.4,21.8,37.98,0.03,21.66,21.68,33.98,34.0,34.0,34.0,34.0,34.0,34.0,34.0,34.0,34.0,34.0,34.0,83.28,47.02,72.22,77.08,96.94,113.24,143.66,122.56,92.22,97.26,64.12,64.52,22.3,22.5,37.98,0.13,22.39,22.25,34.0,34.0,34.0,34.0,34.0,34.0,34.0,34.0,34.0,34.0,34.0,34.0,76.3,56.84,65.56,74.94,82.34,105.46,121.32,123.06,91.66,96.06,64.4,65.44,6.76,6.57,0.19,-1.06,3.81,4.9,-1.09,2.01,5.85,5.65,0.21,-1.18,6.25,6.45,-0.21,-0.33,7.86,7.09,0.76,-2.06,9.18,9.08,0.09,-0.86,11.64,10.45,1.19,-2.14,9.93,10.6,-0.67,0.05,7.47,7.89,-0.42,-0.07,7.88,8.27,-0.39,-0.15,5.2,5.55,-0.35,0.05,5.23,5.64,-0.41,0.16,40.47,3.49,52.86,4.78,33.51,8.27,34.0,93.33,-12.49,43.47,3.74,5.81,0.25,34.0,3.99,34.0,49.28,-1.57,65.77,5.67,1.71,-0.2,34.0,5.47,34.0,67.49,-0.43,93.02,8.01,-0.17,-0.49,34.0,7.52,34.0,92.85,-0.0,95.87,8.26,1.07,-0.4,34.0,7.86,34.0,96.94,-0.16,High,4,0.5
12,Foot warmer (Essuntial),0.83,,,22,TskControl34,2025-02-28 11:50:09,2025-02-28_ID0_NoPCS_Ta22_TskControl34_WinterClothing.csv,2025-02-28_ID12_Foot warmer (Essuntial)_Level5_Ta22_TskControl34_WinterClothing.csv,-14.22,-28.5,-6.3,-7.4,-3.1,-5.06,-8.78,-3.56,-21.56,-17.18,-19.6,-12.42,22.2,22.4,58.2,0.16,22.29,22.58,34.0,34.0,34.0,34.0,34.0,34.0,34.0,34.0,34.0,34.0,34.0,34.0,52.12,24.86,38.92,38.42,48.84,45.38,96.94,105.94,73.36,78.14,52.52,51.54,22.2,22.4,53.45,0.09,22.3,22.47,34.0,34.0,34.0,34.0,34.0,34.0,34.0,34.0,34.0,34.0,34.0,34.0,66.34,53.36,45.22,45.82,51.94,50.44,105.72,109.5,94.92,95.32,72.12,63.96,4.45,5.67,-1.22,2.51,2.12,4.56,-2.44,6.25,3.32,3.86,-0.54,1.63,3.28,3.92,-0.64,1.89,4.17,4.44,-0.27,0.7,3.88,4.31,-0.44,1.17,8.28,9.04,-0.76,0.97,9.05,9.36,-0.31,0.38,6.26,8.11,-1.85,2.66,6.67,8.15,-1.47,2.11,4.49,6.16,-1.68,3.18,4.4,5.47,-1.07,2.27,41.78,3.57,-2.52,-0.22,34.0,3.35,34.0,39.26,0.6,33.19,2.84,-11.53,-0.99,34.0,1.85,34.0,21.66,4.06,52.77,4.51,-17.67,-1.51,34.0,3.0,34.0,35.09,3.86,82.86,7.08,-19.03,-1.63,34.0,5.45,34.0,63.83,2.65,93.4,7.98,-19.93,-1.71,34.0,6.27,34.0,73.47,2.5,Level5,6,0.83
12,Foot warmer (Essuntial),0.67,,,22,TskControl34,2025-02-28 11:30:34,2025-02-28_ID0_NoPCS_Ta22_TskControl34_WinterClothing.csv,2025-02-28_ID12_Foot warmer (Essuntial)_Level4_Ta22_TskControl34_WinterClothing.csv,-12.4,-25.4,-6.0,-5.74,-2.34,-3.3,-8.72,-3.0,-18.58,-13.88,-17.34,-10.42,22.3,22.5,55.62,0.11,22.4,22.62,34.0,34.0,34.0,34.0,34.0,34.0,34.0,34.0,34.0,34.0,34.0,34.0,53.94,27.96,39.22,40.08,49.6,47.14,97.0,106.5,76.34,81.44,54.78,53.54,22.2,22.4,53.45,0.09,22.3,22.47,34.0,34.0,34.0,34.0,34.0,34.0,34.0,34.0,34.0,34.0,34.0,34.0,66.34,53.36,45.22,45.82,51.94,50.44,105.72,109.5,94.92,95.32,72.12,63.96,4.65,5.67,-1.02,2.19,2.41,4.56,-2.15,5.57,3.38,3.86,-0.48,1.55,3.46,3.92,-0.46,1.47,4.28,4.44,-0.16,0.53,4.06,4.31,-0.25,0.77,8.36,9.04,-0.67,0.97,9.18,9.36,-0.18,0.32,6.58,8.11,-1.53,2.29,7.02,8.15,-1.13,1.7,4.72,6.16,-1.44,2.81,4.62,5.47,-0.85,1.91,41.78,3.57,-2.18,-0.16,34.0,3.41,34.0,39.6,0.48,33.19,2.84,-10.33,-0.87,34.0,1.97,34.0,22.86,3.64,52.77,4.51,-15.99,-1.34,34.0,3.17,34.0,36.78,3.5,82.86,7.08,-15.94,-1.31,34.0,5.77,34.0,66.92,2.23,93.4,7.98,-17.84,-1.47,34.0,6.51,34.0,75.56,2.21,Level4,5,0.67
12,Midiam evaporative cooler (white),0.33,135.0,60.0,22,TskControl34,2025-02-24 13:02:11,2025-02-24_ID0_NoPCS_Ta22_TskControl34.csv,2025-02-24_ID12_Midiam evaporative cooler (white)_Mid_Angle135_Distance60_Ta22_TskControl34.csv,5.16,-11.14,6.46,0.22,10.18,4.22,18.54,0.7,-0.6,-0.04,0.16,-0.3,21.5,22.4,31.27,0.31,21.83,21.73,34.0,34.0,34.0,34.0,34.0,34.0,34.0,34.0,34.0,34.0,34.0,34.0,81.46,45.7,72.02,75.16,92.52,109.68,139.86,123.76,91.06,96.02,64.56,65.14,22.3,22.5,37.98,0.13,22.39,22.25,34.0,34.0,34.0,34.0,34.0,34.0,34.0,34.0,34.0,34.0,34.0,34.0,76.3,56.84,65.56,74.94,82.34,105.46,121.32,123.06,91.66,96.06,64.4,65.44,6.69,6.57,0.12,-0.79,3.76,4.9,-1.14,2.28,5.92,5.65,0.27,-1.14,6.18,6.45,-0.28,-0.03,7.6,7.09,0.51,-1.44,9.01,9.08,-0.07,-0.46,11.49,10.45,1.04,-1.77,10.17,10.6,-0.43,-0.07,7.48,7.89,-0.41,0.08,7.89,8.27,-0.38,0.0,5.3,5.55,-0.24,-0.03,5.35,5.64,-0.28,0.05,40.47,3.49,49.27,4.49,33.59,7.98,34.0,89.74,-10.55,43.47,3.74,7.57,0.45,34.0,4.19,34.0,51.04,-2.05,65.77,5.67,1.06,-0.17,34.0,5.49,34.0,66.83,-0.35,93.02,8.01,-2.49,-0.57,34.0,7.44,34.0,90.53,0.29,95.87,8.26,-5.1,-0.8,34.0,7.46,34.0,90.77,0.58,Mid,3,0.33
12,Midiam evaporative cooler (white),0.5,135.0,60.0,25,TskControl34,2025-02-11 11:25:01,2025-02-11_ID0_NoPCS_Ta25_TskControl34.csv,2025-02-11_ID12_Midiam evaporative cooler (white)_High_Angle135_Distance60_Ta25_TskControl34.csv,2.98,-4.22,2.92,0.32,9.5,5.98,16.02,4.88,-0.68,1.14,-0.34,-1.18,24.6,25.1,69.72,0.17,24.82,25.86,34.0,34.0,34.0,34.0,34.0,34.0,34.0,34.0,34.0,34.0,34.0,34.0,59.08,36.78,51.64,54.0,70.44,76.46,106.46,88.94,70.46,69.2,48.76,45.88,25.3,25.3,62.41,0.07,25.3,26.08,34.0,34.0,34.0,34.0,34.0,34.0,34.0,34.0,34.0,34.0,34.0,34.0,56.1,41.0,48.72,53.68,60.94,70.48,90.44,84.06,71.14,68.06,49.1,47.06,6.44,6.45,-0.01,-0.46,4.01,4.71,-0.71,0.9,5.63,5.6,0.03,-0.52,5.88,6.17,-0.29,-0.05,7.67,7.0,0.67,-1.36,8.33,8.1,0.23,-0.74,11.6,10.4,1.2,-1.54,9.69,9.66,0.03,-0.51,7.68,8.18,-0.5,0.08,7.54,7.82,-0.28,-0.15,5.31,5.64,-0.33,0.06,5.0,5.41,-0.41,0.22,29.67,3.41,27.12,2.78,34.0,6.19,34.0,56.79,-6.32,32.16,3.7,0.86,-0.1,34.0,3.6,34.0,33.02,-0.25,48.66,5.59,-0.77,-0.38,34.0,5.22,34.0,47.88,0.09,69.26,7.96,-1.28,-0.56,34.0,7.41,34.0,67.98,0.15,71.96,8.27,-2.0,-0.65,34.0,7.62,34.0,69.96,0.24,High,4,0.5
12,Midiam evaporative cooler (white),0.33,135.0,60.0,25,TskControl34,2025-02-11 11:11:01,2025-02-11_ID0_NoPCS_Ta25_TskControl34.csv,2025-02-11_ID12_Midiam evaporative cooler (white)_Mid_Angle135_Distance60_Ta25_TskControl34.csv,2.84,-3.7,2.14,-0.4,7.96,5.16,16.42,5.5,0.22,0.46,-1.28,-2.52,24.9,25.2,66.79,0.11,25.05,26.05,34.0,34.0,34.0,34.0,34.0,34.0,34.0,34.0,34.0,34.0,34.0,34.0,58.94,37.3,50.86,53.28,68.9,75.64,106.86,89.56,71.36,68.52,47.82,44.54,25.3,25.3,62.41,0.07,25.3,26.08,34.0,34.0,34.0,34.0,34.0,34.0,34.0,34.0,34.0,34.0,34.0,34.0,56.1,41.0,48.72,53.68,60.94,70.48,90.44,84.06,71.14,68.06,49.1,47.06,6.59,6.45,0.14,-0.44,4.17,4.71,-0.55,0.79,5.68,5.6,0.08,-0.38,5.95,6.17,-0.22,0.06,7.7,7.0,0.69,-1.14,8.45,8.1,0.35,-0.64,11.94,10.4,1.54,-1.58,10.01,9.66,0.34,-0.57,7.97,8.18,-0.2,-0.03,7.66,7.82,-0.17,-0.06,5.34,5.64,-0.3,0.23,4.98,5.41,-0.43,0.47,29.67,3.41,25.59,2.76,34.0,6.17,34.0,55.26,-5.61,32.16,3.7,1.49,0.06,34.0,3.76,34.0,33.65,-0.41,48.66,5.59,-0.94,-0.26,34.0,5.33,34.0,47.72,0.14,69.26,7.96,-1.43,-0.38,34.0,7.58,34.0,67.83,0.18,71.96,8.27,-0.83,-0.32,34.0,7.95,34.0,71.13,0.09,Mid,3,0.33
12,Midiam evaporative cooler (white),0.17,135.0,60.0,25,TskControl34,2025-02-11 10:59:01,2025-02-11_ID0_NoPCS_Ta25_TskControl34.csv,2025-02-11_ID12_Midiam evaporative cooler (white)_Low_Angle135_Distance60_Ta25_TskControl34.csv,1.74,-3.9,-0.12,-0.08,1.86,3.86,4.18,7.7,-0.58,-0.54,-1.2,-1.72,25.3,25.3,64.0,0.08,25.3,26.17,34.0,34.0,34.0,34.0,34.0,34.0,34.0,34.0,34.0,34.0,34.0,34.0,57.84,37.1,48.6,53.6,62.8,74.34,94.62,91.76,70.56,67.52,47.9,45.34,25.3,25.3,62.41,0.07,25.3,26.08,34.0,34.0,34.0,34.0,34.0,34.0,34.0,34.0,34.0,34.0,34.0,34.0,56.1,41.0,48.72,53.68,60.94,70.48,90.44,84.06,71.14,68.06,49.1,47.06,6.65,6.45,0.2,-0.27,4.26,4.71,-0.45,0.83,5.59,5.6,-0.01,0.02,6.16,6.17,-0.01,0.01,7.22,7.0,0.21,-0.27,8.54,8.1,0.44,-0.48,10.88,10.4,0.48,-0.4,10.55,9.66,0.89,-0.8,8.11,8.18,-0.07,0.07,7.76,7.82,-0.06,0.07,5.51,5.64,-0.14,0.21,5.21,5.41,-0.2,0.32,29.67,3.41,21.49,2.47,34.0,5.88,34.0,51.16,-4.64,32.16,3.7,1.43,0.16,34.0,3.86,34.0,33.59,-0.4,48.66,5.59,-1.28,-0.15,34.0,5.45,34.0,47.38,0.2,69.26,7.96,-1.73,-0.2,34.0,7.76,34.0,67.53,0.22,71.96,8.27,-0.38,-0.04,34.0,8.23,34.0,71.58,0.03,Low,2,0.17
12,Midiam evaporative cooler (white),0.17,135.0,60.0,28,TskControl34,2025-05-20 17:26:21,2025-05-20_ID0_NoPCS_Ta28_TskControl34.csv,2025-05-20_ID12_Midiam evaporative cooler (white)_Low_Angle135_Distance60_Ta28_TskControl34.csv,,,,,,,,,,,,,28.4,28.0,41.71,0.02,28.12,27.47,34.0,34.0,34.0,34.0,34.0,34.0,34.0,34.0,34.0,34.0,34.0,34.0,35.72,18.8,31.72,31.24,42.8,40.58,51.76,47.2,43.5,42.52,32.28,30.32,28.0,27.6,41.53,0.01,27.7,27.66,,,,,,,,,,,,,,,,,,,,,,,,,6.07,,,,3.2,,,,5.39,,,,5.31,,,,7.28,,,,6.9,,,,8.8,,,,8.03,,,,7.4,,,,7.23,,,,5.49,,,,5.16,,,,0.0,0.0,0.0,0.0,34.0,6.64,0.0,39.07,0.0,0.0,0.0,0.0,0.0,34.0,3.61,0.0,21.22,0.0,0.0,0.0,0.0,0.0,34.0,5.16,0.0,30.36,0.0,0.0,0.0,0.0,0.0,34.0,6.82,0.0,40.12,0.0,0.0,0.0,0.0,0.0,34.0,7.05,0.0,41.48,0.0,Low,2,0.17
12,Midiam evaporative cooler (white),0.5,135.0,60.0,28,TskControl34,2025-05-20 16:37:11,2025-05-20_ID0_NoPCS_Ta28_TskControl34.csv,2025-05-20_ID12_Midiam evaporative cooler (white)_High_Angle135_Distance60_Ta28_TskControl34.csv,,,,,,,,,,,,,28.5,28.2,41.77,0.0,28.2,27.58,34.0,34.0,34.0,34.0,34.0,34.0,34.0,34.0,34.0,34.0,34.0,34.0,37.44,16.7,33.52,30.8,44.12,38.9,55.12,43.96,44.36,41.9,32.46,29.1,28.0,27.6,41.53,0.01,27.7,27.66,,,,,,,,,,,,,,,,,,,,,,,,,6.46,,,,2.88,,,,5.78,,,,5.31,,,,7.61,,,,6.71,,,,9.5,,,,7.58,,,,7.65,,,,7.22,,,,5.6,,,,5.02,,,,0.0,0.0,0.0,0.0,34.0,9.81,0.0,56.88,0.0,0.0,0.0,0.0,0.0,34.0,4.14,0.0,24.0,0.0,0.0,0.0,0.0,0.0,34.0,5.09,0.0,29.52,0.0,0.0,0.0,0.0,0.0,34.0,6.98,0.0,40.48,0.0,0.0,0.0,0.0,0.0,34.0,7.18,0.0,41.64,0.0,High,4,0.5
12,Midiam evaporative cooler (white),0.33,135.0,60.0,28,TskControl34,2025-05-20 16:53:16,2025-05-20_ID0_NoPCS_Ta28_TskControl34.csv,2025-05-20_ID12_Midiam evaporative cooler (white)_Mid_Angle135_Distance60_Ta28_TskControl34.csv,,,,,,,,,,,,,28.2,28.2,41.74,0.04,28.2,27.56,34.0,34.0,34.0,34.0,34.0,34.0,34.0,34.0,34.0,34.0,34.0,34.0,36.98,17.78,33.66,30.76,42.98,40.2,50.8,45.06,43.62,43.04,32.82,29.32,28.0,27.6,41.53,0.01,27.7,27.66,,,,,,,,,,,,,,,,,,,,,,,,,6.38,,,,3.07,,,,5.8,,,,5.3,,,,7.41,,,,6.93,,,,8.76,,,,7.77,,,,7.52,,,,7.42,,,,5.66,,,,5.06,,,,0.0,0.0,0.0,0.0,34.0,8.9,0.0,51.64,0.0,0.0,0.0,0.0,0.0,34.0,4.03,0.0,23.36,0.0,0.0,0.0,0.0,0.0,34.0,5.17,0.0,29.96,0.0,0.0,0.0,0.0,0.0,34.0,6.98,0.0,40.49,0.0,0.0,0.0,0.0,0.0,34.0,7.09,0.0,41.12,0.0,Mid,3,0.33
12,Foot warmer (foldable),0.0,,,25,TskControl34,2025-02-10 12:42:59,2025-02-10_ID0_NoPCS_Ta25_TskControl34.csv,2025-02-10_ID12_Foot warmer (foldable)_Level1_Ta25_TskControl34.csv,1.72,1.74,2.32,0.88,6.58,1.34,12.78,9.2,1.8,-0.96,0.24,-0.86,24.9,25.0,68.05,0.07,24.95,25.93,34.0,34.0,34.0,34.0,34.0,34.0,34.0,34.0,34.0,34.0,34.0,34.0,57.34,35.32,52.02,55.9,69.7,77.34,106.86,91.24,71.84,71.0,49.92,47.7,25.1,25.1,69.38,0.17,25.1,26.15,34.0,34.0,34.0,34.0,34.0,34.0,34.0,34.0,34.0,34.0,34.0,34.0,55.62,33.58,49.7,55.02,63.12,76.0,94.08,82.04,70.04,71.96,49.68,48.56,6.34,6.25,0.09,-0.28,3.9,3.77,0.13,-0.46,5.75,5.58,0.16,-0.42,6.18,6.18,-0.01,-0.14,7.7,7.09,0.61,-0.93,8.55,8.54,0.01,-0.16,11.81,10.57,1.24,-1.21,10.08,9.22,0.86,-1.0,7.94,7.87,0.07,-0.23,7.85,8.09,-0.24,0.12,5.52,5.58,-0.07,-0.04,5.27,5.46,-0.19,0.16,29.13,3.27,1.33,0.09,34.0,3.37,34.0,30.47,-0.45,30.59,3.44,0.62,0.01,34.0,3.45,34.0,31.21,-0.2,46.83,5.26,1.61,0.09,34.0,5.35,34.0,48.44,-0.34,67.48,7.58,0.48,-0.07,34.0,7.51,34.0,67.96,-0.06,70.57,7.93,1.69,0.06,34.0,7.98,34.0,72.26,-0.21,Level1,1,0.0
12,Foot warmer (Essuntial),0.83,90.0,100.0,25,TskControl34,2025-03-03 13:24:40,2025-03-03_ID0_NoPCS_Ta25_TskControl34_WinterClothing.csv,2025-03-03_ID12_Foot warmer (Essuntial)_Level5_Angle90_Distance100_Ta25_TskControl34_WinterClothing.csv,-2.84,-4.74,-1.7,-1.88,-0.64,-0.12,-0.52,2.4,-10.1,-9.62,-6.98,-6.78,25.3,24.9,47.36,0.19,25.13,25.19,34.0,34.0,34.0,34.0,34.0,34.0,34.0,34.0,34.0,34.0,34.0,34.0,40.7,16.9,27.68,29.88,37.06,36.54,68.6,83.7,59.06,61.0,40.48,38.98,25.1,25.1,48.87,0.18,25.1,25.15,34.0,34.0,34.0,34.0,34.0,34.0,34.0,34.0,34.0,34.0,34.0,34.0,43.54,21.64,29.38,31.76,37.7,36.66,69.12,81.3,69.16,70.62,47.46,45.76,4.59,4.89,-0.3,0.58,1.91,2.43,-0.53,1.95,3.12,3.3,-0.18,0.51,3.37,3.57,-0.2,0.53,4.18,4.24,-0.06,0.15,4.12,4.12,0.0,0.03,7.73,7.77,-0.03,0.07,9.44,9.13,0.3,-0.26,6.66,7.77,-1.11,1.3,6.88,7.93,-1.06,1.21,4.56,5.33,-0.77,1.31,4.39,5.14,-0.75,1.32,30.88,3.47,-1.08,-0.11,34.0,3.36,34.0,29.8,0.36,17.37,1.95,-1.96,-0.21,34.0,1.74,34.0,15.41,1.01,27.45,3.08,-1.98,-0.21,34.0,2.87,34.0,25.46,0.66,52.97,5.95,-1.83,-0.19,34.0,5.77,34.0,51.14,0.36,64.09,7.2,-0.85,-0.07,34.0,7.13,34.0,63.24,0.15,Level5,6,0.83
12,Foot warmer (Essuntial),1.0,90.0,100.0,25,TskControl34,2025-03-03 13:53:00,2025-03-03_ID0_NoPCS_Ta25_TskControl34_WinterClothing.csv,2025-03-03_ID12_Foot warmer (Essuntial)_Level8_Angle90_Distance100_Ta25_TskControl34_WinterClothing.csv,-4.68,-5.5,-1.82,-2.22,-0.86,-0.38,-1.1,0.02,-16.4,-15.62,-12.84,-10.56,25.3,25.0,46.44,0.05,25.12,25.15,34.0,34.0,34.0,34.0,34.0,34.0,34.0,34.0,34.0,34.0,34.0,34.0,38.86,16.14,27.56,29.54,36.84,36.28,68.02,81.32,52.76,55.0,34.62,35.2,25.1,25.1,48.87,0.18,25.1,25.15,34.0,34.0,34.0,34.0,34.0,34.0,34.0,34.0,34.0,34.0,34.0,34.0,43.54,21.64,29.38,31.76,37.7,36.66,69.12,81.3,69.16,70.62,47.46,45.76,4.38,4.89,-0.52,0.96,1.82,2.43,-0.61,2.26,3.1,3.3,-0.2,0.55,3.33,3.57,-0.24,0.62,4.15,4.24,-0.09,0.2,4.09,4.12,-0.03,0.09,7.66,7.77,-0.11,0.14,9.16,9.13,0.02,-0.0,5.94,7.77,-1.83,2.11,6.19,7.93,-1.74,1.97,3.9,5.33,-1.43,2.41,3.96,5.14,-1.18,2.05,30.88,3.47,-1.06,-0.11,34.0,3.36,34.0,29.82,0.2,17.37,1.95,-2.44,-0.27,34.0,1.68,34.0,14.93,1.25,27.45,3.08,-2.81,-0.31,34.0,2.77,34.0,24.64,0.92,52.97,5.95,-3.83,-0.42,34.0,5.53,34.0,49.14,0.67,64.09,7.2,-2.71,-0.29,34.0,6.91,34.0,61.38,0.41,Level8,7,1.0
12,Midiam evaporative cooler (white),0.17,135.0,60.0,22,TskControl34,2025-02-24 12:19:06,2025-02-24_ID0_NoPCS_Ta22_TskControl34.csv,2025-02-24_ID12_Midiam evaporative cooler (white)_Low_Angle135_Distance60_Ta22_TskControl34.csv,1.24,-11.1,1.68,-3.14,6.14,-1.44,14.44,-1.62,-2.12,-2.34,0.02,-0.5,21.5,22.4,31.27,0.31,21.83,21.73,34.0,34.0,34.0,34.0,34.0,34.0,34.0,34.0,34.0,34.0,34.0,34.0,77.54,45.74,67.24,71.8,88.48,104.02,135.76,121.44,89.54,93.72,64.42,64.94,22.3,22.5,37.98,0.13,22.39,22.25,34.0,34.0,34.0,34.0,34.0,34.0,34.0,34.0,34.0,34.0,34.0,34.0,76.3,56.84,65.56,74.94,82.34,105.46,121.32,123.06,91.66,96.06,64.4,65.44,6.37,6.57,-0.2,-0.19,3.76,4.9,-1.14,2.27,5.53,5.65,-0.12,-0.3,5.9,6.45,-0.56,0.49,7.27,7.09,0.18,-0.87,8.55,9.08,-0.54,0.16,11.16,10.45,0.71,-1.38,9.98,10.6,-0.62,0.15,7.36,7.89,-0.54,0.27,7.7,8.27,-0.57,0.28,5.29,5.55,-0.25,-0.0,5.34,5.64,-0.3,0.09,40.47,3.49,36.71,2.86,34.0,6.34,34.0,77.18,-6.06,43.47,3.74,3.01,0.08,34.0,3.82,34.0,46.48,-0.83,65.77,5.67,-2.81,-0.49,34.0,5.17,34.0,62.96,0.38,93.02,8.01,-4.61,-0.75,34.0,7.26,34.0,88.41,0.56,95.87,8.26,-8.63,-1.09,34.0,7.17,34.0,87.24,0.99,Low,2,0.17
13,Standing evaporative cooler (DeLonghi),1.0,270.0,150.0,22,TskControl34,2025-02-24 14:52:21,2025-02-24_ID0_NoPCS_Ta22_TskControl34.csv,2025-02-24_ID13_Standing evaporative cooler (DeLonghi)_High_Angle270_Distance150_Ta22_TskControl34.csv,20.24,0.42,29.6,23.26,34.04,23.68,62.24,19.96,3.12,3.0,1.18,0.24,22.0,22.0,30.76,0.2,22.0,21.76,34.0,34.0,34.0,34.0,34.0,34.0,34.0,34.0,34.0,34.0,34.0,34.0,96.54,57.26,95.16,98.2,116.38,129.14,183.56,143.02,94.78,99.06,65.58,65.68,22.3,22.5,37.98,0.13,22.39,22.25,34.0,34.0,34.0,34.0,34.0,34.0,34.0,34.0,34.0,34.0,34.0,34.0,76.3,56.84,65.56,74.94,82.34,105.46,121.32,123.06,91.66,96.06,64.4,65.44,8.04,6.57,1.47,-3.08,4.77,4.9,-0.12,-0.09,7.93,5.65,2.28,-5.24,8.18,6.45,1.73,-3.6,9.7,7.09,2.61,-4.8,10.76,9.08,1.68,-2.61,15.3,10.45,4.85,-5.96,11.92,10.6,1.32,-1.88,7.9,7.89,0.0,-0.4,8.25,8.27,-0.02,-0.36,5.46,5.55,-0.08,-0.21,5.47,5.64,-0.16,-0.04,40.47,3.49,40.1,3.23,34.0,6.71,34.0,80.58,-11.9,43.47,3.74,4.99,0.29,34.0,4.04,34.0,48.46,-1.34,65.77,5.67,38.46,3.02,34.0,8.69,34.0,104.23,-7.39,93.02,8.01,17.1,1.17,33.99,9.18,34.0,110.12,-2.37,95.87,8.26,11.06,0.65,34.0,8.91,34.0,106.93,-1.43,High,3,1.0
13,Standing evaporative cooler (DeLonghi),1.0,180.0,150.0,22,TskControl34,2025-02-24 16:32:37,2025-02-24_ID0_NoPCS_Ta22_TskControl34.csv,2025-02-24_ID13_Standing evaporative cooler (DeLonghi)_High_Angle180_Distance150_Ta22_TskControl34.csv,24.62,14.28,48.1,15.44,56.32,51.84,65.48,48.3,1.84,-3.2,0.04,-4.06,22.0,22.1,31.2,0.0,22.1,21.86,34.0,34.0,34.0,34.0,34.0,34.0,34.0,34.0,34.0,34.0,34.0,34.0,100.92,71.12,113.66,90.38,138.66,157.3,186.8,171.36,93.5,92.86,64.44,61.38,22.3,22.5,37.98,0.13,22.39,22.25,34.0,34.0,34.0,34.0,34.0,34.0,34.0,34.0,34.0,34.0,34.0,34.0,76.3,56.84,65.56,74.94,82.34,105.46,121.32,123.06,91.66,96.06,64.4,65.44,8.48,6.57,1.91,-3.75,5.98,4.9,1.08,-2.92,9.55,5.65,3.9,-8.52,7.59,6.45,1.14,-2.39,11.65,7.09,4.56,-7.94,13.22,9.08,4.13,-5.71,15.7,10.45,5.25,-6.27,14.4,10.6,3.8,-4.56,7.86,7.89,-0.04,-0.23,7.8,8.27,-0.47,0.39,5.42,5.55,-0.13,-0.01,5.16,5.64,-0.48,0.72,40.47,3.49,35.19,2.87,34.0,6.36,34.0,75.67,-8.41,43.47,3.74,25.28,2.03,34.0,5.78,34.0,68.75,-6.78,65.77,5.67,25.75,2.03,34.0,7.69,34.0,91.53,-5.06,93.02,8.01,32.01,2.49,34.0,10.51,34.0,125.03,-4.36,95.87,8.26,16.1,1.15,34.0,9.41,34.0,111.97,-2.2,High,3,1.0
13,Standing evaporative cooler (DeLonghi),0.5,270.0,150.0,22,TskControl34,2025-02-24 14:16:56,2025-02-24_ID0_NoPCS_Ta22_TskControl34.csv,2025-02-24_ID13_Standing evaporative cooler (DeLonghi)_Mid_Angle270_Distance150_Ta22_TskControl34.csv,14.62,-2.28,24.04,17.88,24.58,16.9,43.6,14.22,2.36,2.72,0.48,-0.34,22.0,22.1,30.76,0.07,22.05,21.85,34.0,34.0,34.0,34.0,34.0,34.0,34.0,34.0,34.0,34.0,34.0,34.0,90.92,54.56,89.6,92.82,106.92,122.36,164.92,137.28,94.02,98.78,64.88,65.1,22.3,22.5,37.98,0.13,22.39,22.25,34.0,34.0,34.0,34.0,34.0,34.0,34.0,34.0,34.0,34.0,34.0,34.0,76.3,56.84,65.56,74.94,82.34,105.46,121.32,123.06,91.66,96.06,64.4,65.44,7.61,6.57,1.04,-2.22,4.57,4.9,-0.33,0.47,7.5,5.65,1.85,-4.26,7.77,6.45,1.31,-2.77,8.95,7.09,1.86,-3.47,10.24,9.08,1.16,-1.86,13.8,10.45,3.35,-4.17,11.49,10.6,0.89,-1.34,7.87,7.89,-0.03,-0.3,8.27,8.27,-0.01,-0.33,5.43,5.55,-0.12,-0.09,5.45,5.64,-0.19,0.06,40.47,3.49,34.72,2.81,34.0,6.29,34.0,75.19,-10.49,43.47,3.74,2.59,0.11,34.0,3.85,34.0,46.06,-0.7,65.77,5.67,31.54,2.48,34.0,8.14,34.0,97.31,-6.13,93.02,8.01,7.5,0.4,34.0,8.41,34.0,100.52,-1.05,95.87,8.26,3.66,0.07,34.0,8.33,34.0,99.53,-0.48,Mid,2,0.5
13,Halogen heater (Goldair),1.0,90.0,100.0,22,TskControl34,2025-02-28 14:18:24,2025-02-28_ID0_NoPCS_Ta22_TskControl34_WinterClothing.csv,2025-02-28_ID13_Halogen heater (Goldair)_High_Angle90_Distance100_Ta22_TskControl34_WinterClothing.csv,-27.22,-41.04,-12.0,-7.82,-6.54,-5.62,-12.66,0.44,-82.32,-77.2,-50.58,-39.26,22.7,22.7,61.02,0.05,22.7,23.09,34.0,34.0,34.0,34.0,34.0,34.0,34.0,34.0,34.0,34.0,34.0,34.0,39.12,12.32,33.22,38.0,45.4,44.82,93.06,109.94,12.6,18.12,21.54,24.7,22.2,22.4,53.45,0.09,22.3,22.47,34.0,34.0,34.0,34.0,34.0,34.0,34.0,34.0,34.0,34.0,34.0,34.0,66.34,53.36,45.22,45.82,51.94,50.44,105.72,109.5,94.92,95.32,72.12,63.96,3.46,5.67,-2.21,4.8,1.09,4.56,-3.47,9.0,2.94,3.86,-0.93,3.1,3.36,3.92,-0.55,2.0,4.02,4.44,-0.42,1.47,3.97,4.31,-0.34,1.3,8.24,9.04,-0.8,1.4,9.73,9.36,0.37,-0.05,1.12,8.11,-7.0,10.15,1.6,8.15,-6.54,9.48,1.91,6.16,-4.26,8.21,2.19,5.47,-3.28,7.18,41.78,3.57,-4.05,-0.23,34.01,3.34,34.0,37.73,1.21,33.19,2.84,-14.95,-1.22,34.0,1.61,34.0,18.24,5.27,52.77,4.51,-20.88,-1.69,34.0,2.82,34.0,31.89,4.58,82.86,7.08,-27.16,-2.15,34.0,4.93,34.0,55.7,3.95,93.4,7.98,-27.92,-2.19,34.0,5.79,34.0,65.48,3.43,High,3,1.0
13,Standing evaporative cooler (DeLonghi),1.0,225.0,150.0,22,TskControl34,2025-02-24 15:31:51,2025-02-24_ID0_NoPCS_Ta22_TskControl34.csv,2025-02-24_ID13_Standing evaporative cooler (DeLonghi)_High_Angle225_Distance150_Ta22_TskControl34.csv,25.42,8.58,50.74,9.38,73.32,61.84,83.62,87.52,8.62,0.94,0.48,-3.52,22.0,22.2,30.55,0.11,22.1,21.85,33.9,34.0,34.0,34.0,34.0,34.0,31.52,33.98,34.0,34.0,34.0,34.0,101.72,65.42,116.3,84.32,155.66,167.3,204.94,210.58,100.28,97.0,64.88,61.92,22.3,22.5,37.98,0.13,22.39,22.25,34.0,34.0,34.0,34.0,34.0,34.0,34.0,34.0,34.0,34.0,34.0,34.0,76.3,56.84,65.56,74.94,82.34,105.46,121.32,123.06,91.66,96.06,64.4,65.44,8.62,6.57,2.05,-3.87,5.5,4.9,0.6,-1.75,9.77,5.65,4.13,-8.99,7.09,6.45,0.63,-1.45,13.08,7.09,5.99,-10.34,14.06,9.08,4.98,-6.81,21.76,10.45,11.31,-8.0,17.73,10.6,7.13,-8.26,8.43,7.89,0.53,-1.09,8.15,8.27,-0.12,-0.11,5.45,5.55,-0.09,-0.09,5.2,5.64,-0.43,0.62,40.47,3.49,23.49,1.89,34.0,5.38,34.0,63.97,-5.96,43.47,3.74,13.23,1.02,34.0,4.76,34.0,56.7,-3.6,65.77,5.67,25.95,2.04,34.0,7.71,34.0,91.72,-5.0,93.02,8.01,35.06,2.75,34.0,10.76,34.0,128.08,-4.82,95.87,8.26,15.34,1.09,34.0,9.35,34.0,111.21,-2.02,High,3,1.0
13,Standing evaporative cooler (DeLonghi),0.0,225.0,150.0,22,TskControl34,2025-02-24 15:08:36,2025-02-24_ID0_NoPCS_Ta22_TskControl34.csv,2025-02-24_ID13_Standing evaporative cooler (DeLonghi)_Low_Angle225_Distance150_Ta22_TskControl34.csv,15.16,2.62,37.08,6.8,46.74,29.46,81.5,46.44,1.78,-2.96,0.06,-3.16,21.9,22.0,30.52,0.03,21.96,21.84,34.0,34.0,34.0,34.0,34.0,34.0,33.72,34.0,34.0,34.0,34.0,34.0,91.46,59.46,102.64,81.74,129.08,134.92,202.82,169.5,93.44,93.1,64.46,62.28,22.3,22.5,37.98,0.13,22.39,22.25,34.0,34.0,34.0,34.0,34.0,34.0,34.0,34.0,34.0,34.0,34.0,34.0,76.3,56.84,65.56,74.94,82.34,105.46,121.32,123.06,91.66,96.06,64.4,65.44,7.6,6.57,1.02,-2.31,4.94,4.9,0.04,-0.54,8.52,5.65,2.88,-6.57,6.79,6.45,0.33,-1.05,10.72,7.09,3.63,-6.59,11.21,9.08,2.12,-3.24,17.25,10.45,6.8,-7.8,14.08,10.6,3.48,-4.38,7.76,7.89,-0.13,-0.23,7.73,8.27,-0.54,0.36,5.35,5.55,-0.19,-0.01,5.17,5.64,-0.46,0.56,40.47,3.49,18.07,1.38,34.0,4.86,34.0,58.54,-4.26,43.47,3.74,8.88,0.6,34.0,4.35,34.0,52.35,-2.44,65.77,5.67,17.27,1.23,34.0,6.9,34.0,83.05,-3.45,93.02,8.01,15.16,0.97,34.0,8.99,34.0,108.18,-2.21,95.87,8.26,6.02,0.21,34.0,8.46,34.0,101.89,-0.84,Low,1,0.0
13,Standing evaporative cooler (DeLonghi),0.0,270.0,150.0,22,TskControl34,2025-02-24 13:56:16,2025-02-24_ID0_NoPCS_Ta22_TskControl34.csv,2025-02-24_ID13_Standing evaporative cooler (DeLonghi)_Low_Angle270_Distance150_Ta22_TskControl34.csv,8.34,-6.94,17.58,12.74,12.44,9.34,27.04,5.9,0.34,1.02,1.02,0.0,22.1,22.2,32.8,0.02,22.17,21.97,34.0,34.0,34.0,34.0,34.0,34.0,34.0,34.0,34.0,34.0,34.0,34.0,84.64,49.9,83.14,87.68,94.78,114.8,148.36,128.96,92.0,97.08,65.42,65.44,22.3,22.5,37.98,0.13,22.39,22.25,34.0,34.0,34.0,34.0,34.0,34.0,34.0,34.0,34.0,34.0,34.0,34.0,76.3,56.84,65.56,74.94,82.34,105.46,121.32,123.06,91.66,96.06,64.4,65.44,7.15,6.57,0.58,-1.27,4.22,4.9,-0.68,1.42,7.03,5.65,1.38,-3.11,7.41,6.45,0.96,-1.97,8.01,7.09,0.92,-1.75,9.7,9.08,0.62,-1.03,12.54,10.45,2.09,-2.59,10.9,10.6,0.3,-0.56,7.78,7.89,-0.12,-0.04,8.21,8.27,-0.07,-0.12,5.53,5.55,-0.02,-0.18,5.53,5.64,-0.1,-0.0,40.47,3.49,26.62,2.19,34.0,5.67,34.0,67.1,-8.15,43.47,3.74,-0.7,-0.13,34.0,3.62,34.0,42.77,0.18,65.77,5.67,21.23,1.69,34.0,7.35,34.0,87.01,-4.24,93.02,8.01,1.79,0.0,34.0,8.01,34.0,94.81,-0.28,95.87,8.26,-3.19,-0.42,34.0,7.83,34.0,92.68,0.36,Low,1,0.0
13,Standing evaporative cooler (DeLonghi),0.5,180.0,150.0,22,TskControl34,2025-02-24 16:20:27,2025-02-24_ID0_NoPCS_Ta22_TskControl34.csv,2025-02-24_ID13_Standing evaporative cooler (DeLonghi)_Mid_Angle180_Distance150_Ta22_TskControl34.csv,21.16,12.68,43.8,11.22,55.38,48.5,62.22,42.86,0.44,-3.36,0.98,-3.06,22.0,22.0,30.12,0.03,22.0,21.84,34.0,34.0,34.0,34.0,34.0,34.0,34.0,34.0,34.0,34.0,34.0,34.0,97.46,69.52,109.36,86.16,137.72,153.96,183.54,165.92,92.1,92.7,65.38,62.38,22.3,22.5,37.98,0.13,22.39,22.25,34.0,34.0,34.0,34.0,34.0,34.0,34.0,34.0,34.0,34.0,34.0,34.0,76.3,56.84,65.56,74.94,82.34,105.46,121.32,123.06,91.66,96.06,64.4,65.44,8.12,6.57,1.55,-3.22,5.79,4.9,0.9,-2.59,9.11,5.65,3.47,-7.76,7.18,6.45,0.73,-1.74,11.48,7.09,4.38,-7.81,12.83,9.08,3.75,-5.34,15.3,10.45,4.85,-5.95,13.83,10.6,3.23,-4.04,7.68,7.89,-0.22,-0.06,7.72,8.27,-0.55,0.41,5.45,5.55,-0.1,-0.18,5.2,5.64,-0.44,0.54,40.47,3.49,30.27,2.41,34.0,5.9,34.0,70.74,-7.1,43.47,3.74,22.53,1.76,34.0,5.5,34.0,66.0,-6.05,65.77,5.67,21.74,1.63,34.0,7.29,34.0,87.52,-4.34,93.02,8.01,25.12,1.83,34.0,9.85,34.0,118.14,-3.53,95.87,8.26,11.83,0.72,34.0,8.98,34.0,107.7,-1.64,Mid,2,0.5
13,Standing evaporative cooler (DeLonghi),0.5,225.0,150.0,22,TskControl34,2025-02-24 15:19:11,2025-02-24_ID0_NoPCS_Ta22_TskControl34.csv,2025-02-24_ID13_Standing evaporative cooler (DeLonghi)_Mid_Angle225_Distance150_Ta22_TskControl34.csv,20.74,5.74,44.9,8.64,64.6,49.32,82.48,69.62,3.78,-2.18,-0.58,-2.38,21.9,22.2,30.09,0.0,22.2,21.84,34.0,34.0,34.0,34.0,34.0,34.0,32.72,34.0,34.0,34.0,34.0,34.0,97.04,62.58,110.46,83.58,146.94,154.78,203.8,192.68,95.44,93.88,63.82,63.06,22.3,22.5,37.98,0.13,22.39,22.25,34.0,34.0,34.0,34.0,34.0,34.0,34.0,34.0,34.0,34.0,34.0,34.0,76.3,56.84,65.56,74.94,82.34,105.46,121.32,123.06,91.66,96.06,64.4,65.44,8.22,6.57,1.65,-3.16,5.3,4.9,0.41,-1.17,9.36,5.65,3.71,-7.95,7.08,6.45,0.63,-1.34,12.45,7.09,5.36,-9.11,13.12,9.08,4.03,-5.43,19.37,10.45,8.92,-7.89,16.33,10.6,5.73,-6.57,8.09,7.89,0.19,-0.48,7.96,8.27,-0.32,0.26,5.41,5.55,-0.14,0.1,5.34,5.64,-0.29,0.42,40.47,3.49,20.73,1.7,34.0,5.19,34.0,61.2,-5.06,43.47,3.74,11.01,0.87,34.0,4.62,34.0,54.48,-3.01,65.77,5.67,22.76,1.84,34.0,7.5,34.0,88.54,-4.43,93.02,8.01,24.86,1.98,34.0,9.99,34.0,117.88,-3.49,95.87,8.26,11.29,0.82,34.0,9.08,34.0,107.16,-1.5,Mid,2,0.5
13,Standing evaporative cooler (DeLonghi),0.0,180.0,150.0,22,TskControl34,2025-02-24 15:44:00,2025-02-24_ID0_NoPCS_Ta22_TskControl34.csv,2025-02-24_ID13_Standing evaporative cooler (DeLonghi)_Low_Angle180_Distance150_Ta22_TskControl34.csv,13.08,6.3,35.38,4.7,34.42,20.98,46.92,12.98,-0.86,-5.62,0.62,-3.84,22.1,22.1,30.79,0.0,22.1,21.85,34.0,34.0,34.0,34.0,34.0,34.0,34.08,34.0,34.0,34.0,34.0,34.0,89.38,63.14,100.94,79.64,116.76,126.44,168.24,136.04,90.8,90.44,65.02,61.6,22.3,22.5,37.98,0.13,22.39,22.25,34.0,34.0,34.0,34.0,34.0,34.0,34.0,34.0,34.0,34.0,34.0,34.0,76.3,56.84,65.56,74.94,82.34,105.46,121.32,123.06,91.66,96.06,64.4,65.44,7.51,6.57,0.94,-1.99,5.31,4.9,0.41,-1.29,8.48,5.65,2.84,-6.27,6.69,6.45,0.24,-0.73,9.81,7.09,2.72,-4.85,10.63,9.08,1.54,-2.31,14.04,10.45,3.59,-4.49,11.43,10.6,0.83,-1.22,7.63,7.89,-0.26,0.11,7.6,8.27,-0.67,0.68,5.46,5.55,-0.08,-0.11,5.18,5.64,-0.46,0.68,40.47,3.49,25.88,2.09,34.0,5.58,34.0,66.35,-5.63,43.47,3.74,17.09,1.34,34.0,5.09,34.0,60.56,-4.6,65.77,5.67,16.07,1.21,34.0,6.88,34.0,81.84,-3.29,93.02,8.01,13.11,0.91,34.0,8.92,34.0,106.13,-1.92,95.87,8.26,2.62,0.02,34.0,8.28,34.0,98.49,-0.44,Low,1,0.0
13,Standing evaporative cooler (DeLonghi),1.0,225.0,150.0,25,TskControl34,2025-02-11 13:41:01,2025-02-11_ID0_NoPCS_Ta25_TskControl34.csv,2025-02-11_ID13_Standing evaporative cooler (DeLonghi)_High_Angle225_Distance150_Ta25_TskControl34.csv,19.12,7.98,43.46,8.28,49.96,34.16,68.8,64.68,2.06,2.42,-0.3,-1.3,25.0,25.2,64.74,0.12,25.1,25.96,34.0,34.0,34.0,34.0,34.0,34.0,34.0,34.0,34.0,34.0,34.0,34.0,75.22,48.98,92.18,61.96,110.9,104.64,159.24,148.74,73.2,70.48,48.8,45.76,25.3,25.3,62.41,0.07,25.3,26.08,34.0,34.0,34.0,34.0,34.0,34.0,34.0,34.0,34.0,34.0,34.0,34.0,56.1,41.0,48.72,53.68,60.94,70.48,90.44,84.06,71.14,68.06,49.1,47.06,8.45,6.45,2.0,-2.97,5.5,4.71,0.79,-1.69,10.36,5.6,4.76,-7.76,6.96,6.17,0.79,-1.34,12.46,7.0,5.46,-7.13,11.76,8.1,3.66,-4.22,17.89,10.4,7.5,-6.62,16.71,9.66,7.05,-6.69,8.22,8.18,0.05,-0.25,7.92,7.82,0.1,-0.31,5.48,5.64,-0.16,0.05,5.14,5.41,-0.27,0.24,29.67,3.41,23.03,2.51,34.0,5.92,34.0,52.7,-5.39,32.16,3.7,11.04,1.16,34.0,4.85,34.0,43.2,-3.1,48.66,5.59,22.51,2.4,34.0,8.0,34.0,71.17,-4.41,69.26,7.96,21.39,2.22,34.0,10.19,34.0,90.65,-2.91,71.96,8.27,9.58,0.89,34.0,9.16,34.0,81.54,-1.22,High,3,1.0
13,Standing evaporative cooler (DeLonghi),1.0,180.0,150.0,25,TskControl34,2025-02-11 15:26:01,2025-02-11_ID0_NoPCS_Ta25_TskControl34.csv,2025-02-11_ID13_Standing evaporative cooler (DeLonghi)_High_Angle180_Distance150_Ta25_TskControl34.csv,17.4,12.62,43.54,9.84,42.86,30.06,34.4,37.02,1.14,0.56,-0.92,-1.12,24.9,25.0,68.48,0.02,24.97,26.05,34.0,34.0,34.0,34.0,34.0,34.0,34.0,34.0,34.0,34.0,34.0,34.0,73.5,53.62,92.26,63.52,103.8,100.54,124.84,121.08,72.28,68.62,48.18,45.94,25.3,25.3,62.41,0.07,25.3,26.08,34.0,34.0,34.0,34.0,34.0,34.0,34.0,34.0,34.0,34.0,34.0,34.0,56.1,41.0,48.72,53.68,60.94,70.48,90.44,84.06,71.14,68.06,49.1,47.06,8.14,6.45,1.69,-2.7,5.94,4.71,1.23,-2.68,10.22,5.6,4.62,-7.78,7.03,6.17,0.86,-1.59,11.5,7.0,4.49,-6.12,11.13,8.1,3.03,-3.71,13.83,10.4,3.43,-3.31,13.41,9.66,3.75,-3.83,8.0,8.18,-0.17,-0.14,7.6,7.82,-0.22,-0.07,5.34,5.64,-0.31,0.16,5.09,5.41,-0.32,0.21,29.67,3.41,27.04,2.87,34.0,6.28,34.0,56.72,-6.27,32.16,3.7,17.77,1.83,34.0,5.53,34.0,49.93,-4.88,48.66,5.59,17.24,1.7,34.0,7.3,34.0,65.89,-3.44,69.26,7.96,22.4,2.19,34.0,10.15,34.0,91.66,-3.03,71.96,8.27,8.09,0.59,34.0,8.86,34.0,80.05,-1.07,High,3,1.0
13,Halogen heater (Goldair),0.0,90.0,100.0,22,TskControl34,2025-02-28 13:57:29,2025-02-28_ID0_NoPCS_Ta22_TskControl34_WinterClothing.csv,2025-02-28_ID13_Halogen heater (Goldair)_Low_Angle90_Distance100_Ta22_TskControl34_WinterClothing.csv,-19.22,-37.3,-8.78,-8.78,-3.66,-5.36,-11.94,-6.7,-42.82,-38.82,-33.6,-24.56,22.4,22.6,61.34,0.13,22.49,22.87,34.0,34.0,34.0,34.0,34.0,34.0,34.0,34.0,34.0,34.0,34.0,34.0,47.12,16.06,36.44,37.04,48.28,45.08,93.78,102.8,52.1,56.5,38.52,39.4,22.2,22.4,53.45,0.09,22.3,22.47,34.0,34.0,34.0,34.0,34.0,34.0,34.0,34.0,34.0,34.0,34.0,34.0,66.34,53.36,45.22,45.82,51.94,50.44,105.72,109.5,94.92,95.32,72.12,63.96,4.09,5.67,-1.58,3.39,1.4,4.56,-3.17,8.18,3.17,3.86,-0.7,2.27,3.22,3.92,-0.7,2.24,4.19,4.44,-0.24,0.82,3.92,4.31,-0.39,1.24,8.15,9.04,-0.89,1.32,8.93,9.36,-0.43,0.72,4.53,8.11,-3.59,5.28,4.91,8.15,-3.24,4.76,3.35,6.16,-2.82,5.45,3.42,5.47,-2.04,4.49,41.78,3.57,-3.18,-0.22,34.0,3.35,34.0,38.6,0.74,33.19,2.84,-13.94,-1.16,34.0,1.67,34.0,19.25,4.91,52.77,4.51,-20.26,-1.69,34.0,2.82,34.0,32.51,4.46,82.86,7.08,-18.82,-1.52,34.0,5.56,34.0,64.04,2.73,93.4,7.98,-21.27,-1.72,34.0,6.27,34.0,72.13,2.73,Low,1,0.0
13,Standing evaporative cooler (DeLonghi),1.0,270.0,150.0,25,TskControl34,2025-02-11 12:23:01,2025-02-11_ID0_NoPCS_Ta25_TskControl34.csv,2025-02-11_ID13_Standing evaporative cooler (DeLonghi)_High_Angle270_Distance150_Ta25_TskControl34.csv,16.16,3.3,25.68,16.02,23.94,18.26,39.32,25.88,4.4,4.76,0.7,0.68,25.1,25.1,61.58,0.11,25.1,25.82,34.0,34.0,34.0,34.0,34.0,34.0,34.0,34.0,34.0,34.0,34.0,34.0,72.26,44.3,74.4,69.7,84.88,88.74,129.76,109.94,75.54,72.82,49.8,47.74,25.3,25.3,62.41,0.07,25.3,26.08,34.0,34.0,34.0,34.0,34.0,34.0,34.0,34.0,34.0,34.0,34.0,34.0,56.1,41.0,48.72,53.68,60.94,70.48,90.44,84.06,71.14,68.06,49.1,47.06,8.12,6.45,1.67,-2.51,4.98,4.71,0.26,-0.7,8.36,5.6,2.76,-4.59,7.83,6.17,1.66,-2.6,9.54,7.0,2.53,-3.42,9.97,8.1,1.87,-2.25,14.58,10.4,4.18,-3.78,12.35,9.66,2.69,-2.68,8.49,8.18,0.31,-0.54,8.18,7.82,0.36,-0.61,5.6,5.64,-0.05,-0.12,5.36,5.41,-0.05,-0.13,29.67,3.41,33.79,3.72,34.0,7.13,34.0,63.46,-10.2,32.16,3.7,5.08,0.49,34.0,4.18,34.0,37.24,-1.4,48.66,5.59,31.44,3.41,34.0,9.0,34.0,80.1,-6.16,69.26,7.96,11.24,1.08,34.0,9.04,34.0,80.5,-1.5,71.96,8.27,6.19,0.51,34.0,8.78,34.0,78.15,-0.78,High,3,1.0
13,Standing evaporative cooler (DeLonghi),0.5,225.0,150.0,25,TskControl34,2025-02-11 13:26:01,2025-02-11_ID0_NoPCS_Ta25_TskControl34.csv,2025-02-11_ID13_Standing evaporative cooler (DeLonghi)_Mid_Angle225_Distance150_Ta25_TskControl34.csv,16.96,6.72,39.34,6.02,54.06,34.16,80.96,63.02,1.0,-0.58,-1.42,-1.8,25.1,25.2,64.36,0.06,25.16,25.96,34.0,34.0,34.0,34.0,34.0,34.0,34.0,34.0,34.0,34.0,34.0,34.0,73.06,47.72,88.06,59.7,115.0,104.64,171.4,147.08,72.14,67.48,47.68,45.26,25.3,25.3,62.41,0.07,25.3,26.08,34.0,34.0,34.0,34.0,34.0,34.0,34.0,34.0,34.0,34.0,34.0,34.0,56.1,41.0,48.72,53.68,60.94,70.48,90.44,84.06,71.14,68.06,49.1,47.06,8.26,6.45,1.82,-2.63,5.4,4.71,0.69,-1.43,9.96,5.6,4.36,-7.02,6.75,6.17,0.58,-0.98,13.01,7.0,6.0,-7.72,11.84,8.1,3.74,-4.22,19.39,10.4,8.99,-7.79,16.64,9.66,6.98,-6.52,8.16,8.18,-0.02,-0.12,7.63,7.82,-0.19,0.07,5.39,5.64,-0.25,0.25,5.12,5.41,-0.29,0.33,29.67,3.41,17.66,1.94,34.0,5.35,34.0,47.33,-4.14,32.16,3.7,9.56,1.02,34.0,4.72,34.0,41.72,-2.7,48.66,5.59,18.73,2.03,34.0,7.62,34.0,67.39,-3.72,69.26,7.96,17.73,1.88,34.0,9.84,34.0,86.99,-2.44,71.96,8.27,7.31,0.7,34.0,8.97,34.0,79.27,-0.95,Mid,2,0.5
13,Foot warmer (halogen heater),1.0,,,25,TskControl34,2025-02-10 13:42:59,2025-02-10_ID0_NoPCS_Ta25_TskControl34.csv,2025-02-10_ID13_Foot warmer (halogen heater)_High_Ta25_TskControl34.csv,-17.06,-8.52,-1.88,-6.18,-0.82,-3.7,-2.6,2.9,-70.04,-71.96,-39.72,-41.56,25.3,25.3,65.63,0.1,25.3,26.17,34.1,34.0,34.0,34.0,34.0,34.0,34.0,34.0,34.42,34.7,34.0,34.0,38.56,25.06,47.82,48.84,62.3,72.3,91.48,84.94,0.0,0.0,9.96,7.0,25.1,25.1,69.38,0.17,25.1,26.15,34.0,34.0,34.0,34.0,34.0,34.0,34.0,34.0,34.0,34.0,34.0,34.0,55.62,33.58,49.7,55.02,63.12,76.0,94.08,82.04,70.04,71.96,49.68,48.56,4.38,6.25,-1.87,2.73,2.88,3.77,-0.89,2.26,5.5,5.58,-0.09,0.34,5.61,6.18,-0.57,1.0,7.16,7.09,0.07,0.12,8.31,8.54,-0.23,0.43,10.51,10.57,-0.06,0.25,9.76,9.22,0.55,-0.31,0.0,7.87,-7.87,8.9,0.0,8.09,-8.09,8.9,1.14,5.58,-4.44,7.12,0.8,5.46,-4.65,7.62,29.13,3.27,-0.24,0.05,34.0,3.32,34.0,28.89,-0.02,30.59,3.44,-3.15,-0.28,34.0,3.15,34.0,27.44,0.9,46.83,5.26,-3.28,-0.26,34.0,5.01,34.0,43.55,0.59,67.48,7.58,-16.01,-1.67,34.0,5.92,34.0,51.47,2.08,70.57,7.93,-18.81,-1.98,34.0,5.95,34.0,51.76,2.39,High,3,1.0
13,Standing evaporative cooler (DeLonghi),0.5,180.0,150.0,25,TskControl34,2025-02-11 14:18:01,2025-02-11_ID0_NoPCS_Ta25_TskControl34.csv,2025-02-11_ID13_Standing evaporative cooler (DeLonghi)_Mid_Angle180_Distance150_Ta25_TskControl34.csv,13.42,8.4,37.86,3.74,49.12,23.14,50.5,26.06,-0.42,-0.28,-0.54,-0.38,25.2,25.1,66.02,0.0,25.1,26.17,34.0,34.0,34.0,34.0,34.0,34.0,34.0,34.0,34.0,34.0,34.0,34.0,69.52,49.4,86.58,57.42,110.06,93.62,140.94,110.12,70.72,67.78,48.56,46.68,25.3,25.3,62.41,0.07,25.3,26.08,34.0,34.0,34.0,34.0,34.0,34.0,34.0,34.0,34.0,34.0,34.0,34.0,56.1,41.0,48.72,53.68,60.94,70.48,90.44,84.06,71.14,68.06,49.1,47.06,7.81,6.45,1.36,-2.08,5.55,4.71,0.84,-1.78,9.73,5.6,4.13,-6.76,6.45,6.17,0.28,-0.61,12.37,7.0,5.36,-7.01,10.52,8.1,2.42,-2.86,15.84,10.4,5.44,-4.86,12.37,9.66,2.71,-2.7,7.95,8.18,-0.23,0.05,7.62,7.82,-0.21,0.04,5.46,5.64,-0.19,0.1,5.24,5.41,-0.16,0.07,29.67,3.41,23.31,2.54,34.0,5.95,34.0,52.98,-5.36,32.16,3.7,15.1,1.61,34.0,5.31,34.0,47.26,-4.15,48.66,5.59,12.09,1.23,34.0,6.83,34.0,60.75,-2.52,69.26,7.96,13.52,1.34,34.0,9.3,34.0,82.78,-1.9,71.96,8.27,0.83,-0.09,34.0,8.18,34.0,72.79,-0.16,Mid,2,0.5
13,Standing evaporative cooler (DeLonghi),0.5,270.0,150.0,25,TskControl34,2025-02-11 12:48:00,2025-02-11_ID0_NoPCS_Ta25_TskControl34.csv,2025-02-11_ID13_Standing evaporative cooler (DeLonghi)_Mid_Angle270_Distance150_Ta25_TskControl34.csv,12.34,-0.78,22.7,13.32,23.36,15.82,36.7,17.6,0.52,2.6,-0.62,-0.2,25.2,25.2,61.6,0.02,25.2,25.84,34.0,34.0,34.0,34.0,34.0,34.0,34.0,34.0,34.0,34.0,34.0,34.0,68.44,40.22,71.42,67.0,84.3,86.3,127.14,101.66,71.66,70.66,48.48,46.86,25.3,25.3,62.41,0.07,25.3,26.08,34.0,34.0,34.0,34.0,34.0,34.0,34.0,34.0,34.0,34.0,34.0,34.0,56.1,41.0,48.72,53.68,60.94,70.48,90.44,84.06,71.14,68.06,49.1,47.06,7.78,6.45,1.33,-1.91,4.57,4.71,-0.14,0.17,8.12,5.6,2.52,-4.05,7.61,6.17,1.44,-2.16,9.58,7.0,2.57,-3.33,9.81,8.1,1.71,-1.95,14.45,10.4,4.05,-3.53,11.55,9.66,1.89,-1.82,8.14,8.18,-0.03,-0.06,8.03,7.82,0.21,-0.33,5.51,5.64,-0.13,0.11,5.32,5.41,-0.08,0.04,29.67,3.41,27.02,3.03,34.0,6.44,34.0,56.69,-7.95,32.16,3.7,3.76,0.39,34.0,4.08,34.0,35.92,-1.03,48.66,5.59,26.76,2.98,34.0,8.57,34.0,75.41,-5.26,69.26,7.96,5.32,0.51,34.0,8.48,34.0,74.58,-0.73,71.96,8.27,2.4,0.18,34.0,8.45,34.0,74.36,-0.32,Mid,2,0.5
13,Foot warmer (halogen heater),0.0,,,25,TskControl34,2025-02-10 13:22:59,2025-02-10_ID0_NoPCS_Ta25_TskControl34.csv,2025-02-10_ID13_Foot warmer (halogen heater)_Low_Ta25_TskControl34.csv,-8.36,-4.54,1.08,-2.8,4.42,-3.16,9.5,2.78,-36.24,-39.96,-23.44,-25.0,25.0,25.2,67.23,0.08,25.11,26.0,34.0,34.0,34.0,34.0,34.0,34.0,34.0,34.0,34.0,34.0,34.0,34.0,47.26,29.04,50.78,52.22,67.54,72.84,103.58,84.82,33.8,32.0,26.24,23.56,25.1,25.1,69.38,0.17,25.1,26.15,34.0,34.0,34.0,34.0,34.0,34.0,34.0,34.0,34.0,34.0,34.0,34.0,55.62,33.58,49.7,55.02,63.12,76.0,94.08,82.04,70.04,71.96,49.68,48.56,5.32,6.25,-0.93,1.34,3.27,3.77,-0.51,1.2,5.71,5.58,0.13,-0.19,5.87,6.18,-0.31,0.45,7.6,7.09,0.51,-0.62,8.19,8.54,-0.35,0.37,11.65,10.57,1.08,-0.9,9.54,9.22,0.32,-0.3,3.8,7.87,-4.07,4.61,3.6,8.09,-4.49,4.94,2.95,5.58,-2.63,4.2,2.65,5.46,-2.81,4.58,29.13,3.27,0.49,0.06,34.0,3.33,34.0,29.62,-0.13,30.59,3.44,-1.36,-0.15,34.0,3.29,34.0,29.23,0.37,46.83,5.26,-0.3,-0.03,34.0,5.23,34.0,46.52,0.02,67.48,7.58,-7.88,-0.88,34.0,6.7,34.0,59.6,1.01,70.57,7.93,-10.23,-1.14,34.0,6.79,34.0,60.34,1.31,Low,1,0.0
13,Halogen heater (Goldair),0.0,90.0,100.0,25,TskControl34,2025-03-03 14:19:10,2025-03-03_ID0_NoPCS_Ta25_TskControl34_WinterClothing.csv,2025-03-03_ID13_Halogen heater (Goldair)_Low_Angle90_Distance100_Ta25_TskControl34_WinterClothing.csv,-8.78,-8.4,-2.14,-2.24,-0.98,-2.3,3.88,-2.42,-32.96,-33.28,-20.84,-20.36,25.4,25.1,46.17,0.07,25.24,25.24,34.0,34.0,34.0,34.0,34.0,34.0,34.0,34.0,34.0,34.0,34.0,34.0,34.76,13.24,27.24,29.52,36.72,34.36,73.0,78.88,36.2,37.34,26.62,25.4,25.1,25.1,48.87,0.18,25.1,25.15,34.0,34.0,34.0,34.0,34.0,34.0,34.0,34.0,34.0,34.0,34.0,34.0,43.54,21.64,29.38,31.76,37.7,36.66,69.12,81.3,69.16,70.62,47.46,45.76,3.97,4.89,-0.92,1.79,1.51,2.43,-0.92,3.45,3.11,3.3,-0.19,0.65,3.37,3.57,-0.2,0.63,4.19,4.24,-0.04,0.23,3.92,4.12,-0.2,0.56,8.33,7.77,0.57,-0.5,9.0,9.13,-0.13,0.26,4.13,7.77,-3.64,4.24,4.26,7.93,-3.67,4.19,3.04,5.33,-2.29,3.91,2.9,5.14,-2.24,3.96,30.88,3.47,-1.05,-0.06,34.0,3.41,34.0,29.83,0.21,17.37,1.95,-2.87,-0.3,34.0,1.66,34.0,14.5,1.47,27.45,3.08,-3.63,-0.37,34.0,2.72,34.0,23.82,1.19,52.97,5.95,-9.87,-1.04,34.01,4.92,34.0,43.1,1.81,64.09,7.2,-6.35,-0.61,34.0,6.59,34.0,57.74,0.93,Low,1,0.0
13,Halogen heater (Goldair),1.0,90.0,100.0,25,TskControl34,2025-03-03 14:42:50,2025-03-03_ID0_NoPCS_Ta25_TskControl34_WinterClothing.csv,2025-03-03_ID13_Halogen heater (Goldair)_High_Angle90_Distance100_Ta25_TskControl34_WinterClothing.csv,-15.88,-10.96,-2.96,-4.3,-1.88,-2.54,0.2,0.8,-69.16,-70.62,-34.52,-33.72,25.5,25.2,45.0,0.0,25.2,25.29,34.0,34.0,34.0,34.0,34.0,34.0,34.0,34.0,34.16,34.12,34.0,34.0,27.66,10.68,26.42,27.46,35.82,34.12,69.32,82.1,0.0,0.0,12.94,12.04,25.1,25.1,48.87,0.18,25.1,25.15,34.0,34.0,34.0,34.0,34.0,34.0,34.0,34.0,34.0,34.0,34.0,34.0,43.54,21.64,29.38,31.76,37.7,36.66,69.12,81.3,69.16,70.62,47.46,45.76,3.14,4.89,-1.75,3.25,1.21,2.43,-1.22,4.51,3.0,3.3,-0.3,0.9,3.12,3.57,-0.45,1.2,4.07,4.24,-0.17,0.44,3.88,4.12,-0.24,0.62,7.88,7.77,0.11,-0.03,9.33,9.13,0.19,-0.09,0.0,7.77,-7.77,8.9,0.0,7.93,-7.93,8.9,1.47,5.33,-3.86,6.47,1.37,5.14,-3.77,6.56,30.88,3.47,-1.85,-0.17,34.0,3.3,34.0,29.03,0.41,17.37,1.95,-3.38,-0.36,34.0,1.59,34.0,13.99,1.74,27.45,3.08,-4.25,-0.45,34.0,2.64,34.0,23.2,1.38,52.97,5.95,-13.12,-1.42,34.0,4.53,34.0,39.85,2.2,64.09,7.2,-13.23,-1.42,34.0,5.78,34.0,50.86,1.9,High,3,1.0
13,Standing evaporative cooler (DeLonghi),0.0,180.0,150.0,25,TskControl34,2025-02-11 13:58:01,2025-02-11_ID0_NoPCS_Ta25_TskControl34.csv,2025-02-11_ID13_Standing evaporative cooler (DeLonghi)_Low_Angle180_Distance150_Ta25_TskControl34.csv,10.2,6.06,33.8,3.02,38.46,16.2,34.9,19.04,-2.72,-0.56,-0.94,-1.42,25.0,25.1,64.74,0.07,25.05,25.96,34.0,34.0,34.0,34.0,34.0,34.0,34.0,34.0,34.0,34.0,34.0,34.0,66.3,47.06,82.52,56.7,99.4,86.68,125.34,103.1,68.42,67.5,48.16,45.64,25.3,25.3,62.41,0.07,25.3,26.08,34.0,34.0,34.0,34.0,34.0,34.0,34.0,34.0,34.0,34.0,34.0,34.0,56.1,41.0,48.72,53.68,60.94,70.48,90.44,84.06,71.14,68.06,49.1,47.06,7.41,6.45,0.96,-1.58,5.26,4.71,0.55,-1.29,9.22,5.6,3.62,-6.04,6.34,6.17,0.17,-0.49,11.11,7.0,4.1,-5.49,9.68,8.1,1.58,-2.0,14.0,10.4,3.61,-3.36,11.52,9.66,1.86,-1.97,7.64,8.18,-0.53,0.33,7.54,7.82,-0.28,0.07,5.38,5.64,-0.26,0.17,5.1,5.41,-0.31,0.26,29.67,3.41,18.69,1.99,34.0,5.4,34.0,48.36,-4.01,32.16,3.7,12.79,1.33,34.0,5.02,34.0,44.95,-3.53,48.66,5.59,10.63,1.03,34.0,6.62,34.0,59.28,-2.2,69.26,7.96,8.46,0.72,34.0,8.68,34.0,77.72,-1.23,71.96,8.27,-0.37,-0.27,34.0,8.0,34.0,71.59,-0.0,Low,1,0.0
13,Standing evaporative cooler (DeLonghi),0.0,225.0,150.0,25,TskControl34,2025-02-11 13:13:01,2025-02-11_ID0_NoPCS_Ta25_TskControl34.csv,2025-02-11_ID13_Standing evaporative cooler (DeLonghi)_Low_Angle225_Distance150_Ta25_TskControl34.csv,12.2,3.98,33.02,3.92,50.14,22.02,65.82,40.32,-0.56,-0.68,-0.84,-1.34,25.1,25.2,63.95,0.05,25.16,26.03,34.0,34.0,34.0,34.0,34.0,34.0,34.0,34.0,34.0,34.0,34.0,34.0,68.3,44.98,81.74,57.6,111.08,92.5,156.26,124.38,70.58,67.38,48.26,45.72,25.3,25.3,62.41,0.07,25.3,26.08,34.0,34.0,34.0,34.0,34.0,34.0,34.0,34.0,34.0,34.0,34.0,34.0,56.1,41.0,48.72,53.68,60.94,70.48,90.44,84.06,71.14,68.06,49.1,47.06,7.73,6.45,1.28,-1.89,5.09,4.71,0.38,-0.84,9.25,5.6,3.65,-5.9,6.52,6.17,0.35,-0.64,12.57,7.0,5.56,-7.16,10.46,8.1,2.36,-2.72,17.68,10.4,7.28,-6.33,14.07,9.66,4.41,-4.17,7.98,8.18,-0.19,0.07,7.62,7.82,-0.2,0.09,5.46,5.64,-0.18,0.15,5.17,5.41,-0.24,0.25,29.67,3.41,14.36,1.57,34.0,4.98,34.0,44.04,-3.28,32.16,3.7,8.22,0.87,34.0,4.57,34.0,40.38,-2.32,48.66,5.59,13.98,1.49,34.0,7.09,34.0,62.63,-2.85,69.26,7.96,8.82,0.87,34.0,8.83,34.0,78.08,-1.28,71.96,8.27,2.62,0.17,34.0,8.44,34.0,74.58,-0.37,Low,1,0.0
13,Standing evaporative cooler (DeLonghi),0.0,270.0,150.0,25,TskControl34,2025-02-11 12:59:01,2025-02-11_ID0_NoPCS_Ta25_TskControl34.csv,2025-02-11_ID13_Standing evaporative cooler (DeLonghi)_Low_Angle270_Distance150_Ta25_TskControl34.csv,8.5,-0.64,14.94,11.1,8.88,5.84,19.42,13.56,-0.5,2.72,-0.2,0.48,25.2,25.2,62.38,0.04,25.2,25.97,34.0,34.0,34.0,34.0,34.0,34.0,34.0,34.0,34.0,34.0,34.0,34.0,64.6,40.36,63.66,64.78,69.82,76.32,109.86,97.62,70.64,70.78,48.9,47.54,25.3,25.3,62.41,0.07,25.3,26.08,34.0,34.0,34.0,34.0,34.0,34.0,34.0,34.0,34.0,34.0,34.0,34.0,56.1,41.0,48.72,53.68,60.94,70.48,90.44,84.06,71.14,68.06,49.1,47.06,7.34,6.45,0.89,-1.32,4.59,4.71,-0.13,0.14,7.23,5.6,1.63,-2.67,7.36,6.17,1.19,-1.8,7.93,7.0,0.93,-1.27,8.67,8.1,0.57,-0.72,12.48,10.4,2.09,-1.87,11.09,9.66,1.43,-1.4,8.03,8.18,-0.15,0.06,8.04,7.82,0.22,-0.35,5.56,5.64,-0.09,0.04,5.4,5.41,-0.01,-0.09,29.67,3.41,23.28,2.61,34.0,6.02,34.0,52.96,-7.09,32.16,3.7,0.72,0.04,34.0,3.74,34.0,32.88,-0.21,48.66,5.59,21.52,2.38,34.0,7.98,34.0,70.18,-4.28,69.26,7.96,1.13,0.04,34.0,8.0,34.0,70.39,-0.17,71.96,8.27,1.26,0.05,34.0,8.32,34.0,73.22,-0.17,Low,1,0.0
14,Foot warmer (lomitech),0.5,,,25,TskControl34,2025-03-04 16:48:00,2025-03-04_ID0_NoPCS_Ta25_TskControl34_WinterClothingWithoutShoes.csv,2025-03-04_ID14_Foot warmer (lomitech)_High_Ta25_TskControl34_WinterClothingWithoutShoes.csv,-12.4,-22.68,-6.22,-5.84,-1.7,-2.26,-5.64,0.74,-16.66,-12.96,-73.4,-70.44,25.0,24.9,64.74,0.0,24.9,25.78,34.8,34.0,34.0,34.0,34.0,34.0,34.0,34.0,34.0,34.0,47.6,45.28,38.2,14.8,27.96,30.58,37.88,37.4,68.94,82.5,55.66,59.18,0.0,0.0,25.1,25.0,63.95,0.05,25.04,25.76,34.0,34.0,34.0,34.0,34.0,34.0,34.0,34.0,34.0,34.0,34.0,34.0,50.6,37.48,34.18,36.42,39.58,39.66,74.58,81.76,72.32,72.14,73.4,70.44,3.86,5.65,-1.79,2.2,1.63,4.18,-2.56,5.42,3.07,3.81,-0.74,1.63,3.36,4.06,-0.7,1.44,4.16,4.42,-0.25,0.38,4.11,4.43,-0.32,0.51,7.58,8.32,-0.75,0.68,9.07,9.13,-0.06,-0.08,6.12,8.07,-1.95,2.06,6.5,8.05,-1.55,1.61,0.0,8.19,-8.19,8.96,0.0,7.86,-7.86,8.96,31.38,3.5,-1.15,-0.18,34.0,3.32,34.0,30.24,0.2,24.33,2.72,-9.88,-1.13,34.0,1.59,34.0,14.45,3.64,36.48,4.07,-11.4,-1.32,34.0,2.76,34.0,25.08,2.77,60.81,6.79,-7.9,-0.97,34.0,5.81,34.0,52.91,1.18,71.48,7.98,-6.68,-0.86,34.0,7.12,34.0,64.8,0.84,High,5,0.5
14,Foot warmer (lomitech),0.0,,,25,TskControl34,2025-03-04 13:02:31,2025-03-04_ID0_NoPCS_Ta25_TskControl34_WinterClothingWithoutShoes.csv,2025-03-04_ID14_Foot warmer (lomitech)_Low_Ta25_TskControl34_WinterClothingWithoutShoes.csv,-11.66,-19.6,-5.0,-5.06,-1.68,-2.5,-4.36,-4.3,-13.02,-12.52,-73.4,-70.44,25.2,24.9,53.88,0.0,24.9,25.29,34.6,34.0,34.0,34.0,34.0,34.0,34.0,34.0,34.0,34.0,45.18,43.86,38.94,17.88,29.18,31.36,37.9,37.16,70.22,77.46,59.3,59.62,0.0,0.0,25.1,25.0,63.95,0.05,25.04,25.76,34.0,34.0,34.0,34.0,34.0,34.0,34.0,34.0,34.0,34.0,34.0,34.0,50.6,37.48,34.18,36.42,39.58,39.66,74.58,81.76,72.32,72.14,73.4,70.44,4.01,5.65,-1.63,2.06,1.96,4.18,-2.22,4.69,3.21,3.81,-0.61,1.31,3.45,4.06,-0.62,1.24,4.16,4.42,-0.25,0.38,4.08,4.43,-0.34,0.56,7.72,8.32,-0.61,0.52,8.51,9.13,-0.61,0.47,6.52,8.07,-1.55,1.61,6.55,8.05,-1.5,1.56,0.0,8.19,-8.19,8.96,0.0,7.86,-7.86,8.96,31.38,3.5,-1.28,-0.19,34.0,3.31,34.0,30.11,0.25,24.33,2.72,-8.41,-0.97,34.0,1.75,34.0,15.92,3.1,36.48,4.07,-10.72,-1.24,34.0,2.83,34.0,25.75,2.61,60.81,6.79,-6.68,-0.84,34.0,5.95,34.0,54.13,0.99,71.48,7.98,-6.28,-0.81,34.0,7.16,34.0,65.2,0.83,Low,1,0.0
14,Foot warmer (lomitech),0.25,,,22,TskControl34,2025-02-26 16:19:50,2025-02-26_ID0_NoPCS_Ta22_TskControl34_WinterClothingWithoutShoes.csv,2025-02-26_ID14_Foot warmer (lomitech)_Mid_Ta22_TskControl34_WinterClothingWithoutShoes.csv,3.3,-1.44,3.88,3.64,3.84,4.06,11.02,24.4,10.94,12.12,-35.42,-31.28,22.0,22.0,38.68,0.08,22.0,21.89,34.28,34.0,34.0,34.0,34.0,34.0,34.0,34.0,34.0,34.0,38.1,39.3,52.42,19.9,37.9,39.32,50.4,48.62,96.54,120.14,89.2,89.2,0.0,0.0,22.0,22.0,38.68,0.08,22.0,21.89,34.0,34.0,34.0,34.0,34.0,34.0,34.0,34.0,34.0,34.0,34.0,34.0,49.12,21.34,34.02,35.68,46.56,44.56,85.52,95.74,78.26,77.08,35.42,31.28,4.27,4.09,0.18,-0.81,1.66,1.78,-0.12,0.81,3.16,2.84,0.32,-1.37,3.28,2.97,0.3,-1.22,4.2,3.88,0.32,-0.99,4.05,3.71,0.34,-1.09,8.04,7.13,0.92,-1.55,10.01,7.98,2.03,-3.06,7.43,6.52,0.91,-1.68,7.43,6.42,1.01,-1.89,0.0,2.95,-2.95,12.0,0.0,2.61,-2.61,12.0,36.35,3.03,4.12,0.34,34.0,3.37,34.0,40.47,-1.06,19.05,1.59,1.26,0.11,34.0,1.69,34.0,20.31,-0.79,32.69,2.72,0.97,0.08,34.0,2.81,34.0,33.66,-0.42,64.42,5.37,8.88,0.74,34.0,6.11,34.0,73.3,-1.52,72.15,6.01,7.22,0.6,34.0,6.61,34.0,79.37,-1.17,Mid,3,0.25
14,Foot warmer (lomitech),0.0,,,22,TskControl34,2025-02-26 13:58:00,2025-02-26_ID0_NoPCS_Ta22_TskControl34_WinterClothingWithoutShoes.csv,2025-02-26_ID14_Foot warmer (lomitech)_Low_Ta22_TskControl34_WinterClothingWithoutShoes.csv,3.78,-0.5,3.42,3.6,4.1,5.02,12.7,28.26,12.32,13.06,-35.42,-31.28,22.0,22.0,55.91,0.15,22.0,22.22,34.3,34.0,34.0,34.0,34.0,34.0,34.0,34.0,34.0,34.0,38.12,39.82,52.9,20.84,37.44,39.28,50.66,49.58,98.22,124.0,90.58,90.14,0.0,0.0,22.0,22.0,38.68,0.08,22.0,21.89,34.0,34.0,34.0,34.0,34.0,34.0,34.0,34.0,34.0,34.0,34.0,34.0,49.12,21.34,34.02,35.68,46.56,44.56,85.52,95.74,78.26,77.08,35.42,31.28,4.3,4.09,0.21,-0.92,1.74,1.78,-0.04,0.28,3.12,2.84,0.28,-1.21,3.27,2.97,0.3,-1.21,4.22,3.88,0.34,-1.06,4.13,3.71,0.42,-1.35,8.18,7.13,1.06,-1.78,10.33,7.98,2.36,-3.54,7.55,6.52,1.03,-1.89,7.51,6.42,1.09,-2.03,0.0,2.95,-2.95,12.0,0.0,2.61,-2.61,12.0,36.35,3.03,4.01,0.33,34.0,3.36,34.0,40.36,-1.15,19.05,1.59,1.3,0.11,34.0,1.7,34.0,20.35,-0.82,32.69,2.72,1.17,0.1,34.0,2.82,34.0,33.86,-0.49,64.42,5.37,8.47,0.71,34.0,6.07,34.0,72.89,-1.43,72.15,6.01,8.47,0.71,34.0,6.72,34.0,80.62,-1.35,Low,1,0.0
14,Heating pad,0.75,,,22,TskControl34,2025-02-25 12:19:28,2025-02-25_ID0_NoPCS_Ta22_TskControl34_WinterClothing.csv,2025-02-25_ID14_Heating pad_Level4_PositionBack_Ta22_TskControl34_WinterClothing.csv,-16.62,-37.46,-3.06,-4.12,-0.66,-0.96,-1.36,9.88,-0.56,-2.96,-1.36,-0.02,22.4,22.4,30.02,0.0,22.4,22.11,34.4,34.0,34.0,34.0,34.0,34.0,34.0,34.0,34.0,34.0,34.0,34.0,44.76,2.12,38.42,38.02,46.06,47.38,103.66,117.54,92.3,91.76,64.48,63.1,22.4,22.4,30.02,0.0,22.4,22.11,34.0,34.0,34.0,34.0,34.0,34.0,34.0,34.0,34.0,34.0,34.0,34.0,61.38,39.58,41.48,42.14,46.72,48.34,105.02,107.66,92.86,94.72,65.84,63.12,3.73,5.29,-1.56,3.14,0.18,3.41,-3.23,10.98,3.31,3.58,-0.26,0.86,3.28,3.63,-0.36,1.13,3.97,4.03,-0.06,0.16,4.08,4.17,-0.08,0.23,8.94,9.05,-0.12,0.15,10.13,9.28,0.85,-1.06,7.96,8.01,-0.05,0.07,7.91,8.17,-0.26,0.36,5.56,5.68,-0.12,0.24,5.44,5.44,-0.0,0.0,39.94,3.44,0.65,0.06,34.0,3.5,34.0,40.58,-0.39,27.57,2.38,-6.97,-0.6,34.0,1.78,34.0,20.6,2.94,45.24,3.9,-45.24,-3.9,36.28,0.0,34.0,0.0,11.6,76.46,6.59,-28.55,-2.46,34.0,4.13,34.0,47.91,3.66,86.41,7.45,-32.66,-2.82,34.0,4.63,34.0,53.75,3.73,Level4,7,0.75
14,Heating pad,0.62,,,22,TskControl34,2025-02-25 14:48:00,2025-02-25_ID0_NoPCS_Ta22_TskControl34_WinterClothing.csv,2025-02-25_ID14_Heating pad_Level3_PositionHands_Ta22_TskControl34_WinterClothing.csv,-12.16,-24.7,-3.84,-2.4,-9.82,-8.8,-105.02,-107.66,-0.68,-2.54,-1.86,0.02,22.1,22.1,56.3,0.14,22.1,22.33,34.4,34.0,34.0,34.0,34.0,34.0,44.7,40.14,34.0,34.0,34.0,34.0,49.22,14.88,37.64,39.74,36.9,39.54,0.0,0.0,92.18,92.18,63.98,63.14,22.4,22.4,30.02,0.0,22.4,22.11,34.0,34.0,34.0,34.0,34.0,34.0,34.0,34.0,34.0,34.0,34.0,34.0,61.38,39.58,41.48,42.14,46.72,48.34,105.02,107.66,92.86,94.72,65.84,63.12,4.0,5.29,-1.29,2.3,1.25,3.41,-2.16,7.24,3.16,3.58,-0.41,1.07,3.34,3.63,-0.29,0.66,3.1,4.03,-0.93,2.44,3.32,4.17,-0.84,2.11,0.0,9.05,-9.05,11.6,0.0,9.28,-9.28,11.6,7.75,8.01,-0.26,0.08,7.75,8.17,-0.42,0.31,5.38,5.68,-0.3,0.33,5.31,5.44,-0.14,-0.0,39.94,3.44,0.99,-0.0,34.0,3.44,34.0,40.93,-1.1,27.57,2.38,-7.83,-0.72,34.0,1.66,34.0,19.74,3.29,45.24,3.9,-14.92,-1.35,34.0,2.55,34.0,30.33,3.75,76.46,6.59,-6.23,-0.69,34.0,5.9,34.0,70.23,1.01,86.41,7.45,-10.76,-1.09,34.0,6.36,34.0,75.65,1.41,Level3,6,0.62
14,Heating pad,0.62,,,22,TskControl34,2025-02-25 18:43:54,2025-02-25_ID0_NoPCS_Ta22_TskControl34_WinterClothing.csv,2025-02-25_ID14_Heating pad_Level3_PositionFeet_Ta22_TskControl34_WinterClothingWithoutShoes.csv,-17.74,-20.16,-4.42,-3.82,8.02,4.84,-105.02,-107.66,-31.58,-33.24,-65.84,-63.12,22.1,22.1,56.3,0.14,22.1,22.33,33.82,34.0,34.0,34.0,34.0,34.0,24.2,23.4,34.0,34.0,38.34,40.64,43.64,19.42,37.06,38.32,54.74,53.18,0.0,0.0,61.28,61.48,0.0,0.0,22.4,22.4,30.02,0.0,22.4,22.11,34.0,34.0,34.0,34.0,34.0,34.0,34.0,34.0,34.0,34.0,34.0,34.0,61.38,39.58,41.48,42.14,46.72,48.34,105.02,107.66,92.86,94.72,65.84,63.12,3.72,5.29,-1.57,3.35,1.63,3.41,-1.78,5.91,3.11,3.58,-0.46,1.24,3.22,3.63,-0.41,1.05,4.6,4.03,0.57,-1.99,4.47,4.17,0.3,-1.16,0.0,9.05,-9.05,11.6,0.0,9.28,-9.28,11.6,5.15,8.01,-2.86,3.94,5.17,8.17,-3.0,4.07,0.0,5.68,-5.68,11.6,0.0,5.44,-5.44,11.6,39.94,3.44,0.7,-0.03,34.0,3.42,34.0,40.64,-0.94,27.57,2.38,-7.59,-0.7,34.0,1.68,34.0,19.98,3.19,45.24,3.9,-11.92,-1.1,34.0,2.8,34.0,33.33,3.01,76.46,6.59,-4.52,-0.55,34.0,6.05,34.0,71.94,0.7,86.41,7.45,-6.9,-0.77,34.0,6.68,34.0,79.51,0.86,Level3,6,0.62
14,Heating pad,0.12,,,22,TskControl34,2025-02-25 14:30:13,2025-02-25_ID0_NoPCS_Ta22_TskControl34_WinterClothing.csv,2025-02-25_ID14_Heating pad_Level1_PositionHands_Ta22_TskControl34_WinterClothing.csv,-12.06,-27.3,-3.82,-2.26,-5.68,-6.14,-105.02,-107.66,-0.88,-2.2,-1.66,0.16,22.1,22.1,56.3,0.14,22.1,22.33,34.3,34.0,34.0,34.0,34.0,34.0,42.78,36.7,34.0,34.0,34.0,34.0,49.32,12.28,37.66,39.88,41.04,42.2,0.0,0.0,91.98,92.52,64.18,63.28,22.4,22.4,30.02,0.0,22.4,22.11,34.0,34.0,34.0,34.0,34.0,34.0,34.0,34.0,34.0,34.0,34.0,34.0,61.38,39.58,41.48,42.14,46.72,48.34,105.02,107.66,92.86,94.72,65.84,63.12,4.04,5.29,-1.25,2.28,1.03,3.41,-2.38,8.0,3.16,3.58,-0.41,1.07,3.35,3.63,-0.28,0.62,3.45,4.03,-0.58,1.41,3.55,4.17,-0.62,1.47,0.0,9.05,-9.05,11.6,0.0,9.28,-9.28,11.6,7.73,8.01,-0.28,0.11,7.77,8.17,-0.39,0.27,5.39,5.68,-0.28,0.29,5.32,5.44,-0.12,-0.03,39.94,3.44,0.63,-0.03,34.0,3.41,34.0,40.57,-1.02,27.57,2.38,-9.28,-0.84,34.0,1.54,34.0,18.29,3.91,45.24,3.9,-16.48,-1.48,34.0,2.42,34.0,28.77,4.08,76.46,6.59,-3.11,-0.43,34.0,6.16,34.0,73.35,0.38,86.41,7.45,-10.62,-1.08,34.0,6.37,34.0,75.79,1.42,Level1,2,0.12
14,Heating pad,0.12,,,22,TskControl34,2025-02-25 18:29:24,2025-02-25_ID0_NoPCS_Ta22_TskControl34_WinterClothing.csv,2025-02-25_ID14_Heating pad_Level1_PositionFeet_Ta22_TskControl34_WinterClothingWithoutShoes.csv,-16.74,-19.1,-4.08,-3.24,8.26,4.9,-105.02,-107.66,-25.78,-27.04,-65.84,-63.12,22.1,22.1,56.3,0.14,22.1,22.33,33.7,34.0,34.0,34.0,34.0,34.0,24.32,23.4,34.0,34.0,36.8,38.9,44.64,20.48,37.4,38.9,54.98,53.24,0.0,0.0,67.08,67.68,0.0,0.0,22.4,22.4,30.02,0.0,22.4,22.11,34.0,34.0,34.0,34.0,34.0,34.0,34.0,34.0,34.0,34.0,34.0,34.0,61.38,39.58,41.48,42.14,46.72,48.34,105.02,107.66,92.86,94.72,65.84,63.12,3.85,5.29,-1.44,3.16,1.72,3.41,-1.69,5.6,3.14,3.58,-0.43,1.14,3.27,3.63,-0.36,0.89,4.62,4.03,0.59,-2.05,4.47,4.17,0.31,-1.18,0.0,9.05,-9.05,11.6,0.0,9.28,-9.28,11.6,5.64,8.01,-2.37,3.22,5.69,8.17,-2.48,3.31,0.0,5.68,-5.68,11.6,0.0,5.44,-5.44,11.6,39.94,3.44,1.09,0.0,34.0,3.45,34.0,41.03,-1.07,27.57,2.38,-7.39,-0.68,34.0,1.7,34.0,20.18,3.11,45.24,3.9,-11.89,-1.1,34.0,2.8,34.0,33.35,3.01,76.46,6.59,-4.15,-0.51,34.0,6.08,34.0,72.31,0.64,86.41,7.45,-6.6,-0.74,34.0,6.71,34.0,79.81,0.81,Level1,2,0.12
14,Heating pad,0.12,,,22,TskControl34,2025-02-25 11:23:13,2025-02-25_ID0_NoPCS_Ta22_TskControl34_WinterClothing.csv,2025-02-25_ID14_Heating pad_Level1_PositionBack_Ta22_TskControl34_WinterClothing.csv,-11.84,-10.46,-0.92,-1.8,0.32,-0.16,-1.0,7.26,1.1,-1.96,-1.26,0.8,22.4,22.4,30.02,0.0,22.4,22.11,34.1,34.0,34.0,34.0,34.0,34.0,34.0,34.0,34.0,34.0,34.0,34.0,49.54,29.12,40.56,40.34,47.04,48.18,104.02,114.92,93.96,92.76,64.58,63.92,22.4,22.4,30.02,0.0,22.4,22.11,34.0,34.0,34.0,34.0,34.0,34.0,34.0,34.0,34.0,34.0,34.0,34.0,61.38,39.58,41.48,42.14,46.72,48.34,105.02,107.66,92.86,94.72,65.84,63.12,4.23,5.29,-1.06,2.24,2.51,3.41,-0.9,3.07,3.5,3.58,-0.08,0.26,3.48,3.63,-0.16,0.5,4.06,4.03,0.03,-0.08,4.15,4.17,-0.01,0.04,8.97,9.05,-0.09,0.11,9.91,9.28,0.63,-0.78,8.1,8.01,0.09,-0.14,8.0,8.17,-0.17,0.24,5.57,5.68,-0.11,0.22,5.51,5.44,0.07,-0.15,39.94,3.44,1.35,0.12,34.0,3.56,34.0,41.29,-0.54,27.57,2.38,-2.78,-0.24,34.0,2.14,34.0,24.79,1.17,45.24,3.9,-39.4,-3.4,34.39,0.5,34.0,5.84,9.89,76.46,6.59,-19.42,-1.67,34.0,4.92,34.0,57.04,2.37,86.41,7.45,-23.75,-2.05,34.0,5.4,34.0,62.66,2.62,Level1,2,0.12
14,Heating pad,0.75,,,22,TskControl34,2025-02-26 12:15:09,2025-02-26_ID0_NoPCS_Ta22_TskControl34_WinterClothingWithoutShoes.csv,2025-02-26_ID14_Heating pad_Level4_PositionFeet_Ta22_TskControl34_WinterClothingWithoutShoes.csv,-0.15,1.03,4.35,4.15,4.06,4.12,12.38,27.48,-20.68,-18.15,-35.42,-31.28,22.0,22.2,61.65,0.09,22.1,22.45,34.5,34.0,34.0,34.0,34.0,34.0,34.0,34.0,34.0,34.0,40.5,43.18,48.97,22.37,38.37,39.83,50.62,48.68,97.9,123.22,57.58,58.93,0.0,0.0,22.0,22.0,38.68,0.08,22.0,21.89,34.0,34.0,34.0,34.0,34.0,34.0,34.0,34.0,34.0,34.0,34.0,34.0,49.12,21.34,34.02,35.68,46.56,44.56,85.52,95.74,78.26,77.08,35.42,31.28,3.95,4.09,-0.14,0.04,1.88,1.78,0.1,-0.58,3.22,2.84,0.39,-1.53,3.35,2.97,0.37,-1.4,4.25,3.88,0.37,-1.05,4.09,3.71,0.38,-1.11,8.23,7.13,1.1,-1.74,10.35,7.98,2.38,-3.44,4.84,6.52,-1.68,3.17,4.95,6.42,-1.47,2.83,0.0,2.95,-2.95,12.0,0.0,2.61,-2.61,12.0,36.35,3.03,4.12,0.37,34.0,3.4,34.0,40.47,-1.12,19.05,1.59,2.43,0.22,34.0,1.8,34.0,21.48,-1.53,32.69,2.72,1.82,0.18,34.0,2.9,34.0,34.51,-0.76,64.42,5.37,7.46,0.67,34.0,6.04,34.0,71.88,-1.3,72.15,6.01,7.86,0.71,34.0,6.72,34.0,80.01,-1.28,Level4,7,0.75
14,Heating pad,0.62,,,22,TskControl34,2025-02-26 11:56:54,2025-02-26_ID0_NoPCS_Ta22_TskControl34_WinterClothingWithoutShoes.csv,2025-02-26_ID14_Heating pad_Level3_PositionFeet_Ta22_TskControl34_WinterClothingWithoutShoes.csv,0.55,3.03,4.5,4.79,4.54,3.32,12.85,27.38,-17.11,-17.61,-35.42,-31.28,22.1,22.1,58.17,0.17,22.1,22.37,34.5,34.0,34.0,34.0,34.0,34.0,34.0,34.0,34.0,34.0,40.4,42.62,49.67,24.37,38.52,40.47,51.1,47.88,98.37,123.12,61.15,59.47,0.0,0.0,22.0,22.0,38.68,0.08,22.0,21.89,34.0,34.0,34.0,34.0,34.0,34.0,34.0,34.0,34.0,34.0,34.0,34.0,49.12,21.34,34.02,35.68,46.56,44.56,85.52,95.74,78.26,77.08,35.42,31.28,4.01,4.09,-0.09,-0.13,2.05,1.78,0.27,-1.7,3.24,2.84,0.4,-1.59,3.4,2.97,0.43,-1.61,4.29,3.88,0.41,-1.17,4.02,3.71,0.31,-0.89,8.27,7.13,1.14,-1.8,10.35,7.98,2.37,-3.43,5.14,6.52,-1.38,2.62,5.0,6.42,-1.43,2.74,0.0,2.95,-2.95,12.0,0.0,2.61,-2.61,12.0,36.35,3.03,4.5,0.4,34.0,3.43,34.0,40.85,-1.19,19.05,1.59,4.33,0.38,34.0,1.96,34.0,23.38,-2.78,32.69,2.72,2.21,0.21,34.0,2.93,34.0,34.9,-0.91,64.42,5.37,7.93,0.71,34.0,6.08,34.0,72.35,-1.38,72.15,6.01,7.82,0.71,34.0,6.72,34.0,79.97,-1.28,Level3,6,0.62
14,Heating pad,0.62,,,25,TskControl34,2025-02-10 15:29:59,2025-02-10_ID0_NoPCS_Ta25_TskControl34.csv,2025-02-10_ID14_Heating pad_Level3_Ta25_TskControl34.csv,-17.74,-23.08,-3.3,-8.3,5.54,-3.56,5.8,2.64,-5.68,-6.76,-3.88,-6.42,25.3,25.3,63.6,0.06,25.3,26.06,34.5,34.0,34.0,34.0,34.0,34.0,34.0,34.0,34.0,34.0,34.0,34.0,37.88,10.5,46.4,46.72,68.66,72.44,99.88,84.68,64.36,65.2,45.8,42.14,25.1,25.1,69.38,0.17,25.1,26.15,34.0,34.0,34.0,34.0,34.0,34.0,34.0,34.0,34.0,34.0,34.0,34.0,55.62,33.58,49.7,55.02,63.12,76.0,94.08,82.04,70.04,71.96,49.68,48.56,4.12,6.25,-2.13,2.84,1.21,3.77,-2.57,6.12,5.33,5.58,-0.25,0.59,5.37,6.18,-0.81,1.34,7.89,7.09,0.8,-0.78,8.33,8.54,-0.21,0.42,11.48,10.57,0.91,-0.55,9.73,9.22,0.52,-0.29,7.4,7.87,-0.47,0.72,7.49,8.09,-0.59,0.84,5.26,5.58,-0.32,0.7,4.84,5.46,-0.61,1.18,29.13,3.27,0.44,0.13,34.0,3.4,34.0,29.57,0.34,30.59,3.44,-12.76,-1.39,34.0,2.05,34.0,17.83,3.7,46.83,5.26,-46.83,-5.26,37.3,0.0,34.0,0.0,8.9,67.48,7.58,-27.2,-2.95,34.0,4.63,34.0,40.28,3.3,70.57,7.93,-32.82,-3.59,34.0,4.34,34.0,37.75,3.94,Level3,6,0.62
14,Heating pad,1.0,,,25,TskControl34,2025-02-10 16:37:59,2025-02-10_ID0_NoPCS_Ta25_TskControl34.csv,2025-02-10_ID14_Heating pad_Level6_Ta25_TskControl34.csv,-17.3,-32.36,-0.72,-6.4,11.3,0.2,14.2,9.26,-1.08,-2.14,-1.8,-3.36,24.8,25.2,64.7,0.05,25.03,25.83,34.8,34.0,34.0,34.0,34.0,34.0,34.0,34.0,34.0,34.0,34.0,34.0,38.32,1.22,48.98,48.62,74.42,76.2,108.28,91.3,68.96,69.82,47.88,45.2,25.1,25.1,69.38,0.17,25.1,26.15,34.0,34.0,34.0,34.0,34.0,34.0,34.0,34.0,34.0,34.0,34.0,34.0,55.62,33.58,49.7,55.02,63.12,76.0,94.08,82.04,70.04,71.96,49.68,48.56,3.92,6.25,-2.33,2.77,0.14,3.77,-3.64,8.58,5.46,5.58,-0.12,0.13,5.42,6.18,-0.76,1.04,8.3,7.09,1.2,-1.59,8.49,8.54,-0.04,-0.02,12.07,10.57,1.5,-1.34,10.18,9.22,0.96,-1.0,7.69,7.87,-0.18,0.14,7.78,8.09,-0.3,0.26,5.34,5.58,-0.24,0.32,5.04,5.46,-0.42,0.62,29.13,3.27,2.04,0.2,34.0,3.48,34.0,31.17,-0.17,30.59,3.44,-17.61,-1.99,34.0,1.45,34.0,12.98,5.12,46.83,5.26,-46.83,-5.26,38.96,0.0,34.0,0.0,8.9,67.48,7.58,-28.56,-3.24,34.0,4.34,34.0,38.92,3.42,70.57,7.93,-36.29,-4.11,34.0,3.82,34.0,34.28,4.34,Level6,9,1.0
14,Heating pad,0.75,,,25,TskControl34,2025-02-10 16:15:59,2025-02-10_ID0_NoPCS_Ta25_TskControl34.csv,2025-02-10_ID14_Heating pad_Level4_Ta25_TskControl34.csv,-18.38,-29.98,-1.88,-7.92,7.16,-3.66,5.1,1.1,-4.98,-7.02,-3.74,-5.44,25.3,25.3,64.0,0.05,25.3,26.17,34.6,34.0,34.0,34.0,34.0,34.0,34.0,34.0,34.0,34.0,34.0,34.0,37.24,3.6,47.82,47.1,70.28,72.34,99.18,83.14,65.06,64.94,45.94,43.12,25.1,25.1,69.38,0.17,25.1,26.15,34.0,34.0,34.0,34.0,34.0,34.0,34.0,34.0,34.0,34.0,34.0,34.0,55.62,33.58,49.7,55.02,63.12,76.0,94.08,82.04,70.04,71.96,49.68,48.56,4.0,6.25,-2.25,2.94,0.41,3.77,-3.36,7.95,5.5,5.58,-0.09,0.34,5.41,6.18,-0.77,1.28,8.08,7.09,0.99,-1.01,8.31,8.54,-0.22,0.43,11.4,10.57,0.83,-0.48,9.56,9.22,0.34,-0.12,7.48,7.87,-0.39,0.63,7.46,8.09,-0.62,0.87,5.28,5.58,-0.3,0.67,4.96,5.46,-0.5,1.0,29.13,3.27,0.37,0.12,34.0,3.39,34.0,29.5,0.37,30.59,3.44,-15.69,-1.72,34.0,1.71,34.0,14.9,4.55,46.83,5.26,-46.83,-5.26,38.04,0.0,34.0,0.0,8.9,67.48,7.58,-27.99,-3.04,34.0,4.54,34.0,39.49,3.39,70.57,7.93,-34.27,-3.76,34.0,4.17,34.0,36.3,4.11,Level4,7,0.75
14,Heating pad,0.12,,,25,TskControl34,2025-02-10 14:36:59,2025-02-10_ID0_NoPCS_Ta25_TskControl34.csv,2025-02-10_ID14_Heating pad_Level 1_Ta25_TskControl34.csv,-15.3,-8.04,-1.8,-6.78,5.26,-3.02,5.56,3.08,-6.52,-8.06,-6.02,-8.2,25.3,25.3,65.63,0.0,25.3,26.17,34.2,34.0,34.0,34.0,34.0,34.0,34.0,34.0,34.0,34.0,34.0,34.0,40.32,25.54,47.9,48.24,68.38,72.98,99.64,85.12,63.52,63.9,43.66,40.36,25.1,25.1,69.38,0.17,25.1,26.15,34.0,34.0,34.0,34.0,34.0,34.0,34.0,34.0,34.0,34.0,34.0,34.0,55.62,33.58,49.7,55.02,63.12,76.0,94.08,82.04,70.04,71.96,49.68,48.56,4.53,6.25,-1.72,2.45,2.94,3.77,-0.84,2.13,5.51,5.58,-0.08,0.32,5.54,6.18,-0.64,1.1,7.86,7.09,0.77,-0.74,8.39,8.54,-0.15,0.35,11.45,10.57,0.88,-0.53,9.78,9.22,0.57,-0.33,7.3,7.87,-0.57,0.83,7.34,8.09,-0.74,1.0,5.02,5.58,-0.56,1.08,4.64,5.46,-0.82,1.5,29.13,3.27,0.95,0.18,34.0,3.46,34.0,30.08,0.29,30.59,3.44,-6.05,-0.62,34.0,2.82,34.0,24.54,1.73,46.83,5.26,-46.83,-5.26,35.15,0.0,34.0,0.0,8.9,67.48,7.58,-22.08,-2.36,34.0,5.22,34.0,45.4,2.68,70.57,7.93,-26.06,-2.81,34.0,5.12,34.0,44.51,3.13,Level1,2,0.12
14,Heating pad,1.0,,,22,TskControl34,2025-02-26 12:57:54,2025-02-26_ID0_NoPCS_Ta22_TskControl34_WinterClothingWithoutShoes.csv,2025-02-26_ID14_Heating pad_Level6_PositionFeet_Ta22_TskControl34_WinterClothingWithoutShoes.csv,-1.4,-0.42,4.42,5.82,4.6,4.14,14.06,29.4,-28.58,-26.44,-35.42,-31.28,22.0,22.0,59.68,0.12,22.0,22.4,34.7,34.0,34.0,34.0,34.0,34.0,34.0,34.0,34.0,34.0,43.22,46.52,47.72,20.92,38.44,41.5,51.16,48.7,99.58,125.14,49.68,50.64,0.0,0.0,22.0,22.0,38.68,0.08,22.0,21.89,34.0,34.0,34.0,34.0,34.0,34.0,34.0,34.0,34.0,34.0,34.0,34.0,49.12,21.34,34.02,35.68,46.56,44.56,85.52,95.74,78.26,77.08,35.42,31.28,3.76,4.09,-0.34,0.34,1.74,1.78,-0.04,0.24,3.2,2.84,0.37,-1.56,3.46,2.97,0.48,-1.96,4.26,3.88,0.38,-1.19,4.06,3.71,0.35,-1.11,8.3,7.13,1.17,-1.97,10.43,7.98,2.45,-3.68,4.14,6.52,-2.38,4.38,4.22,6.42,-2.2,4.12,0.0,2.95,-2.95,12.0,0.0,2.61,-2.61,12.0,36.35,3.03,4.11,0.34,34.0,3.37,34.0,40.46,-1.1,19.05,1.59,1.31,0.11,34.0,1.7,34.0,20.36,-0.83,32.69,2.72,1.2,0.1,34.0,2.82,34.0,33.9,-0.52,64.42,5.37,6.83,0.57,34.0,5.94,34.0,71.25,-1.19,72.15,6.01,6.96,0.58,34.0,6.59,34.0,79.11,-1.1,Level6,9,1.0
14,Foot warmer (Hodeamy),0.75,,,22,TskControl34,2025-02-27 17:52:38,2025-02-27_ID0_NoPCS_Ta22_TskControl34_WinterClothingWithoutShoes.csv,2025-02-27_ID14_Foot warmer (Hodeamy)_Level4_Ta22_TskControl34_WinterClothingWithoutShoes.csv,-3.04,-2.98,-0.3,-0.54,-0.4,0.64,-1.66,-0.72,-5.06,-5.18,-27.88,-17.66,22.1,22.1,34.91,0.14,22.1,21.92,34.0,34.0,34.0,34.0,34.0,34.0,34.0,34.0,34.0,34.0,34.0,34.0,52.68,18.66,38.5,38.76,50.36,48.64,99.48,125.24,86.3,86.42,11.24,16.2,22.1,22.1,34.91,0.14,22.1,21.92,34.0,34.0,34.0,34.0,34.0,34.0,34.0,34.0,34.0,34.0,34.0,34.0,55.72,21.64,38.8,39.3,50.76,48.0,101.14,125.96,91.36,91.6,39.12,33.86,4.43,4.68,-0.26,0.65,1.57,1.82,-0.25,1.64,3.24,3.26,-0.03,0.09,3.26,3.3,-0.05,0.16,4.23,4.27,-0.03,0.09,4.09,4.03,0.05,-0.16,8.36,8.5,-0.14,0.2,10.52,10.58,-0.06,0.07,7.25,7.68,-0.43,0.66,7.26,7.7,-0.44,0.67,0.94,3.29,-2.34,8.48,1.36,2.85,-1.48,6.21,40.17,3.38,-0.42,-0.03,34.0,3.34,34.0,39.75,0.11,20.9,1.76,-1.16,-0.1,34.0,1.66,34.0,19.74,0.66,34.5,2.9,-0.8,-0.07,34.0,2.83,34.0,33.7,0.25,73.67,6.19,-3.1,-0.26,34.0,5.93,34.0,70.57,0.52,81.31,6.83,-1.96,-0.16,34.0,6.67,34.0,79.35,0.23,Level4,7,0.75
14,Heating pad (Koreal),0.75,,,25,TskControl34,2025-03-01 19:03:43,2025-03-01_ID0_NoPCS_Ta22_TskControl34_WinterClothing.csv,2025-03-01_ID14_Heating pad (Koreal)_Level4_Position_Back_Ta25_TskControl34_WinterClothing.csv,-15.42,-32.96,-7.38,-4.86,-2.54,-1.68,-5.12,-1.54,-5.36,-5.64,-4.18,-4.66,25.2,25.2,43.18,0.13,25.2,25.1,34.66,34.76,34.0,34.0,34.0,34.0,34.0,34.0,34.0,34.0,34.0,34.0,32.04,0.0,25.24,29.42,36.4,37.06,69.66,81.0,66.92,68.4,46.24,43.5,24.9,24.7,44.25,0.12,24.8,24.77,34.0,34.0,34.0,34.0,34.0,34.0,34.0,34.0,34.0,34.0,34.0,34.0,47.46,32.96,32.62,34.28,38.94,38.74,74.78,82.54,72.28,74.04,50.42,48.16,3.39,5.16,-1.77,2.99,0.0,3.58,-3.58,9.2,2.87,3.55,-0.68,2.08,3.34,3.73,-0.38,1.3,4.14,4.23,-0.1,0.6,4.21,4.21,0.0,0.4,7.92,8.13,-0.21,0.63,9.2,8.97,0.23,0.17,7.6,7.86,-0.25,0.68,7.77,8.05,-0.28,0.7,5.25,5.48,-0.23,0.76,4.94,5.23,-0.29,0.89,31.7,3.45,-2.31,-0.11,34.0,3.34,34.0,29.38,0.81,22.3,2.42,-16.44,-1.76,34.0,0.67,34.0,5.86,6.8,34.6,3.76,-34.6,-3.76,37.88,0.0,34.0,0.0,9.2,57.64,6.27,-26.47,-2.72,34.0,3.54,34.0,31.17,3.79,65.8,7.15,-18.76,-1.81,34.0,5.35,34.0,47.04,2.4,Level4,7,0.75
14,Heating pad (Koreal),1.0,,,25,TskControl34,2025-03-01 19:44:20,2025-03-01_ID0_NoPCS_Ta22_TskControl34_WinterClothing.csv,2025-03-01_ID14_Heating pad (Koreal)_Level6_Position_Back_Ta25_TskControl34_WinterClothing.csv,-17.68,-32.96,-8.24,-5.5,-1.88,-1.72,-5.64,-3.44,-5.06,-6.36,-4.42,-4.72,25.3,25.1,47.05,0.18,25.21,25.27,34.9,35.34,34.0,34.0,34.0,34.0,34.0,34.0,34.0,34.0,34.0,34.0,29.78,0.0,24.38,28.78,37.06,37.02,69.14,79.1,67.22,67.68,46.0,43.44,24.9,24.7,44.25,0.12,24.8,24.77,34.0,34.0,34.0,34.0,34.0,34.0,34.0,34.0,34.0,34.0,34.0,34.0,47.46,32.96,32.62,34.28,38.94,38.74,74.78,82.54,72.28,74.04,50.42,48.16,3.07,5.16,-2.09,3.43,0.0,3.58,-3.58,9.2,2.77,3.55,-0.77,2.32,3.27,3.73,-0.45,1.48,4.22,4.23,-0.02,0.44,4.21,4.21,0.0,0.41,7.87,8.13,-0.26,0.69,9.0,8.97,0.03,0.38,7.65,7.86,-0.21,0.64,7.7,8.05,-0.35,0.79,5.23,5.48,-0.25,0.81,4.94,5.23,-0.29,0.9,31.7,3.45,-3.08,-0.19,34.0,3.26,34.0,28.62,0.98,22.3,2.42,-20.42,-2.21,34.0,0.21,34.0,1.88,8.45,34.6,3.76,-34.6,-3.76,39.19,0.0,34.0,0.0,9.2,57.64,6.27,-34.99,-3.69,34.0,2.58,34.0,22.65,4.98,65.8,7.15,-24.92,-2.5,34.0,4.65,34.0,40.88,3.19,Level6,9,1.0
14,Heating pad,1.0,,,25,TskControl34,2025-02-10 16:37:59,2025-02-10_ID0_NoPCS_Ta25_TskControl34.csv,2025-02-10_ID14_Heating pad_Level6_Ta25_TskControl34.csv,-17.3,-32.36,-0.72,-6.4,11.3,0.2,14.2,9.26,-1.08,-2.14,-1.8,-3.36,24.8,25.2,64.7,0.05,25.03,25.83,34.8,34.0,34.0,34.0,34.0,34.0,34.0,34.0,34.0,34.0,34.0,34.0,38.32,1.22,48.98,48.62,74.42,76.2,108.28,91.3,68.96,69.82,47.88,45.2,25.1,25.1,69.38,0.17,25.1,26.15,34.0,34.0,34.0,34.0,34.0,34.0,34.0,34.0,34.0,34.0,34.0,34.0,55.62,33.58,49.7,55.02,63.12,76.0,94.08,82.04,70.04,71.96,49.68,48.56,3.92,6.25,-2.33,2.77,0.14,3.77,-3.64,8.58,5.46,5.58,-0.12,0.13,5.42,6.18,-0.76,1.04,8.3,7.09,1.2,-1.59,8.49,8.54,-0.04,-0.02,12.07,10.57,1.5,-1.34,10.18,9.22,0.96,-1.0,7.69,7.87,-0.18,0.14,7.78,8.09,-0.3,0.26,5.34,5.58,-0.24,0.32,5.04,5.46,-0.42,0.62,29.13,3.27,2.04,0.2,34.0,3.48,34.0,31.17,-0.17,30.59,3.44,-17.61,-1.99,34.0,1.45,34.0,12.98,5.12,46.83,5.26,-46.83,-5.26,38.96,0.0,34.0,0.0,8.9,67.48,7.58,-28.56,-3.24,34.0,4.34,34.0,38.92,3.42,70.57,7.93,-36.29,-4.11,34.0,3.82,34.0,34.28,4.34,Level6,9,1.0
14,Heating pad (Koreal),0.62,,,22,TskControl34,2025-03-01 18:41:13,2025-03-01_ID0_NoPCS_Ta22_TskControl34_WinterClothing.csv,2025-03-01_ID14_Heating pad (Koreal)_Level3_Position_Back_Ta22_TskControl34_WinterClothing.csv,-16.28,-32.96,-7.28,-5.9,-2.74,-2.94,-6.2,-5.86,-6.28,-6.92,-4.28,-3.82,25.3,25.3,30.23,0.09,25.3,24.65,34.6,34.4,34.0,34.0,34.0,34.0,34.0,34.0,34.0,34.0,34.0,34.0,31.18,0.0,25.34,28.38,36.2,35.8,68.58,76.68,66.0,67.12,46.14,44.34,24.9,24.7,44.25,0.12,24.8,24.77,34.0,34.0,34.0,34.0,34.0,34.0,34.0,34.0,34.0,34.0,34.0,34.0,47.46,32.96,32.62,34.28,38.94,38.74,74.78,82.54,72.28,74.04,50.42,48.16,3.35,5.16,-1.81,3.16,0.0,3.58,-3.58,9.2,2.91,3.55,-0.63,2.05,3.26,3.73,-0.46,1.58,4.16,4.23,-0.07,0.65,4.11,4.21,-0.1,0.7,7.88,8.13,-0.25,0.76,8.81,8.97,-0.16,0.65,7.59,7.86,-0.27,0.8,7.71,8.05,-0.33,0.86,5.3,5.48,-0.18,0.78,5.1,5.23,-0.14,0.73,31.7,3.45,-2.56,-0.1,34.0,3.35,34.0,29.14,0.85,22.3,2.42,-14.73,-1.55,34.0,0.87,34.0,7.57,6.09,34.6,3.76,-34.6,-3.76,37.56,0.0,34.0,0.0,9.2,57.64,6.27,-29.01,-2.97,34.0,3.29,34.0,28.63,4.11,65.8,7.15,-21.64,-2.08,34.0,5.08,34.0,44.16,2.76,Level3,6,0.62
14,Heating pad (Koreal),0.12,,,22,TskControl34,2025-03-01 17:17:48,2025-03-01_ID0_NoPCS_Ta22_TskControl34_WinterClothing.csv,2025-03-01_ID14_Heating pad (Koreal)_Level1_Position_Back_Ta22_TskControl34_WinterClothing.csv,-10.16,-11.0,-3.32,-1.8,-1.3,-0.96,-3.52,2.2,-2.04,-2.5,-1.74,-1.2,25.0,24.8,35.04,0.13,24.91,24.54,34.0,34.0,34.0,34.0,34.0,34.0,34.0,34.0,34.0,34.0,34.0,34.0,37.3,21.96,29.3,32.48,37.64,37.78,71.26,84.74,70.24,71.54,48.68,46.96,24.9,24.7,44.25,0.12,24.8,24.77,34.0,34.0,34.0,34.0,34.0,34.0,34.0,34.0,34.0,34.0,34.0,34.0,47.46,32.96,32.62,34.28,38.94,38.74,74.78,82.54,72.28,74.04,50.42,48.16,4.1,5.16,-1.06,1.97,2.42,3.58,-1.17,3.07,3.22,3.55,-0.32,0.94,3.57,3.73,-0.15,0.48,4.14,4.23,-0.09,0.31,4.16,4.21,-0.05,0.23,7.84,8.13,-0.29,0.43,9.32,8.97,0.35,-0.25,7.73,7.86,-0.13,0.26,7.87,8.05,-0.18,0.31,5.36,5.48,-0.13,0.32,5.17,5.23,-0.07,0.23,31.7,3.45,-0.77,-0.04,34.0,3.4,34.0,30.92,0.43,22.3,2.42,-3.37,-0.34,34.0,2.08,34.0,18.93,1.39,34.6,3.76,-33.7,-3.66,34.26,0.1,34.0,0.9,8.93,57.64,6.27,-17.42,-1.84,34.0,4.42,34.0,40.22,2.34,65.8,7.15,-11.16,-1.14,34.0,6.01,34.0,54.64,1.3,Level1,2,0.12
14,Foot warmer (lomitech),0.25,,,25,TskControl34,2025-03-04 14:27:21,2025-03-04_ID0_NoPCS_Ta25_TskControl34_WinterClothingWithoutShoes.csv,2025-03-04_ID14_Foot warmer (lomitech)_Mid_Ta25_TskControl34_WinterClothingWithoutShoes.csv,-12.26,-20.82,-5.5,-6.04,-1.78,-2.06,-6.04,-2.98,-15.68,-14.14,-73.4,-70.44,25.1,24.8,51.48,0.04,24.92,25.08,34.8,34.0,34.0,34.0,34.0,34.0,34.0,34.0,34.0,34.0,47.6,46.38,38.34,16.66,28.68,30.38,37.8,37.6,68.54,78.78,56.64,58.0,0.0,0.0,25.1,25.0,63.95,0.05,25.04,25.76,34.0,34.0,34.0,34.0,34.0,34.0,34.0,34.0,34.0,34.0,34.0,34.0,50.6,37.48,34.18,36.42,39.58,39.66,74.58,81.76,72.32,72.14,73.4,70.44,3.88,5.65,-1.77,2.17,1.83,4.18,-2.35,4.98,3.16,3.81,-0.66,1.44,3.35,4.06,-0.72,1.49,4.16,4.42,-0.25,0.4,4.14,4.43,-0.29,0.47,7.55,8.32,-0.78,0.73,8.68,9.13,-0.45,0.33,6.24,8.07,-1.83,1.94,6.39,8.05,-1.66,1.76,0.0,8.19,-8.19,8.96,0.0,7.86,-7.86,8.96,31.38,3.5,-1.89,-0.25,34.0,3.25,34.0,29.5,0.46,24.33,2.72,-8.68,-0.99,34.0,1.72,34.0,15.65,3.2,36.48,4.07,-11.52,-1.32,34.0,2.75,34.0,24.95,2.82,60.81,6.79,-6.38,-0.79,34.0,5.99,34.0,54.43,0.97,71.48,7.98,-7.08,-0.89,34.0,7.09,34.0,64.4,0.93,Mid,3,0.25
14,Foot warmer (Hodeamy),0.88,,,22,TskControl34,2025-02-27 18:59:43,2025-02-27_ID0_NoPCS_Ta22_TskControl34_WinterClothingWithoutShoes.csv,2025-02-27_ID14_Foot warmer (Hodeamy)_Level5_Ta22_TskControl34_WinterClothingWithoutShoes.csv,-4.0,-1.14,-0.86,-0.3,-1.1,0.8,-1.88,-5.74,-7.5,-6.3,-39.12,-33.86,22.1,22.1,34.91,0.14,22.1,21.92,34.1,34.0,34.0,34.0,34.0,34.0,34.0,34.0,34.0,34.0,36.92,35.94,51.72,20.5,37.94,39.0,49.66,48.8,99.26,120.22,83.86,85.3,0.0,0.0,22.1,22.1,34.91,0.14,22.1,21.92,34.0,34.0,34.0,34.0,34.0,34.0,34.0,34.0,34.0,34.0,34.0,34.0,55.72,21.64,38.8,39.3,50.76,48.0,101.14,125.96,91.36,91.6,39.12,33.86,4.31,4.68,-0.37,0.85,1.72,1.82,-0.1,0.63,3.19,3.26,-0.07,0.26,3.28,3.3,-0.03,0.09,4.17,4.27,-0.09,0.26,4.1,4.03,0.07,-0.2,8.34,8.5,-0.16,0.22,10.1,10.58,-0.48,0.54,7.05,7.68,-0.63,0.98,7.17,7.7,-0.53,0.82,0.0,3.29,-3.29,11.9,0.0,2.85,-2.85,11.9,40.17,3.38,-0.19,-0.02,34.0,3.36,34.0,39.98,-0.01,20.9,1.76,-1.32,-0.11,34.0,1.65,34.0,19.58,0.75,34.5,2.9,-1.05,-0.09,34.0,2.81,34.0,33.45,0.33,73.67,6.19,0.49,0.04,34.0,6.23,34.0,74.16,-0.05,81.31,6.83,-3.08,-0.26,34.0,6.57,34.0,78.23,0.42,Level5,8,0.88
14,Heating pad,1.0,,,22,TskControl34,2025-02-25 13:19:00,2025-02-25_ID0_NoPCS_Ta22_TskControl34_WinterClothing.csv,2025-02-25_ID14_Heating pad_Level6_PositionBack_Ta22_TskControl34_WinterClothing.csv,-18.54,-39.58,-2.94,-4.18,1.68,-1.3,2.64,13.34,-1.48,-2.88,-1.98,-0.6,22.4,22.4,30.02,0.0,22.4,22.11,34.7,35.12,34.0,34.0,34.0,34.0,34.0,34.0,34.0,34.0,34.0,34.0,42.84,0.0,38.54,37.96,48.4,47.04,107.66,121.0,91.38,91.84,63.86,62.52,22.4,22.4,30.02,0.0,22.4,22.11,34.0,34.0,34.0,34.0,34.0,34.0,34.0,34.0,34.0,34.0,34.0,34.0,61.38,39.58,41.48,42.14,46.72,48.34,105.02,107.66,92.86,94.72,65.84,63.12,3.48,5.29,-1.81,3.5,0.0,3.41,-3.41,11.6,3.32,3.58,-0.25,0.82,3.27,3.63,-0.36,1.15,4.17,4.03,0.14,-0.42,4.06,4.17,-0.11,0.31,9.28,9.05,0.23,-0.29,10.43,9.28,1.15,-1.44,7.88,8.01,-0.13,0.18,7.92,8.17,-0.25,0.35,5.51,5.68,-0.17,0.35,5.39,5.44,-0.05,0.11,39.94,3.44,-0.59,-0.05,34.0,3.39,34.0,39.35,0.2,27.57,2.38,-12.44,-1.07,34.0,1.3,34.0,15.13,5.24,45.24,3.9,-45.24,-3.9,38.32,0.0,34.0,0.0,11.6,76.46,6.59,-34.93,-3.01,34.0,3.58,34.0,41.53,4.57,86.41,7.45,-38.41,-3.31,34.0,4.14,34.0,48.0,4.47,Level6,9,1.0
14,Heating pad,0.75,,,22,TskControl34,2025-02-25 15:19:43,2025-02-25_ID0_NoPCS_Ta22_TskControl34_WinterClothing.csv,2025-02-25_ID14_Heating pad_Level4_PositionHands_Ta22_TskControl34_WinterClothing.csv,-11.84,-21.88,-3.86,-2.38,-11.86,-12.44,-105.02,-107.66,-1.44,-3.02,-2.5,0.48,22.1,22.1,56.3,0.14,22.1,22.33,34.5,34.0,34.0,34.0,34.0,34.0,44.7,43.42,34.0,34.0,34.0,34.0,49.54,17.7,37.62,39.76,34.86,35.9,0.0,0.0,91.42,91.7,63.34,63.6,22.4,22.4,30.02,0.0,22.4,22.11,34.0,34.0,34.0,34.0,34.0,34.0,34.0,34.0,34.0,34.0,34.0,34.0,61.38,39.58,41.48,42.14,46.72,48.34,105.02,107.66,92.86,94.72,65.84,63.12,4.0,5.29,-1.3,2.24,1.49,3.41,-1.92,6.41,3.16,3.58,-0.41,1.08,3.34,3.63,-0.29,0.66,2.93,4.03,-1.1,2.94,3.02,4.17,-1.15,2.99,0.0,9.05,-9.05,11.6,0.0,9.28,-9.28,11.6,7.68,8.01,-0.32,0.18,7.71,8.17,-0.46,0.37,5.32,5.68,-0.35,0.44,5.34,5.44,-0.1,-0.09,39.94,3.44,0.32,-0.06,34.0,3.38,34.0,40.26,-0.71,27.57,2.38,-8.6,-0.78,34.0,1.59,34.0,18.97,3.62,45.24,3.9,-12.53,-1.15,34.0,2.75,34.0,32.72,3.16,76.46,6.59,-5.14,-0.6,34.0,5.99,34.0,71.32,0.87,86.41,7.45,-9.77,-1.01,34.0,6.44,34.0,76.64,1.3,Level4,7,0.75
14,Foot warmer (Hodeamy),0.12,,,22,TskControl34,2025-02-27 17:31:28,2025-02-27_ID0_NoPCS_Ta22_TskControl34_WinterClothingWithoutShoes.csv,2025-02-27_ID14_Foot warmer (Hodeamy)_Level1_Ta22_TskControl34_WinterClothingWithoutShoes.csv,1.52,-1.56,-0.24,0.9,0.22,1.04,-2.64,-1.74,-4.12,-3.12,44.8,46.9,22.1,22.1,34.91,0.14,22.1,21.92,34.0,34.0,34.0,34.0,34.0,34.0,34.0,34.0,34.0,34.0,34.0,34.0,57.24,20.08,38.56,40.2,50.98,49.04,98.5,124.22,87.24,88.48,83.92,80.76,22.1,22.1,34.91,0.14,22.1,21.92,34.0,34.0,34.0,34.0,34.0,34.0,34.0,34.0,34.0,34.0,34.0,34.0,55.72,21.64,38.8,39.3,50.76,48.0,101.14,125.96,91.36,91.6,39.12,33.86,4.81,4.68,0.13,-0.32,1.69,1.82,-0.13,0.86,3.24,3.26,-0.02,0.07,3.38,3.3,0.08,-0.27,4.28,4.27,0.02,-0.05,4.12,4.03,0.09,-0.26,8.28,8.5,-0.22,0.31,10.44,10.58,-0.15,0.16,7.33,7.68,-0.35,0.54,7.44,7.7,-0.26,0.41,7.05,3.29,3.76,-13.63,6.79,2.85,3.94,-16.48,40.17,3.38,0.47,0.04,34.0,3.42,34.0,40.64,-0.21,20.9,1.76,-1.22,-0.1,34.0,1.65,34.0,19.68,0.69,34.5,2.9,-1.0,-0.08,34.0,2.82,34.0,33.5,0.32,73.67,6.19,-2.7,-0.23,34.0,5.96,34.0,70.97,0.37,81.31,6.83,-2.15,-0.18,34.0,6.65,34.0,79.16,0.26,Level1,2,0.12
14,Heating pad,0.62,,,22,TskControl34,2025-02-25 11:45:28,2025-02-25_ID0_NoPCS_Ta22_TskControl34_WinterClothing.csv,2025-02-25_ID14_Heating pad_Level3_PositionBack_Ta22_TskControl34_WinterClothing.csv,-14.98,-22.24,-2.32,-3.18,-0.7,-0.54,0.16,7.78,-0.28,-2.58,-1.24,0.54,22.4,22.4,30.02,0.0,22.4,22.11,34.2,34.0,34.0,34.0,34.0,34.0,34.0,34.0,34.0,34.0,34.0,34.0,46.4,17.34,39.16,38.96,46.02,47.8,105.18,115.44,92.58,92.14,64.6,63.66,22.4,22.4,30.02,0.0,22.4,22.11,34.0,34.0,34.0,34.0,34.0,34.0,34.0,34.0,34.0,34.0,34.0,34.0,61.38,39.58,41.48,42.14,46.72,48.34,105.02,107.66,92.86,94.72,65.84,63.12,3.93,5.29,-1.36,2.83,1.49,3.41,-1.92,6.52,3.38,3.58,-0.2,0.65,3.36,3.63,-0.27,0.88,3.97,4.03,-0.06,0.17,4.12,4.17,-0.05,0.13,9.07,9.05,0.01,-0.02,9.95,9.28,0.67,-0.84,7.98,8.01,-0.02,0.03,7.94,8.17,-0.22,0.32,5.57,5.68,-0.11,0.22,5.49,5.44,0.05,-0.1,39.94,3.44,-0.41,-0.04,34.0,3.41,34.0,39.53,0.08,27.57,2.38,-4.47,-0.39,34.0,1.99,34.0,23.1,1.88,45.24,3.9,-44.32,-3.82,35.23,0.08,34.0,0.92,11.33,76.46,6.59,-25.66,-2.21,34.0,4.38,34.0,50.8,3.2,86.41,7.45,-29.57,-2.55,34.0,4.9,34.0,56.84,3.32,Level3,6,0.62
14,Heating pad,1.0,,,22,TskControl34,2025-02-25 15:41:53,2025-02-25_ID0_NoPCS_Ta22_TskControl34_WinterClothing.csv,2025-02-25_ID14_Heating pad_Level6_PositionHands_Ta22_TskControl34_WinterClothing.csv,-11.7,-21.61,-3.2,-4.37,-15.05,-14.62,-105.02,-107.66,-1.68,-2.79,-1.89,-0.9,22.1,22.1,56.3,0.14,22.1,22.33,34.5,34.0,34.0,34.0,34.0,34.0,44.7,44.8,34.0,34.0,34.0,34.0,49.68,17.97,38.28,37.77,31.67,33.72,0.0,0.0,91.18,91.93,63.95,62.22,22.4,22.4,30.02,0.0,22.4,22.11,34.0,34.0,34.0,34.0,34.0,34.0,34.0,34.0,34.0,34.0,34.0,34.0,61.38,39.58,41.48,42.14,46.72,48.34,105.02,107.66,92.86,94.72,65.84,63.12,4.01,5.29,-1.28,2.21,1.51,3.41,-1.9,6.33,3.22,3.58,-0.36,0.89,3.17,3.63,-0.46,1.2,2.66,4.03,-1.37,3.74,2.83,4.17,-1.33,3.51,0.0,9.05,-9.05,11.6,0.0,9.28,-9.28,11.6,7.66,8.01,-0.34,0.21,7.73,8.17,-0.44,0.34,5.37,5.68,-0.3,0.33,5.23,5.44,-0.21,0.17,39.94,3.44,-0.11,-0.1,34.0,3.35,34.0,39.83,-0.71,27.57,2.38,-6.4,-0.6,34.0,1.78,34.0,21.17,2.69,45.24,3.9,-12.53,-1.15,34.0,2.75,34.0,32.71,3.18,76.46,6.59,-3.47,-0.46,34.0,6.13,34.0,72.99,0.67,86.41,7.45,-9.48,-0.98,34.0,6.46,34.0,76.93,1.29,Level6,9,1.0
14,Foot warmer (lomitech),0.25,,,22,TskControl34,2025-02-27 15:05:00,2025-02-27_ID0_NoPCS_Ta22_TskControl34_WinterClothingWithoutShoes.csv,2025-02-27_ID14_Foot warmer (lomitech)_Mid_Ta22_TskControl34_WinterClothingWithoutShoes.csv,-3.44,-1.94,-1.04,0.46,-0.28,0.78,-1.44,-3.98,-4.64,-7.48,-39.12,-33.86,22.1,22.1,34.91,0.14,22.1,21.92,34.6,34.0,34.0,34.0,34.0,34.0,34.0,34.0,34.0,34.0,41.96,46.32,52.28,19.7,37.76,39.76,50.48,48.78,99.7,121.98,86.72,84.12,0.0,0.0,22.1,22.1,34.91,0.14,22.1,21.92,34.0,34.0,34.0,34.0,34.0,34.0,34.0,34.0,34.0,34.0,34.0,34.0,55.72,21.64,38.8,39.3,50.76,48.0,101.14,125.96,91.36,91.6,39.12,33.86,4.18,4.68,-0.5,0.73,1.66,1.82,-0.16,1.07,3.17,3.26,-0.09,0.32,3.34,3.3,0.04,-0.14,4.24,4.27,-0.02,0.07,4.1,4.03,0.07,-0.19,8.38,8.5,-0.12,0.17,10.25,10.58,-0.33,0.38,7.29,7.68,-0.39,0.6,7.07,7.7,-0.63,0.97,0.0,3.29,-3.29,11.9,0.0,2.85,-2.85,11.9,40.17,3.38,0.43,0.04,34.0,3.41,34.0,40.6,-0.08,20.9,1.76,-0.33,-0.03,34.0,1.73,34.0,20.57,0.19,34.5,2.9,-0.6,-0.05,34.0,2.85,34.0,33.89,0.2,73.67,6.19,-1.2,-0.1,34.0,6.09,34.0,72.47,0.15,81.31,6.83,-0.21,-0.02,34.0,6.82,34.0,81.1,-0.0,Mid,3,0.25
14,Foot warmer (lomitech),0.38,,,22,TskControl34,2025-02-27 15:58:41,2025-02-27_ID0_NoPCS_Ta22_TskControl34_WinterClothingWithoutShoes.csv,2025-02-27_ID14_Foot warmer (lomitech)_BACKUP_High_Ta22_TskControl34_WinterClothingWithoutShoes.csv,-4.2,-2.02,-0.84,-3.46,-0.16,1.48,-2.66,-2.56,-7.76,-9.8,-39.12,-33.86,22.1,22.1,34.91,0.14,22.1,21.92,34.66,34.0,34.0,34.0,34.0,34.0,34.0,34.0,34.0,34.0,43.06,47.0,51.52,19.62,37.96,35.84,50.6,49.48,98.48,123.4,83.6,81.8,0.0,0.0,22.1,22.1,34.91,0.14,22.1,21.92,34.0,34.0,34.0,34.0,34.0,34.0,34.0,34.0,34.0,34.0,34.0,34.0,55.72,21.64,38.8,39.3,50.76,48.0,101.14,125.96,91.36,91.6,39.12,33.86,4.1,4.68,-0.58,0.9,1.65,1.82,-0.17,1.11,3.19,3.26,-0.07,0.26,3.01,3.3,-0.29,1.05,4.25,4.27,-0.01,0.04,4.16,4.03,0.12,-0.37,8.28,8.5,-0.22,0.31,10.37,10.58,-0.22,0.24,7.03,7.68,-0.65,1.01,6.87,7.7,-0.82,1.27,0.0,3.29,-3.29,11.9,0.0,2.85,-2.85,11.9,40.17,3.38,0.99,0.08,34.0,3.46,34.0,41.16,-0.25,20.9,1.76,-1.19,-0.1,34.0,1.66,34.0,19.71,0.67,34.5,2.9,-0.54,-0.05,34.0,2.85,34.0,33.96,0.19,73.67,6.19,-2.26,-0.19,34.0,6.0,34.0,71.41,0.33,81.31,6.83,-1.28,-0.11,34.0,6.73,34.0,80.03,0.15,BACKUP,4,0.38
14,Foot warmer (lomitech),0.5,,,22,TskControl34,2025-02-27 16:42:00,2025-02-27_ID0_NoPCS_Ta22_TskControl34_WinterClothingWithoutShoes.csv,2025-02-27_ID14_Foot warmer (lomitech)_High_Ta22_TskControl34_WinterClothingWithoutShoes.csv,-3.84,-1.28,-1.52,0.68,-0.12,1.04,-0.4,-7.9,-8.92,-9.44,-39.12,-33.86,22.1,22.1,34.91,0.14,22.1,21.92,34.8,34.0,34.0,34.0,34.0,34.0,34.0,34.0,34.0,34.0,45.08,48.0,51.88,20.36,37.28,39.98,50.64,49.04,100.74,118.06,82.44,82.16,0.0,0.0,22.1,22.1,34.91,0.14,22.1,21.92,34.0,34.0,34.0,34.0,34.0,34.0,34.0,34.0,34.0,34.0,34.0,34.0,55.72,21.64,38.8,39.3,50.76,48.0,101.14,125.96,91.36,91.6,39.12,33.86,4.09,4.68,-0.6,0.82,1.71,1.82,-0.11,0.7,3.13,3.26,-0.13,0.47,3.36,3.3,0.06,-0.21,4.26,4.27,-0.01,0.03,4.12,4.03,0.09,-0.26,8.47,8.5,-0.03,0.05,9.92,10.58,-0.66,0.75,6.93,7.68,-0.75,1.16,6.9,7.7,-0.79,1.23,0.0,3.29,-3.29,11.9,0.0,2.85,-2.85,11.9,40.17,3.38,0.63,0.05,34.0,3.43,34.0,40.8,-0.18,20.9,1.76,-0.15,-0.01,34.0,1.74,34.0,20.75,0.09,34.5,2.9,-0.48,-0.04,34.0,2.86,34.0,34.02,0.2,73.67,6.19,-0.78,-0.07,34.0,6.13,34.0,72.89,0.11,81.31,6.83,-0.77,-0.06,34.0,6.77,34.0,80.54,0.08,High,5,0.5
15,Foot warmer (Essuntial),0.33,,,22,TskControl34,2025-02-28 11:30:34,2025-02-28_ID0_NoPCS_Ta22_TskControl34_WinterClothing.csv,2025-02-28_ID15_Foot warmer (Essuntial)_Level4_Ta22_TskControl34_WinterClothing.csv,-12.4,-25.4,-6.0,-5.74,-2.34,-3.3,-8.72,-3.0,-18.58,-13.88,-17.34,-10.42,22.3,22.5,55.62,0.11,22.4,22.62,34.0,34.0,34.0,34.0,34.0,34.0,34.0,34.0,34.0,34.0,34.0,34.0,53.94,27.96,39.22,40.08,49.6,47.14,97.0,106.5,76.34,81.44,54.78,53.54,22.2,22.4,53.45,0.09,22.3,22.47,34.0,34.0,34.0,34.0,34.0,34.0,34.0,34.0,34.0,34.0,34.0,34.0,66.34,53.36,45.22,45.82,51.94,50.44,105.72,109.5,94.92,95.32,72.12,63.96,4.65,5.67,-1.02,2.19,2.41,4.56,-2.15,5.57,3.38,3.86,-0.48,1.55,3.46,3.92,-0.46,1.47,4.28,4.44,-0.16,0.53,4.06,4.31,-0.25,0.77,8.36,9.04,-0.67,0.97,9.18,9.36,-0.18,0.32,6.58,8.11,-1.53,2.29,7.02,8.15,-1.13,1.7,4.72,6.16,-1.44,2.81,4.62,5.47,-0.85,1.91,41.78,3.57,-2.18,-0.16,34.0,3.41,34.0,39.6,0.48,33.19,2.84,-10.33,-0.87,34.0,1.97,34.0,22.86,3.64,52.77,4.51,-15.99,-1.34,34.0,3.17,34.0,36.78,3.5,82.86,7.08,-15.94,-1.31,34.0,5.77,34.0,66.92,2.23,93.4,7.98,-17.84,-1.47,34.0,6.51,34.0,75.56,2.21,Level4,2,0.33
15,Foot warmer (Hodeamy),0.33,,,25,TskControl34,2025-03-05 13:00:23,2025-03-05_ID0_NoPCS_Ta25_TskControl34_WinterClothingWithoutShoes.csv,2025-03-05_ID15_Foot warmer (Hodeamy)_Level4_Ta25_TskControl34_WinterClothingWithoutShoes.csv,-6.7,-5.72,-1.72,-3.54,-0.48,0.1,-3.9,-1.16,-4.76,-2.12,-70.48,-69.5,25.1,24.9,54.2,0.17,25.01,25.29,34.0,34.0,34.0,34.0,34.0,34.0,34.0,34.0,34.0,34.0,34.0,34.0,39.5,18.5,28.62,30.44,37.88,36.92,70.92,80.64,63.48,65.16,1.5,3.28,24.9,24.9,56.64,0.11,24.9,25.28,34.0,34.0,34.0,34.0,34.0,34.0,34.0,34.0,34.0,34.0,34.0,34.0,46.2,24.22,30.34,33.98,38.36,36.82,74.82,81.8,68.24,67.28,71.98,72.78,4.39,5.08,-0.68,1.32,2.06,2.66,-0.6,2.15,3.18,3.33,-0.15,0.52,3.39,3.73,-0.35,0.95,4.21,4.22,-0.0,0.11,4.11,4.05,0.06,-0.02,7.89,8.22,-0.33,0.47,8.97,8.99,-0.02,0.13,7.06,7.5,-0.44,0.63,7.25,7.39,-0.15,0.29,0.17,7.91,-7.74,8.91,0.36,8.0,-7.63,8.69,30.84,3.39,-0.63,-0.03,34.0,3.36,34.0,30.22,0.18,17.8,1.96,-1.68,-0.16,34.0,1.79,34.0,16.12,0.86,29.41,3.23,-1.36,-0.11,34.0,3.12,34.0,28.05,0.38,55.01,6.05,-3.13,-0.27,34.0,5.77,34.0,51.88,0.5,66.75,7.34,-4.75,-0.44,34.0,6.9,34.0,62.0,0.67,Level4,2,0.33
15,Foot warmer (Hodeamy),0.67,,,25,TskControl34,2025-03-05 14:06:23,2025-03-05_ID0_NoPCS_Ta25_TskControl34_WinterClothingWithoutShoes.csv,2025-03-05_ID15_Foot warmer (Hodeamy)_Level5_Ta25_TskControl34_WinterClothingWithoutShoes.csv,-7.84,-8.36,-2.18,-3.04,-1.3,0.68,-4.42,-2.22,-5.48,-4.18,-71.98,-72.78,25.0,25.0,51.12,0.07,25.0,25.14,34.1,34.0,34.0,34.0,34.0,34.0,34.0,34.0,34.0,34.0,35.7,35.1,38.36,15.86,28.16,30.94,37.06,37.5,70.4,79.58,62.76,63.1,0.0,0.0,24.9,24.9,56.64,0.11,24.9,25.28,34.0,34.0,34.0,34.0,34.0,34.0,34.0,34.0,34.0,34.0,34.0,34.0,46.2,24.22,30.34,33.98,38.36,36.82,74.82,81.8,68.24,67.28,71.98,72.78,4.22,5.08,-0.86,1.54,1.76,2.66,-0.9,3.14,3.13,3.33,-0.21,0.65,3.44,3.73,-0.3,0.81,4.12,4.22,-0.1,0.31,4.17,4.05,0.12,-0.17,7.82,8.22,-0.4,0.54,8.84,8.99,-0.15,0.25,6.97,7.5,-0.53,0.73,7.01,7.39,-0.38,0.57,0.0,7.91,-7.91,9.1,0.0,8.0,-8.0,9.1,30.84,3.39,-1.63,-0.14,34.0,3.25,34.0,29.22,0.68,17.8,1.96,-2.46,-0.25,34.0,1.7,34.0,15.34,1.26,29.41,3.23,-3.73,-0.38,34.0,2.85,34.0,25.68,1.17,55.01,6.05,-4.26,-0.41,34.0,5.64,34.0,50.75,0.7,66.75,7.34,-5.19,-0.5,34.0,6.84,34.0,61.56,0.7,Level5,3,0.67
15,Foot warmer (Hodeamy),1.0,,,25,TskControl34,2025-03-05 15:05:00,2025-03-05_ID0_NoPCS_Ta25_TskControl34_WinterClothingWithoutShoes.csv,2025-03-05_ID15_Foot warmer (Hodeamy)_Level8_Ta25_TskControl34_WinterClothingWithoutShoes.csv,-8.32,-7.04,-2.24,-3.04,-0.62,0.4,-3.7,-2.1,-9.48,-7.62,-71.98,-72.78,25.1,25.0,49.19,0.05,25.04,25.07,34.3,34.0,34.0,34.0,34.0,34.0,34.0,34.0,34.0,34.0,39.3,38.36,37.88,17.18,28.1,30.94,37.74,37.22,71.12,79.7,58.76,59.66,0.0,0.0,24.9,24.9,56.64,0.11,24.9,25.28,34.0,34.0,34.0,34.0,34.0,34.0,34.0,34.0,34.0,34.0,34.0,34.0,46.2,24.22,30.34,33.98,38.36,36.82,74.82,81.8,68.24,67.28,71.98,72.78,4.09,5.08,-0.99,1.64,1.92,2.66,-0.74,2.65,3.14,3.33,-0.2,0.67,3.45,3.73,-0.28,0.81,4.21,4.22,-0.0,0.15,4.15,4.05,0.11,-0.1,7.94,8.22,-0.28,0.45,8.9,8.99,-0.09,0.23,6.56,7.5,-0.94,1.26,6.66,7.39,-0.73,1.03,0.0,7.91,-7.91,9.1,0.0,8.0,-8.0,9.1,30.84,3.39,-3.31,-0.32,34.01,3.07,34.0,27.53,1.48,17.8,1.96,-2.03,-0.2,34.0,1.76,34.0,15.77,1.04,29.41,3.23,-2.93,-0.28,34.0,2.96,34.0,26.48,0.89,55.01,6.05,-4.95,-0.46,34.0,5.59,34.0,50.06,0.79,66.75,7.34,-5.24,-0.47,34.0,6.86,34.0,61.51,0.7,Level8,4,1.0
15,Foot warmer (Essuntial),0.33,90.0,100.0,25,TskControl34,2025-03-03 12:47:15,2025-03-03_ID0_NoPCS_Ta25_TskControl34_WinterClothing.csv,2025-03-03_ID15_Foot warmer (Essuntial)_Level4_Angle90_Distance100_Ta25_TskControl34_WinterClothing.csv,-2.24,-3.5,-0.96,-1.1,-0.26,0.32,-1.32,2.4,-7.66,-7.0,-4.3,-4.14,25.2,25.0,47.96,0.16,25.11,25.21,34.0,34.0,34.0,34.0,34.0,34.0,34.0,34.0,34.0,34.0,34.0,34.0,41.3,18.14,28.42,30.66,37.44,36.98,67.8,83.7,61.5,63.62,43.16,41.62,25.1,25.1,48.87,0.18,25.1,25.15,34.0,34.0,34.0,34.0,34.0,34.0,34.0,34.0,34.0,34.0,34.0,34.0,43.54,21.64,29.38,31.76,37.7,36.66,69.12,81.3,69.16,70.62,47.46,45.76,4.65,4.89,-0.25,0.46,2.04,2.43,-0.39,1.44,3.2,3.3,-0.1,0.29,3.45,3.57,-0.12,0.31,4.21,4.24,-0.02,0.06,4.16,4.12,0.04,-0.08,7.63,7.77,-0.14,0.17,9.42,9.13,0.28,-0.26,6.92,7.77,-0.85,0.99,7.16,7.93,-0.78,0.88,4.85,5.33,-0.48,0.81,4.68,5.14,-0.46,0.81,30.88,3.47,0.33,0.04,34.0,3.51,34.0,31.21,-0.22,17.37,1.95,-1.43,-0.16,34.0,1.79,34.0,15.94,0.74,27.45,3.08,-1.21,-0.13,34.0,2.95,34.0,26.24,0.42,52.97,5.95,-3.24,-0.36,34.0,5.59,34.0,49.73,0.49,64.09,7.2,-1.91,-0.21,34.0,6.99,34.0,62.18,0.3,Level4,2,0.33
15,Foot warmer (foldable),0.0,,,25,TskControl34,2025-02-10 12:42:59,2025-02-10_ID0_NoPCS_Ta25_TskControl34.csv,2025-02-10_ID15_Foot warmer (foldable)_Level1_Ta25_TskControl34.csv,1.72,1.74,2.32,0.88,6.58,1.34,12.78,9.2,1.8,-0.96,0.24,-0.86,24.9,25.0,68.05,0.07,24.95,25.93,34.0,34.0,34.0,34.0,34.0,34.0,34.0,34.0,34.0,34.0,34.0,34.0,57.34,35.32,52.02,55.9,69.7,77.34,106.86,91.24,71.84,71.0,49.92,47.7,25.1,25.1,69.38,0.17,25.1,26.15,34.0,34.0,34.0,34.0,34.0,34.0,34.0,34.0,34.0,34.0,34.0,34.0,55.62,33.58,49.7,55.02,63.12,76.0,94.08,82.04,70.04,71.96,49.68,48.56,6.34,6.25,0.09,-0.28,3.9,3.77,0.13,-0.46,5.75,5.58,0.16,-0.42,6.18,6.18,-0.01,-0.14,7.7,7.09,0.61,-0.93,8.55,8.54,0.01,-0.16,11.81,10.57,1.24,-1.21,10.08,9.22,0.86,-1.0,7.94,7.87,0.07,-0.23,7.85,8.09,-0.24,0.12,5.52,5.58,-0.07,-0.04,5.27,5.46,-0.19,0.16,29.13,3.27,1.33,0.09,34.0,3.37,34.0,30.47,-0.45,30.59,3.44,0.62,0.01,34.0,3.45,34.0,31.21,-0.2,46.83,5.26,1.61,0.09,34.0,5.35,34.0,48.44,-0.34,67.48,7.58,0.48,-0.07,34.0,7.51,34.0,67.96,-0.06,70.57,7.93,1.69,0.06,34.0,7.98,34.0,72.26,-0.21,Level1,1,0.0
15,Foot warmer (Essuntial),1.0,90.0,100.0,25,TskControl34,2025-03-03 13:53:00,2025-03-03_ID0_NoPCS_Ta25_TskControl34_WinterClothing.csv,2025-03-03_ID15_Foot warmer (Essuntial)_Level8_Angle90_Distance100_Ta25_TskControl34_WinterClothing.csv,-4.68,-5.5,-1.82,-2.22,-0.86,-0.38,-1.1,0.02,-16.4,-15.62,-12.84,-10.56,25.3,25.0,46.44,0.05,25.12,25.15,34.0,34.0,34.0,34.0,34.0,34.0,34.0,34.0,34.0,34.0,34.0,34.0,38.86,16.14,27.56,29.54,36.84,36.28,68.02,81.32,52.76,55.0,34.62,35.2,25.1,25.1,48.87,0.18,25.1,25.15,34.0,34.0,34.0,34.0,34.0,34.0,34.0,34.0,34.0,34.0,34.0,34.0,43.54,21.64,29.38,31.76,37.7,36.66,69.12,81.3,69.16,70.62,47.46,45.76,4.38,4.89,-0.52,0.96,1.82,2.43,-0.61,2.26,3.1,3.3,-0.2,0.55,3.33,3.57,-0.24,0.62,4.15,4.24,-0.09,0.2,4.09,4.12,-0.03,0.09,7.66,7.77,-0.11,0.14,9.16,9.13,0.02,-0.0,5.94,7.77,-1.83,2.11,6.19,7.93,-1.74,1.97,3.9,5.33,-1.43,2.41,3.96,5.14,-1.18,2.05,30.88,3.47,-1.06,-0.11,34.0,3.36,34.0,29.82,0.2,17.37,1.95,-2.44,-0.27,34.0,1.68,34.0,14.93,1.25,27.45,3.08,-2.81,-0.31,34.0,2.77,34.0,24.64,0.92,52.97,5.95,-3.83,-0.42,34.0,5.53,34.0,49.14,0.67,64.09,7.2,-2.71,-0.29,34.0,6.91,34.0,61.38,0.41,Level8,4,1.0
15,Foot warmer (Essuntial),0.0,,,22,TskControl34,2025-02-28 11:04:29,2025-02-28_ID0_NoPCS_Ta22_TskControl34_WinterClothing.csv,2025-02-28_ID15_Foot warmer (Essuntial)_Level1_Ta22_TskControl34_WinterClothing.csv,-9.04,-19.72,-4.34,-4.34,-1.84,-2.08,-6.62,-2.94,-9.72,-8.74,-10.92,-6.08,22.2,22.5,58.2,0.08,22.36,22.67,34.0,34.0,34.0,34.0,34.0,34.0,34.0,34.0,34.0,34.0,34.0,34.0,57.3,33.64,40.88,41.48,50.1,48.36,99.1,106.56,85.2,86.58,61.2,57.88,22.2,22.4,53.45,0.09,22.3,22.47,34.0,34.0,34.0,34.0,34.0,34.0,34.0,34.0,34.0,34.0,34.0,34.0,66.34,53.36,45.22,45.82,51.94,50.44,105.72,109.5,94.92,95.32,72.12,63.96,4.92,5.67,-0.75,1.59,2.89,4.56,-1.67,4.32,3.51,3.86,-0.35,1.12,3.56,3.92,-0.35,1.11,4.3,4.44,-0.14,0.41,4.15,4.31,-0.16,0.48,8.51,9.04,-0.52,0.73,9.15,9.36,-0.2,0.31,7.32,8.11,-0.79,1.2,7.44,8.15,-0.71,1.07,5.26,6.16,-0.91,1.77,4.97,5.47,-0.49,1.11,41.78,3.57,-2.51,-0.2,34.0,3.37,34.0,39.28,0.65,33.19,2.84,-8.76,-0.74,34.0,2.1,34.0,24.43,3.08,52.77,4.51,-12.98,-1.09,34.0,3.42,34.0,39.79,2.84,82.86,7.08,-10.97,-0.91,34.0,6.18,34.0,71.89,1.53,93.4,7.98,-13.22,-1.09,34.0,6.89,34.0,80.18,1.63,Level1,1,0.0
15,Foot warmer (Essuntial),0.0,90.0,100.0,25,TskControl34,2025-03-03 12:35:50,2025-03-03_ID0_NoPCS_Ta25_TskControl34_WinterClothing.csv,2025-03-03_ID15_Foot warmer (Essuntial)_Level1_Angle90_Distance100_Ta25_TskControl34_WinterClothing.csv,-1.28,-1.98,-1.1,-0.64,-0.56,-1.74,1.34,0.96,-3.56,-3.62,-1.66,-1.2,25.1,25.1,47.93,0.13,25.1,25.19,34.0,34.0,34.0,34.0,34.0,34.0,34.0,34.0,34.0,34.0,34.0,34.0,42.26,19.66,28.28,31.12,37.14,34.92,70.46,82.26,65.6,67.0,45.8,44.56,25.1,25.1,48.87,0.18,25.1,25.15,34.0,34.0,34.0,34.0,34.0,34.0,34.0,34.0,34.0,34.0,34.0,34.0,43.54,21.64,29.38,31.76,37.7,36.66,69.12,81.3,69.16,70.62,47.46,45.76,4.75,4.89,-0.14,0.26,2.21,2.43,-0.22,0.81,3.18,3.3,-0.12,0.33,3.5,3.57,-0.07,0.18,4.17,4.24,-0.06,0.13,3.92,4.12,-0.2,0.42,7.92,7.77,0.15,-0.17,9.24,9.13,0.11,-0.11,7.37,7.77,-0.4,0.46,7.53,7.93,-0.41,0.46,5.15,5.33,-0.19,0.31,5.01,5.14,-0.13,0.23,30.88,3.47,0.07,0.01,34.0,3.48,34.0,30.95,-0.08,17.37,1.95,-0.82,-0.09,34.0,1.86,34.0,16.55,0.42,27.45,3.08,-0.67,-0.08,34.0,3.01,34.0,26.77,0.23,52.97,5.95,-2.18,-0.24,34.0,5.71,34.0,50.79,0.43,64.09,7.2,-1.42,-0.16,34.0,7.04,34.0,62.67,0.23,Level1,1,0.0
15,Foot warmer (Essuntial),1.0,,,22,TskControl34,2025-02-28 12:18:39,2025-02-28_ID0_NoPCS_Ta22_TskControl34_WinterClothing.csv,2025-02-28_ID15_Foot warmer (Essuntial)_Level8_Ta22_TskControl34_WinterClothing.csv,-18.58,-31.9,-8.9,-8.34,-4.76,-6.26,-13.56,-7.18,-32.26,-37.8,-27.42,-23.68,22.4,22.4,59.78,0.11,22.4,22.73,34.0,34.0,34.0,34.0,34.0,34.0,34.0,34.0,34.0,34.0,34.0,34.0,47.76,21.46,36.32,37.48,47.18,44.18,92.16,102.32,62.66,57.52,44.7,40.28,22.2,22.4,53.45,0.09,22.3,22.47,34.0,34.0,34.0,34.0,34.0,34.0,34.0,34.0,34.0,34.0,34.0,34.0,66.34,53.36,45.22,45.82,51.94,50.44,105.72,109.5,94.92,95.32,72.12,63.96,4.12,5.67,-1.55,3.28,1.85,4.56,-2.71,6.99,3.13,3.86,-0.73,2.3,3.23,3.92,-0.69,2.13,4.07,4.44,-0.37,1.07,3.81,4.31,-0.5,1.45,7.94,9.04,-1.09,1.5,8.82,9.36,-0.54,0.77,5.4,8.11,-2.71,3.98,4.96,8.15,-3.19,4.64,3.85,6.16,-2.31,4.45,3.47,5.47,-1.99,4.33,41.78,3.57,-3.19,-0.24,34.0,3.33,34.0,38.59,0.74,33.19,2.84,-13.34,-1.13,34.0,1.71,34.0,19.85,4.7,52.77,4.51,-18.69,-1.57,34.0,2.94,34.0,34.08,4.1,82.86,7.08,-21.32,-1.78,34.0,5.31,34.0,61.54,3.03,93.4,7.98,-24.76,-2.07,34.0,5.92,34.0,68.64,3.11,Level8,4,1.0
15,Foot warmer (Hodeamy),0.0,,,25,TskControl34,2025-03-05 12:19:23,2025-03-05_ID0_NoPCS_Ta25_TskControl34_WinterClothingWithoutShoes.csv,2025-03-05_ID15_Foot warmer (Hodeamy)_Level1_Ta25_TskControl34_WinterClothingWithoutShoes.csv,-1.12,-3.24,-0.9,-0.32,-0.46,1.56,-1.68,2.88,-1.56,0.24,-6.24,-5.76,25.0,24.8,54.88,0.12,24.9,25.21,34.0,34.0,34.0,34.0,34.0,34.0,34.0,34.0,34.0,34.0,34.0,34.0,45.08,20.98,29.44,33.66,37.9,38.38,73.14,84.68,66.68,67.52,65.74,67.02,24.9,24.9,56.64,0.11,24.9,25.28,34.0,34.0,34.0,34.0,34.0,34.0,34.0,34.0,34.0,34.0,34.0,34.0,46.2,24.22,30.34,33.98,38.36,36.82,74.82,81.8,68.24,67.28,71.98,72.78,4.95,5.08,-0.12,0.22,2.31,2.66,-0.36,1.22,3.24,3.33,-0.1,0.27,3.7,3.73,-0.04,0.09,4.16,4.22,-0.05,0.11,4.22,4.05,0.17,-0.39,8.04,8.22,-0.18,0.2,9.31,8.99,0.32,-0.32,7.33,7.5,-0.17,0.21,7.42,7.39,0.03,-0.03,7.22,7.91,-0.69,0.79,7.36,8.0,-0.63,0.72,30.84,3.39,-0.52,-0.06,34.0,3.33,34.0,30.32,0.16,17.8,1.96,0.57,0.06,34.0,2.02,34.0,18.37,-0.29,29.41,3.23,-1.48,-0.16,34.0,3.07,34.0,27.93,0.47,55.01,6.05,-1.37,-0.15,34.0,5.89,34.0,53.64,0.24,66.75,7.34,-1.43,-0.16,34.0,7.18,34.0,65.32,0.2,Level1,1,0.0
15,Foot warmer (Essuntial),0.67,90.0,100.0,25,TskControl34,2025-03-03 13:24:40,2025-03-03_ID0_NoPCS_Ta25_TskControl34_WinterClothing.csv,2025-03-03_ID15_Foot warmer (Essuntial)_Level5_Angle90_Distance100_Ta25_TskControl34_WinterClothing.csv,-2.84,-4.74,-1.7,-1.88,-0.64,-0.12,-0.52,2.4,-10.1,-9.62,-6.98,-6.78,25.3,24.9,47.36,0.19,25.13,25.19,34.0,34.0,34.0,34.0,34.0,34.0,34.0,34.0,34.0,34.0,34.0,34.0,40.7,16.9,27.68,29.88,37.06,36.54,68.6,83.7,59.06,61.0,40.48,38.98,25.1,25.1,48.87,0.18,25.1,25.15,34.0,34.0,34.0,34.0,34.0,34.0,34.0,34.0,34.0,34.0,34.0,34.0,43.54,21.64,29.38,31.76,37.7,36.66,69.12,81.3,69.16,70.62,47.46,45.76,4.59,4.89,-0.3,0.58,1.91,2.43,-0.53,1.95,3.12,3.3,-0.18,0.51,3.37,3.57,-0.2,0.53,4.18,4.24,-0.06,0.15,4.12,4.12,0.0,0.03,7.73,7.77,-0.03,0.07,9.44,9.13,0.3,-0.26,6.66,7.77,-1.11,1.3,6.88,7.93,-1.06,1.21,4.56,5.33,-0.77,1.31,4.39,5.14,-0.75,1.32,30.88,3.47,-1.08,-0.11,34.0,3.36,34.0,29.8,0.36,17.37,1.95,-1.96,-0.21,34.0,1.74,34.0,15.41,1.01,27.45,3.08,-1.98,-0.21,34.0,2.87,34.0,25.46,0.66,52.97,5.95,-1.83,-0.19,34.0,5.77,34.0,51.14,0.36,64.09,7.2,-0.85,-0.07,34.0,7.13,34.0,63.24,0.15,Level5,3,0.67
15,Foot warmer (Essuntial),0.67,,,22,TskControl34,2025-02-28 11:50:09,2025-02-28_ID0_NoPCS_Ta22_TskControl34_WinterClothing.csv,2025-02-28_ID15_Foot warmer (Essuntial)_Level5_Ta22_TskControl34_WinterClothing.csv,-14.22,-28.5,-6.3,-7.4,-3.1,-5.06,-8.78,-3.56,-21.56,-17.18,-19.6,-12.42,22.2,22.4,58.2,0.16,22.29,22.58,34.0,34.0,34.0,34.0,34.0,34.0,34.0,34.0,34.0,34.0,34.0,34.0,52.12,24.86,38.92,38.42,48.84,45.38,96.94,105.94,73.36,78.14,52.52,51.54,22.2,22.4,53.45,0.09,22.3,22.47,34.0,34.0,34.0,34.0,34.0,34.0,34.0,34.0,34.0,34.0,34.0,34.0,66.34,53.36,45.22,45.82,51.94,50.44,105.72,109.5,94.92,95.32,72.12,63.96,4.45,5.67,-1.22,2.51,2.12,4.56,-2.44,6.25,3.32,3.86,-0.54,1.63,3.28,3.92,-0.64,1.89,4.17,4.44,-0.27,0.7,3.88,4.31,-0.44,1.17,8.28,9.04,-0.76,0.97,9.05,9.36,-0.31,0.38,6.26,8.11,-1.85,2.66,6.67,8.15,-1.47,2.11,4.49,6.16,-1.68,3.18,4.4,5.47,-1.07,2.27,41.78,3.57,-2.52,-0.22,34.0,3.35,34.0,39.26,0.6,33.19,2.84,-11.53,-0.99,34.0,1.85,34.0,21.66,4.06,52.77,4.51,-17.67,-1.51,34.0,3.0,34.0,35.09,3.86,82.86,7.08,-19.03,-1.63,34.0,5.45,34.0,63.83,2.65,93.4,7.98,-19.93,-1.71,34.0,6.27,34.0,73.47,2.5,Level5,3,0.67
16,Halogen heater (Goldair),0.6,90.0,100.0,22,TskControl34,2025-02-28 14:18:24,2025-02-28_ID0_NoPCS_Ta22_TskControl34_WinterClothing.csv,2025-02-28_ID16_Halogen heater (Goldair)_High_Angle90_Distance100_Ta22_TskControl34_WinterClothing.csv,-27.22,-41.04,-12.0,-7.82,-6.54,-5.62,-12.66,0.44,-82.32,-77.2,-50.58,-39.26,22.7,22.7,61.02,0.05,22.7,23.09,34.0,34.0,34.0,34.0,34.0,34.0,34.0,34.0,34.0,34.0,34.0,34.0,39.12,12.32,33.22,38.0,45.4,44.82,93.06,109.94,12.6,18.12,21.54,24.7,22.2,22.4,53.45,0.09,22.3,22.47,34.0,34.0,34.0,34.0,34.0,34.0,34.0,34.0,34.0,34.0,34.0,34.0,66.34,53.36,45.22,45.82,51.94,50.44,105.72,109.5,94.92,95.32,72.12,63.96,3.46,5.67,-2.21,4.8,1.09,4.56,-3.47,9.0,2.94,3.86,-0.93,3.1,3.36,3.92,-0.55,2.0,4.02,4.44,-0.42,1.47,3.97,4.31,-0.34,1.3,8.24,9.04,-0.8,1.4,9.73,9.36,0.37,-0.05,1.12,8.11,-7.0,10.15,1.6,8.15,-6.54,9.48,1.91,6.16,-4.26,8.21,2.19,5.47,-3.28,7.18,41.78,3.57,-4.05,-0.23,34.01,3.34,34.0,37.73,1.21,33.19,2.84,-14.95,-1.22,34.0,1.61,34.0,18.24,5.27,52.77,4.51,-20.88,-1.69,34.0,2.82,34.0,31.89,4.58,82.86,7.08,-27.16,-2.15,34.0,4.93,34.0,55.7,3.95,93.4,7.98,-27.92,-2.19,34.0,5.79,34.0,65.48,3.43,High,4,0.6
16,Hand warmer (desk mat),1.0,,,25,TskControl34,2025-02-07 16:09:54,2025-02-07_ID0_NoPCS_Ta25_TskControl34.csv,2025-02-07_ID16_Hand warmer (desk mat)_Level5_Ta25_TskControl34.csv,-5.7,0.12,0.62,1.66,-19.66,-62.78,-68.26,-63.38,0.64,0.92,0.7,0.22,24.9,25.0,71.09,0.06,24.96,26.29,34.0,34.0,34.0,34.0,34.0,34.66,34.38,34.0,34.0,34.0,34.0,34.0,44.82,30.18,46.56,56.84,34.06,0.0,0.0,0.94,67.52,71.56,46.32,46.48,24.9,25.1,71.54,0.08,25.01,26.32,34.0,34.0,34.0,34.0,34.0,34.0,34.0,34.0,34.0,34.0,34.0,34.0,50.52,30.06,45.94,55.18,53.72,62.78,68.26,64.32,66.88,70.64,45.62,46.26,4.96,5.62,-0.66,1.01,3.34,3.34,-0.01,-0.04,5.15,5.11,0.04,-0.12,6.29,6.14,0.15,-0.27,3.77,5.98,-2.21,3.29,0.0,6.98,-6.98,8.99,0.0,7.59,-7.59,8.99,0.1,7.15,-7.05,8.86,7.47,7.44,0.03,-0.09,7.92,7.86,0.06,-0.12,5.12,5.07,0.05,-0.14,5.14,5.15,-0.0,-0.04,29.02,3.23,-0.43,-0.07,34.0,3.16,34.0,28.59,-0.04,29.4,3.27,-1.02,-0.13,34.0,3.14,34.0,28.38,0.31,45.15,5.02,0.14,-0.01,34.0,5.01,34.0,45.29,-0.06,56.44,6.28,0.39,0.01,34.0,6.29,34.0,56.83,-0.08,62.93,7.0,-0.26,-0.07,34.0,6.93,34.0,62.67,0.03,Level5,6,1.0
16,Hand warmer (desk mat),0.0,,,25,TskControl34,2025-02-07 16:23:54,2025-02-07_ID0_NoPCS_Ta25_TskControl34.csv,2025-02-07_ID16_Hand warmer (desk mat)_Level1_Ta25_TskControl34.csv,-6.18,-0.18,0.2,1.62,-27.52,-62.78,-68.26,-64.32,1.44,-0.42,0.66,0.12,24.9,25.0,71.09,0.07,24.95,26.2,34.0,34.0,34.0,34.0,34.0,34.9,34.3,34.06,34.0,34.0,34.0,34.0,44.34,29.88,46.14,56.8,26.2,0.0,0.0,0.0,68.32,70.22,46.28,46.38,24.9,25.1,71.54,0.08,25.01,26.32,34.0,34.0,34.0,34.0,34.0,34.0,34.0,34.0,34.0,34.0,34.0,34.0,50.52,30.06,45.94,55.18,53.72,62.78,68.26,64.32,66.88,70.64,45.62,46.26,4.9,5.62,-0.72,1.1,3.3,3.34,-0.04,0.05,5.1,5.11,-0.01,-0.04,6.28,6.14,0.14,-0.26,2.9,5.98,-3.08,4.61,0.0,6.98,-6.98,8.99,0.0,7.59,-7.59,8.99,0.0,7.15,-7.15,8.99,7.55,7.44,0.11,-0.19,7.76,7.86,-0.1,0.05,5.11,5.07,0.04,-0.13,5.12,5.15,-0.02,-0.02,29.02,3.23,0.03,-0.02,34.0,3.21,34.0,29.05,-0.11,29.4,3.27,-1.25,-0.16,34.0,3.11,34.0,28.15,0.4,45.15,5.02,0.02,-0.03,34.0,4.99,34.0,45.16,-0.03,56.44,6.28,-0.26,-0.07,34.0,6.21,34.0,56.18,0.05,62.93,7.0,-0.67,-0.12,34.0,6.88,34.0,62.26,0.11,Level1,1,0.0
16,Hand wamer (desk mat),0.4,,,22,TskControl34,2025-02-24 17:49:02,2025-02-24_ID0_NoPCS_Ta22_TskControl34.csv,2025-02-24_ID16_Hand wamer (desk mat)_Mid_Ta22_TskControl34_WinterClothing.csv,-26.36,-34.3,-27.68,-34.5,-51.42,-86.88,-107.16,-85.88,-5.12,-7.84,-2.4,-4.94,22.4,22.4,30.02,0.0,22.4,22.11,34.0,34.0,34.0,34.0,34.0,34.0,34.0,34.0,34.0,34.0,34.0,34.0,49.94,22.54,37.88,40.44,30.92,18.58,14.16,37.18,86.54,88.22,62.0,60.5,22.3,22.5,37.98,0.13,22.39,22.25,34.0,34.0,34.0,34.0,34.0,34.0,34.0,34.0,34.0,34.0,34.0,34.0,76.3,56.84,65.56,74.94,82.34,105.46,121.32,123.06,91.66,96.06,64.4,65.44,4.31,6.57,-2.27,4.01,1.94,4.9,-2.95,7.01,3.27,5.65,-2.38,4.9,3.49,6.45,-2.97,5.34,2.67,7.09,-4.43,7.25,1.6,9.08,-7.48,9.56,1.22,10.45,-9.23,10.25,3.21,10.6,-7.39,8.1,7.46,7.89,-0.43,0.65,7.61,8.27,-0.67,0.95,5.34,5.55,-0.2,0.43,5.22,5.64,-0.42,0.88,40.47,3.49,-1.77,-0.15,34.0,3.34,34.0,38.7,0.13,43.47,3.74,-20.38,-1.75,34.0,1.99,34.0,23.09,5.43,65.77,5.67,-29.21,-2.51,34.0,3.15,34.0,36.56,5.06,93.02,8.01,-26.29,-2.26,34.0,5.75,34.0,66.73,3.43,95.87,8.26,-19.62,-1.68,34.0,6.57,34.0,76.25,2.49,Mid,3,0.4
16,Foot warmer (halogen heater),0.2,,,25,TskControl34,2025-02-10 13:22:59,2025-02-10_ID0_NoPCS_Ta25_TskControl34.csv,2025-02-10_ID16_Foot warmer (halogen heater)_Low_Ta25_TskControl34.csv,-8.36,-4.54,1.08,-2.8,4.42,-3.16,9.5,2.78,-36.24,-39.96,-23.44,-25.0,25.0,25.2,67.23,0.08,25.11,26.0,34.0,34.0,34.0,34.0,34.0,34.0,34.0,34.0,34.0,34.0,34.0,34.0,47.26,29.04,50.78,52.22,67.54,72.84,103.58,84.82,33.8,32.0,26.24,23.56,25.1,25.1,69.38,0.17,25.1,26.15,34.0,34.0,34.0,34.0,34.0,34.0,34.0,34.0,34.0,34.0,34.0,34.0,55.62,33.58,49.7,55.02,63.12,76.0,94.08,82.04,70.04,71.96,49.68,48.56,5.32,6.25,-0.93,1.34,3.27,3.77,-0.51,1.2,5.71,5.58,0.13,-0.19,5.87,6.18,-0.31,0.45,7.6,7.09,0.51,-0.62,8.19,8.54,-0.35,0.37,11.65,10.57,1.08,-0.9,9.54,9.22,0.32,-0.3,3.8,7.87,-4.07,4.61,3.6,8.09,-4.49,4.94,2.95,5.58,-2.63,4.2,2.65,5.46,-2.81,4.58,29.13,3.27,0.49,0.06,34.0,3.33,34.0,29.62,-0.13,30.59,3.44,-1.36,-0.15,34.0,3.29,34.0,29.23,0.37,46.83,5.26,-0.3,-0.03,34.0,5.23,34.0,46.52,0.02,67.48,7.58,-7.88,-0.88,34.0,6.7,34.0,59.6,1.01,70.57,7.93,-10.23,-1.14,34.0,6.79,34.0,60.34,1.31,Low,2,0.2
16,Halogen heater (Goldair),0.2,90.0,100.0,22,TskControl34,2025-02-28 13:57:29,2025-02-28_ID0_NoPCS_Ta22_TskControl34_WinterClothing.csv,2025-02-28_ID16_Halogen heater (Goldair)_Low_Angle90_Distance100_Ta22_TskControl34_WinterClothing.csv,-19.22,-37.3,-8.78,-8.78,-3.66,-5.36,-11.94,-6.7,-42.82,-38.82,-33.6,-24.56,22.4,22.6,61.34,0.13,22.49,22.87,34.0,34.0,34.0,34.0,34.0,34.0,34.0,34.0,34.0,34.0,34.0,34.0,47.12,16.06,36.44,37.04,48.28,45.08,93.78,102.8,52.1,56.5,38.52,39.4,22.2,22.4,53.45,0.09,22.3,22.47,34.0,34.0,34.0,34.0,34.0,34.0,34.0,34.0,34.0,34.0,34.0,34.0,66.34,53.36,45.22,45.82,51.94,50.44,105.72,109.5,94.92,95.32,72.12,63.96,4.09,5.67,-1.58,3.39,1.4,4.56,-3.17,8.18,3.17,3.86,-0.7,2.27,3.22,3.92,-0.7,2.24,4.19,4.44,-0.24,0.82,3.92,4.31,-0.39,1.24,8.15,9.04,-0.89,1.32,8.93,9.36,-0.43,0.72,4.53,8.11,-3.59,5.28,4.91,8.15,-3.24,4.76,3.35,6.16,-2.82,5.45,3.42,5.47,-2.04,4.49,41.78,3.57,-3.18,-0.22,34.0,3.35,34.0,38.6,0.74,33.19,2.84,-13.94,-1.16,34.0,1.67,34.0,19.25,4.91,52.77,4.51,-20.26,-1.69,34.0,2.82,34.0,32.51,4.46,82.86,7.08,-18.82,-1.52,34.0,5.56,34.0,64.04,2.73,93.4,7.98,-21.27,-1.72,34.0,6.27,34.0,72.13,2.73,Low,2,0.2
16,Hand warmer (desk mat),0.8,,,25,TskControl34,2025-02-07 15:51:54,2025-02-07_ID0_NoPCS_Ta25_TskControl34.csv,2025-02-07_ID16_Hand warmer (desk mat)_Level3_Ta25_TskControl34.csv,-6.56,-1.12,0.42,0.38,-25.82,-62.78,-68.26,-61.68,-1.94,-1.62,0.26,-0.22,25.2,25.2,68.97,0.23,25.2,26.32,34.0,34.0,34.0,34.0,34.0,34.4,34.3,33.98,34.0,34.0,34.0,34.0,43.96,28.94,46.36,55.56,27.9,0.0,0.0,2.64,64.94,69.02,45.88,46.04,24.9,25.1,71.54,0.08,25.01,26.32,34.0,34.0,34.0,34.0,34.0,34.0,34.0,34.0,34.0,34.0,34.0,34.0,50.52,30.06,45.94,55.18,53.72,62.78,68.26,64.32,66.88,70.64,45.62,46.26,5.0,5.62,-0.62,1.17,3.29,3.34,-0.06,0.33,5.27,5.11,0.16,-0.08,6.31,6.14,0.18,-0.06,3.17,5.98,-2.81,4.32,0.0,6.98,-6.98,8.99,0.0,7.59,-7.59,8.99,0.3,7.15,-6.85,8.62,7.38,7.44,-0.06,0.26,7.84,7.86,-0.01,0.21,5.21,5.07,0.14,-0.05,5.23,5.15,0.09,0.04,29.02,3.23,-0.88,-0.03,34.0,3.2,34.0,28.14,0.16,29.4,3.27,-1.43,-0.09,34.0,3.18,34.0,27.97,0.45,45.15,5.02,-0.76,0.02,34.0,5.04,34.0,44.39,0.14,56.44,6.28,1.06,0.26,34.0,6.53,34.0,57.5,-0.25,62.93,7.0,-1.11,0.02,34.0,7.02,34.0,61.82,0.14,Level3,5,0.8
16,Halogen heater (Goldair),0.2,90.0,100.0,25,TskControl34,2025-03-03 14:19:10,2025-03-03_ID0_NoPCS_Ta25_TskControl34_WinterClothing.csv,2025-03-03_ID16_Halogen heater (Goldair)_Low_Angle90_Distance100_Ta25_TskControl34_WinterClothing.csv,-8.78,-8.4,-2.14,-2.24,-0.98,-2.3,3.88,-2.42,-32.96,-33.28,-20.84,-20.36,25.4,25.1,46.17,0.07,25.24,25.24,34.0,34.0,34.0,34.0,34.0,34.0,34.0,34.0,34.0,34.0,34.0,34.0,34.76,13.24,27.24,29.52,36.72,34.36,73.0,78.88,36.2,37.34,26.62,25.4,25.1,25.1,48.87,0.18,25.1,25.15,34.0,34.0,34.0,34.0,34.0,34.0,34.0,34.0,34.0,34.0,34.0,34.0,43.54,21.64,29.38,31.76,37.7,36.66,69.12,81.3,69.16,70.62,47.46,45.76,3.97,4.89,-0.92,1.79,1.51,2.43,-0.92,3.45,3.11,3.3,-0.19,0.65,3.37,3.57,-0.2,0.63,4.19,4.24,-0.04,0.23,3.92,4.12,-0.2,0.56,8.33,7.77,0.57,-0.5,9.0,9.13,-0.13,0.26,4.13,7.77,-3.64,4.24,4.26,7.93,-3.67,4.19,3.04,5.33,-2.29,3.91,2.9,5.14,-2.24,3.96,30.88,3.47,-1.05,-0.06,34.0,3.41,34.0,29.83,0.21,17.37,1.95,-2.87,-0.3,34.0,1.66,34.0,14.5,1.47,27.45,3.08,-3.63,-0.37,34.0,2.72,34.0,23.82,1.19,52.97,5.95,-9.87,-1.04,34.01,4.92,34.0,43.1,1.81,64.09,7.2,-6.35,-0.61,34.0,6.59,34.0,57.74,0.93,Low,2,0.2
16,Foot warmer (halogen heater),0.6,,,25,TskControl34,2025-02-10 13:42:59,2025-02-10_ID0_NoPCS_Ta25_TskControl34.csv,2025-02-10_ID16_Foot warmer (halogen heater)_High_Ta25_TskControl34.csv,-17.06,-8.52,-1.88,-6.18,-0.82,-3.7,-2.6,2.9,-70.04,-71.96,-39.72,-41.56,25.3,25.3,65.63,0.1,25.3,26.17,34.1,34.0,34.0,34.0,34.0,34.0,34.0,34.0,34.42,34.7,34.0,34.0,38.56,25.06,47.82,48.84,62.3,72.3,91.48,84.94,0.0,0.0,9.96,7.0,25.1,25.1,69.38,0.17,25.1,26.15,34.0,34.0,34.0,34.0,34.0,34.0,34.0,34.0,34.0,34.0,34.0,34.0,55.62,33.58,49.7,55.02,63.12,76.0,94.08,82.04,70.04,71.96,49.68,48.56,4.38,6.25,-1.87,2.73,2.88,3.77,-0.89,2.26,5.5,5.58,-0.09,0.34,5.61,6.18,-0.57,1.0,7.16,7.09,0.07,0.12,8.31,8.54,-0.23,0.43,10.51,10.57,-0.06,0.25,9.76,9.22,0.55,-0.31,0.0,7.87,-7.87,8.9,0.0,8.09,-8.09,8.9,1.14,5.58,-4.44,7.12,0.8,5.46,-4.65,7.62,29.13,3.27,-0.24,0.05,34.0,3.32,34.0,28.89,-0.02,30.59,3.44,-3.15,-0.28,34.0,3.15,34.0,27.44,0.9,46.83,5.26,-3.28,-0.26,34.0,5.01,34.0,43.55,0.59,67.48,7.58,-16.01,-1.67,34.0,5.92,34.0,51.47,2.08,70.57,7.93,-18.81,-1.98,34.0,5.95,34.0,51.76,2.39,High,4,0.6
16,Halogen heater (Goldair),0.6,90.0,100.0,25,TskControl34,2025-03-03 14:42:50,2025-03-03_ID0_NoPCS_Ta25_TskControl34_WinterClothing.csv,2025-03-03_ID16_Halogen heater (Goldair)_High_Angle90_Distance100_Ta25_TskControl34_WinterClothing.csv,-15.88,-10.96,-2.96,-4.3,-1.88,-2.54,0.2,0.8,-69.16,-70.62,-34.52,-33.72,25.5,25.2,45.0,0.0,25.2,25.29,34.0,34.0,34.0,34.0,34.0,34.0,34.0,34.0,34.16,34.12,34.0,34.0,27.66,10.68,26.42,27.46,35.82,34.12,69.32,82.1,0.0,0.0,12.94,12.04,25.1,25.1,48.87,0.18,25.1,25.15,34.0,34.0,34.0,34.0,34.0,34.0,34.0,34.0,34.0,34.0,34.0,34.0,43.54,21.64,29.38,31.76,37.7,36.66,69.12,81.3,69.16,70.62,47.46,45.76,3.14,4.89,-1.75,3.25,1.21,2.43,-1.22,4.51,3.0,3.3,-0.3,0.9,3.12,3.57,-0.45,1.2,4.07,4.24,-0.17,0.44,3.88,4.12,-0.24,0.62,7.88,7.77,0.11,-0.03,9.33,9.13,0.19,-0.09,0.0,7.77,-7.77,8.9,0.0,7.93,-7.93,8.9,1.47,5.33,-3.86,6.47,1.37,5.14,-3.77,6.56,30.88,3.47,-1.85,-0.17,34.0,3.3,34.0,29.03,0.41,17.37,1.95,-3.38,-0.36,34.0,1.59,34.0,13.99,1.74,27.45,3.08,-4.25,-0.45,34.0,2.64,34.0,23.2,1.38,52.97,5.95,-13.12,-1.42,34.0,4.53,34.0,39.85,2.2,64.09,7.2,-13.23,-1.42,34.0,5.78,34.0,50.86,1.9,High,4,0.6
16,Hand warmer (desk mat),0.4,,,25,TskControl34,2025-03-03 15:20:10,2025-03-03_ID0_NoPCS_Ta25_TskControl34_WinterClothing.csv,2025-03-03_ID16_Hand warmer (desk mat)_Mid_Ta25_TskControl34_WinterClothing.csv,-7.88,-6.54,-1.78,-2.24,-13.84,-27.1,-69.12,-70.3,-4.8,-6.04,-5.7,-6.84,25.3,24.9,45.24,0.21,25.14,25.11,34.0,34.0,34.0,34.0,34.0,34.0,34.96,34.0,34.0,34.0,34.0,34.0,35.66,15.1,27.6,29.52,23.86,9.56,0.0,11.0,64.36,64.58,41.76,38.92,25.1,25.1,48.87,0.18,25.1,25.15,34.0,34.0,34.0,34.0,34.0,34.0,34.0,34.0,34.0,34.0,34.0,34.0,43.54,21.64,29.38,31.76,37.7,36.66,69.12,81.3,69.16,70.62,47.46,45.76,4.02,4.89,-0.87,1.61,1.7,2.43,-0.73,2.69,3.12,3.3,-0.19,0.54,3.33,3.57,-0.24,0.63,2.69,4.24,-1.54,3.27,1.08,4.12,-3.04,6.58,0.0,7.77,-7.77,8.9,1.24,9.13,-7.89,7.7,7.26,7.77,-0.51,0.62,7.29,7.93,-0.65,0.76,4.71,5.33,-0.62,1.07,4.39,5.14,-0.75,1.33,30.88,3.47,-1.11,-0.11,34.0,3.36,34.0,29.77,0.19,17.37,1.95,-3.21,-0.35,34.0,1.6,34.0,14.16,1.65,27.45,3.08,-2.81,-0.3,34.0,2.78,34.0,24.63,0.92,52.97,5.95,-3.09,-0.32,34.0,5.63,34.0,49.88,0.58,64.09,7.2,-4.56,-0.48,34.0,6.72,34.0,59.53,0.71,Mid,3,0.4
17,Desk fan heater,0.67,125.0,90.0,25,TskControl34,2025-03-03 16:39:45,2025-03-03_ID0_NoPCS_Ta25_TskControl34_WinterClothing.csv,2025-03-03_ID17_Desk fan heater_High_Angle125_Distance90_Ta25_TskControl34_WinterClothing.csv,-6.36,-6.94,-5.36,-4.46,-6.06,-6.28,-12.58,-1.34,-10.46,-10.92,-4.8,-6.18,25.8,25.2,44.21,0.05,25.45,25.37,34.0,34.0,34.0,34.0,34.0,34.0,34.0,34.0,34.0,34.0,34.0,34.0,37.18,14.7,24.02,27.3,31.64,30.38,56.54,79.96,58.7,59.7,42.66,39.58,25.1,25.1,48.87,0.18,25.1,25.15,34.0,34.0,34.0,34.0,34.0,34.0,34.0,34.0,34.0,34.0,34.0,34.0,43.54,21.64,29.38,31.76,37.7,36.66,69.12,81.3,69.16,70.62,47.46,45.76,4.35,4.89,-0.54,1.3,1.72,2.43,-0.71,2.85,2.81,3.3,-0.49,1.62,3.19,3.57,-0.38,1.25,3.7,4.24,-0.54,1.43,3.55,4.12,-0.57,1.52,6.61,7.77,-1.15,1.62,9.35,9.13,0.22,0.15,6.87,7.77,-0.91,1.35,6.98,7.93,-0.95,1.38,4.99,5.33,-0.34,0.9,4.63,5.14,-0.51,1.2,30.88,3.47,-3.05,-0.21,34.0,3.25,34.0,27.83,0.9,17.37,1.95,-4.37,-0.43,34.0,1.52,34.0,13.0,2.24,27.45,3.08,-3.83,-0.32,34.0,2.76,34.0,23.62,1.23,52.97,5.95,-6.28,-0.49,34.0,5.46,34.0,46.69,1.09,64.09,7.2,-10.76,-0.96,34.0,6.24,34.0,53.33,1.54,High,5,0.67
17,Foot warmer (Hodeamy),1.0,,,22,TskControl34,2025-02-27 18:59:43,2025-02-27_ID0_NoPCS_Ta22_TskControl34_WinterClothingWithoutShoes.csv,2025-02-27_ID17_Foot warmer (Hodeamy)_Level5_Ta22_TskControl34_WinterClothingWithoutShoes.csv,-4.0,-1.14,-0.86,-0.3,-1.1,0.8,-1.88,-5.74,-7.5,-6.3,-39.12,-33.86,22.1,22.1,34.91,0.14,22.1,21.92,34.1,34.0,34.0,34.0,34.0,34.0,34.0,34.0,34.0,34.0,36.92,35.94,51.72,20.5,37.94,39.0,49.66,48.8,99.26,120.22,83.86,85.3,0.0,0.0,22.1,22.1,34.91,0.14,22.1,21.92,34.0,34.0,34.0,34.0,34.0,34.0,34.0,34.0,34.0,34.0,34.0,34.0,55.72,21.64,38.8,39.3,50.76,48.0,101.14,125.96,91.36,91.6,39.12,33.86,4.31,4.68,-0.37,0.85,1.72,1.82,-0.1,0.63,3.19,3.26,-0.07,0.26,3.28,3.3,-0.03,0.09,4.17,4.27,-0.09,0.26,4.1,4.03,0.07,-0.2,8.34,8.5,-0.16,0.22,10.1,10.58,-0.48,0.54,7.05,7.68,-0.63,0.98,7.17,7.7,-0.53,0.82,0.0,3.29,-3.29,11.9,0.0,2.85,-2.85,11.9,40.17,3.38,-0.19,-0.02,34.0,3.36,34.0,39.98,-0.01,20.9,1.76,-1.32,-0.11,34.0,1.65,34.0,19.58,0.75,34.5,2.9,-1.05,-0.09,34.0,2.81,34.0,33.45,0.33,73.67,6.19,0.49,0.04,34.0,6.23,34.0,74.16,-0.05,81.31,6.83,-3.08,-0.26,34.0,6.57,34.0,78.23,0.42,Level5,7,1.0
17,Foot warmer (lomitech),0.33,,,22,TskControl34,2025-02-26 16:19:50,2025-02-26_ID0_NoPCS_Ta22_TskControl34_WinterClothingWithoutShoes.csv,2025-02-26_ID17_Foot warmer (lomitech)_Mid_Ta22_TskControl34_WinterClothingWithoutShoes.csv,3.3,-1.44,3.88,3.64,3.84,4.06,11.02,24.4,10.94,12.12,-35.42,-31.28,22.0,22.0,38.68,0.08,22.0,21.89,34.28,34.0,34.0,34.0,34.0,34.0,34.0,34.0,34.0,34.0,38.1,39.3,52.42,19.9,37.9,39.32,50.4,48.62,96.54,120.14,89.2,89.2,0.0,0.0,22.0,22.0,38.68,0.08,22.0,21.89,34.0,34.0,34.0,34.0,34.0,34.0,34.0,34.0,34.0,34.0,34.0,34.0,49.12,21.34,34.02,35.68,46.56,44.56,85.52,95.74,78.26,77.08,35.42,31.28,4.27,4.09,0.18,-0.81,1.66,1.78,-0.12,0.81,3.16,2.84,0.32,-1.37,3.28,2.97,0.3,-1.22,4.2,3.88,0.32,-0.99,4.05,3.71,0.34,-1.09,8.04,7.13,0.92,-1.55,10.01,7.98,2.03,-3.06,7.43,6.52,0.91,-1.68,7.43,6.42,1.01,-1.89,0.0,2.95,-2.95,12.0,0.0,2.61,-2.61,12.0,36.35,3.03,4.12,0.34,34.0,3.37,34.0,40.47,-1.06,19.05,1.59,1.26,0.11,34.0,1.69,34.0,20.31,-0.79,32.69,2.72,0.97,0.08,34.0,2.81,34.0,33.66,-0.42,64.42,5.37,8.88,0.74,34.0,6.11,34.0,73.3,-1.52,72.15,6.01,7.22,0.6,34.0,6.61,34.0,79.37,-1.17,Mid,3,0.33
17,Foot warmer (lomitech),0.33,,,22,TskControl34,2025-02-27 15:05:00,2025-02-27_ID0_NoPCS_Ta22_TskControl34_WinterClothingWithoutShoes.csv,2025-02-27_ID17_Foot warmer (lomitech)_Mid_Ta22_TskControl34_WinterClothingWithoutShoes.csv,-3.44,-1.94,-1.04,0.46,-0.28,0.78,-1.44,-3.98,-4.64,-7.48,-39.12,-33.86,22.1,22.1,34.91,0.14,22.1,21.92,34.6,34.0,34.0,34.0,34.0,34.0,34.0,34.0,34.0,34.0,41.96,46.32,52.28,19.7,37.76,39.76,50.48,48.78,99.7,121.98,86.72,84.12,0.0,0.0,22.1,22.1,34.91,0.14,22.1,21.92,34.0,34.0,34.0,34.0,34.0,34.0,34.0,34.0,34.0,34.0,34.0,34.0,55.72,21.64,38.8,39.3,50.76,48.0,101.14,125.96,91.36,91.6,39.12,33.86,4.18,4.68,-0.5,0.73,1.66,1.82,-0.16,1.07,3.17,3.26,-0.09,0.32,3.34,3.3,0.04,-0.14,4.24,4.27,-0.02,0.07,4.1,4.03,0.07,-0.19,8.38,8.5,-0.12,0.17,10.25,10.58,-0.33,0.38,7.29,7.68,-0.39,0.6,7.07,7.7,-0.63,0.97,0.0,3.29,-3.29,11.9,0.0,2.85,-2.85,11.9,40.17,3.38,0.43,0.04,34.0,3.41,34.0,40.6,-0.08,20.9,1.76,-0.33,-0.03,34.0,1.73,34.0,20.57,0.19,34.5,2.9,-0.6,-0.05,34.0,2.85,34.0,33.89,0.2,73.67,6.19,-1.2,-0.1,34.0,6.09,34.0,72.47,0.15,81.31,6.83,-0.21,-0.02,34.0,6.82,34.0,81.1,-0.0,Mid,3,0.33
17,Foot warmer (lomitech),0.67,,,22,TskControl34,2025-02-27 16:42:00,2025-02-27_ID0_NoPCS_Ta22_TskControl34_WinterClothingWithoutShoes.csv,2025-02-27_ID17_Foot warmer (lomitech)_High_Ta22_TskControl34_WinterClothingWithoutShoes.csv,-3.84,-1.28,-1.52,0.68,-0.12,1.04,-0.4,-7.9,-8.92,-9.44,-39.12,-33.86,22.1,22.1,34.91,0.14,22.1,21.92,34.8,34.0,34.0,34.0,34.0,34.0,34.0,34.0,34.0,34.0,45.08,48.0,51.88,20.36,37.28,39.98,50.64,49.04,100.74,118.06,82.44,82.16,0.0,0.0,22.1,22.1,34.91,0.14,22.1,21.92,34.0,34.0,34.0,34.0,34.0,34.0,34.0,34.0,34.0,34.0,34.0,34.0,55.72,21.64,38.8,39.3,50.76,48.0,101.14,125.96,91.36,91.6,39.12,33.86,4.09,4.68,-0.6,0.82,1.71,1.82,-0.11,0.7,3.13,3.26,-0.13,0.47,3.36,3.3,0.06,-0.21,4.26,4.27,-0.01,0.03,4.12,4.03,0.09,-0.26,8.47,8.5,-0.03,0.05,9.92,10.58,-0.66,0.75,6.93,7.68,-0.75,1.16,6.9,7.7,-0.79,1.23,0.0,3.29,-3.29,11.9,0.0,2.85,-2.85,11.9,40.17,3.38,0.63,0.05,34.0,3.43,34.0,40.8,-0.18,20.9,1.76,-0.15,-0.01,34.0,1.74,34.0,20.75,0.09,34.5,2.9,-0.48,-0.04,34.0,2.86,34.0,34.02,0.2,73.67,6.19,-0.78,-0.07,34.0,6.13,34.0,72.89,0.11,81.31,6.83,-0.77,-0.06,34.0,6.77,34.0,80.54,0.08,High,5,0.67
17,Foot warmer (Hodeamy),0.83,,,22,TskControl34,2025-02-27 17:52:38,2025-02-27_ID0_NoPCS_Ta22_TskControl34_WinterClothingWithoutShoes.csv,2025-02-27_ID17_Foot warmer (Hodeamy)_Level4_Ta22_TskControl34_WinterClothingWithoutShoes.csv,-3.04,-2.98,-0.3,-0.54,-0.4,0.64,-1.66,-0.72,-5.06,-5.18,-27.88,-17.66,22.1,22.1,34.91,0.14,22.1,21.92,34.0,34.0,34.0,34.0,34.0,34.0,34.0,34.0,34.0,34.0,34.0,34.0,52.68,18.66,38.5,38.76,50.36,48.64,99.48,125.24,86.3,86.42,11.24,16.2,22.1,22.1,34.91,0.14,22.1,21.92,34.0,34.0,34.0,34.0,34.0,34.0,34.0,34.0,34.0,34.0,34.0,34.0,55.72,21.64,38.8,39.3,50.76,48.0,101.14,125.96,91.36,91.6,39.12,33.86,4.43,4.68,-0.26,0.65,1.57,1.82,-0.25,1.64,3.24,3.26,-0.03,0.09,3.26,3.3,-0.05,0.16,4.23,4.27,-0.03,0.09,4.09,4.03,0.05,-0.16,8.36,8.5,-0.14,0.2,10.52,10.58,-0.06,0.07,7.25,7.68,-0.43,0.66,7.26,7.7,-0.44,0.67,0.94,3.29,-2.34,8.48,1.36,2.85,-1.48,6.21,40.17,3.38,-0.42,-0.03,34.0,3.34,34.0,39.75,0.11,20.9,1.76,-1.16,-0.1,34.0,1.66,34.0,19.74,0.66,34.5,2.9,-0.8,-0.07,34.0,2.83,34.0,33.7,0.25,73.67,6.19,-3.1,-0.26,34.0,5.93,34.0,70.57,0.52,81.31,6.83,-1.96,-0.16,34.0,6.67,34.0,79.35,0.23,Level4,6,0.83
17,Foot warmer (lomitech),0.67,,,25,TskControl34,2025-03-04 16:48:00,2025-03-04_ID0_NoPCS_Ta25_TskControl34_WinterClothingWithoutShoes.csv,2025-03-04_ID17_Foot warmer (lomitech)_High_Ta25_TskControl34_WinterClothingWithoutShoes.csv,-12.4,-22.68,-6.22,-5.84,-1.7,-2.26,-5.64,0.74,-16.66,-12.96,-73.4,-70.44,25.0,24.9,64.74,0.0,24.9,25.78,34.8,34.0,34.0,34.0,34.0,34.0,34.0,34.0,34.0,34.0,47.6,45.28,38.2,14.8,27.96,30.58,37.88,37.4,68.94,82.5,55.66,59.18,0.0,0.0,25.1,25.0,63.95,0.05,25.04,25.76,34.0,34.0,34.0,34.0,34.0,34.0,34.0,34.0,34.0,34.0,34.0,34.0,50.6,37.48,34.18,36.42,39.58,39.66,74.58,81.76,72.32,72.14,73.4,70.44,3.86,5.65,-1.79,2.2,1.63,4.18,-2.56,5.42,3.07,3.81,-0.74,1.63,3.36,4.06,-0.7,1.44,4.16,4.42,-0.25,0.38,4.11,4.43,-0.32,0.51,7.58,8.32,-0.75,0.68,9.07,9.13,-0.06,-0.08,6.12,8.07,-1.95,2.06,6.5,8.05,-1.55,1.61,0.0,8.19,-8.19,8.96,0.0,7.86,-7.86,8.96,31.38,3.5,-1.15,-0.18,34.0,3.32,34.0,30.24,0.2,24.33,2.72,-9.88,-1.13,34.0,1.59,34.0,14.45,3.64,36.48,4.07,-11.4,-1.32,34.0,2.76,34.0,25.08,2.77,60.81,6.79,-7.9,-0.97,34.0,5.81,34.0,52.91,1.18,71.48,7.98,-6.68,-0.86,34.0,7.12,34.0,64.8,0.84,High,5,0.67
17,Foot warmer (lomitech),0.0,,,22,TskControl34,2025-02-26 13:58:00,2025-02-26_ID0_NoPCS_Ta22_TskControl34_WinterClothingWithoutShoes.csv,2025-02-26_ID17_Foot warmer (lomitech)_Low_Ta22_TskControl34_WinterClothingWithoutShoes.csv,3.78,-0.5,3.42,3.6,4.1,5.02,12.7,28.26,12.32,13.06,-35.42,-31.28,22.0,22.0,55.91,0.15,22.0,22.22,34.3,34.0,34.0,34.0,34.0,34.0,34.0,34.0,34.0,34.0,38.12,39.82,52.9,20.84,37.44,39.28,50.66,49.58,98.22,124.0,90.58,90.14,0.0,0.0,22.0,22.0,38.68,0.08,22.0,21.89,34.0,34.0,34.0,34.0,34.0,34.0,34.0,34.0,34.0,34.0,34.0,34.0,49.12,21.34,34.02,35.68,46.56,44.56,85.52,95.74,78.26,77.08,35.42,31.28,4.3,4.09,0.21,-0.92,1.74,1.78,-0.04,0.28,3.12,2.84,0.28,-1.21,3.27,2.97,0.3,-1.21,4.22,3.88,0.34,-1.06,4.13,3.71,0.42,-1.35,8.18,7.13,1.06,-1.78,10.33,7.98,2.36,-3.54,7.55,6.52,1.03,-1.89,7.51,6.42,1.09,-2.03,0.0,2.95,-2.95,12.0,0.0,2.61,-2.61,12.0,36.35,3.03,4.01,0.33,34.0,3.36,34.0,40.36,-1.15,19.05,1.59,1.3,0.11,34.0,1.7,34.0,20.35,-0.82,32.69,2.72,1.17,0.1,34.0,2.82,34.0,33.86,-0.49,64.42,5.37,8.47,0.71,34.0,6.07,34.0,72.89,-1.43,72.15,6.01,8.47,0.71,34.0,6.72,34.0,80.62,-1.35,Low,1,0.0
17,Foot warmer (lomitech),0.5,,,22,TskControl34,2025-02-27 15:58:41,2025-02-27_ID0_NoPCS_Ta22_TskControl34_WinterClothingWithoutShoes.csv,2025-02-27_ID17_Foot warmer (lomitech)_BACKUP_High_Ta22_TskControl34_WinterClothingWithoutShoes.csv,-4.2,-2.02,-0.84,-3.46,-0.16,1.48,-2.66,-2.56,-7.76,-9.8,-39.12,-33.86,22.1,22.1,34.91,0.14,22.1,21.92,34.66,34.0,34.0,34.0,34.0,34.0,34.0,34.0,34.0,34.0,43.06,47.0,51.52,19.62,37.96,35.84,50.6,49.48,98.48,123.4,83.6,81.8,0.0,0.0,22.1,22.1,34.91,0.14,22.1,21.92,34.0,34.0,34.0,34.0,34.0,34.0,34.0,34.0,34.0,34.0,34.0,34.0,55.72,21.64,38.8,39.3,50.76,48.0,101.14,125.96,91.36,91.6,39.12,33.86,4.1,4.68,-0.58,0.9,1.65,1.82,-0.17,1.11,3.19,3.26,-0.07,0.26,3.01,3.3,-0.29,1.05,4.25,4.27,-0.01,0.04,4.16,4.03,0.12,-0.37,8.28,8.5,-0.22,0.31,10.37,10.58,-0.22,0.24,7.03,7.68,-0.65,1.01,6.87,7.7,-0.82,1.27,0.0,3.29,-3.29,11.9,0.0,2.85,-2.85,11.9,40.17,3.38,0.99,0.08,34.0,3.46,34.0,41.16,-0.25,20.9,1.76,-1.19,-0.1,34.0,1.66,34.0,19.71,0.67,34.5,2.9,-0.54,-0.05,34.0,2.85,34.0,33.96,0.19,73.67,6.19,-2.26,-0.19,34.0,6.0,34.0,71.41,0.33,81.31,6.83,-1.28,-0.11,34.0,6.73,34.0,80.03,0.15,BACKUP,4,0.5
17,Desk fan heater,0.67,125.0,90.0,22,TskControl34,2025-02-28 16:17:14,2025-02-28_ID0_NoPCS_Ta22_TskControl34_WinterClothing.csv,2025-02-28_ID17_Desk fan heater_High_Angle125_Distance90_Ta22_TskControl34_WinterClothing.csv,-15.62,-34.7,-12.6,-9.04,-5.88,-5.64,-19.7,3.44,-14.72,-12.72,-14.84,-8.96,22.9,22.9,56.14,0.16,22.9,23.16,34.0,34.0,34.0,34.0,34.0,34.0,34.0,34.0,34.0,34.0,34.0,34.0,50.72,18.66,32.62,36.78,46.06,44.8,86.02,112.94,80.2,82.6,57.28,55.0,22.2,22.4,53.45,0.09,22.3,22.47,34.0,34.0,34.0,34.0,34.0,34.0,34.0,34.0,34.0,34.0,34.0,34.0,66.34,53.36,45.22,45.82,51.94,50.44,105.72,109.5,94.92,95.32,72.12,63.96,4.57,5.67,-1.1,2.75,1.68,4.56,-2.88,7.61,2.94,3.86,-0.93,3.26,3.31,3.92,-0.6,2.31,4.15,4.44,-0.29,1.32,4.04,4.31,-0.28,1.31,7.75,9.04,-1.29,2.18,10.17,9.36,0.82,-0.37,7.23,8.11,-0.89,1.81,7.44,8.15,-0.71,1.56,5.16,6.16,-1.0,2.41,4.95,5.47,-0.51,1.64,41.78,3.57,-5.36,-0.29,34.0,3.28,34.0,36.42,1.38,33.19,2.84,-15.14,-1.21,34.0,1.63,34.0,18.05,5.35,52.77,4.51,-20.81,-1.63,34.0,2.88,34.0,31.96,4.59,82.86,7.08,-21.64,-1.57,34.0,5.52,34.0,61.22,3.09,93.4,7.98,-21.58,-1.51,34.0,6.47,34.0,71.82,2.6,High,5,0.67
17,Foot warmer (Hodeamy),0.17,,,22,TskControl34,2025-02-27 17:31:28,2025-02-27_ID0_NoPCS_Ta22_TskControl34_WinterClothingWithoutShoes.csv,2025-02-27_ID17_Foot warmer (Hodeamy)_Level1_Ta22_TskControl34_WinterClothingWithoutShoes.csv,1.52,-1.56,-0.24,0.9,0.22,1.04,-2.64,-1.74,-4.12,-3.12,44.8,46.9,22.1,22.1,34.91,0.14,22.1,21.92,34.0,34.0,34.0,34.0,34.0,34.0,34.0,34.0,34.0,34.0,34.0,34.0,57.24,20.08,38.56,40.2,50.98,49.04,98.5,124.22,87.24,88.48,83.92,80.76,22.1,22.1,34.91,0.14,22.1,21.92,34.0,34.0,34.0,34.0,34.0,34.0,34.0,34.0,34.0,34.0,34.0,34.0,55.72,21.64,38.8,39.3,50.76,48.0,101.14,125.96,91.36,91.6,39.12,33.86,4.81,4.68,0.13,-0.32,1.69,1.82,-0.13,0.86,3.24,3.26,-0.02,0.07,3.38,3.3,0.08,-0.27,4.28,4.27,0.02,-0.05,4.12,4.03,0.09,-0.26,8.28,8.5,-0.22,0.31,10.44,10.58,-0.15,0.16,7.33,7.68,-0.35,0.54,7.44,7.7,-0.26,0.41,7.05,3.29,3.76,-13.63,6.79,2.85,3.94,-16.48,40.17,3.38,0.47,0.04,34.0,3.42,34.0,40.64,-0.21,20.9,1.76,-1.22,-0.1,34.0,1.65,34.0,19.68,0.69,34.5,2.9,-1.0,-0.08,34.0,2.82,34.0,33.5,0.32,73.67,6.19,-2.7,-0.23,34.0,5.96,34.0,70.97,0.37,81.31,6.83,-2.15,-0.18,34.0,6.65,34.0,79.16,0.26,Level1,2,0.17
17,Desk fan heater,0.0,125.0,90.0,25,TskControl34,2025-03-03 15:49:35,2025-03-03_ID0_NoPCS_Ta25_TskControl34_WinterClothing.csv,2025-03-03_ID17_Desk fan heater_Low_Angle125_Distance90_Ta25_TskControl34_WinterClothing.csv,-7.36,-7.34,-4.9,-3.28,-8.8,-10.14,-22.34,-11.52,-9.98,-11.44,-7.66,-7.36,25.7,25.3,44.47,0.0,25.3,25.37,34.0,34.0,34.0,34.0,34.0,34.0,34.0,34.0,34.0,34.0,34.0,34.0,36.18,14.3,24.48,28.48,28.9,26.52,46.78,69.78,59.18,59.18,39.8,38.4,25.1,25.1,48.87,0.18,25.1,25.15,34.0,34.0,34.0,34.0,34.0,34.0,34.0,34.0,34.0,34.0,34.0,34.0,43.54,21.64,29.38,31.76,37.7,36.66,69.12,81.3,69.16,70.62,47.46,45.76,4.16,4.89,-0.73,1.5,1.64,2.43,-0.79,3.02,2.81,3.3,-0.49,1.48,3.27,3.57,-0.29,0.92,3.32,4.24,-0.91,2.08,3.05,4.12,-1.07,2.46,5.38,7.77,-2.39,2.88,8.02,9.13,-1.11,1.26,6.8,7.77,-0.97,1.28,6.8,7.93,-1.13,1.44,4.57,5.33,-0.76,1.44,4.41,5.14,-0.73,1.43,30.88,3.47,-2.37,-0.19,34.0,3.28,34.0,28.51,0.64,17.37,1.95,-4.35,-0.46,34.0,1.5,34.0,13.02,2.25,27.45,3.08,-3.97,-0.39,34.0,2.7,34.0,23.48,1.27,52.97,5.95,-7.97,-0.78,34.0,5.17,34.0,45.0,1.47,64.09,7.2,-11.42,-1.15,34.0,6.05,34.0,52.67,1.68,Low,1,0.0
17,Foot warmer (lomitech),0.0,,,25,TskControl34,2025-03-04 13:02:31,2025-03-04_ID0_NoPCS_Ta25_TskControl34_WinterClothingWithoutShoes.csv,2025-03-04_ID17_Foot warmer (lomitech)_Low_Ta25_TskControl34_WinterClothingWithoutShoes.csv,-11.66,-19.6,-5.0,-5.06,-1.68,-2.5,-4.36,-4.3,-13.02,-12.52,-73.4,-70.44,25.2,24.9,53.88,0.0,24.9,25.29,34.6,34.0,34.0,34.0,34.0,34.0,34.0,34.0,34.0,34.0,45.18,43.86,38.94,17.88,29.18,31.36,37.9,37.16,70.22,77.46,59.3,59.62,0.0,0.0,25.1,25.0,63.95,0.05,25.04,25.76,34.0,34.0,34.0,34.0,34.0,34.0,34.0,34.0,34.0,34.0,34.0,34.0,50.6,37.48,34.18,36.42,39.58,39.66,74.58,81.76,72.32,72.14,73.4,70.44,4.01,5.65,-1.63,2.06,1.96,4.18,-2.22,4.69,3.21,3.81,-0.61,1.31,3.45,4.06,-0.62,1.24,4.16,4.42,-0.25,0.38,4.08,4.43,-0.34,0.56,7.72,8.32,-0.61,0.52,8.51,9.13,-0.61,0.47,6.52,8.07,-1.55,1.61,6.55,8.05,-1.5,1.56,0.0,8.19,-8.19,8.96,0.0,7.86,-7.86,8.96,31.38,3.5,-1.28,-0.19,34.0,3.31,34.0,30.11,0.25,24.33,2.72,-8.41,-0.97,34.0,1.75,34.0,15.92,3.1,36.48,4.07,-10.72,-1.24,34.0,2.83,34.0,25.75,2.61,60.81,6.79,-6.68,-0.84,34.0,5.95,34.0,54.13,0.99,71.48,7.98,-6.28,-0.81,34.0,7.16,34.0,65.2,0.83,Low,1,0.0
17,Desk fan heater,0.0,125.0,90.0,22,TskControl34,2025-02-28 16:04:39,2025-02-28_ID0_NoPCS_Ta22_TskControl34_WinterClothing.csv,2025-02-28_ID17_Desk fan heater_Low_Angle125_Distance90_Ta22_TskControl34_WinterClothing.csv,-14.42,-33.38,-11.68,-7.98,-5.38,-4.98,-18.28,7.46,-13.36,-11.44,-14.02,-8.26,22.8,23.0,56.11,0.18,22.89,23.06,34.0,34.0,34.0,34.0,34.0,34.0,34.0,34.0,34.0,34.0,34.0,34.0,51.92,19.98,33.54,37.84,46.56,45.46,87.44,116.96,81.56,83.88,58.1,55.7,22.2,22.4,53.45,0.09,22.3,22.47,34.0,34.0,34.0,34.0,34.0,34.0,34.0,34.0,34.0,34.0,34.0,34.0,66.34,53.36,45.22,45.82,51.94,50.44,105.72,109.5,94.92,95.32,72.12,63.96,4.67,5.67,-1.0,2.54,1.8,4.56,-2.76,7.32,3.02,3.86,-0.85,3.02,3.41,3.92,-0.51,2.04,4.19,4.44,-0.25,1.21,4.09,4.31,-0.22,1.16,7.87,9.04,-1.17,2.02,10.53,9.36,1.17,-0.8,7.34,8.11,-0.77,1.65,7.55,8.15,-0.6,1.4,5.23,6.16,-0.93,2.27,5.01,5.47,-0.45,1.51,41.78,3.57,-4.13,-0.18,34.0,3.39,34.0,37.65,1.06,33.19,2.84,-14.28,-1.13,34.0,1.7,34.0,18.91,5.04,52.77,4.51,-20.42,-1.6,34.0,2.91,34.0,32.34,4.5,82.86,7.08,-18.43,-1.28,34.0,5.8,34.0,64.43,2.56,93.4,7.98,-20.97,-1.46,34.0,6.52,34.0,72.43,2.53,Low,1,0.0
17,Foot warmer (lomitech),0.33,,,25,TskControl34,2025-03-04 14:27:21,2025-03-04_ID0_NoPCS_Ta25_TskControl34_WinterClothingWithoutShoes.csv,2025-03-04_ID17_Foot warmer (lomitech)_Mid_Ta25_TskControl34_WinterClothingWithoutShoes.csv,-12.26,-20.82,-5.5,-6.04,-1.78,-2.06,-6.04,-2.98,-15.68,-14.14,-73.4,-70.44,25.1,24.8,51.48,0.04,24.92,25.08,34.8,34.0,34.0,34.0,34.0,34.0,34.0,34.0,34.0,34.0,47.6,46.38,38.34,16.66,28.68,30.38,37.8,37.6,68.54,78.78,56.64,58.0,0.0,0.0,25.1,25.0,63.95,0.05,25.04,25.76,34.0,34.0,34.0,34.0,34.0,34.0,34.0,34.0,34.0,34.0,34.0,34.0,50.6,37.48,34.18,36.42,39.58,39.66,74.58,81.76,72.32,72.14,73.4,70.44,3.88,5.65,-1.77,2.17,1.83,4.18,-2.35,4.98,3.16,3.81,-0.66,1.44,3.35,4.06,-0.72,1.49,4.16,4.42,-0.25,0.4,4.14,4.43,-0.29,0.47,7.55,8.32,-0.78,0.73,8.68,9.13,-0.45,0.33,6.24,8.07,-1.83,1.94,6.39,8.05,-1.66,1.76,0.0,8.19,-8.19,8.96,0.0,7.86,-7.86,8.96,31.38,3.5,-1.89,-0.25,34.0,3.25,34.0,29.5,0.46,24.33,2.72,-8.68,-0.99,34.0,1.72,34.0,15.65,3.2,36.48,4.07,-11.52,-1.32,34.0,2.75,34.0,24.95,2.82,60.81,6.79,-6.38,-0.79,34.0,5.99,34.0,54.43,0.97,71.48,7.98,-7.08,-0.89,34.0,7.09,34.0,64.4,0.93,Mid,3,0.33
18,Foot warmer (Hodeamy),0.0,,,25,TskControl34,2025-03-05 12:19:23,2025-03-05_ID0_NoPCS_Ta25_TskControl34_WinterClothingWithoutShoes.csv,2025-03-05_ID18_Foot warmer (Hodeamy)_Level1_Ta25_TskControl34_WinterClothingWithoutShoes.csv,-1.12,-3.24,-0.9,-0.32,-0.46,1.56,-1.68,2.88,-1.56,0.24,-6.24,-5.76,25.0,24.8,54.88,0.12,24.9,25.21,34.0,34.0,34.0,34.0,34.0,34.0,34.0,34.0,34.0,34.0,34.0,34.0,45.08,20.98,29.44,33.66,37.9,38.38,73.14,84.68,66.68,67.52,65.74,67.02,24.9,24.9,56.64,0.11,24.9,25.28,34.0,34.0,34.0,34.0,34.0,34.0,34.0,34.0,34.0,34.0,34.0,34.0,46.2,24.22,30.34,33.98,38.36,36.82,74.82,81.8,68.24,67.28,71.98,72.78,4.95,5.08,-0.12,0.22,2.31,2.66,-0.36,1.22,3.24,3.33,-0.1,0.27,3.7,3.73,-0.04,0.09,4.16,4.22,-0.05,0.11,4.22,4.05,0.17,-0.39,8.04,8.22,-0.18,0.2,9.31,8.99,0.32,-0.32,7.33,7.5,-0.17,0.21,7.42,7.39,0.03,-0.03,7.22,7.91,-0.69,0.79,7.36,8.0,-0.63,0.72,30.84,3.39,-0.52,-0.06,34.0,3.33,34.0,30.32,0.16,17.8,1.96,0.57,0.06,34.0,2.02,34.0,18.37,-0.29,29.41,3.23,-1.48,-0.16,34.0,3.07,34.0,27.93,0.47,55.01,6.05,-1.37,-0.15,34.0,5.89,34.0,53.64,0.24,66.75,7.34,-1.43,-0.16,34.0,7.18,34.0,65.32,0.2,Level1,1,0.0
18,Foot warmer (Hodeamy),0.33,,,25,TskControl34,2025-03-05 13:00:23,2025-03-05_ID0_NoPCS_Ta25_TskControl34_WinterClothingWithoutShoes.csv,2025-03-05_ID18_Foot warmer (Hodeamy)_Level4_Ta25_TskControl34_WinterClothingWithoutShoes.csv,-6.7,-5.72,-1.72,-3.54,-0.48,0.1,-3.9,-1.16,-4.76,-2.12,-70.48,-69.5,25.1,24.9,54.2,0.17,25.01,25.29,34.0,34.0,34.0,34.0,34.0,34.0,34.0,34.0,34.0,34.0,34.0,34.0,39.5,18.5,28.62,30.44,37.88,36.92,70.92,80.64,63.48,65.16,1.5,3.28,24.9,24.9,56.64,0.11,24.9,25.28,34.0,34.0,34.0,34.0,34.0,34.0,34.0,34.0,34.0,34.0,34.0,34.0,46.2,24.22,30.34,33.98,38.36,36.82,74.82,81.8,68.24,67.28,71.98,72.78,4.39,5.08,-0.68,1.32,2.06,2.66,-0.6,2.15,3.18,3.33,-0.15,0.52,3.39,3.73,-0.35,0.95,4.21,4.22,-0.0,0.11,4.11,4.05,0.06,-0.02,7.89,8.22,-0.33,0.47,8.97,8.99,-0.02,0.13,7.06,7.5,-0.44,0.63,7.25,7.39,-0.15,0.29,0.17,7.91,-7.74,8.91,0.36,8.0,-7.63,8.69,30.84,3.39,-0.63,-0.03,34.0,3.36,34.0,30.22,0.18,17.8,1.96,-1.68,-0.16,34.0,1.79,34.0,16.12,0.86,29.41,3.23,-1.36,-0.11,34.0,3.12,34.0,28.05,0.38,55.01,6.05,-3.13,-0.27,34.0,5.77,34.0,51.88,0.5,66.75,7.34,-4.75,-0.44,34.0,6.9,34.0,62.0,0.67,Level4,2,0.33
18,Foot warmer (Hodeamy),0.67,,,25,TskControl34,2025-03-05 14:06:23,2025-03-05_ID0_NoPCS_Ta25_TskControl34_WinterClothingWithoutShoes.csv,2025-03-05_ID18_Foot warmer (Hodeamy)_Level5_Ta25_TskControl34_WinterClothingWithoutShoes.csv,-7.84,-8.36,-2.18,-3.04,-1.3,0.68,-4.42,-2.22,-5.48,-4.18,-71.98,-72.78,25.0,25.0,51.12,0.07,25.0,25.14,34.1,34.0,34.0,34.0,34.0,34.0,34.0,34.0,34.0,34.0,35.7,35.1,38.36,15.86,28.16,30.94,37.06,37.5,70.4,79.58,62.76,63.1,0.0,0.0,24.9,24.9,56.64,0.11,24.9,25.28,34.0,34.0,34.0,34.0,34.0,34.0,34.0,34.0,34.0,34.0,34.0,34.0,46.2,24.22,30.34,33.98,38.36,36.82,74.82,81.8,68.24,67.28,71.98,72.78,4.22,5.08,-0.86,1.54,1.76,2.66,-0.9,3.14,3.13,3.33,-0.21,0.65,3.44,3.73,-0.3,0.81,4.12,4.22,-0.1,0.31,4.17,4.05,0.12,-0.17,7.82,8.22,-0.4,0.54,8.84,8.99,-0.15,0.25,6.97,7.5,-0.53,0.73,7.01,7.39,-0.38,0.57,0.0,7.91,-7.91,9.1,0.0,8.0,-8.0,9.1,30.84,3.39,-1.63,-0.14,34.0,3.25,34.0,29.22,0.68,17.8,1.96,-2.46,-0.25,34.0,1.7,34.0,15.34,1.26,29.41,3.23,-3.73,-0.38,34.0,2.85,34.0,25.68,1.17,55.01,6.05,-4.26,-0.41,34.0,5.64,34.0,50.75,0.7,66.75,7.34,-5.19,-0.5,34.0,6.84,34.0,61.56,0.7,Level5,3,0.67
18,Foot warmer (Hodeamy),1.0,,,25,TskControl34,2025-03-05 15:05:00,2025-03-05_ID0_NoPCS_Ta25_TskControl34_WinterClothingWithoutShoes.csv,2025-03-05_ID18_Foot warmer (Hodeamy)_Level8_Ta25_TskControl34_WinterClothingWithoutShoes.csv,-8.32,-7.04,-2.24,-3.04,-0.62,0.4,-3.7,-2.1,-9.48,-7.62,-71.98,-72.78,25.1,25.0,49.19,0.05,25.04,25.07,34.3,34.0,34.0,34.0,34.0,34.0,34.0,34.0,34.0,34.0,39.3,38.36,37.88,17.18,28.1,30.94,37.74,37.22,71.12,79.7,58.76,59.66,0.0,0.0,24.9,24.9,56.64,0.11,24.9,25.28,34.0,34.0,34.0,34.0,34.0,34.0,34.0,34.0,34.0,34.0,34.0,34.0,46.2,24.22,30.34,33.98,38.36,36.82,74.82,81.8,68.24,67.28,71.98,72.78,4.09,5.08,-0.99,1.64,1.92,2.66,-0.74,2.65,3.14,3.33,-0.2,0.67,3.45,3.73,-0.28,0.81,4.21,4.22,-0.0,0.15,4.15,4.05,0.11,-0.1,7.94,8.22,-0.28,0.45,8.9,8.99,-0.09,0.23,6.56,7.5,-0.94,1.26,6.66,7.39,-0.73,1.03,0.0,7.91,-7.91,9.1,0.0,8.0,-8.0,9.1,30.84,3.39,-3.31,-0.32,34.01,3.07,34.0,27.53,1.48,17.8,1.96,-2.03,-0.2,34.0,1.76,34.0,15.77,1.04,29.41,3.23,-2.93,-0.28,34.0,2.96,34.0,26.48,0.89,55.01,6.05,-4.95,-0.46,34.0,5.59,34.0,50.06,0.79,66.75,7.34,-5.24,-0.47,34.0,6.86,34.0,61.51,0.7,Level8,4,1.0
19,Hand warmer (desk mat),0.33,,,25,TskControl34,2025-03-03 15:20:10,2025-03-03_ID0_NoPCS_Ta25_TskControl34_WinterClothing.csv,2025-03-03_ID19_Hand warmer (desk mat)_Mid_Ta25_TskControl34_WinterClothing.csv,-7.88,-6.54,-1.78,-2.24,-13.84,-27.1,-69.12,-70.3,-4.8,-6.04,-5.7,-6.84,25.3,24.9,45.24,0.21,25.14,25.11,34.0,34.0,34.0,34.0,34.0,34.0,34.96,34.0,34.0,34.0,34.0,34.0,35.66,15.1,27.6,29.52,23.86,9.56,0.0,11.0,64.36,64.58,41.76,38.92,25.1,25.1,48.87,0.18,25.1,25.15,34.0,34.0,34.0,34.0,34.0,34.0,34.0,34.0,34.0,34.0,34.0,34.0,43.54,21.64,29.38,31.76,37.7,36.66,69.12,81.3,69.16,70.62,47.46,45.76,4.02,4.89,-0.87,1.61,1.7,2.43,-0.73,2.69,3.12,3.3,-0.19,0.54,3.33,3.57,-0.24,0.63,2.69,4.24,-1.54,3.27,1.08,4.12,-3.04,6.58,0.0,7.77,-7.77,8.9,1.24,9.13,-7.89,7.7,7.26,7.77,-0.51,0.62,7.29,7.93,-0.65,0.76,4.71,5.33,-0.62,1.07,4.39,5.14,-0.75,1.33,30.88,3.47,-1.11,-0.11,34.0,3.36,34.0,29.77,0.19,17.37,1.95,-3.21,-0.35,34.0,1.6,34.0,14.16,1.65,27.45,3.08,-2.81,-0.3,34.0,2.78,34.0,24.63,0.92,52.97,5.95,-3.09,-0.32,34.0,5.63,34.0,49.88,0.58,64.09,7.2,-4.56,-0.48,34.0,6.72,34.0,59.53,0.71,Mid,2,0.33
19,Hand warmer (desk mat),1.0,,,25,TskControl34,2025-02-07 16:09:54,2025-02-07_ID0_NoPCS_Ta25_TskControl34.csv,2025-02-07_ID19_Hand warmer (desk mat)_Level5_Ta25_TskControl34.csv,-5.7,0.12,0.62,1.66,-19.66,-62.78,-68.26,-63.38,0.64,0.92,0.7,0.22,24.9,25.0,71.09,0.06,24.96,26.29,34.0,34.0,34.0,34.0,34.0,34.66,34.38,34.0,34.0,34.0,34.0,34.0,44.82,30.18,46.56,56.84,34.06,0.0,0.0,0.94,67.52,71.56,46.32,46.48,24.9,25.1,71.54,0.08,25.01,26.32,34.0,34.0,34.0,34.0,34.0,34.0,34.0,34.0,34.0,34.0,34.0,34.0,50.52,30.06,45.94,55.18,53.72,62.78,68.26,64.32,66.88,70.64,45.62,46.26,4.96,5.62,-0.66,1.01,3.34,3.34,-0.01,-0.04,5.15,5.11,0.04,-0.12,6.29,6.14,0.15,-0.27,3.77,5.98,-2.21,3.29,0.0,6.98,-6.98,8.99,0.0,7.59,-7.59,8.99,0.1,7.15,-7.05,8.86,7.47,7.44,0.03,-0.09,7.92,7.86,0.06,-0.12,5.12,5.07,0.05,-0.14,5.14,5.15,-0.0,-0.04,29.02,3.23,-0.43,-0.07,34.0,3.16,34.0,28.59,-0.04,29.4,3.27,-1.02,-0.13,34.0,3.14,34.0,28.38,0.31,45.15,5.02,0.14,-0.01,34.0,5.01,34.0,45.29,-0.06,56.44,6.28,0.39,0.01,34.0,6.29,34.0,56.83,-0.08,62.93,7.0,-0.26,-0.07,34.0,6.93,34.0,62.67,0.03,Level5,4,1.0
19,Hand wamer (desk mat),0.33,,,22,TskControl34,2025-02-24 17:49:02,2025-02-24_ID0_NoPCS_Ta22_TskControl34.csv,2025-02-24_ID19_Hand wamer (desk mat)_Mid_Ta22_TskControl34_WinterClothing.csv,-26.36,-34.3,-27.68,-34.5,-51.42,-86.88,-107.16,-85.88,-5.12,-7.84,-2.4,-4.94,22.4,22.4,30.02,0.0,22.4,22.11,34.0,34.0,34.0,34.0,34.0,34.0,34.0,34.0,34.0,34.0,34.0,34.0,49.94,22.54,37.88,40.44,30.92,18.58,14.16,37.18,86.54,88.22,62.0,60.5,22.3,22.5,37.98,0.13,22.39,22.25,34.0,34.0,34.0,34.0,34.0,34.0,34.0,34.0,34.0,34.0,34.0,34.0,76.3,56.84,65.56,74.94,82.34,105.46,121.32,123.06,91.66,96.06,64.4,65.44,4.31,6.57,-2.27,4.01,1.94,4.9,-2.95,7.01,3.27,5.65,-2.38,4.9,3.49,6.45,-2.97,5.34,2.67,7.09,-4.43,7.25,1.6,9.08,-7.48,9.56,1.22,10.45,-9.23,10.25,3.21,10.6,-7.39,8.1,7.46,7.89,-0.43,0.65,7.61,8.27,-0.67,0.95,5.34,5.55,-0.2,0.43,5.22,5.64,-0.42,0.88,40.47,3.49,-1.77,-0.15,34.0,3.34,34.0,38.7,0.13,43.47,3.74,-20.38,-1.75,34.0,1.99,34.0,23.09,5.43,65.77,5.67,-29.21,-2.51,34.0,3.15,34.0,36.56,5.06,93.02,8.01,-26.29,-2.26,34.0,5.75,34.0,66.73,3.43,95.87,8.26,-19.62,-1.68,34.0,6.57,34.0,76.25,2.49,Mid,2,0.33
19,Hand warmer (desk mat),0.0,,,25,TskControl34,2025-02-07 16:23:54,2025-02-07_ID0_NoPCS_Ta25_TskControl34.csv,2025-02-07_ID19_Hand warmer (desk mat)_Level1_Ta25_TskControl34.csv,-6.18,-0.18,0.2,1.62,-27.52,-62.78,-68.26,-64.32,1.44,-0.42,0.66,0.12,24.9,25.0,71.09,0.07,24.95,26.2,34.0,34.0,34.0,34.0,34.0,34.9,34.3,34.06,34.0,34.0,34.0,34.0,44.34,29.88,46.14,56.8,26.2,0.0,0.0,0.0,68.32,70.22,46.28,46.38,24.9,25.1,71.54,0.08,25.01,26.32,34.0,34.0,34.0,34.0,34.0,34.0,34.0,34.0,34.0,34.0,34.0,34.0,50.52,30.06,45.94,55.18,53.72,62.78,68.26,64.32,66.88,70.64,45.62,46.26,4.9,5.62,-0.72,1.1,3.3,3.34,-0.04,0.05,5.1,5.11,-0.01,-0.04,6.28,6.14,0.14,-0.26,2.9,5.98,-3.08,4.61,0.0,6.98,-6.98,8.99,0.0,7.59,-7.59,8.99,0.0,7.15,-7.15,8.99,7.55,7.44,0.11,-0.19,7.76,7.86,-0.1,0.05,5.11,5.07,0.04,-0.13,5.12,5.15,-0.02,-0.02,29.02,3.23,0.03,-0.02,34.0,3.21,34.0,29.05,-0.11,29.4,3.27,-1.25,-0.16,34.0,3.11,34.0,28.15,0.4,45.15,5.02,0.02,-0.03,34.0,4.99,34.0,45.16,-0.03,56.44,6.28,-0.26,-0.07,34.0,6.21,34.0,56.18,0.05,62.93,7.0,-0.67,-0.12,34.0,6.88,34.0,62.26,0.11,Level1,1,0.0
19,Hand warmer (desk mat),0.67,,,25,TskControl34,2025-02-07 15:51:54,2025-02-07_ID0_NoPCS_Ta25_TskControl34.csv,2025-02-07_ID19_Hand warmer (desk mat)_Level3_Ta25_TskControl34.csv,-6.56,-1.12,0.42,0.38,-25.82,-62.78,-68.26,-61.68,-1.94,-1.62,0.26,-0.22,25.2,25.2,68.97,0.23,25.2,26.32,34.0,34.0,34.0,34.0,34.0,34.4,34.3,33.98,34.0,34.0,34.0,34.0,43.96,28.94,46.36,55.56,27.9,0.0,0.0,2.64,64.94,69.02,45.88,46.04,24.9,25.1,71.54,0.08,25.01,26.32,34.0,34.0,34.0,34.0,34.0,34.0,34.0,34.0,34.0,34.0,34.0,34.0,50.52,30.06,45.94,55.18,53.72,62.78,68.26,64.32,66.88,70.64,45.62,46.26,5.0,5.62,-0.62,1.17,3.29,3.34,-0.06,0.33,5.27,5.11,0.16,-0.08,6.31,6.14,0.18,-0.06,3.17,5.98,-2.81,4.32,0.0,6.98,-6.98,8.99,0.0,7.59,-7.59,8.99,0.3,7.15,-6.85,8.62,7.38,7.44,-0.06,0.26,7.84,7.86,-0.01,0.21,5.21,5.07,0.14,-0.05,5.23,5.15,0.09,0.04,29.02,3.23,-0.88,-0.03,34.0,3.2,34.0,28.14,0.16,29.4,3.27,-1.43,-0.09,34.0,3.18,34.0,27.97,0.45,45.15,5.02,-0.76,0.02,34.0,5.04,34.0,44.39,0.14,56.44,6.28,1.06,0.26,34.0,6.53,34.0,57.5,-0.25,62.93,7.0,-1.11,0.02,34.0,7.02,34.0,61.82,0.14,Level3,3,0.67
20,Desk fan heater,1.0,125.0,90.0,22,TskControl34,2025-02-28 16:17:14,2025-02-28_ID0_NoPCS_Ta22_TskControl34_WinterClothing.csv,2025-02-28_ID20_Desk fan heater_High_Angle125_Distance90_Ta22_TskControl34_WinterClothing.csv,-15.62,-34.7,-12.6,-9.04,-5.88,-5.64,-19.7,3.44,-14.72,-12.72,-14.84,-8.96,22.9,22.9,56.14,0.16,22.9,23.16,34.0,34.0,34.0,34.0,34.0,34.0,34.0,34.0,34.0,34.0,34.0,34.0,50.72,18.66,32.62,36.78,46.06,44.8,86.02,112.94,80.2,82.6,57.28,55.0,22.2,22.4,53.45,0.09,22.3,22.47,34.0,34.0,34.0,34.0,34.0,34.0,34.0,34.0,34.0,34.0,34.0,34.0,66.34,53.36,45.22,45.82,51.94,50.44,105.72,109.5,94.92,95.32,72.12,63.96,4.57,5.67,-1.1,2.75,1.68,4.56,-2.88,7.61,2.94,3.86,-0.93,3.26,3.31,3.92,-0.6,2.31,4.15,4.44,-0.29,1.32,4.04,4.31,-0.28,1.31,7.75,9.04,-1.29,2.18,10.17,9.36,0.82,-0.37,7.23,8.11,-0.89,1.81,7.44,8.15,-0.71,1.56,5.16,6.16,-1.0,2.41,4.95,5.47,-0.51,1.64,41.78,3.57,-5.36,-0.29,34.0,3.28,34.0,36.42,1.38,33.19,2.84,-15.14,-1.21,34.0,1.63,34.0,18.05,5.35,52.77,4.51,-20.81,-1.63,34.0,2.88,34.0,31.96,4.59,82.86,7.08,-21.64,-1.57,34.0,5.52,34.0,61.22,3.09,93.4,7.98,-21.58,-1.51,34.0,6.47,34.0,71.82,2.6,High,2,1.0
20,Desk fan heater,1.0,125.0,90.0,25,TskControl34,2025-03-03 16:39:45,2025-03-03_ID0_NoPCS_Ta25_TskControl34_WinterClothing.csv,2025-03-03_ID20_Desk fan heater_High_Angle125_Distance90_Ta25_TskControl34_WinterClothing.csv,-6.36,-6.94,-5.36,-4.46,-6.06,-6.28,-12.58,-1.34,-10.46,-10.92,-4.8,-6.18,25.8,25.2,44.21,0.05,25.45,25.37,34.0,34.0,34.0,34.0,34.0,34.0,34.0,34.0,34.0,34.0,34.0,34.0,37.18,14.7,24.02,27.3,31.64,30.38,56.54,79.96,58.7,59.7,42.66,39.58,25.1,25.1,48.87,0.18,25.1,25.15,34.0,34.0,34.0,34.0,34.0,34.0,34.0,34.0,34.0,34.0,34.0,34.0,43.54,21.64,29.38,31.76,37.7,36.66,69.12,81.3,69.16,70.62,47.46,45.76,4.35,4.89,-0.54,1.3,1.72,2.43,-0.71,2.85,2.81,3.3,-0.49,1.62,3.19,3.57,-0.38,1.25,3.7,4.24,-0.54,1.43,3.55,4.12,-0.57,1.52,6.61,7.77,-1.15,1.62,9.35,9.13,0.22,0.15,6.87,7.77,-0.91,1.35,6.98,7.93,-0.95,1.38,4.99,5.33,-0.34,0.9,4.63,5.14,-0.51,1.2,30.88,3.47,-3.05,-0.21,34.0,3.25,34.0,27.83,0.9,17.37,1.95,-4.37,-0.43,34.0,1.52,34.0,13.0,2.24,27.45,3.08,-3.83,-0.32,34.0,2.76,34.0,23.62,1.23,52.97,5.95,-6.28,-0.49,34.0,5.46,34.0,46.69,1.09,64.09,7.2,-10.76,-0.96,34.0,6.24,34.0,53.33,1.54,High,2,1.0
20,Desk fan heater,0.0,125.0,90.0,22,TskControl34,2025-02-28 16:04:39,2025-02-28_ID0_NoPCS_Ta22_TskControl34_WinterClothing.csv,2025-02-28_ID20_Desk fan heater_Low_Angle125_Distance90_Ta22_TskControl34_WinterClothing.csv,-14.42,-33.38,-11.68,-7.98,-5.38,-4.98,-18.28,7.46,-13.36,-11.44,-14.02,-8.26,22.8,23.0,56.11,0.18,22.89,23.06,34.0,34.0,34.0,34.0,34.0,34.0,34.0,34.0,34.0,34.0,34.0,34.0,51.92,19.98,33.54,37.84,46.56,45.46,87.44,116.96,81.56,83.88,58.1,55.7,22.2,22.4,53.45,0.09,22.3,22.47,34.0,34.0,34.0,34.0,34.0,34.0,34.0,34.0,34.0,34.0,34.0,34.0,66.34,53.36,45.22,45.82,51.94,50.44,105.72,109.5,94.92,95.32,72.12,63.96,4.67,5.67,-1.0,2.54,1.8,4.56,-2.76,7.32,3.02,3.86,-0.85,3.02,3.41,3.92,-0.51,2.04,4.19,4.44,-0.25,1.21,4.09,4.31,-0.22,1.16,7.87,9.04,-1.17,2.02,10.53,9.36,1.17,-0.8,7.34,8.11,-0.77,1.65,7.55,8.15,-0.6,1.4,5.23,6.16,-0.93,2.27,5.01,5.47,-0.45,1.51,41.78,3.57,-4.13,-0.18,34.0,3.39,34.0,37.65,1.06,33.19,2.84,-14.28,-1.13,34.0,1.7,34.0,18.91,5.04,52.77,4.51,-20.42,-1.6,34.0,2.91,34.0,32.34,4.5,82.86,7.08,-18.43,-1.28,34.0,5.8,34.0,64.43,2.56,93.4,7.98,-20.97,-1.46,34.0,6.52,34.0,72.43,2.53,Low,1,0.0
20,Desk fan heater,0.0,125.0,90.0,25,TskControl34,2025-03-03 15:49:35,2025-03-03_ID0_NoPCS_Ta25_TskControl34_WinterClothing.csv,2025-03-03_ID20_Desk fan heater_Low_Angle125_Distance90_Ta25_TskControl34_WinterClothing.csv,-7.36,-7.34,-4.9,-3.28,-8.8,-10.14,-22.34,-11.52,-9.98,-11.44,-7.66,-7.36,25.7,25.3,44.47,0.0,25.3,25.37,34.0,34.0,34.0,34.0,34.0,34.0,34.0,34.0,34.0,34.0,34.0,34.0,36.18,14.3,24.48,28.48,28.9,26.52,46.78,69.78,59.18,59.18,39.8,38.4,25.1,25.1,48.87,0.18,25.1,25.15,34.0,34.0,34.0,34.0,34.0,34.0,34.0,34.0,34.0,34.0,34.0,34.0,43.54,21.64,29.38,31.76,37.7,36.66,69.12,81.3,69.16,70.62,47.46,45.76,4.16,4.89,-0.73,1.5,1.64,2.43,-0.79,3.02,2.81,3.3,-0.49,1.48,3.27,3.57,-0.29,0.92,3.32,4.24,-0.91,2.08,3.05,4.12,-1.07,2.46,5.38,7.77,-2.39,2.88,8.02,9.13,-1.11,1.26,6.8,7.77,-0.97,1.28,6.8,7.93,-1.13,1.44,4.57,5.33,-0.76,1.44,4.41,5.14,-0.73,1.43,30.88,3.47,-2.37,-0.19,34.0,3.28,34.0,28.51,0.64,17.37,1.95,-4.35,-0.46,34.0,1.5,34.0,13.02,2.25,27.45,3.08,-3.97,-0.39,34.0,2.7,34.0,23.48,1.27,52.97,5.95,-7.97,-0.78,34.0,5.17,34.0,45.0,1.47,64.09,7.2,-11.42,-1.15,34.0,6.05,34.0,52.67,1.68,Low,1,0.0
21,"Big desk fan (daison, short)",0.0,125.0,90.0,22,TskControl34,2025-02-28 17:18:59,2025-02-28_ID0_NoPCS_Ta22_TskControl34_WinterClothing.csv,"2025-02-28_ID21_Big desk fan (daison, short)_Low_Angle125_Distance90_Ta22_TskControl34_WinterClothing.csv",-15.2,-34.28,-10.92,-10.86,-6.12,-5.56,-17.38,0.84,-10.52,-11.6,-12.7,-9.58,23.3,23.2,52.01,0.04,23.24,23.27,34.0,34.0,34.0,34.0,34.0,34.0,34.0,34.0,34.0,34.0,34.0,34.0,51.14,19.08,34.3,34.96,45.82,44.88,88.34,110.34,84.4,83.72,59.42,54.38,22.2,22.4,53.45,0.09,22.3,22.47,34.0,34.0,34.0,34.0,34.0,34.0,34.0,34.0,34.0,34.0,34.0,34.0,66.34,53.36,45.22,45.82,51.94,50.44,105.72,109.5,94.92,95.32,72.12,63.96,4.75,5.67,-0.92,2.68,1.77,4.56,-2.79,7.52,3.19,3.86,-0.68,2.83,3.25,3.92,-0.67,2.77,4.26,4.44,-0.18,1.38,4.17,4.31,-0.14,1.29,8.21,9.04,-0.83,1.92,10.25,9.36,0.9,-0.09,7.84,8.11,-0.27,1.3,7.78,8.15,-0.37,1.42,5.52,6.16,-0.64,2.06,5.05,5.47,-0.41,1.75,41.78,3.57,-10.86,-0.7,34.0,2.87,34.0,30.92,3.0,33.19,2.84,-14.64,-1.11,34.0,1.72,34.0,18.55,5.16,52.77,4.51,-21.6,-1.61,34.0,2.9,34.0,31.16,4.74,82.86,7.08,-18.54,-1.1,34.0,5.98,34.0,64.32,2.56,93.4,7.98,-19.04,-1.07,34.0,6.91,34.0,74.36,2.32,Low,1,0.0
21,"Big desk fan (daison, short)",0.5,125.0,90.0,22,TskControl34,2025-02-28 17:32:59,2025-02-28_ID0_NoPCS_Ta22_TskControl34_WinterClothing.csv,"2025-02-28_ID21_Big desk fan (daison, short)_Mid_Angle125_Distance90_Ta22_TskControl34_WinterClothing.csv",-18.34,-34.54,-12.5,-12.12,-5.2,-7.94,-22.28,-10.06,-13.42,-15.08,-14.44,-11.38,23.7,23.4,52.12,0.11,23.55,23.68,34.0,34.0,34.0,34.0,34.0,34.0,34.0,34.0,34.0,34.0,34.0,34.0,48.0,18.82,32.72,33.7,46.74,42.5,83.44,99.44,81.5,80.24,57.68,52.58,22.2,22.4,53.45,0.09,22.3,22.47,34.0,34.0,34.0,34.0,34.0,34.0,34.0,34.0,34.0,34.0,34.0,34.0,66.34,53.36,45.22,45.82,51.94,50.44,105.72,109.5,94.92,95.32,72.12,63.96,4.59,5.67,-1.08,3.23,1.8,4.56,-2.76,7.57,3.13,3.86,-0.73,3.23,3.22,3.92,-0.69,3.09,4.47,4.44,0.03,1.17,4.07,4.31,-0.24,1.84,7.98,9.04,-1.05,2.47,9.52,9.36,0.16,1.07,7.8,8.11,-0.31,1.65,7.68,8.15,-0.47,1.85,5.52,6.16,-0.64,2.34,5.03,5.47,-0.44,2.08,41.78,3.57,-18.9,-1.38,34.0,2.19,34.0,22.88,5.36,33.19,2.84,-14.82,-1.08,34.0,1.76,34.0,18.37,5.22,52.77,4.51,-23.53,-1.71,34.0,2.8,34.0,29.24,5.19,82.86,7.08,-21.03,-1.17,34.0,5.92,34.0,61.83,2.92,93.4,7.98,-25.57,-1.49,34.0,6.49,34.0,67.83,3.07,Mid,2,0.5
21,"Big desk fan (daison, short)",0.5,125.0,90.0,22,TskControl34,2025-02-28 17:32:59,2025-02-28_ID0_NoPCS_Ta22_TskControl34_WinterClothing.csv,"2025-02-28_ID21_Big desk fan (daison, short)_Mid_Angle125_Distance90_Ta22_TskControl34_WinterClothing.csv",-18.34,-34.54,-12.5,-12.12,-5.2,-7.94,-22.28,-10.06,-13.42,-15.08,-14.44,-11.38,23.7,23.4,52.12,0.11,23.55,23.68,34.0,34.0,34.0,34.0,34.0,34.0,34.0,34.0,34.0,34.0,34.0,34.0,48.0,18.82,32.72,33.7,46.74,42.5,83.44,99.44,81.5,80.24,57.68,52.58,22.2,22.4,53.45,0.09,22.3,22.47,34.0,34.0,34.0,34.0,34.0,34.0,34.0,34.0,34.0,34.0,34.0,34.0,66.34,53.36,45.22,45.82,51.94,50.44,105.72,109.5,94.92,95.32,72.12,63.96,4.59,5.67,-1.08,3.23,1.8,4.56,-2.76,7.57,3.13,3.86,-0.73,3.23,3.22,3.92,-0.69,3.09,4.47,4.44,0.03,1.17,4.07,4.31,-0.24,1.84,7.98,9.04,-1.05,2.47,9.52,9.36,0.16,1.07,7.8,8.11,-0.31,1.65,7.68,8.15,-0.47,1.85,5.52,6.16,-0.64,2.34,5.03,5.47,-0.44,2.08,41.78,3.57,-18.9,-1.38,34.0,2.19,34.0,22.88,5.36,33.19,2.84,-14.82,-1.08,34.0,1.76,34.0,18.37,5.22,52.77,4.51,-23.53,-1.71,34.0,2.8,34.0,29.24,5.19,82.86,7.08,-21.03,-1.17,34.0,5.92,34.0,61.83,2.92,93.4,7.98,-25.57,-1.49,34.0,6.49,34.0,67.83,3.07,Mid,2,0.5
21,"Big desk fan (daison, short)",1.0,125.0,90.0,22,TskControl34,2025-02-28 17:45:49,2025-02-28_ID0_NoPCS_Ta22_TskControl34_WinterClothing.csv,"2025-02-28_ID21_Big desk fan (daison, short)_High_Angle125_Distance90_Ta22_TskControl34_WinterClothing.csv",-19.34,-34.84,-12.94,-12.7,-8.08,-8.04,-18.48,-2.28,-14.08,-15.28,-16.52,-11.86,24.1,23.6,50.88,0.08,23.84,23.95,34.0,34.0,34.0,34.0,34.0,34.0,34.0,34.0,34.0,34.0,34.0,34.0,47.0,18.52,32.28,33.12,43.86,42.4,87.24,107.22,80.84,80.04,55.6,52.1,22.2,22.4,53.45,0.09,22.3,22.47,34.0,34.0,34.0,34.0,34.0,34.0,34.0,34.0,34.0,34.0,34.0,34.0,66.34,53.36,45.22,45.82,51.94,50.44,105.72,109.5,94.92,95.32,72.12,63.96,4.63,5.67,-1.04,3.41,1.82,4.56,-2.74,7.64,3.18,3.86,-0.69,3.35,3.26,3.92,-0.66,3.24,4.32,4.44,-0.12,1.82,4.17,4.31,-0.14,1.86,8.59,9.04,-0.45,2.05,10.55,9.36,1.19,0.24,7.96,8.11,-0.16,1.74,7.88,8.15,-0.27,1.88,5.47,6.16,-0.69,2.68,5.13,5.47,-0.34,2.17,41.78,3.57,-28.47,-2.26,34.0,1.31,34.0,13.31,7.83,33.19,2.84,-17.08,-1.25,34.0,1.59,34.0,16.11,6.02,52.77,4.51,-24.22,-1.7,34.0,2.81,34.0,28.55,5.33,82.86,7.08,-21.85,-1.08,34.0,6.0,34.0,61.01,3.03,93.4,7.98,-23.2,-1.07,34.0,6.91,34.0,70.2,2.85,High,3,1.0
21,"Big desk fan (daison, short)",0.0,125.0,90.0,22,TskControl34,2025-02-28 17:18:59,2025-02-28_ID0_NoPCS_Ta22_TskControl34_WinterClothing.csv,"2025-02-28_ID21_Big desk fan (daison, short)_Low_Angle125_Distance90_Ta22_TskControl34_WinterClothing.csv",-15.2,-34.28,-10.92,-10.86,-6.12,-5.56,-17.38,0.84,-10.52,-11.6,-12.7,-9.58,23.3,23.2,52.01,0.04,23.24,23.27,34.0,34.0,34.0,34.0,34.0,34.0,34.0,34.0,34.0,34.0,34.0,34.0,51.14,19.08,34.3,34.96,45.82,44.88,88.34,110.34,84.4,83.72,59.42,54.38,22.2,22.4,53.45,0.09,22.3,22.47,34.0,34.0,34.0,34.0,34.0,34.0,34.0,34.0,34.0,34.0,34.0,34.0,66.34,53.36,45.22,45.82,51.94,50.44,105.72,109.5,94.92,95.32,72.12,63.96,4.75,5.67,-0.92,2.68,1.77,4.56,-2.79,7.52,3.19,3.86,-0.68,2.83,3.25,3.92,-0.67,2.77,4.26,4.44,-0.18,1.38,4.17,4.31,-0.14,1.29,8.21,9.04,-0.83,1.92,10.25,9.36,0.9,-0.09,7.84,8.11,-0.27,1.3,7.78,8.15,-0.37,1.42,5.52,6.16,-0.64,2.06,5.05,5.47,-0.41,1.75,41.78,3.57,-10.86,-0.7,34.0,2.87,34.0,30.92,3.0,33.19,2.84,-14.64,-1.11,34.0,1.72,34.0,18.55,5.16,52.77,4.51,-21.6,-1.61,34.0,2.9,34.0,31.16,4.74,82.86,7.08,-18.54,-1.1,34.0,5.98,34.0,64.32,2.56,93.4,7.98,-19.04,-1.07,34.0,6.91,34.0,74.36,2.32,Low,1,0.0
21,"Big desk fan (daison, short)",1.0,125.0,90.0,22,TskControl34,2025-02-28 17:45:49,2025-02-28_ID0_NoPCS_Ta22_TskControl34_WinterClothing.csv,"2025-02-28_ID21_Big desk fan (daison, short)_High_Angle125_Distance90_Ta22_TskControl34_WinterClothing.csv",-19.34,-34.84,-12.94,-12.7,-8.08,-8.04,-18.48,-2.28,-14.08,-15.28,-16.52,-11.86,24.1,23.6,50.88,0.08,23.84,23.95,34.0,34.0,34.0,34.0,34.0,34.0,34.0,34.0,34.0,34.0,34.0,34.0,47.0,18.52,32.28,33.12,43.86,42.4,87.24,107.22,80.84,80.04,55.6,52.1,22.2,22.4,53.45,0.09,22.3,22.47,34.0,34.0,34.0,34.0,34.0,34.0,34.0,34.0,34.0,34.0,34.0,34.0,66.34,53.36,45.22,45.82,51.94,50.44,105.72,109.5,94.92,95.32,72.12,63.96,4.63,5.67,-1.04,3.41,1.82,4.56,-2.74,7.64,3.18,3.86,-0.69,3.35,3.26,3.92,-0.66,3.24,4.32,4.44,-0.12,1.82,4.17,4.31,-0.14,1.86,8.59,9.04,-0.45,2.05,10.55,9.36,1.19,0.24,7.96,8.11,-0.16,1.74,7.88,8.15,-0.27,1.88,5.47,6.16,-0.69,2.68,5.13,5.47,-0.34,2.17,41.78,3.57,-28.47,-2.26,34.0,1.31,34.0,13.31,7.83,33.19,2.84,-17.08,-1.25,34.0,1.59,34.0,16.11,6.02,52.77,4.51,-24.22,-1.7,34.0,2.81,34.0,28.55,5.33,82.86,7.08,-21.85,-1.08,34.0,6.0,34.0,61.01,3.03,93.4,7.98,-23.2,-1.07,34.0,6.91,34.0,70.2,2.85,High,3,1.0
22,Evaporative Cooler (Evapolar white),1.0,135.0,60.0,28,TskControl34,2025-05-21 18:50:41,2025-05-21_ID0_NoPCS_Ta28_TskControl34.csv,2025-05-21_ID22_Evaporative Cooler (Evapolar white)_Low(4)_Angle135_Distance60_Ta28_TskControl34_horizontal_water.csv,-3.98,-13.2,-2.64,-2.9,-0.74,-0.56,-2.3,-2.6,-4.7,-5.66,-3.3,-2.26,,,,,,,34.0,34.0,34.0,34.0,34.0,34.0,34.0,34.0,34.0,34.0,34.0,34.0,32.22,17.16,27.56,28.82,36.96,39.3,43.14,41.12,42.86,41.56,31.1,28.46,,,,,,,34.0,34.0,34.0,34.0,34.0,34.0,34.0,34.0,34.0,34.0,34.0,34.0,36.2,30.36,30.2,31.72,37.7,39.86,45.44,43.72,47.56,47.22,34.4,30.72,,,,,,,,,,,,,,,,,,,,,,,,,,,,,,,,,,,,,,,,,,,,,,,,,19.06,0.0,3.27,0.0,34.0,0.0,34.0,22.33,0.0,19.98,0.0,-2.33,0.0,34.0,0.0,34.0,17.65,0.0,34.48,0.0,-6.15,0.0,34.0,0.0,34.0,28.33,0.0,44.98,0.0,-5.93,0.0,34.0,0.0,34.0,39.05,0.0,46.38,0.0,-5.6,0.0,34.0,0.0,34.0,40.78,0.0,Low(4),4,1.0
22,Evaporative Cooler (Evapolar white),1.0,135.0,60.0,28,TskControl34,2025-05-21 17:20:51,2025-05-21_ID0_NoPCS_Ta28_TskControl34.csv,2025-05-21_ID22_Evaporative Cooler (Evapolar white)_Low(4)_Angle135_Distance60_Ta28_TskControl34_horizontalSlat.csv,-2.76,-7.18,-0.44,0.82,19.06,-0.44,14.32,-2.82,-6.42,-5.94,-3.2,-1.98,,,,,,,34.0,34.0,34.0,34.0,34.0,34.0,34.0,34.0,34.0,34.0,34.0,34.0,33.44,23.18,29.76,32.54,56.76,39.42,59.76,40.9,41.14,41.28,31.2,28.74,,,,,,,34.0,34.0,34.0,34.0,34.0,34.0,34.0,34.0,34.0,34.0,34.0,34.0,36.2,30.36,30.2,31.72,37.7,39.86,45.44,43.72,47.56,47.22,34.4,30.72,,,,,,,,,,,,,,,,,,,,,,,,,,,,,,,,,,,,,,,,,,,,,,,,,19.06,0.0,0.38,0.0,34.0,0.0,34.0,19.43,0.0,19.98,0.0,0.23,0.0,34.0,0.0,34.0,20.21,0.0,34.48,0.0,-6.75,0.0,34.0,0.0,34.0,27.73,0.0,44.98,0.0,-5.59,0.0,34.0,0.0,34.0,39.39,0.0,46.38,0.0,-6.76,0.0,34.0,0.0,34.0,39.62,0.0,Low(4),4,1.0
22,Evaporative Cooler (Evapolar white),0.67,135.0,60.0,28,TskControl34,2025-05-22 15:00:30,2025-05-22_ID0_NoPCS_Ta28_TskControl34.csv,2025-05-22_ID22_Evaporative Cooler (Evapolar white)_High(10)_Angle135_Distance60_Ta28_TskControl34_head_water.csv,4.86,1.64,5.84,3.84,7.92,6.94,12.72,8.6,4.78,4.82,1.76,1.54,,,,,,,34.0,34.0,34.0,34.0,34.0,34.0,34.0,34.0,34.0,34.0,34.0,34.0,35.14,19.42,31.34,32.5,42.26,43.66,51.86,48.78,45.88,44.62,32.54,29.54,,,,,,,34.0,34.0,34.0,34.0,34.0,34.0,34.0,34.0,34.0,34.0,34.0,34.0,30.28,17.78,25.5,28.66,34.34,36.72,39.14,40.18,41.1,39.8,30.78,28.0,,,,,,,,,,,,,,,,,,,,,,,,,,,,,,,,,,,,,,,,,,,,,,,,,17.01,0.0,12.46,0.0,34.0,0.0,34.0,29.46,0.0,14.22,0.0,3.07,0.0,34.0,0.0,34.0,17.29,0.0,27.39,0.0,3.31,0.0,34.0,0.0,34.0,30.7,0.0,37.6,0.0,3.15,0.0,34.0,0.0,34.0,40.75,0.0,38.81,0.0,3.23,0.0,34.0,0.0,34.0,42.04,0.0,High(10),3,0.67
22,Evaporative Cooler (Evapolar white),0.0,135.0,60.0,28,TskControl34,2025-05-21 17:54:51,2025-05-21_ID0_NoPCS_Ta28_TskControl34.csv,2025-05-21_ID22_Evaporative Cooler (Evapolar white)_Mid(7)_Angle135_Distance60_Ta28_TskControl34.csv,-3.68,-10.78,-1.36,-1.2,2.86,2.0,1.4,4.9,-6.64,-6.2,-2.56,-2.5,,,,,,,34.0,34.0,34.0,34.0,34.0,34.0,34.0,34.0,34.0,34.0,34.0,34.0,32.52,19.58,28.84,30.52,40.56,41.86,46.84,48.62,40.92,41.02,31.84,28.22,,,,,,,34.0,34.0,34.0,34.0,34.0,34.0,34.0,34.0,34.0,34.0,34.0,34.0,36.2,30.36,30.2,31.72,37.7,39.86,45.44,43.72,47.56,47.22,34.4,30.72,,,,,,,,,,,,,,,,,,,,,,,,,,,,,,,,,,,,,,,,,,,,,,,,,19.06,0.0,4.18,0.0,34.0,0.0,34.0,23.24,0.0,19.98,0.0,-4.04,0.0,34.0,0.0,34.0,15.94,0.0,34.48,0.0,-6.32,0.0,34.0,0.0,34.0,28.16,0.0,44.98,0.0,-6.45,0.0,34.0,0.0,34.0,38.53,0.0,46.38,0.0,-6.41,0.0,34.0,0.0,34.0,39.97,0.0,Mid,1,0.0
22,Evaporative Cooler (Evapolar white),0.0,135.0,60.0,28,TskControl34,2025-05-22 15:36:50,2025-05-22_ID0_NoPCS_Ta28_TskControl34.csv,2025-05-22_ID22_Evaporative Cooler (Evapolar white)_Mid(7)_Angle135_Distance60_Ta28_TskControl34_horizontal_water.csv,8.26,18.3,12.56,13.26,76.94,11.5,34.18,-0.12,-2.7,-2.68,-0.76,-1.5,,,,,,,34.0,34.0,34.0,34.0,34.0,34.0,34.0,34.0,34.0,34.0,34.0,34.0,38.54,36.08,38.06,41.92,111.28,48.22,73.32,40.06,38.4,37.12,30.02,26.5,,,,,,,34.0,34.0,34.0,34.0,34.0,34.0,34.0,34.0,34.0,34.0,34.0,34.0,30.28,17.78,25.5,28.66,34.34,36.72,39.14,40.18,41.1,39.8,30.78,28.0,,,,,,,,,,,,,,,,,,,,,,,,,,,,,,,,,,,,,,,,,,,,,,,,,17.01,0.0,4.68,0.0,34.0,0.0,34.0,21.69,0.0,14.22,0.0,18.7,0.0,34.0,0.0,34.0,32.92,0.0,27.39,0.0,2.43,0.0,34.0,0.0,34.0,29.82,0.0,37.6,0.0,2.96,0.0,34.0,0.0,34.0,40.56,0.0,38.81,0.0,2.56,0.0,34.0,0.0,34.0,41.37,0.0,Mid,1,0.0
22,Evaporative Cooler (Evapolar white),0.0,135.0,60.0,28,TskControl34,2025-05-22 14:49:05,2025-05-22_ID0_NoPCS_Ta28_TskControl34.csv,2025-05-22_ID22_Evaporative Cooler (Evapolar white)_Mid(7)_Angle135_Distance60_Ta28_TskControl34_head_water.csv,4.34,1.44,5.28,2.54,7.44,5.58,11.8,6.34,5.02,4.88,1.48,1.06,,,,,,,34.0,34.0,34.0,34.0,34.0,34.0,34.0,34.0,34.0,34.0,34.0,34.0,34.62,19.22,30.78,31.2,41.78,42.3,50.94,46.52,46.12,44.68,32.26,29.06,,,,,,,34.0,34.0,34.0,34.0,34.0,34.0,34.0,34.0,34.0,34.0,34.0,34.0,30.28,17.78,25.5,28.66,34.34,36.72,39.14,40.18,41.1,39.8,30.78,28.0,,,,,,,,,,,,,,,,,,,,,,,,,,,,,,,,,,,,,,,,,,,,,,,,,17.01,0.0,8.67,0.0,34.0,0.0,34.0,25.67,0.0,14.22,0.0,3.38,0.0,34.0,0.0,34.0,17.6,0.0,27.39,0.0,3.32,0.0,34.0,0.0,34.0,30.71,0.0,37.6,0.0,2.88,0.0,34.0,0.0,34.0,40.48,0.0,38.81,0.0,3.58,0.0,34.0,0.0,34.0,42.39,0.0,Mid,1,0.0
22,Evaporative Cooler (Evapolar white),1.0,135.0,60.0,28,TskControl34,2025-05-21 18:50:41,2025-05-21_ID0_NoPCS_Ta28_TskControl34.csv,2025-05-21_ID22_Evaporative Cooler (Evapolar white)_Low(4)_Angle135_Distance60_Ta28_TskControl34_horizontal_water.csv,-3.98,-13.2,-2.64,-2.9,-0.74,-0.56,-2.3,-2.6,-4.7,-5.66,-3.3,-2.26,,,,,,,34.0,34.0,34.0,34.0,34.0,34.0,34.0,34.0,34.0,34.0,34.0,34.0,32.22,17.16,27.56,28.82,36.96,39.3,43.14,41.12,42.86,41.56,31.1,28.46,,,,,,,34.0,34.0,34.0,34.0,34.0,34.0,34.0,34.0,34.0,34.0,34.0,34.0,36.2,30.36,30.2,31.72,37.7,39.86,45.44,43.72,47.56,47.22,34.4,30.72,,,,,,,,,,,,,,,,,,,,,,,,,,,,,,,,,,,,,,,,,,,,,,,,,19.06,0.0,3.27,0.0,34.0,0.0,34.0,22.33,0.0,19.98,0.0,-2.33,0.0,34.0,0.0,34.0,17.65,0.0,34.48,0.0,-6.15,0.0,34.0,0.0,34.0,28.33,0.0,44.98,0.0,-5.93,0.0,34.0,0.0,34.0,39.05,0.0,46.38,0.0,-5.6,0.0,34.0,0.0,34.0,40.78,0.0,Low(4),4,1.0
22,Evaporative Cooler (Evapolar white),0.0,135.0,60.0,28,TskControl34,2025-05-21 17:54:51,2025-05-21_ID0_NoPCS_Ta28_TskControl34.csv,2025-05-21_ID22_Evaporative Cooler (Evapolar white)_Mid(7)_Angle135_Distance60_Ta28_TskControl34.csv,-3.68,-10.78,-1.36,-1.2,2.86,2.0,1.4,4.9,-6.64,-6.2,-2.56,-2.5,,,,,,,34.0,34.0,34.0,34.0,34.0,34.0,34.0,34.0,34.0,34.0,34.0,34.0,32.52,19.58,28.84,30.52,40.56,41.86,46.84,48.62,40.92,41.02,31.84,28.22,,,,,,,34.0,34.0,34.0,34.0,34.0,34.0,34.0,34.0,34.0,34.0,34.0,34.0,36.2,30.36,30.2,31.72,37.7,39.86,45.44,43.72,47.56,47.22,34.4,30.72,,,,,,,,,,,,,,,,,,,,,,,,,,,,,,,,,,,,,,,,,,,,,,,,,19.06,0.0,4.18,0.0,34.0,0.0,34.0,23.24,0.0,19.98,0.0,-4.04,0.0,34.0,0.0,34.0,15.94,0.0,34.48,0.0,-6.32,0.0,34.0,0.0,34.0,28.16,0.0,44.98,0.0,-6.45,0.0,34.0,0.0,34.0,38.53,0.0,46.38,0.0,-6.41,0.0,34.0,0.0,34.0,39.97,0.0,Mid,1,0.0
22,Evaporative Cooler (Evapolar white),1.0,135.0,60.0,28,TskControl34,2025-05-21 18:11:46,2025-05-21_ID0_NoPCS_Ta28_TskControl34.csv,2025-05-21_ID22_Evaporative Cooler (Evapolar white)_Low(4)_Angle135_Distance60_Ta28_TskControl34.csv,-2.14,-10.7,-0.52,-0.54,3.92,2.8,3.16,4.06,-2.74,-2.1,-2.06,-0.48,,,,,,,34.0,34.0,34.0,34.0,34.0,34.0,34.0,34.0,34.0,34.0,34.0,34.0,34.06,19.66,29.68,31.18,41.62,42.66,48.6,47.78,44.82,45.12,32.34,30.24,,,,,,,34.0,34.0,34.0,34.0,34.0,34.0,34.0,34.0,34.0,34.0,34.0,34.0,36.2,30.36,30.2,31.72,37.7,39.86,45.44,43.72,47.56,47.22,34.4,30.72,,,,,,,,,,,,,,,,,,,,,,,,,,,,,,,,,,,,,,,,,,,,,,,,,19.06,0.0,2.32,0.0,34.0,0.0,34.0,21.38,0.0,19.98,0.0,-3.39,0.0,34.0,0.0,34.0,16.59,0.0,34.48,0.0,-4.09,0.0,34.0,0.0,34.0,30.39,0.0,44.98,0.0,-4.35,0.0,34.0,0.0,34.0,40.63,0.0,46.38,0.0,-3.93,0.0,34.0,0.0,34.0,42.45,0.0,Low(4),4,1.0
22,Evaporative Cooler (Evapolar white),0.33,135.0,60.0,28,TskControl34,2025-05-21 16:46:36,2025-05-21_ID0_NoPCS_Ta28_TskControl34.csv,2025-05-21_ID22_Evaporative Cooler (Evapolar white)_High_Angle135_Distance60_Ta28_TskControl34_horizontalSlat.csv,3.32,-0.32,7.4,9.78,50.46,12.94,31.56,1.6,-1.72,-3.2,-1.52,-0.98,,,,,,,34.0,34.0,34.0,34.0,34.0,34.0,34.0,34.0,34.0,34.0,34.0,34.0,39.52,30.04,37.6,41.5,88.16,52.8,77.0,45.32,45.84,44.02,32.88,29.74,,,,,,,34.0,34.0,34.0,34.0,34.0,34.0,34.0,34.0,34.0,34.0,34.0,34.0,36.2,30.36,30.2,31.72,37.7,39.86,45.44,43.72,47.56,47.22,34.4,30.72,,,,,,,,,,,,,,,,,,,,,,,,,,,,,,,,,,,,,,,,,,,,,,,,,19.06,0.0,4.02,0.0,34.0,0.0,34.0,23.08,0.0,19.98,0.0,7.71,0.0,34.0,0.0,34.0,27.69,0.0,34.48,0.0,-3.73,0.0,34.0,0.0,34.0,30.75,0.0,44.98,0.0,-0.99,0.0,34.0,0.0,34.0,43.99,0.0,46.38,0.0,-2.23,0.0,34.0,0.0,34.0,44.15,0.0,High,2,0.33
22,Evaporative Cooler (Evapolar white),0.67,135.0,60.0,28,TskControl34,2025-05-22 15:23:30,2025-05-22_ID0_NoPCS_Ta28_TskControl34.csv,2025-05-22_ID22_Evaporative Cooler (Evapolar white)_High(10)_Angle135_Distance60_Ta28_TskControl34_horizontal_water.csv,13.28,19.36,18.94,21.04,98.22,19.64,45.98,3.96,-0.46,0.82,0.0,0.3,,,,,,,34.0,34.0,34.0,34.0,34.0,34.0,34.0,34.0,34.0,34.0,34.0,34.0,43.56,37.14,44.44,49.7,132.56,56.36,85.12,44.14,40.64,40.62,30.78,28.3,,,,,,,34.0,34.0,34.0,34.0,34.0,34.0,34.0,34.0,34.0,34.0,34.0,34.0,30.28,17.78,25.5,28.66,34.34,36.72,39.14,40.18,41.1,39.8,30.78,28.0,,,,,,,,,,,,,,,,,,,,,,,,,,,,,,,,,,,,,,,,,,,,,,,,,17.01,0.0,8.87,0.0,34.0,0.0,34.0,25.88,0.0,14.22,0.0,24.52,0.0,34.0,0.0,34.0,38.74,0.0,27.39,0.0,6.22,0.0,34.0,0.0,34.0,33.61,0.0,37.6,0.0,7.52,0.0,34.0,0.0,34.0,45.12,0.0,38.81,0.0,6.71,0.0,34.0,0.0,34.0,45.52,0.0,High(10),3,0.67
22,Evaporative Cooler (Evapolar white),0.67,135.0,60.0,28,TskControl34,2025-05-22 15:00:30,2025-05-22_ID0_NoPCS_Ta28_TskControl34.csv,2025-05-22_ID22_Evaporative Cooler (Evapolar white)_High(10)_Angle135_Distance60_Ta28_TskControl34_head_water.csv,4.86,1.64,5.84,3.84,7.92,6.94,12.72,8.6,4.78,4.82,1.76,1.54,,,,,,,34.0,34.0,34.0,34.0,34.0,34.0,34.0,34.0,34.0,34.0,34.0,34.0,35.14,19.42,31.34,32.5,42.26,43.66,51.86,48.78,45.88,44.62,32.54,29.54,,,,,,,34.0,34.0,34.0,34.0,34.0,34.0,34.0,34.0,34.0,34.0,34.0,34.0,30.28,17.78,25.5,28.66,34.34,36.72,39.14,40.18,41.1,39.8,30.78,28.0,,,,,,,,,,,,,,,,,,,,,,,,,,,,,,,,,,,,,,,,,,,,,,,,,17.01,0.0,12.46,0.0,34.0,0.0,34.0,29.46,0.0,14.22,0.0,3.07,0.0,34.0,0.0,34.0,17.29,0.0,27.39,0.0,3.31,0.0,34.0,0.0,34.0,30.7,0.0,37.6,0.0,3.15,0.0,34.0,0.0,34.0,40.75,0.0,38.81,0.0,3.23,0.0,34.0,0.0,34.0,42.04,0.0,High(10),3,0.67
22,Evaporative Cooler (Evapolar white),0.67,135.0,60.0,28,TskControl34,2025-05-22 15:23:30,2025-05-22_ID0_NoPCS_Ta28_TskControl34.csv,2025-05-22_ID22_Evaporative Cooler (Evapolar white)_High(10)_Angle135_Distance60_Ta28_TskControl34_horizontal_water.csv,13.28,19.36,18.94,21.04,98.22,19.64,45.98,3.96,-0.46,0.82,0.0,0.3,,,,,,,34.0,34.0,34.0,34.0,34.0,34.0,34.0,34.0,34.0,34.0,34.0,34.0,43.56,37.14,44.44,49.7,132.56,56.36,85.12,44.14,40.64,40.62,30.78,28.3,,,,,,,34.0,34.0,34.0,34.0,34.0,34.0,34.0,34.0,34.0,34.0,34.0,34.0,30.28,17.78,25.5,28.66,34.34,36.72,39.14,40.18,41.1,39.8,30.78,28.0,,,,,,,,,,,,,,,,,,,,,,,,,,,,,,,,,,,,,,,,,,,,,,,,,17.01,0.0,8.87,0.0,34.0,0.0,34.0,25.88,0.0,14.22,0.0,24.52,0.0,34.0,0.0,34.0,38.74,0.0,27.39,0.0,6.22,0.0,34.0,0.0,34.0,33.61,0.0,37.6,0.0,7.52,0.0,34.0,0.0,34.0,45.12,0.0,38.81,0.0,6.71,0.0,34.0,0.0,34.0,45.52,0.0,High(10),3,0.67
22,Evaporative Cooler (Evapolar white),1.0,135.0,60.0,28,TskControl34,2025-05-22 13:36:15,2025-05-22_ID0_NoPCS_Ta28_TskControl34.csv,2025-05-22_ID22_Evaporative Cooler (Evapolar white)_Low(4)_Angle135_Distance60_Ta28_TskControl34_head_water.csv,0.7,0.4,0.68,-0.6,1.08,0.5,0.32,0.44,-1.24,0.14,-0.86,-0.56,,,,,,,34.0,34.0,34.0,34.0,34.0,34.0,34.0,34.0,34.0,34.0,34.0,34.0,30.98,18.18,26.18,28.06,35.42,37.22,39.46,40.62,39.86,39.94,29.92,27.44,,,,,,,34.0,34.0,34.0,34.0,34.0,34.0,34.0,34.0,34.0,34.0,34.0,34.0,30.28,17.78,25.5,28.66,34.34,36.72,39.14,40.18,41.1,39.8,30.78,28.0,,,,,,,,,,,,,,,,,,,,,,,,,,,,,,,,,,,,,,,,,,,,,,,,,17.01,0.0,6.08,0.0,34.0,0.0,34.0,23.09,0.0,14.22,0.0,2.55,0.0,34.0,0.0,34.0,16.77,0.0,27.39,0.0,0.33,0.0,34.0,0.0,34.0,27.72,0.0,37.6,0.0,-0.12,0.0,34.0,0.0,34.0,37.48,0.0,38.81,0.0,-0.99,0.0,34.0,0.0,34.0,37.82,0.0,Low(4),4,1.0
22,Evaporative Cooler (Evapolar white),1.0,135.0,60.0,28,TskControl34,2025-05-21 18:11:46,2025-05-21_ID0_NoPCS_Ta28_TskControl34.csv,2025-05-21_ID22_Evaporative Cooler (Evapolar white)_Low(4)_Angle135_Distance60_Ta28_TskControl34.csv,-2.14,-10.7,-0.52,-0.54,3.92,2.8,3.16,4.06,-2.74,-2.1,-2.06,-0.48,,,,,,,34.0,34.0,34.0,34.0,34.0,34.0,34.0,34.0,34.0,34.0,34.0,34.0,34.06,19.66,29.68,31.18,41.62,42.66,48.6,47.78,44.82,45.12,32.34,30.24,,,,,,,34.0,34.0,34.0,34.0,34.0,34.0,34.0,34.0,34.0,34.0,34.0,34.0,36.2,30.36,30.2,31.72,37.7,39.86,45.44,43.72,47.56,47.22,34.4,30.72,,,,,,,,,,,,,,,,,,,,,,,,,,,,,,,,,,,,,,,,,,,,,,,,,19.06,0.0,2.32,0.0,34.0,0.0,34.0,21.38,0.0,19.98,0.0,-3.39,0.0,34.0,0.0,34.0,16.59,0.0,34.48,0.0,-4.09,0.0,34.0,0.0,34.0,30.39,0.0,44.98,0.0,-4.35,0.0,34.0,0.0,34.0,40.63,0.0,46.38,0.0,-3.93,0.0,34.0,0.0,34.0,42.45,0.0,Low(4),4,1.0
22,Evaporative Cooler (Evapolar white),0.33,135.0,60.0,28,TskControl34,2025-05-21 16:46:36,2025-05-21_ID0_NoPCS_Ta28_TskControl34.csv,2025-05-21_ID22_Evaporative Cooler (Evapolar white)_High_Angle135_Distance60_Ta28_TskControl34_horizontalSlat.csv,3.32,-0.32,7.4,9.78,50.46,12.94,31.56,1.6,-1.72,-3.2,-1.52,-0.98,,,,,,,34.0,34.0,34.0,34.0,34.0,34.0,34.0,34.0,34.0,34.0,34.0,34.0,39.52,30.04,37.6,41.5,88.16,52.8,77.0,45.32,45.84,44.02,32.88,29.74,,,,,,,34.0,34.0,34.0,34.0,34.0,34.0,34.0,34.0,34.0,34.0,34.0,34.0,36.2,30.36,30.2,31.72,37.7,39.86,45.44,43.72,47.56,47.22,34.4,30.72,,,,,,,,,,,,,,,,,,,,,,,,,,,,,,,,,,,,,,,,,,,,,,,,,19.06,0.0,4.02,0.0,34.0,0.0,34.0,23.08,0.0,19.98,0.0,7.71,0.0,34.0,0.0,34.0,27.69,0.0,34.48,0.0,-3.73,0.0,34.0,0.0,34.0,30.75,0.0,44.98,0.0,-0.99,0.0,34.0,0.0,34.0,43.99,0.0,46.38,0.0,-2.23,0.0,34.0,0.0,34.0,44.15,0.0,High,2,0.33
22,Evaporative Cooler (Evapolar white),0.33,135.0,60.0,28,TskControl34,2025-05-21 15:02:51,2025-05-21_ID0_NoPCS_Ta28_TskControl34.csv,2025-05-21_ID22_Evaporative Cooler (Evapolar white)_High_Angle135_Distance60_Ta28_TskControl34.csv,-4.76,-12.84,-3.56,-3.4,2.24,-2.42,-4.74,-0.78,-8.58,-8.12,-2.7,-2.54,,,,,,,34.0,34.0,34.0,34.0,34.0,34.0,34.0,34.0,34.0,34.0,34.0,34.0,31.44,17.52,26.64,28.32,39.94,37.44,40.7,42.94,38.98,39.1,31.7,28.18,,,,,,,34.0,34.0,34.0,34.0,34.0,34.0,34.0,34.0,34.0,34.0,34.0,34.0,36.2,30.36,30.2,31.72,37.7,39.86,45.44,43.72,47.56,47.22,34.4,30.72,,,,,,,,,,,,,,,,,,,,,,,,,,,,,,,,,,,,,,,,,,,,,,,,,19.06,0.0,5.65,0.0,34.0,0.0,34.0,24.71,0.0,19.98,0.0,-2.05,0.0,34.0,0.0,34.0,17.93,0.0,34.48,0.0,-7.6,0.0,34.0,0.0,34.0,26.88,0.0,44.98,0.0,-7.36,0.0,34.0,0.0,34.0,37.62,0.0,46.38,0.0,-7.3,0.0,34.0,0.0,34.0,39.08,0.0,High,2,0.33
22,Evaporative Cooler (Evapolar white),0.33,135.0,60.0,28,TskControl34,2025-05-21 15:02:51,2025-05-21_ID0_NoPCS_Ta28_TskControl34.csv,2025-05-21_ID22_Evaporative Cooler (Evapolar white)_High_Angle135_Distance60_Ta28_TskControl34.csv,-4.76,-12.84,-3.56,-3.4,2.24,-2.42,-4.74,-0.78,-8.58,-8.12,-2.7,-2.54,,,,,,,34.0,34.0,34.0,34.0,34.0,34.0,34.0,34.0,34.0,34.0,34.0,34.0,31.44,17.52,26.64,28.32,39.94,37.44,40.7,42.94,38.98,39.1,31.7,28.18,,,,,,,34.0,34.0,34.0,34.0,34.0,34.0,34.0,34.0,34.0,34.0,34.0,34.0,36.2,30.36,30.2,31.72,37.7,39.86,45.44,43.72,47.56,47.22,34.4,30.72,,,,,,,,,,,,,,,,,,,,,,,,,,,,,,,,,,,,,,,,,,,,,,,,,19.06,0.0,5.65,0.0,34.0,0.0,34.0,24.71,0.0,19.98,0.0,-2.05,0.0,34.0,0.0,34.0,17.93,0.0,34.48,0.0,-7.6,0.0,34.0,0.0,34.0,26.88,0.0,44.98,0.0,-7.36,0.0,34.0,0.0,34.0,37.62,0.0,46.38,0.0,-7.3,0.0,34.0,0.0,34.0,39.08,0.0,High,2,0.33
22,Evaporative Cooler (Evapolar white),0.0,135.0,60.0,28,TskControl34,2025-05-21 17:31:21,2025-05-21_ID0_NoPCS_Ta28_TskControl34.csv,2025-05-21_ID22_Evaporative Cooler (Evapolar white)_Mid(7)_Angle135_Distance60_Ta28_TskControl34_horizontalSlat.csv,-0.38,-3.74,3.54,4.6,36.0,4.2,23.26,-3.66,-4.88,-5.2,-3.62,-2.4,,,,,,,34.0,34.0,34.0,34.0,34.0,34.0,34.0,34.0,34.0,34.0,34.0,34.0,35.82,26.62,33.74,36.32,73.7,44.06,68.7,40.06,42.68,42.02,30.78,28.32,,,,,,,34.0,34.0,34.0,34.0,34.0,34.0,34.0,34.0,34.0,34.0,34.0,34.0,36.2,30.36,30.2,31.72,37.7,39.86,45.44,43.72,47.56,47.22,34.4,30.72,,,,,,,,,,,,,,,,,,,,,,,,,,,,,,,,,,,,,,,,,,,,,,,,,19.06,0.0,1.74,0.0,34.0,0.0,34.0,20.79,0.0,19.98,0.0,3.8,0.0,34.0,0.0,34.0,23.78,0.0,34.48,0.0,-5.75,0.0,34.0,0.0,34.0,28.73,0.0,44.98,0.0,-4.39,0.0,34.0,0.0,34.0,40.59,0.0,46.38,0.0,-5.28,0.0,34.0,0.0,34.0,41.1,0.0,Mid,1,0.0
22,Evaporative Cooler (Evapolar white),1.0,135.0,60.0,28,TskControl34,2025-05-21 17:20:51,2025-05-21_ID0_NoPCS_Ta28_TskControl34.csv,2025-05-21_ID22_Evaporative Cooler (Evapolar white)_Low(4)_Angle135_Distance60_Ta28_TskControl34_horizontalSlat.csv,-2.76,-7.18,-0.44,0.82,19.06,-0.44,14.32,-2.82,-6.42,-5.94,-3.2,-1.98,,,,,,,34.0,34.0,34.0,34.0,34.0,34.0,34.0,34.0,34.0,34.0,34.0,34.0,33.44,23.18,29.76,32.54,56.76,39.42,59.76,40.9,41.14,41.28,31.2,28.74,,,,,,,34.0,34.0,34.0,34.0,34.0,34.0,34.0,34.0,34.0,34.0,34.0,34.0,36.2,30.36,30.2,31.72,37.7,39.86,45.44,43.72,47.56,47.22,34.4,30.72,,,,,,,,,,,,,,,,,,,,,,,,,,,,,,,,,,,,,,,,,,,,,,,,,19.06,0.0,0.38,0.0,34.0,0.0,34.0,19.43,0.0,19.98,0.0,0.23,0.0,34.0,0.0,34.0,20.21,0.0,34.48,0.0,-6.75,0.0,34.0,0.0,34.0,27.73,0.0,44.98,0.0,-5.59,0.0,34.0,0.0,34.0,39.39,0.0,46.38,0.0,-6.76,0.0,34.0,0.0,34.0,39.62,0.0,Low(4),4,1.0
22,Evaporative Cooler (Evapolar white),0.0,135.0,60.0,28,TskControl34,2025-05-22 14:49:05,2025-05-22_ID0_NoPCS_Ta28_TskControl34.csv,2025-05-22_ID22_Evaporative Cooler (Evapolar white)_Mid(7)_Angle135_Distance60_Ta28_TskControl34_head_water.csv,4.34,1.44,5.28,2.54,7.44,5.58,11.8,6.34,5.02,4.88,1.48,1.06,,,,,,,34.0,34.0,34.0,34.0,34.0,34.0,34.0,34.0,34.0,34.0,34.0,34.0,34.62,19.22,30.78,31.2,41.78,42.3,50.94,46.52,46.12,44.68,32.26,29.06,,,,,,,34.0,34.0,34.0,34.0,34.0,34.0,34.0,34.0,34.0,34.0,34.0,34.0,30.28,17.78,25.5,28.66,34.34,36.72,39.14,40.18,41.1,39.8,30.78,28.0,,,,,,,,,,,,,,,,,,,,,,,,,,,,,,,,,,,,,,,,,,,,,,,,,17.01,0.0,8.67,0.0,34.0,0.0,34.0,25.67,0.0,14.22,0.0,3.38,0.0,34.0,0.0,34.0,17.6,0.0,27.39,0.0,3.32,0.0,34.0,0.0,34.0,30.71,0.0,37.6,0.0,2.88,0.0,34.0,0.0,34.0,40.48,0.0,38.81,0.0,3.58,0.0,34.0,0.0,34.0,42.39,0.0,Mid,1,0.0
22,Evaporative Cooler (Evapolar white),1.0,135.0,60.0,28,TskControl34,2025-05-22 13:36:15,2025-05-22_ID0_NoPCS_Ta28_TskControl34.csv,2025-05-22_ID22_Evaporative Cooler (Evapolar white)_Low(4)_Angle135_Distance60_Ta28_TskControl34_head_water.csv,0.7,0.4,0.68,-0.6,1.08,0.5,0.32,0.44,-1.24,0.14,-0.86,-0.56,,,,,,,34.0,34.0,34.0,34.0,34.0,34.0,34.0,34.0,34.0,34.0,34.0,34.0,30.98,18.18,26.18,28.06,35.42,37.22,39.46,40.62,39.86,39.94,29.92,27.44,,,,,,,34.0,34.0,34.0,34.0,34.0,34.0,34.0,34.0,34.0,34.0,34.0,34.0,30.28,17.78,25.5,28.66,34.34,36.72,39.14,40.18,41.1,39.8,30.78,28.0,,,,,,,,,,,,,,,,,,,,,,,,,,,,,,,,,,,,,,,,,,,,,,,,,17.01,0.0,6.08,0.0,34.0,0.0,34.0,23.09,0.0,14.22,0.0,2.55,0.0,34.0,0.0,34.0,16.77,0.0,27.39,0.0,0.33,0.0,34.0,0.0,34.0,27.72,0.0,37.6,0.0,-0.12,0.0,34.0,0.0,34.0,37.48,0.0,38.81,0.0,-0.99,0.0,34.0,0.0,34.0,37.82,0.0,Low(4),4,1.0
22,Evaporative Cooler (Evapolar white),0.0,135.0,60.0,28,TskControl34,2025-05-22 15:36:50,2025-05-22_ID0_NoPCS_Ta28_TskControl34.csv,2025-05-22_ID22_Evaporative Cooler (Evapolar white)_Mid(7)_Angle135_Distance60_Ta28_TskControl34_horizontal_water.csv,8.26,18.3,12.56,13.26,76.94,11.5,34.18,-0.12,-2.7,-2.68,-0.76,-1.5,,,,,,,34.0,34.0,34.0,34.0,34.0,34.0,34.0,34.0,34.0,34.0,34.0,34.0,38.54,36.08,38.06,41.92,111.28,48.22,73.32,40.06,38.4,37.12,30.02,26.5,,,,,,,34.0,34.0,34.0,34.0,34.0,34.0,34.0,34.0,34.0,34.0,34.0,34.0,30.28,17.78,25.5,28.66,34.34,36.72,39.14,40.18,41.1,39.8,30.78,28.0,,,,,,,,,,,,,,,,,,,,,,,,,,,,,,,,,,,,,,,,,,,,,,,,,17.01,0.0,4.68,0.0,34.0,0.0,34.0,21.69,0.0,14.22,0.0,18.7,0.0,34.0,0.0,34.0,32.92,0.0,27.39,0.0,2.43,0.0,34.0,0.0,34.0,29.82,0.0,37.6,0.0,2.96,0.0,34.0,0.0,34.0,40.56,0.0,38.81,0.0,2.56,0.0,34.0,0.0,34.0,41.37,0.0,Mid,1,0.0
22,Evaporative Cooler (Evapolar white),0.0,135.0,60.0,28,TskControl34,2025-05-21 17:31:21,2025-05-21_ID0_NoPCS_Ta28_TskControl34.csv,2025-05-21_ID22_Evaporative Cooler (Evapolar white)_Mid(7)_Angle135_Distance60_Ta28_TskControl34_horizontalSlat.csv,-0.38,-3.74,3.54,4.6,36.0,4.2,23.26,-3.66,-4.88,-5.2,-3.62,-2.4,,,,,,,34.0,34.0,34.0,34.0,34.0,34.0,34.0,34.0,34.0,34.0,34.0,34.0,35.82,26.62,33.74,36.32,73.7,44.06,68.7,40.06,42.68,42.02,30.78,28.32,,,,,,,34.0,34.0,34.0,34.0,34.0,34.0,34.0,34.0,34.0,34.0,34.0,34.0,36.2,30.36,30.2,31.72,37.7,39.86,45.44,43.72,47.56,47.22,34.4,30.72,,,,,,,,,,,,,,,,,,,,,,,,,,,,,,,,,,,,,,,,,,,,,,,,,19.06,0.0,1.74,0.0,34.0,0.0,34.0,20.79,0.0,19.98,0.0,3.8,0.0,34.0,0.0,34.0,23.78,0.0,34.48,0.0,-5.75,0.0,34.0,0.0,34.0,28.73,0.0,44.98,0.0,-4.39,0.0,34.0,0.0,34.0,40.59,0.0,46.38,0.0,-5.28,0.0,34.0,0.0,34.0,41.1,0.0,Mid,1,0.0
