,Runtime,Tsk_All,P_All,Clo_All,Teq_All,PMV_All,PPD_All,SET_All,ET_All,Tsk_Crown,P_Crown,Clo_Crown,Teq_Crown,Tsk_Head,P_Head,Clo_Head,Teq_Head,Tsk_Left Chest,P_Left Chest,Clo_Left Chest,Teq_Left Chest,Tsk_Right Chest,P_Right Chest,Clo_Right Chest,Teq_Right Chest,Tsk_Left Back,P_Left Back,Clo_Left Back,Teq_Left Back,Tsk_Right Back,P_Right Back,Clo_Right Back,Teq_Right Back,Tsk_Abdomen,P_Abdomen,Clo_Abdomen,Teq_Abdomen,Tsk_Buttocks,P_Buttocks,Clo_Buttocks,Teq_Buttocks,Tsk_Left Upper Arm,P_Left Upper Arm,Clo_Left Upper Arm,Teq_Left Upper Arm,Tsk_Right Upper Arm,P_Right Upper Arm,Clo_Right Upper Arm,Teq_Right Upper Arm,Tsk_Left Forearm,P_Left Forearm,Clo_Left Forearm,Teq_Left Forearm,Tsk_Right Forearm,P_Right Forearm,Clo_Right Forearm,Teq_Right Forearm,Tsk_Left Hand,P_Left Hand,Clo_Left Hand,Teq_Left Hand,Tsk_Right Hand,P_Right Hand,Clo_Right Hand,Teq_Right Hand,Tsk_Left Front Thigh,P_Left Front Thigh,Clo_Left Front Thigh,Teq_Left Front Thigh,Tsk_Right Front Thigh,P_Right Front Thigh,Clo_Right Front Thigh,Teq_Right Front Thigh,Tsk_Left Back Thigh,P_Left Back Thigh,Clo_Left Back Thigh,Teq_Left Back Thigh,Tsk_Right Back Thigh,P_Right Back Thigh,Clo_Right Back Thigh,Teq_Right Back Thigh,Tsk_Left Lower Leg,P_Left Lower Leg,Clo_Left Lower Leg,Teq_Left Lower Leg,Tsk_Right Lower Leg,P_Right Lower Leg,Clo_Right Lower Leg,Teq_Right Lower Leg,Tsk_Left Foot,P_Left Foot,Clo_Left Foot,Teq_Left Foot,Tsk_Right Foot,P_Right Foot,Clo_Right Foot,Teq_Right Foot,Stability,Reference_time,File_name,index,Ta,Tg,Twb,MRT,RH,V,WBGT,ET
0,594002.0,34.0,53.419999999999995,,34.0,3.0,99.2,31.2,34.0,34.0,48.9,,34.0,34.0,18.080000000000002,,34.0,34.0,27.379999999999995,,34.0,34.0,31.1,,34.0,34.0,36.580000000000005,,34.0,34.0,40.99999999999999,,34.0,34.0,56.48,,34.0,34.0,34.32000000000001,,34.0,34.0,44.7,,34.0,34.0,54.52,,34.0,34.0,58.36,,34.0,34.0,74.28,,34.0,34.0,97.82000000000001,,34.0,34.0,86.98,,34.0,34.0,57.42,,34.0,34.0,62.379999999999995,,34.0,34.0,68.05999999999999,,34.0,34.0,69.7,,34.0,34.0,66.82000000000001,,34.0,34.0,65.92,,34.0,34.0,48.779999999999994,,34.0,34.0,45.3,,34.0,0.4800000000000001,2025-02-01 16:25:44,2025-02-01_ID0_NoPCS_Ta25_TskControl34.csv,0,24.8,25.1,25.1,25.4,62.29,0.26,25.1,25.78
1,595142.0,34.0,53.86,,34.0,3.0,99.2,31.2,34.0,34.0,58.739999999999995,,34.0,34.0,19.24,,34.0,34.0,27.22,,34.0,34.0,31.119999999999997,,34.0,34.0,37.44,,34.0,34.0,41.86,,34.0,34.0,56.5,,34.0,34.0,34.14,,34.0,34.0,43.940000000000005,,34.0,34.0,54.04,,34.0,34.0,63.620000000000005,,34.0,34.0,73.67999999999999,,34.0,34.0,105.93999999999998,,34.0,34.0,90.4,,34.0,34.0,55.82000000000001,,34.0,34.0,62.48,,34.0,34.0,68.67999999999999,,34.0,34.0,71.02,,34.0,34.0,62.660000000000004,,34.0,34.0,64.46000000000001,,34.0,34.0,46.12,,34.0,34.0,45.42,,34.0,0.31999999999999995,2025-02-01 16:44:44,2025-02-01_ID1_Small desk fan (grey)_Low_Angle135_Distance60_Ta25_TskControl34.csv,1,25.0,25.1,25.1,25.1,60.78,0.03,25.1,25.76
2,596012.0,34.0,53.616666666666674,,34.0,3.0,99.2,31.2,34.0,34.0,62.23333333333334,,34.0,34.0,19.366666666666667,,34.0,34.0,26.983333333333334,,34.0,34.0,30.16666666666667,,34.0,34.0,37.083333333333336,,34.0,34.0,41.66666666666667,,34.0,34.0,55.666666666666664,,34.0,34.0,32.36666666666667,,34.0,34.0,44.6,,34.0,34.0,54.083333333333336,,34.0,34.0,64.63333333333333,,34.0,34.0,76.5,,34.0,34.0,109.0,,34.0,34.0,88.96666666666668,,34.0,34.0,55.300000000000004,,34.0,34.0,60.15,,34.0,34.0,68.45,,34.0,34.0,71.18333333333335,,34.0,34.0,62.58333333333332,,34.0,34.0,62.76666666666666,,34.0,34.0,44.85,,34.0,34.0,44.46666666666667,,34.0,0.3333333333333333,2025-02-01 16:59:14,2025-02-01_ID1_Small desk fan (grey)_Mid_Angle135_Distance60_Ta25_TskControl34.csv,2,25.0,25.2,25.2,25.3,62.34,0.04,25.2,25.93
3,597152.0,34.0,54.46666666666666,,34.0,3.0,99.2,31.2,34.0,34.0,88.83333333333333,,34.0,34.0,20.233333333333334,,34.0,34.0,28.883333333333336,,34.0,34.0,31.366666666666664,,34.0,34.0,37.083333333333336,,34.0,34.0,43.23333333333333,,34.0,34.0,53.45000000000001,,34.0,34.0,31.183333333333334,,34.0,34.0,46.15,,34.0,34.0,52.03333333333333,,34.0,34.0,66.13333333333334,,34.0,34.0,75.03333333333333,,34.0,34.0,109.14999999999999,,34.0,34.0,88.53333333333332,,34.0,34.0,56.5,,34.0,34.0,58.550000000000004,,34.0,34.0,69.06666666666668,,34.0,34.0,69.76666666666667,,34.0,34.0,62.31666666666666,,34.0,34.0,63.96666666666667,,34.0,34.0,44.916666666666664,,34.0,34.0,44.81666666666666,,34.0,0.3333333333333333,2025-02-01 17:18:14,2025-02-01_ID1_Small desk fan (grey)_High_Angle135_Distance60_Ta25_TskControl34.csv,3,25.2,25.2,25.2,25.2,62.78,0.18,25.2,25.99
4,598322.0,34.0,54.32000000000001,,34.0,3.0,99.2,31.2,34.0,34.0,61.5,,34.0,34.0,15.440000000000001,,34.0,34.0,28.46,,34.0,34.0,34.2,,34.0,34.0,37.46,,34.0,34.0,41.6,,34.0,34.0,54.88000000000001,,34.0,34.0,31.419999999999998,,34.0,34.0,45.099999999999994,,34.0,34.0,55.8,,34.0,34.0,67.9,,34.0,34.0,82.32,,34.0,34.0,116.28,,34.0,34.0,100.4,,34.0,34.0,55.4,,34.0,34.0,60.68000000000001,,34.0,34.0,69.78,,34.0,34.0,70.23999999999998,,34.0,34.0,61.660000000000004,,34.0,34.0,62.98,,34.0,34.0,43.199999999999996,,34.0,34.0,44.00000000000001,,34.0,0.15999999999999998,2025-02-01 17:37:44,2025-02-01_ID2_Small desk fan (black)_Mid (On-Off)_Angle135_Distance60_Ta25_TskControl34.csv,4,25.1,25.3,25.3,25.4,64.76,0.08,25.3,26.08
5,599312.0,34.0,53.73333333333333,,34.0,3.0,99.2,31.2,34.0,34.0,64.08333333333333,,34.0,34.0,16.433333333333334,,34.0,34.0,30.316666666666666,,34.0,34.0,32.26666666666667,,34.0,34.0,34.66666666666667,,34.0,34.0,38.71666666666667,,34.0,34.0,54.449999999999996,,34.0,34.0,31.850000000000005,,34.0,34.0,47.13333333333333,,34.0,34.0,51.43333333333333,,34.0,34.0,68.48333333333333,,34.0,34.0,77.66666666666667,,34.0,34.0,107.23333333333333,,34.0,34.0,95.55000000000001,,34.0,34.0,54.1,,34.0,34.0,60.53333333333333,,34.0,34.0,66.85000000000001,,34.0,34.0,71.73333333333333,,34.0,34.0,63.68333333333334,,34.0,34.0,64.94999999999999,,34.0,34.0,45.11666666666667,,34.0,34.0,44.46666666666667,,34.0,0.26666666666666666,2025-02-01 17:54:14,2025-02-01_ID3_Midiam evaporative cooler (purple)_Level1_Angle135_Distance60_Ta25_TskControl34.csv,5,24.9,25.1,25.1,25.2,65.95,0.06,25.1,26.01
6,601322.0,34.0,56.58,,34.0,3.0,99.2,31.2,34.0,34.0,91.78,,34.0,34.0,17.5,,34.0,34.0,34.50000000000001,,34.0,34.0,33.839999999999996,,34.0,34.0,37.059999999999995,,34.0,34.0,41.260000000000005,,34.0,34.0,56.779999999999994,,34.0,34.0,33.160000000000004,,34.0,34.0,48.220000000000006,,34.0,34.0,54.52,,34.0,34.0,67.68,,34.0,34.0,80.12,,34.0,34.0,110.7,,34.0,34.0,93.46000000000001,,34.0,34.0,56.2,,34.0,34.0,63.64000000000001,,34.0,34.0,69.7,,34.0,34.0,73.3,,34.0,34.0,65.74,,34.0,34.0,67.47999999999999,,34.0,34.0,46.14,,34.0,34.0,45.64,,34.0,0.12,2025-02-01 18:27:45,2025-02-01_ID3_Midiam evaporative cooler (purple)_Level2_Angle135_Distance60_Ta25_TskControl34.csv,6,24.9,25.1,25.1,25.2,64.72,0.09,25.1,25.94
7,601862.0,34.0,56.620000000000005,,34.0,3.0,99.2,31.2,34.0,34.0,106.96,,34.0,34.0,18.640000000000004,,34.0,34.0,33.62,,34.0,34.0,34.56,,34.0,34.0,38.660000000000004,,34.0,34.0,40.980000000000004,,34.0,34.0,55.9,,34.0,34.0,33.4,,34.0,34.0,48.1,,34.0,34.0,54.04,,34.0,34.0,67.47999999999999,,34.0,34.0,76.8,,34.0,34.0,110.16,,34.0,34.0,90.92,,34.0,34.0,56.1,,34.0,34.0,61.18000000000001,,34.0,34.0,70.17999999999999,,34.0,34.0,72.04,,34.0,34.0,65.32000000000001,,34.0,34.0,66.36,,34.0,34.0,46.52,,34.0,34.0,46.12,,34.0,0.18,2025-02-01 18:36:45,2025-02-01_ID3_Midiam evaporative cooler (purple)_Level3_Angle135_Distance60_Ta25_TskControl34.csv,7,24.8,25.1,25.1,25.3,64.7,0.15,25.1,25.92
8,602462.0,34.0,56.36,,34.0,3.0,99.2,31.2,34.0,34.0,118.75999999999999,,34.0,34.0,19.380000000000003,,34.0,34.0,32.94,,34.0,34.0,33.32,,34.0,34.0,40.6,,34.0,34.0,39.98,,34.0,34.0,54.88000000000001,,34.0,34.0,31.259999999999998,,34.0,34.0,47.68,,34.0,34.0,53.6,,34.0,34.0,66.53999999999999,,34.0,34.0,73.94,,34.0,34.0,103.78,,34.0,34.0,87.12,,34.0,34.0,56.120000000000005,,34.0,34.0,60.65999999999999,,34.0,34.0,70.3,,34.0,34.0,71.68,,34.0,34.0,64.53999999999999,,34.0,34.0,66.42,,34.0,34.0,45.99999999999999,,34.0,34.0,46.04,,34.0,0.4600000000000001,2025-02-01 18:46:45,2025-02-01_ID3_Midiam evaporative cooler (purple)_Level4_Angle135_Distance60_Ta25_TskControl34.csv,8,25.0,25.2,25.2,25.3,63.13,0.11,25.2,25.97
9,830642.0,34.0,55.82000000000001,,34.0,3.0,99.2,31.2,34.0,34.0,51.08,,34.0,34.0,17.16,,34.0,34.0,30.659999999999997,,34.0,34.0,33.7,,34.0,34.0,39.62,,34.0,34.0,43.260000000000005,,34.0,34.0,61.279999999999994,,34.0,34.0,43.26,,34.0,34.0,48.9,,34.0,34.0,54.260000000000005,,34.0,34.0,59.7,,34.0,34.0,69.11999999999999,,34.0,34.0,85.25999999999999,,34.0,34.0,83.22,,34.0,34.0,61.68000000000001,,34.0,34.0,66.16,,34.0,34.0,76.06,,34.0,34.0,74.02000000000001,,34.0,34.0,68.4,,34.0,34.0,68.36,,34.0,34.0,49.660000000000004,,34.0,34.0,48.260000000000005,,34.0,0.1,2025-02-04 10:09:49,2025-02-04_ID0_NoPCS_Ta25_TskControl34.csv,9,25.4,25.3,25.2,25.2,56.77,0.08,25.23,25.72
10,831482.0,34.0,57.44,,34.0,3.0,99.2,31.2,34.0,34.0,112.9,,34.0,34.0,22.18,,34.0,34.0,35.019999999999996,,34.0,34.0,33.4,,34.0,34.0,40.120000000000005,,34.0,34.0,43.61999999999999,,34.0,34.0,59.379999999999995,,34.0,34.0,39.04,,34.0,34.0,51.4,,34.0,34.0,53.67999999999999,,34.0,34.0,62.8,,34.0,34.0,69.35999999999999,,34.0,34.0,94.72,,34.0,34.0,84.16,,34.0,34.0,58.660000000000004,,34.0,34.0,62.38000000000001,,34.0,34.0,72.78,,34.0,34.0,72.08,,34.0,34.0,65.4,,34.0,34.0,67.58000000000001,,34.0,34.0,48.21999999999999,,34.0,34.0,48.0,,34.0,0.27999999999999997,2025-02-04 10:23:49,2025-02-04_ID4_Midiam evaporative cooler (white)_Low_Angle135_Distance60_Ta25_TskControl34.csv,10,25.5,25.4,25.4,25.4,56.79,0.0,25.4,25.83
11,832502.0,34.0,56.620000000000005,,34.0,3.0,99.2,31.2,34.0,34.0,119.58000000000001,,34.0,34.0,22.68,,34.0,34.0,34.02,,34.0,34.0,34.459999999999994,,34.0,34.0,39.46,,34.0,34.0,41.540000000000006,,34.0,34.0,57.44,,34.0,34.0,36.31999999999999,,34.0,34.0,49.48,,34.0,34.0,52.779999999999994,,34.0,34.0,61.75999999999999,,34.0,34.0,67.82000000000001,,34.0,34.0,92.62,,34.0,34.0,86.3,,34.0,34.0,58.2,,34.0,34.0,59.580000000000005,,34.0,34.0,70.14,,34.0,34.0,71.04,,34.0,34.0,65.5,,34.0,34.0,66.82,,34.0,34.0,48.14,,34.0,34.0,46.480000000000004,,34.0,0.3,2025-02-04 10:40:49,2025-02-04_ID4_Midiam evaporative cooler (white)_Mid_Angle135_Distance60_Ta25_TskControl34.csv,11,25.6,25.5,25.5,25.4,56.1,0.09,25.5,25.9
12,833342.0,34.0,56.879999999999995,,34.0,3.0,99.2,31.2,34.0,34.0,126.3,,34.0,34.0,24.78,,34.0,34.0,34.279999999999994,,34.0,34.0,33.36,,34.0,34.0,39.36,,34.0,34.0,40.42,,34.0,34.0,55.5,,34.0,34.0,36.04,,34.0,34.0,49.46,,34.0,34.0,51.48,,34.0,34.0,64.66,,34.0,34.0,68.78,,34.0,34.0,97.47999999999999,,34.0,34.0,86.52000000000001,,34.0,34.0,57.56,,34.0,34.0,61.220000000000006,,34.0,34.0,71.06,,34.0,34.0,66.8,,34.0,34.0,66.16,,34.0,34.0,67.08000000000001,,34.0,34.0,48.54,,34.0,34.0,47.88,,34.0,0.18,2025-02-04 10:54:49,2025-02-04_ID4_Midiam evaporative cooler (white)_High_Angle135_Distance60_Ta25_TskControl34.csv,12,25.4,25.4,25.5,25.4,53.93,0.02,25.47,25.67
13,834302.0,34.0,56.1,,34.0,3.0,99.2,31.2,34.0,34.0,92.28,,34.0,34.0,18.440000000000005,,34.0,34.0,33.879999999999995,,34.0,34.0,35.660000000000004,,34.0,34.0,38.14,,34.0,34.0,40.4,,34.0,34.0,56.14,,34.0,34.0,32.760000000000005,,34.0,34.0,48.64,,34.0,34.0,53.38000000000001,,34.0,34.0,61.959999999999994,,34.0,34.0,69.97999999999999,,34.0,34.0,92.62,,34.0,34.0,86.16,,34.0,34.0,57.98,,34.0,34.0,68.94,,34.0,34.0,71.12,,34.0,34.0,72.02000000000001,,34.0,34.0,67.1,,34.0,34.0,67.46000000000001,,34.0,34.0,48.160000000000004,,34.0,34.0,47.239999999999995,,34.0,0.2,2025-02-04 11:10:49,"2025-02-04_ID5_Big desk fan (daison, short)_Level1_Angle135_Distance90_Ta25_TskControl34.csv",13,25.4,25.4,25.5,25.4,53.59,0.09,25.47,25.66
14,835262.0,34.0,57.92,,34.0,3.0,99.2,31.2,34.0,34.0,106.13999999999999,,34.0,34.0,20.56,,34.0,34.0,37.00000000000001,,34.0,34.0,37.7,,34.0,34.0,39.720000000000006,,34.0,34.0,43.519999999999996,,34.0,34.0,59.239999999999995,,34.0,34.0,35.4,,34.0,34.0,53.96,,34.0,34.0,56.96,,34.0,34.0,68.34,,34.0,34.0,73.14000000000001,,34.0,34.0,103.17999999999999,,34.0,34.0,90.08,,34.0,34.0,54.080000000000005,,34.0,34.0,62.08,,34.0,34.0,70.78,,34.0,34.0,73.32000000000001,,34.0,34.0,66.0,,34.0,34.0,67.97999999999999,,34.0,34.0,48.36,,34.0,34.0,47.32000000000001,,34.0,0.28,2025-02-04 11:26:49,"2025-02-04_ID5_Big desk fan (daison, short)_Level3_Angle135_Distance90_Ta25_TskControl34.csv",14,25.2,25.2,25.3,25.2,53.54,0.17,25.27,25.54
15,837362.0,34.0,58.14,,34.0,3.0,99.2,31.2,34.0,34.0,120.2,,34.0,34.0,21.78,,34.0,34.0,36.67999999999999,,34.0,34.0,37.94,,34.0,34.0,40.02,,34.0,34.0,42.84,,34.0,34.0,57.11999999999999,,34.0,34.0,33.3,,34.0,34.0,53.34000000000001,,34.0,34.0,55.48,,34.0,34.0,65.82000000000001,,34.0,34.0,71.58,,34.0,34.0,104.92,,34.0,34.0,91.46000000000001,,34.0,34.0,58.88000000000001,,34.0,34.0,58.9,,34.0,34.0,73.2,,34.0,34.0,72.73999999999998,,34.0,34.0,65.92,,34.0,34.0,67.61999999999999,,34.0,34.0,47.099999999999994,,34.0,34.0,47.279999999999994,,34.0,0.38,2025-02-04 12:01:49,"2025-02-04_ID5_Big desk fan (daison, short)_Level5_Angle135_Distance90_Ta25_TskControl34.csv",15,25.2,25.2,25.3,25.2,53.19,0.13,25.27,25.52
16,838442.0,34.0,59.04,,34.0,3.0,99.2,31.2,34.0,34.0,133.06,,34.0,34.0,23.479999999999997,,34.0,34.0,37.739999999999995,,34.0,34.0,38.88,,34.0,34.0,40.480000000000004,,34.0,34.0,43.8,,34.0,34.0,56.260000000000005,,34.0,34.0,32.760000000000005,,34.0,34.0,54.0,,34.0,34.0,57.04,,34.0,34.0,68.46000000000001,,34.0,34.0,70.04,,34.0,34.0,108.67999999999999,,34.0,34.0,96.86,,34.0,34.0,58.6,,34.0,34.0,60.480000000000004,,34.0,34.0,74.1,,34.0,34.0,70.97999999999999,,34.0,34.0,65.66,,34.0,34.0,66.9,,34.0,34.0,47.3,,34.0,34.0,46.66,,34.0,0.32,2025-02-04 12:19:49,"2025-02-04_ID5_Big desk fan (daison, short)_Level8_Angle135_Distance90_Ta25_TskControl34.csv",16,25.3,25.3,25.3,25.3,52.54,0.05,25.3,25.59
17,839342.0,34.0,59.220000000000006,,34.0,3.0,99.2,31.2,34.0,34.0,140.16,,34.0,34.0,25.1,,34.0,34.0,37.24,,34.0,34.0,39.239999999999995,,34.0,34.0,40.8,,34.0,34.0,43.78,,34.0,34.0,54.540000000000006,,34.0,34.0,32.04,,34.0,34.0,54.5,,34.0,34.0,56.879999999999995,,34.0,34.0,68.9,,34.0,34.0,75.28,,34.0,34.0,110.33999999999999,,34.0,34.0,96.32,,34.0,34.0,59.08,,34.0,34.0,60.260000000000005,,34.0,34.0,72.47999999999999,,34.0,34.0,70.78,,34.0,34.0,65.1,,34.0,34.0,65.92,,34.0,34.0,47.4,,34.0,34.0,45.58,,34.0,0.24,2025-02-04 12:34:49,"2025-02-04_ID5_Big desk fan (daison, short)_Level10_Angle135_Distance90_Ta25_TskControl34.csv",17,25.4,25.3,25.4,25.2,52.56,0.18,25.37,25.61
18,840602.0,34.0,59.42,,34.0,3.0,99.2,31.2,34.0,34.0,61.419999999999995,,34.0,34.0,19.68,,34.0,34.0,29.360000000000003,,34.0,34.0,30.139999999999997,,34.0,34.0,56.779999999999994,,34.0,34.0,53.339999999999996,,34.0,34.0,78.22,,34.0,34.0,34.879999999999995,,34.0,34.0,53.98,,34.0,34.0,56.6,,34.0,34.0,59.86,,34.0,34.0,73.72,,34.0,34.0,89.6,,34.0,34.0,88.22,,34.0,34.0,63.019999999999996,,34.0,34.0,66.82,,34.0,34.0,75.41999999999999,,34.0,34.0,77.25999999999999,,34.0,34.0,71.72,,34.0,34.0,70.91999999999999,,34.0,34.0,47.52,,34.0,34.0,46.2,,34.0,0.18,2025-02-04 12:55:49,"2025-02-04_ID8_Standing fan (daison, long)_Level1_Angle270_Distance150_Ta25_TskControl34.csv",18,25.4,25.4,25.5,25.4,52.23,0.17,25.47,25.68
19,842102.0,34.0,68.44,,34.0,3.0,99.2,31.2,34.0,34.0,76.28,,34.0,34.0,23.520000000000003,,34.0,34.0,36.28,,34.0,34.0,36.92,,34.0,34.0,65.34,,34.0,34.0,64.6,,34.0,34.0,94.54,,34.0,34.0,39.8,,34.0,34.0,60.67999999999999,,34.0,34.0,63.96,,34.0,34.0,69.38,,34.0,34.0,78.8,,34.0,34.0,100.2,,34.0,34.0,90.5,,34.0,34.0,72.4,,34.0,34.0,72.5,,34.0,34.0,85.4,,34.0,34.0,85.82000000000001,,34.0,34.0,86.44,,34.0,34.0,85.72,,34.0,34.0,52.92,,34.0,34.0,49.739999999999995,,34.0,0.45999999999999996,2025-02-04 13:20:49,"2025-02-04_ID8_Standing fan (daison, long)_Level3_Angle270_Distance150_Ta25_TskControl34.csv",19,25.3,25.3,25.4,25.3,52.2,0.06,25.37,25.58
20,843242.0,34.0,75.17999999999999,,34.0,3.0,99.2,31.2,34.0,34.0,83.08,,34.0,34.0,26.159999999999997,,34.0,34.0,38.839999999999996,,34.0,34.0,39.0,,34.0,34.0,73.32000000000001,,34.0,34.0,71.47999999999999,,34.0,34.0,104.72,,34.0,34.0,43.4,,34.0,34.0,67.05999999999999,,34.0,34.0,68.4,,34.0,34.0,74.46,,34.0,34.0,84.74000000000001,,34.0,34.0,108.83999999999999,,34.0,34.0,97.34,,34.0,34.0,80.2,,34.0,34.0,79.46000000000001,,34.0,34.0,96.76,,34.0,34.0,96.06,,34.0,34.0,96.88000000000001,,34.0,34.0,94.62,,34.0,34.0,54.86,,34.0,34.0,51.44,,34.0,0.18,2025-02-04 13:39:49,"2025-02-04_ID8_Standing fan (daison, long)_Level5_Angle270_Distance150_Ta25_TskControl34.csv",20,25.2,25.2,25.3,25.2,52.85,0.11,25.27,25.51
21,844322.0,34.0,83.14,,34.0,3.0,99.2,31.2,34.0,34.0,89.97999999999999,,34.0,34.0,27.839999999999996,,34.0,34.0,43.52,,34.0,34.0,42.4,,34.0,34.0,80.64000000000001,,34.0,34.0,79.34,,34.0,34.0,116.52000000000001,,34.0,34.0,48.7,,34.0,34.0,69.67999999999999,,34.0,34.0,72.3,,34.0,34.0,79.16,,34.0,34.0,93.32000000000001,,34.0,34.0,113.3,,34.0,34.0,110.3,,34.0,34.0,89.78,,34.0,34.0,88.2,,34.0,34.0,110.9,,34.0,34.0,113.72,,34.0,34.0,108.64000000000001,,34.0,34.0,105.18000000000002,,34.0,34.0,56.620000000000005,,34.0,34.0,53.7,,34.0,0.36,2025-02-04 13:57:49,"2025-02-04_ID8_Standing fan (daison, long)_Level8_Angle270_Distance150_Ta25_TskControl34.csv",21,25.3,25.3,25.3,25.3,52.54,0.09,25.3,25.51
22,845882.0,34.0,56.339999999999996,,34.0,3.0,99.2,31.2,34.0,34.0,114.46,,34.0,34.0,16.720000000000002,,34.0,34.0,31.1,,34.0,34.0,33.42,,34.0,34.0,37.86,,34.0,34.0,42.14,,34.0,34.0,59.080000000000005,,34.0,34.0,36.42,,34.0,34.0,47.019999999999996,,34.0,34.0,52.64000000000001,,34.0,34.0,62.94,,34.0,34.0,72.52000000000001,,34.0,34.0,97.26,,34.0,34.0,88.47999999999999,,34.0,34.0,57.5,,34.0,34.0,63.5,,34.0,34.0,70.02,,34.0,34.0,68.24000000000001,,34.0,34.0,66.3,,34.0,34.0,67.24,,34.0,34.0,47.33999999999999,,34.0,34.0,46.92,,34.0,0.18,2025-02-04 14:23:49,2025-02-04_ID6_Neck fan_Level1_Ta25_TskControl34.csv,22,25.3,25.3,25.3,25.3,52.88,0.05,25.3,25.61
23,847862.0,34.0,56.239999999999995,,34.0,3.0,99.2,31.2,34.0,34.0,135.04000000000002,,34.0,34.0,18.419999999999998,,34.0,34.0,31.26,,34.0,34.0,33.260000000000005,,34.0,34.0,36.78000000000001,,34.0,34.0,40.14,,34.0,34.0,55.260000000000005,,34.0,34.0,33.14,,34.0,34.0,47.06,,34.0,34.0,53.42,,34.0,34.0,60.46,,34.0,34.0,70.3,,34.0,34.0,91.14000000000001,,34.0,34.0,88.8,,34.0,34.0,57.32000000000001,,34.0,34.0,62.720000000000006,,34.0,34.0,70.52000000000001,,34.0,34.0,67.88,,34.0,34.0,66.74,,34.0,34.0,66.9,,34.0,34.0,47.0,,34.0,34.0,46.5,,34.0,0.15999999999999998,2025-02-04 14:56:49,2025-02-04_ID6_Neck fan_Level3_Ta25_TskControl34.csv,23,25.3,25.2,25.3,25.2,52.2,0.0,25.27,25.58
24,848402.0,34.0,56.64,,34.0,3.0,99.2,31.2,34.0,34.0,146.76,,34.0,34.0,19.560000000000002,,34.0,34.0,32.18,,34.0,34.0,33.44,,34.0,34.0,35.519999999999996,,34.0,34.0,40.540000000000006,,34.0,34.0,55.6,,34.0,34.0,31.919999999999998,,34.0,34.0,49.34,,34.0,34.0,52.9,,34.0,34.0,61.2,,34.0,34.0,70.97999999999999,,34.0,34.0,88.82,,34.0,34.0,88.2,,34.0,34.0,58.98,,34.0,34.0,59.8,,34.0,34.0,71.22,,34.0,34.0,69.39999999999999,,34.0,34.0,65.34,,34.0,34.0,66.72,,34.0,34.0,46.839999999999996,,34.0,34.0,45.88,,34.0,0.34,2025-02-04 15:05:49,2025-02-04_ID6_Neck fan_Level5_Ta25_TskControl34.csv,24,25.3,25.3,25.3,25.3,52.2,0.09,25.3,25.58
25,849482.0,34.0,61.1,,34.0,3.0,99.2,31.2,34.0,34.0,69.12,,34.0,34.0,16.06,,34.0,34.0,36.04,,34.0,34.0,30.52,,34.0,34.0,57.160000000000004,,34.0,34.0,42.279999999999994,,34.0,34.0,72.86,,34.0,34.0,36.67999999999999,,34.0,34.0,66.0,,34.0,34.0,49.98,,34.0,34.0,84.92,,34.0,34.0,80.3,,34.0,34.0,113.34,,34.0,34.0,97.38,,34.0,34.0,79.22,,34.0,34.0,65.35999999999999,,34.0,34.0,77.5,,34.0,34.0,77.16,,34.0,34.0,66.3,,34.0,34.0,63.78000000000001,,34.0,34.0,47.099999999999994,,34.0,34.0,43.660000000000004,,34.0,0.5,2025-02-04 15:23:49,"2025-02-04_ID8_Standing fan (daison, long)_Level1_Angle225_Distance150_Ta25_TskControl34.csv",25,25.3,25.3,25.3,25.3,53.22,0.05,25.3,25.62
26,850322.0,34.0,70.52000000000001,,34.0,3.0,99.2,31.2,34.0,34.0,71.78,,34.0,34.0,17.559999999999995,,34.0,34.0,38.66,,34.0,34.0,34.42,,34.0,34.0,62.660000000000004,,34.0,34.0,46.3,,34.0,34.0,85.22,,34.0,34.0,42.42,,34.0,34.0,72.9,,34.0,34.0,56.92,,34.0,34.0,96.47999999999999,,34.0,34.0,93.26,,34.0,34.0,139.26,,34.0,34.0,119.55999999999999,,34.0,34.0,88.67999999999999,,34.0,34.0,78.5,,34.0,34.0,100.03999999999999,,34.0,34.0,93.05999999999999,,34.0,34.0,77.38,,34.0,34.0,73.17999999999999,,34.0,34.0,47.36,,34.0,34.0,44.58,,34.0,0.45999999999999996,2025-02-04 15:37:49,"2025-02-04_ID8_Standing fan (daison, long)_Level3_Angle225_Distance150_Ta25_TskControl34.csv",26,25.1,25.2,25.2,25.3,53.51,0.18,25.2,25.43
27,851642.0,34.0,81.98,,34.0,3.0,99.2,31.2,34.0,34.0,80.44,,34.0,34.0,18.439999999999998,,34.0,34.0,43.7,,34.0,34.0,39.4,,34.0,34.0,67.58,,34.0,34.0,52.56,,34.0,34.0,91.76,,34.0,34.0,49.459999999999994,,34.0,34.0,82.7,,34.0,34.0,64.24,,34.0,34.0,112.12,,34.0,34.0,113.0,,34.0,34.0,183.18,,34.0,34.0,165.64000000000001,,34.0,34.0,111.12,,34.0,34.0,92.86,,34.0,34.0,115.3,,34.0,34.0,105.12,,34.0,34.0,88.9,,34.0,34.0,87.3,,34.0,34.0,45.44,,34.0,34.0,47.14,,34.0,0.18,2025-02-04 15:59:49,"2025-02-04_ID8_Standing fan (daison, long)_Level5_Angle225_Distance150_Ta25_TskControl34.csv",27,25.0,25.0,25.1,25.0,54.53,0.08,25.07,25.37
28,852362.0,34.0,88.46000000000001,,34.0,3.0,99.2,31.2,34.0,34.0,89.52000000000001,,34.0,34.0,19.14,,34.0,34.0,46.3,,34.0,34.0,42.9,,34.0,34.0,73.7,,34.0,34.0,57.64000000000001,,34.0,34.0,96.2,,34.0,34.0,53.419999999999995,,34.0,34.0,87.7,,34.0,34.0,67.7,,34.0,34.0,122.42,,34.0,34.0,124.22,,34.0,33.94,202.8,,33.94,34.0,191.71999999999997,,34.0,34.0,119.35999999999999,,34.0,34.0,100.61999999999999,,34.0,34.0,124.78,,34.0,34.0,111.22,,34.0,34.0,94.76,,34.0,34.0,94.08,,34.0,34.0,48.76,,34.0,34.0,47.32000000000001,,34.0,0.62,2025-02-04 16:11:49,"2025-02-04_ID8_Standing fan (daison, long)_Level8_Angle225_Distance150_Ta25_TskControl34.csv",28,24.9,24.9,24.9,24.9,54.15,0.0,24.9,25.26
29,852902.0,34.0,86.55999999999999,,34.0,3.0,99.2,31.2,34.0,34.0,88.74,,34.0,34.0,18.139999999999997,,34.0,34.0,44.92,,34.0,34.0,41.739999999999995,,34.0,34.0,73.88,,34.0,34.0,58.36,,34.0,34.0,95.78,,34.0,34.0,51.64,,34.0,34.0,86.16000000000001,,34.0,34.0,67.0,,34.0,34.0,120.43999999999998,,34.0,34.0,120.36000000000001,,34.0,34.0,195.44,,34.0,34.0,184.0,,34.0,34.0,116.48000000000002,,34.0,34.0,98.38,,34.0,34.0,121.5,,34.0,34.0,110.47999999999999,,34.0,34.0,92.34,,34.0,34.0,89.66,,34.0,34.0,48.82,,34.0,34.0,46.300000000000004,,34.0,0.27999999999999997,2025-02-04 16:20:49,"2025-02-04_ID8_Standing fan (daison, long)_Level10_Angle225_Distance150_Ta25_TskControl34.csv",29,24.9,25.0,25.0,25.1,54.5,0.08,25.0,25.36
30,853922.0,34.0,62.58,,34.0,3.0,99.2,31.2,34.0,34.0,67.4,,34.0,34.0,16.2,,34.0,34.0,39.08,,34.0,34.0,35.42,,34.0,34.0,53.67999999999999,,34.0,34.0,42.879999999999995,,34.0,34.0,65.9,,34.0,34.0,42.99999999999999,,34.0,34.0,69.84,,34.0,34.0,52.540000000000006,,34.0,34.0,90.42,,34.0,34.0,84.24,,34.0,34.0,111.34,,34.0,34.0,101.75999999999999,,34.0,34.0,86.0,,34.0,34.0,72.5,,34.0,34.0,80.32000000000001,,34.0,34.0,74.0,,34.0,34.0,66.76000000000002,,34.0,34.0,64.08,,34.0,34.0,46.46,,34.0,34.0,46.3,,34.0,0.13999999999999999,2025-02-04 16:37:49,"2025-02-04_ID8_Standing fan (daison, long)_Level1_Angle180_Distance150_Ta25_TskControl34.csv",30,25.2,25.1,25.1,25.1,53.19,0.05,25.1,25.43
31,855182.0,34.0,71.34,,34.0,3.0,99.2,31.2,34.0,34.0,68.74000000000001,,34.0,34.0,17.919999999999998,,34.0,34.0,42.18,,34.0,34.0,39.92,,34.0,34.0,60.760000000000005,,34.0,34.0,46.480000000000004,,34.0,34.0,72.4,,34.0,34.0,46.17999999999999,,34.0,34.0,75.03999999999999,,34.0,34.0,60.96,,34.0,34.0,100.93999999999998,,34.0,34.0,96.22,,34.0,34.0,122.82000000000001,,34.0,34.0,109.81999999999998,,34.0,34.0,104.88,,34.0,34.0,86.92,,34.0,34.0,105.88000000000002,,34.0,34.0,87.52,,34.0,34.0,77.53999999999999,,34.0,34.0,72.58,,34.0,34.0,47.519999999999996,,34.0,34.0,44.54,,34.0,0.4,2025-02-04 16:58:49,"2025-02-04_ID8_Standing fan (daison, long)_Level3_Angle180_Distance150_Ta25_TskControl34.csv",31,24.9,25.0,25.1,25.0,54.5,0.07,25.07,25.36
32,855962.0,34.0,77.13999999999999,,34.0,3.0,99.2,31.2,34.0,34.0,78.38,,34.0,34.0,17.54,,34.0,34.0,44.64,,34.0,34.0,41.82000000000001,,34.0,34.0,69.02000000000001,,34.0,34.0,52.86,,34.0,34.0,79.74,,34.0,34.0,48.5,,34.0,34.0,82.53999999999999,,34.0,34.0,65.62,,34.0,34.0,109.92,,34.0,34.0,104.54,,34.0,34.0,127.36000000000001,,34.0,34.0,117.8,,34.0,34.0,114.62,,34.0,34.0,93.48,,34.0,34.0,116.38,,34.0,34.0,98.5,,34.0,34.0,81.14000000000001,,34.0,34.0,74.38,,34.0,34.0,46.86,,34.0,34.0,48.739999999999995,,34.0,0.38,2025-02-04 17:11:49,"2025-02-04_ID8_Standing fan (daison, long)_Level5_Angle180_Distance150_Ta25_TskControl34.csv",32,25.0,25.1,25.1,25.2,54.18,0.13,25.1,25.45
33,856742.0,34.0,86.55999999999999,,34.0,3.0,99.2,31.2,34.0,34.0,85.5,,34.0,34.0,16.56,,34.0,34.0,49.080000000000005,,34.0,34.0,47.84,,34.0,34.0,76.4,,34.0,34.0,59.660000000000004,,34.0,34.0,88.53999999999999,,34.0,34.0,51.24000000000001,,34.0,34.0,90.76000000000002,,34.0,34.0,71.94,,34.0,34.0,127.1,,34.0,34.0,119.78,,34.0,34.0,159.66000000000003,,34.0,34.0,140.98,,34.0,34.0,130.07999999999998,,34.0,34.0,106.43999999999998,,34.0,34.0,135.06,,34.0,34.0,113.08,,34.0,34.0,87.56,,34.0,34.0,81.36,,34.0,34.0,47.239999999999995,,34.0,34.0,47.22,,34.0,0.3,2025-02-04 17:24:49,"2025-02-04_ID8_Standing fan (daison, long)_Level8_Angle180_Distance150_Ta25_TskControl34.csv",33,25.2,25.1,25.1,25.1,53.88,0.07,25.1,25.46
34,857702.0,34.0,85.44,,34.0,3.0,99.2,31.2,34.0,34.0,84.8,,34.0,34.0,16.380000000000003,,34.0,34.0,49.0,,34.0,34.0,45.32,,34.0,34.0,77.24000000000001,,34.0,34.0,60.55999999999999,,34.0,34.0,88.06,,34.0,34.0,51.4,,34.0,34.0,90.63999999999999,,34.0,34.0,70.76000000000002,,34.0,34.0,123.78,,34.0,34.0,117.2,,34.0,34.0,158.7,,34.0,34.0,138.45999999999998,,34.0,34.0,128.5,,34.0,34.0,105.28,,34.0,34.0,132.16,,34.0,34.0,111.85999999999999,,34.0,34.0,85.47999999999999,,34.0,34.0,80.2,,34.0,34.0,46.5,,34.0,34.0,45.4,,34.0,0.31999999999999995,2025-02-04 17:40:49,"2025-02-04_ID8_Standing fan (daison, long)_Level10_Angle180_Distance150_Ta25_TskControl34.csv",34,25.3,25.2,25.2,25.1,53.56,0.13,25.2,25.55
35,916862.0,34.0,58.67999999999999,,34.0,3.0,99.2,31.2,34.0,34.0,52.92,,34.0,34.0,18.04,,34.0,34.0,33.02,,34.0,34.0,38.1,,34.0,34.0,41.24,,34.0,34.0,44.06,,34.0,34.0,61.879999999999995,,34.0,34.0,47.92,,34.0,34.0,49.419999999999995,,34.0,34.0,56.839999999999996,,34.0,34.0,60.81999999999999,,34.0,34.0,68.94,,34.0,34.0,95.72,,34.0,34.0,84.4,,34.0,34.0,63.38000000000001,,34.0,34.0,74.67999999999999,,34.0,34.0,75.34,,34.0,34.0,80.02,,34.0,34.0,72.92,,34.0,34.0,76.22,,34.0,34.0,49.58,,34.0,34.0,48.7,,34.0,0.13999999999999999,2025-02-05 10:06:51,2025-02-05_ID0_NoPCS_Ta25_TskControl34.csv,35,25.4,25.4,25.4,25.4,52.23,0.1,25.4,25.68
36,917702.0,34.0,59.720000000000006,,34.0,3.0,99.2,31.2,34.0,34.0,124.35999999999999,,34.0,34.0,23.080000000000002,,34.0,34.0,32.68,,34.0,34.0,35.540000000000006,,34.0,34.0,39.98,,34.0,34.0,43.3,,34.0,34.0,58.6,,34.0,34.0,43.559999999999995,,34.0,34.0,47.96,,34.0,34.0,56.58,,34.0,34.0,61.92,,34.0,34.0,71.74000000000001,,34.0,34.0,94.52000000000001,,34.0,34.0,87.17999999999999,,34.0,34.0,60.92,,34.0,34.0,71.04,,34.0,34.0,72.9,,34.0,34.0,76.91999999999999,,34.0,34.0,71.46000000000001,,34.0,34.0,74.1,,34.0,34.0,48.32,,34.0,34.0,47.64,,34.0,0.21999999999999997,2025-02-05 10:20:51,2025-02-05_ID7_Handheld fan_Level1_Angle90_Distance60_Ta25_TskControl34.csv,36,25.3,25.4,25.5,25.4,52.2,0.05,25.47,25.75
37,918422.0,34.0,60.3,,34.0,3.0,99.2,31.2,34.0,34.0,139.13999999999996,,34.0,34.0,26.920000000000005,,34.0,34.0,32.22,,34.0,34.0,36.739999999999995,,34.0,34.0,39.08,,34.0,34.0,43.400000000000006,,34.0,34.0,58.64,,34.0,34.0,40.96,,34.0,34.0,48.22,,34.0,34.0,56.28000000000001,,34.0,34.0,62.260000000000005,,34.0,34.0,72.02000000000001,,34.0,34.0,97.9,,34.0,34.0,90.63999999999999,,34.0,34.0,60.04,,34.0,34.0,70.2,,34.0,34.0,72.2,,34.0,34.0,75.4,,34.0,34.0,71.46,,34.0,34.0,73.96000000000001,,34.0,34.0,49.08,,34.0,34.0,48.0,,34.0,0.28,2025-02-05 10:32:51,2025-02-05_ID7_Handheld fan_Level2_Angle90_Distance60_Ta25_TskControl34.csv,37,25.2,25.3,25.4,25.4,52.17,0.13,25.37,25.56
38,919442.0,34.0,59.94,,34.0,3.0,99.2,31.2,34.0,34.0,143.56,,34.0,34.0,31.619999999999997,,34.0,34.0,30.580000000000002,,34.0,34.0,35.54,,34.0,34.0,38.04,,34.0,34.0,42.46,,34.0,34.0,58.9,,34.0,34.0,38.160000000000004,,34.0,34.0,47.94,,34.0,34.0,56.1,,34.0,34.0,62.4,,34.0,34.0,73.47999999999999,,34.0,34.0,98.34,,34.0,34.0,91.05999999999999,,34.0,34.0,59.17999999999999,,34.0,34.0,67.6,,34.0,34.0,72.72,,34.0,34.0,76.25999999999999,,34.0,34.0,68.66,,34.0,34.0,71.16,,34.0,34.0,47.56,,34.0,34.0,48.04,,34.0,0.26,2025-02-05 10:49:51,2025-02-05_ID7_Handheld fan_Level3_Angle90_Distance60_Ta25_TskControl34.csv,38,25.2,25.3,25.4,25.3,51.5,0.07,25.37,25.62
39,923102.0,34.0,66.47999999999999,,34.0,3.0,99.2,31.2,34.0,34.0,90.20000000000002,,34.0,34.0,41.720000000000006,,34.0,34.0,33.18,,34.0,34.0,35.78,,34.0,34.0,69.05999999999999,,34.0,34.0,62.4,,34.0,34.0,67.85999999999999,,34.0,34.0,38.160000000000004,,34.0,34.0,66.8,,34.0,34.0,64.58,,34.0,34.0,81.74,,34.0,34.0,85.8,,34.0,34.0,129.16,,34.0,34.0,102.08,,34.0,34.0,71.75999999999999,,34.0,34.0,69.97999999999999,,34.0,34.0,73.75999999999999,,34.0,34.0,77.38,,34.0,34.0,69.64,,34.0,34.0,74.64000000000001,,34.0,34.0,47.32000000000001,,34.0,34.0,47.7,,34.0,0.22000000000000003,2025-02-05 11:50:51,2025-02-05_ID9_Standing fan (Sunbeam)_Level1_Angle270_Distance150_Ta25_TskControl34.csv,39,25.3,25.3,25.3,25.3,52.2,0.14,25.3,25.58
40,926402.0,34.0,78.35999999999999,,34.0,3.0,99.2,31.2,34.0,34.0,120.7,,34.0,34.0,61.42,,34.0,34.0,40.12,,34.0,34.0,41.82,,34.0,34.0,90.5,,34.0,34.0,78.84,,34.0,34.0,81.14,,34.0,34.0,42.120000000000005,,34.0,34.0,78.03999999999999,,34.0,34.0,72.6,,34.0,34.0,97.0,,34.0,34.0,97.1,,34.0,34.0,172.98,,34.0,34.0,127.72,,34.0,34.0,82.32000000000001,,34.0,34.0,67.6,,34.0,34.0,87.8,,34.0,34.0,91.72,,34.0,34.0,78.53999999999999,,34.0,34.0,78.08,,34.0,34.0,48.98,,34.0,34.0,48.36,,34.0,0.44000000000000006,2025-02-05 12:45:51,2025-02-05_ID9_Standing fan (Sunbeam)_Level4_Angle270_Distance150_Ta25_TskControl34.csv,40,25.2,25.3,25.3,25.3,52.85,0.0,25.3,25.59
41,927242.0,34.0,91.02,,34.0,3.0,99.2,31.1,34.0,34.0,146.95999999999998,,34.0,34.0,83.64000000000001,,34.0,34.0,47.5,,34.0,34.0,47.4,,34.0,34.0,113.63999999999999,,34.0,34.0,98.05999999999999,,34.0,34.0,92.28,,34.0,34.0,46.760000000000005,,34.0,34.0,88.38,,34.0,34.0,80.32000000000001,,34.0,34.0,114.62,,34.0,34.0,110.02000000000001,,34.0,33.34,203.3,,33.36,34.0,156.1,,34.0,34.0,97.61999999999998,,34.0,34.0,76.26000000000002,,34.0,34.0,101.32000000000001,,34.0,34.0,96.58,,34.0,34.0,90.11999999999999,,34.0,34.0,88.35999999999999,,34.0,34.0,48.14,,34.0,34.0,50.94,,34.0,0.26,2025-02-05 12:59:51,2025-02-05_ID9_Standing fan (Sunbeam)_Level6_Angle270_Distance150_Ta25_TskControl34.csv,41,25.2,25.3,25.3,25.4,53.88,0.14,25.3,25.64
42,929042.0,34.0,71.02000000000001,,34.0,3.0,99.2,31.2,34.0,34.0,91.16,,34.0,34.0,29.3,,34.0,34.0,41.44,,34.0,34.0,36.02,,34.0,34.0,66.16,,34.0,34.0,52.11999999999999,,34.0,34.0,65.16,,34.0,34.0,43.760000000000005,,34.0,34.0,76.0,,34.0,34.0,60.0,,34.0,34.0,95.84,,34.0,34.0,100.12,,34.0,34.0,158.24,,34.0,34.0,149.07999999999998,,34.0,34.0,99.24000000000001,,34.0,34.0,86.66,,34.0,34.0,81.72,,34.0,34.0,75.84,,34.0,34.0,70.16,,34.0,34.0,68.42,,34.0,34.0,47.68,,34.0,34.0,44.620000000000005,,34.0,0.41999999999999993,2025-02-05 13:29:51,2025-02-05_ID9_Standing fan (Sunbeam)_Level1_Angle225_Distance150_Ta25_TskControl34.csv,42,24.9,25.0,25.1,25.1,53.8,0.09,25.07,25.33
43,931862.0,34.0,81.78,,34.0,3.0,99.2,31.2,34.0,34.0,108.17999999999999,,34.0,34.0,31.2,,34.0,34.0,46.2,,34.0,34.0,39.54,,34.0,34.0,77.22,,34.0,34.0,63.14,,34.0,34.0,74.12,,34.0,34.0,48.43999999999999,,34.0,34.0,89.63999999999999,,34.0,34.0,64.66,,34.0,34.0,117.31999999999998,,34.0,34.0,118.54,,34.0,33.96,202.6,,33.980000000000004,34.0,201.48,,34.0,34.0,112.78,,34.0,34.0,101.64,,34.0,34.0,93.28,,34.0,34.0,82.62,,34.0,34.0,76.5,,34.0,34.0,74.74000000000001,,34.0,34.0,46.339999999999996,,34.0,34.0,44.160000000000004,,34.0,0.4,2025-02-05 14:16:51,2025-02-05_ID9_Standing fan (Sunbeam)_Level3_Angle225_Distance150_Ta25_TskControl34.csv,43,25.1,25.1,25.1,25.1,53.17,0.06,25.1,25.42
44,932342.0,34.0,82.16,,34.0,3.0,99.2,31.2,34.0,34.0,110.80000000000003,,34.0,34.0,34.62,,34.0,34.0,47.68,,34.0,34.0,38.540000000000006,,34.0,34.0,78.7,,34.0,34.0,64.92,,34.0,34.0,73.67999999999999,,34.0,34.0,48.720000000000006,,34.0,34.0,89.34,,34.0,34.0,62.92,,34.0,34.0,117.52000000000001,,34.0,34.0,116.42,,34.0,33.92,202.87999999999997,,33.92,34.0,204.8,,34.0,34.0,113.4,,34.0,34.0,102.08000000000001,,34.0,34.0,93.12,,34.0,34.0,83.0,,34.0,34.0,75.62,,34.0,34.0,74.17999999999999,,34.0,34.0,47.260000000000005,,34.0,34.0,44.3,,34.0,0.6199999999999999,2025-02-05 14:24:51,2025-02-05_ID9_Standing fan (Sunbeam)_Level4_Angle225_Distance150_Ta25_TskControl34.csv,44,25.1,25.1,25.2,25.1,53.51,0.12,25.17,25.43
45,933062.0,33.9,94.52,,33.9,3.0,99.0,31.1,33.9,34.0,134.79999999999998,,34.0,34.0,43.7,,34.0,34.0,51.44000000000001,,34.0,34.0,42.36,,34.0,34.0,96.34,,34.0,34.0,79.67999999999999,,34.0,34.0,81.67999999999999,,34.0,34.0,53.98,,34.0,34.0,107.08,,34.0,34.0,67.34,,34.0,34.0,138.28,,34.0,34.0,140.54000000000002,,34.0,32.36,204.18,,32.339999999999996,32.72,214.1,,32.72,34.0,133.7,,34.0,34.0,119.62,,34.0,34.0,112.84,,34.0,34.0,100.52000000000001,,34.0,34.0,87.86,,34.0,34.0,86.73999999999998,,34.0,34.0,44.62,,34.0,34.0,44.5,,34.0,0.5,2025-02-05 14:36:51,2025-02-05_ID9_Standing fan (Sunbeam)_Level6_Angle225_Distance150_Ta25_TskControl34.csv,45,25.1,25.1,25.2,25.1,53.17,0.07,25.17,25.42
46,934082.0,34.0,66.05999999999999,,34.0,3.0,99.2,31.2,34.0,34.0,89.11999999999999,,34.0,34.0,22.919999999999998,,34.0,34.0,42.160000000000004,,34.0,34.0,40.2,,34.0,34.0,59.81999999999999,,34.0,34.0,47.660000000000004,,34.0,34.0,60.660000000000004,,34.0,34.0,44.1,,34.0,34.0,76.25999999999999,,34.0,34.0,52.739999999999995,,34.0,34.0,99.92,,34.0,34.0,109.25999999999999,,34.0,34.0,150.45999999999998,,34.0,34.0,147.73999999999998,,34.0,34.0,77.35999999999999,,34.0,34.0,70.66,,34.0,34.0,67.8,,34.0,34.0,66.23999999999998,,34.0,34.0,67.92,,34.0,34.0,66.44000000000001,,34.0,34.0,46.779999999999994,,34.0,34.0,44.699999999999996,,34.0,0.58,2025-02-05 14:53:51,2025-02-05_ID9_Standing fan (Sunbeam)_Level1_Angle180_Distance150_Ta25_TskControl34.csv,46,25.0,25.1,25.2,25.2,53.83,0.09,25.17,25.43
47,935342.0,34.0,79.99999999999999,,34.0,3.0,99.2,31.160000000000004,34.0,34.0,118.62,,34.0,34.0,23.06,,34.0,34.0,48.160000000000004,,34.0,34.0,46.080000000000005,,34.0,34.0,75.14,,34.0,34.0,62.54,,34.0,34.0,69.14,,34.0,34.0,53.8,,34.0,34.0,91.33999999999999,,34.0,34.0,71.2,,34.0,34.0,121.75999999999999,,34.0,34.0,134.82,,34.0,33.86,202.94,,33.86,34.0,200.92,,34.0,34.0,104.23999999999998,,34.0,34.0,89.48,,34.0,34.0,84.78,,34.0,34.0,77.4,,34.0,34.0,67.96,,34.0,34.0,70.22,,34.0,34.0,45.620000000000005,,34.0,34.0,45.14,,34.0,0.58,2025-02-05 15:14:51,2025-02-05_ID9_Standing fan (Sunbeam)_Level4_Angle180_Distance150_Ta25_TskControl34.csv,47,25.2,25.2,25.2,25.2,53.19,0.09,25.2,25.52
48,936122.0,33.9,93.12,,33.9,3.0,99.08,31.1,33.9,34.0,158.5,,34.0,34.0,35.2,,34.0,34.0,56.64,,34.0,34.0,53.720000000000006,,34.0,34.0,94.2,,34.0,34.0,79.78,,34.0,34.0,79.64000000000001,,34.0,34.0,60.620000000000005,,34.0,34.0,109.32000000000001,,34.0,34.0,79.53999999999999,,34.0,34.0,143.8,,34.0,34.0,161.67999999999998,,34.0,32.81999999999999,203.78,,32.81999999999999,32.86,213.9,,32.88000000000001,34.0,124.35999999999999,,34.0,34.0,110.38,,34.0,34.0,103.47999999999999,,34.0,34.0,91.28,,34.0,34.0,70.17999999999999,,34.0,34.0,74.17999999999999,,34.0,34.0,46.580000000000005,,34.0,34.0,46.10000000000001,,34.0,0.4600000000000001,2025-02-05 15:27:51,2025-02-05_ID9_Standing fan (Sunbeam)_Level6_Angle180_Distance150_Ta25_TskControl34.csv,48,25.3,25.2,25.3,25.1,53.22,0.09,25.27,25.54
49,939122.0,34.0,66.58,,34.0,3.0,99.2,31.2,34.0,34.0,91.88000000000001,,34.0,34.0,33.779999999999994,,34.0,34.0,34.199999999999996,,34.0,34.0,35.18,,34.0,34.0,75.18,,34.0,34.0,66.5,,34.0,34.0,77.08000000000001,,34.0,34.0,38.1,,34.0,34.0,67.56,,34.0,34.0,64.72,,34.0,34.0,77.04,,34.0,34.0,85.97999999999999,,34.0,34.0,115.46,,34.0,34.0,104.8,,34.0,34.0,67.6,,34.0,34.0,70.92,,34.0,34.0,77.36,,34.0,34.0,75.05999999999999,,34.0,34.0,69.47999999999999,,34.0,34.0,72.73999999999998,,34.0,34.0,48.7,,34.0,34.0,46.580000000000005,,34.0,0.19999999999999998,2025-02-05 16:17:51,2025-02-05_ID9_Standing fan (DeLonghi)_Mid_Angle270_Distance150_Ta25_TskControl34.csv,49,25.1,25.2,25.2,25.3,53.17,0.08,25.2,25.51
50,940982.0,34.0,68.1,,34.0,3.0,99.2,31.2,34.0,34.0,98.12,,34.0,34.0,38.44,,34.0,34.0,34.82,,34.0,34.0,36.76,,34.0,34.0,80.69999999999999,,34.0,34.0,72.42,,34.0,34.0,78.8,,34.0,34.0,38.019999999999996,,34.0,34.0,69.58,,34.0,34.0,67.88000000000001,,34.0,34.0,74.0,,34.0,34.0,87.0,,34.0,34.0,114.78,,34.0,34.0,105.74000000000001,,34.0,34.0,70.1,,34.0,34.0,71.58,,34.0,34.0,77.62,,34.0,34.0,75.66,,34.0,34.0,69.47999999999999,,34.0,34.0,72.1,,34.0,34.0,46.82000000000001,,34.0,34.0,46.22,,34.0,0.64,2025-02-05 16:48:51,2025-02-05_ID9_Standing fan (DeLonghi)_High_Angle270_Distance150_Ta25_TskControl34.csv,50,25.2,25.2,25.2,25.2,53.54,0.08,25.2,25.54
51,1110362.0,34.0,43.96,,34.0,3.0,99.22,31.2,34.0,34.0,46.86,,34.0,34.0,18.060000000000002,,34.0,34.0,25.28,,34.0,34.0,30.660000000000004,,34.0,34.0,34.6,,34.0,34.0,38.08,,34.0,34.0,54.64,,34.0,34.0,28.940000000000005,,34.0,34.0,46.36,,34.0,34.0,55.56,,34.0,34.0,27.9,,34.0,34.4,0.0,,34.38,34.3,0.0,,34.3,33.980000000000004,2.64,,34.0,34.0,45.92,,34.0,34.0,52.019999999999996,,34.0,34.0,69.08000000000001,,34.0,34.0,71.62,,34.0,34.0,64.94000000000001,,34.0,34.0,69.02000000000001,,34.0,34.0,45.879999999999995,,34.0,34.0,46.040000000000006,,34.0,0.12,2025-02-07 15:51:54,2025-02-07_ID19_Hand warmer (desk mat)_Level3_Ta25_TskControl34.csv,51,25.2,25.2,25.2,25.2,68.97,0.23,25.2,26.32
52,1111442.0,34.0,44.82,,34.0,3.0,99.3,31.2,34.0,34.0,47.06,,34.0,34.0,18.639999999999997,,34.0,34.0,26.079999999999995,,34.0,34.0,30.68,,34.0,34.0,36.08,,34.0,34.0,38.800000000000004,,34.0,34.0,55.28000000000001,,34.0,34.0,30.18,,34.0,34.0,46.56,,34.0,34.0,56.839999999999996,,34.0,34.0,34.06,,34.0,34.660000000000004,0.0,,34.660000000000004,34.379999999999995,0.0,,34.36,34.0,0.9399999999999998,,33.980000000000004,34.0,43.9,,34.0,34.0,51.98,,34.0,34.0,69.76,,34.0,34.0,73.35999999999999,,34.0,34.0,67.52000000000001,,34.0,34.0,71.56,,34.0,34.0,46.32,,34.0,34.0,46.48,,34.0,0.3,2025-02-07 16:09:54,2025-02-07_ID19_Hand warmer (desk mat)_Level5_Ta25_TskControl34.csv,52,24.9,25.0,25.1,25.0,71.09,0.06,25.07,26.29
53,1112282.0,34.0,44.339999999999996,,34.0,3.0,99.3,31.2,34.0,34.0,48.54,,34.0,34.0,18.56,,34.0,34.0,25.3,,34.0,34.0,31.0,,34.0,34.0,35.720000000000006,,34.0,34.0,38.9,,34.0,34.0,55.160000000000004,,34.0,34.0,29.880000000000003,,34.0,34.0,46.14,,34.0,34.0,56.8,,34.0,34.0,26.2,,34.0,34.9,0.0,,34.9,34.3,0.0,,34.28,34.059999999999995,0.0,,34.08,34.0,42.8,,34.0,34.0,50.86,,34.0,34.0,69.55999999999999,,34.0,34.0,73.66,,34.0,34.0,68.32000000000001,,34.0,34.0,70.22,,34.0,34.0,46.279999999999994,,34.0,34.0,46.38,,34.0,0.14,2025-02-07 16:23:54,2025-02-07_ID19_Hand warmer (desk mat)_Level1_Ta25_TskControl34.csv,53,24.9,25.0,25.1,25.0,71.09,0.07,25.07,26.2
54,1113482.0,34.0,50.519999999999996,,34.0,3.0,99.2,31.2,34.0,34.0,49.379999999999995,,34.0,34.0,18.06,,34.0,34.0,27.079999999999995,,34.0,34.0,31.72,,34.0,34.0,34.44,,34.0,34.0,39.339999999999996,,34.0,34.0,55.660000000000004,,34.0,34.0,30.060000000000002,,34.0,34.0,45.940000000000005,,34.0,34.0,55.17999999999999,,34.0,34.0,53.71999999999999,,34.0,34.0,62.78000000000001,,34.0,34.0,68.26,,34.0,34.0,64.32,,34.0,34.0,43.1,,34.0,34.0,52.02,,34.0,34.0,69.78,,34.0,34.0,73.84,,34.0,34.0,66.88,,34.0,34.0,70.64,,34.0,34.0,45.62,,34.0,34.0,46.260000000000005,,34.0,0.26,2025-02-07 16:43:54,2025-02-07_ID0_NoPCS_Ta25_TskControl34.csv,54,24.9,25.0,25.0,25.1,71.54,0.08,25.0,26.32
55,1114442.0,34.0,55.96,,34.0,3.0,99.2,31.2,34.0,34.0,91.5,,34.0,34.0,33.64,,34.0,34.0,32.220000000000006,,34.0,34.0,33.019999999999996,,34.0,34.0,51.9,,34.0,34.0,46.779999999999994,,34.0,34.0,54.18000000000001,,34.0,34.0,30.7,,34.0,34.0,60.44000000000001,,34.0,34.0,56.84000000000001,,34.0,34.0,53.260000000000005,,34.0,34.0,71.04,,34.0,34.0,75.86,,34.0,34.0,85.47999999999999,,34.0,34.0,47.160000000000004,,34.0,34.0,54.3,,34.0,34.0,69.98,,34.0,34.0,73.76000000000002,,34.0,34.0,66.67999999999999,,34.0,34.0,68.02000000000001,,34.0,34.0,46.16,,34.0,34.0,45.760000000000005,,34.0,0.26,2025-02-07 16:59:54,2025-02-07_ID10_Standing fan (DeLonghi)_Low_Angle225_Distance150_Ta25_TskControl34.csv,55,25.0,25.0,25.1,25.0,71.11,0.1,25.07,26.23
56,1115222.0,34.0,58.8,,34.0,3.0,99.2,31.2,34.0,34.0,103.47999999999999,,34.0,34.0,36.220000000000006,,34.0,34.0,36.160000000000004,,34.0,34.0,35.14,,34.0,34.0,60.36,,34.0,34.0,52.160000000000004,,34.0,34.0,52.52,,34.0,34.0,31.72,,34.0,34.0,66.06000000000002,,34.0,34.0,58.4,,34.0,34.0,59.220000000000006,,34.0,34.0,76.14,,34.0,34.0,83.82000000000001,,34.0,34.0,93.28,,34.0,34.0,51.0,,34.0,34.0,58.96,,34.0,34.0,67.42,,34.0,34.0,70.34,,34.0,34.0,68.0,,34.0,34.0,69.96000000000001,,34.0,34.0,47.339999999999996,,34.0,34.0,45.92,,34.0,0.36,2025-02-07 17:12:54,2025-02-07_ID10_Standing fan (DeLonghi)_Mid_Angle225_Distance150_Ta25_TskControl34.csv,56,25.1,25.1,25.1,25.1,69.38,0.03,25.1,26.15
57,1115882.0,34.0,60.94,,34.0,3.0,99.2,31.2,34.0,34.0,110.8,,34.0,34.0,37.58,,34.0,34.0,37.839999999999996,,34.0,34.0,35.96,,34.0,34.0,63.660000000000004,,34.0,34.0,54.68000000000001,,34.0,34.0,52.720000000000006,,34.0,34.0,31.940000000000005,,34.0,34.0,68.46000000000001,,34.0,34.0,60.019999999999996,,34.0,34.0,61.58,,34.0,34.0,83.56,,34.0,34.0,91.86000000000001,,34.0,34.0,104.8,,34.0,34.0,53.8,,34.0,34.0,61.39999999999999,,34.0,34.0,67.76,,34.0,34.0,71.04,,34.0,34.0,68.2,,34.0,34.0,70.76,,34.0,34.0,46.9,,34.0,34.0,46.72,,34.0,0.27999999999999997,2025-02-07 17:23:54,2025-02-07_ID10_Standing fan (DeLonghi)_High_Angle225_Distance150_Ta25_TskControl34.csv,57,25.0,25.0,25.1,25.0,69.36,0.16,25.07,26.12
58,1116902.0,34.0,60.0,,34.0,3.0,99.2,31.2,34.0,34.0,88.42,,34.0,34.0,21.660000000000004,,34.0,34.0,39.620000000000005,,34.0,34.0,35.36,,34.0,34.0,53.56,,34.0,34.0,44.980000000000004,,34.0,34.0,57.08,,34.0,34.0,36.8,,34.0,34.0,73.53999999999999,,34.0,34.0,54.279999999999994,,34.0,34.0,89.66,,34.0,34.0,87.68,,34.0,34.0,112.8,,34.0,34.0,103.55999999999999,,34.0,34.0,66.28,,34.0,34.0,65.18,,34.0,34.0,66.64,,34.0,34.0,66.91999999999999,,34.0,34.0,63.14,,34.0,34.0,61.3,,34.0,34.0,45.96,,34.0,34.0,44.04,,34.0,0.26000000000000006,2025-02-07 17:40:54,2025-02-07_ID10_Standing fan (DeLonghi)_Low_Angle180_Distance150_Ta25_TskControl34.csv,58,25.0,25.0,25.0,25.0,69.36,0.15,25.0,26.12
59,1117682.0,34.0,61.86,,34.0,3.0,99.2,31.2,34.0,34.0,98.4,,34.0,34.0,23.360000000000003,,34.0,34.0,42.3,,34.0,34.0,37.86,,34.0,34.0,59.339999999999996,,34.0,34.0,49.279999999999994,,34.0,34.0,58.67999999999999,,34.0,34.0,39.68,,34.0,34.0,76.38,,34.0,34.0,55.58,,34.0,34.0,82.32,,34.0,34.0,82.11999999999999,,34.0,34.0,102.64000000000001,,34.0,34.0,102.1,,34.0,34.0,73.75999999999999,,34.0,34.0,67.72,,34.0,34.0,68.79999999999998,,34.0,34.0,67.34,,34.0,34.0,65.54,,34.0,34.0,63.46,,34.0,34.0,46.9,,34.0,34.0,43.44,,34.0,0.12000000000000002,2025-02-07 17:53:54,2025-02-07_ID10_Standing fan (DeLonghi)_Mid_Angle180_Distance150_Ta25_TskControl34.csv,59,25.2,25.1,25.1,25.0,68.54,0.09,25.1,26.22
60,1118432.0,34.0,65.61666666666667,,34.0,3.0,99.2,31.2,34.0,34.0,97.93333333333332,,34.0,34.0,23.833333333333332,,34.0,34.0,43.050000000000004,,34.0,34.0,38.18333333333333,,34.0,34.0,59.86666666666667,,34.0,34.0,50.5,,34.0,34.0,58.78333333333333,,34.0,34.0,41.949999999999996,,34.0,34.0,80.61666666666666,,34.0,34.0,55.883333333333326,,34.0,34.0,114.64999999999999,,34.0,34.0,102.06666666666666,,34.0,34.0,142.08333333333334,,34.0,34.0,117.19999999999999,,34.0,34.0,77.61666666666666,,34.0,34.0,70.46666666666667,,34.0,34.0,70.46666666666667,,34.0,34.0,66.96666666666665,,34.0,34.0,64.93333333333332,,34.0,34.0,62.05000000000001,,34.0,34.0,46.31666666666667,,34.0,34.0,43.583333333333336,,34.0,0.35000000000000003,2025-02-07 18:06:24,2025-02-07_ID10_Standing fan (DeLonghi)_High_Angle180_Distance150_Ta25_TskControl34.csv,60,25.3,25.2,25.2,25.1,68.14,0.19,25.2,26.22
61,1356722.0,34.0,55.61999999999999,,34.0,3.0,99.2,31.2,34.0,34.0,50.14,,34.0,34.0,17.82,,34.0,34.0,28.6,,34.0,34.0,32.58,,34.0,34.0,36.92,,34.0,34.0,40.34,,34.0,34.0,57.260000000000005,,34.0,34.0,33.58,,34.0,34.0,49.7,,34.0,34.0,55.02,,34.0,34.0,63.120000000000005,,34.0,34.0,75.99999999999999,,34.0,34.0,94.08,,34.0,34.0,82.03999999999999,,34.0,34.0,61.0,,34.0,34.0,66.06,,34.0,34.0,73.96000000000001,,34.0,34.0,75.08,,34.0,34.0,70.03999999999999,,34.0,34.0,71.96,,34.0,34.0,49.68,,34.0,34.0,48.56,,34.0,0.24000000000000005,2025-02-10 12:17:59,2025-02-10_ID0_NoPCS_Ta25_TskControl34.csv,61,25.1,25.1,25.1,25.1,69.38,0.17,25.1,26.15
62,1358222.0,34.0,57.339999999999996,,34.0,3.0,99.2,31.2,34.0,34.0,52.02,,34.0,34.0,18.86,,34.0,34.0,30.259999999999998,,34.0,34.0,32.160000000000004,,34.0,34.0,40.739999999999995,,34.0,34.0,40.48,,34.0,34.0,58.4,,34.0,34.0,35.32,,34.0,34.0,52.02,,34.0,34.0,55.9,,34.0,34.0,69.7,,34.0,34.0,77.34,,34.0,34.0,106.85999999999999,,34.0,34.0,91.24000000000001,,34.0,34.0,60.839999999999996,,34.0,34.0,66.94,,34.0,34.0,75.08,,34.0,34.0,77.58,,34.0,34.0,71.84,,34.0,34.0,71.0,,34.0,34.0,49.92,,34.0,34.0,47.7,,34.0,0.31999999999999995,2025-02-10 12:42:59,2025-02-10_ID15_Foot warmer (foldable)_Level1_Ta25_TskControl34.csv,62,24.9,25.0,25.1,25.0,68.05,0.07,25.07,25.93
63,1360622.0,34.0,47.260000000000005,,34.0,3.0,99.2,31.2,34.0,34.0,51.160000000000004,,34.0,34.0,18.02,,34.0,34.0,28.560000000000002,,34.0,34.0,29.9,,34.0,34.0,39.64,,34.0,34.0,38.300000000000004,,34.0,34.0,56.14000000000001,,34.0,34.0,29.04,,34.0,34.0,50.78,,34.0,34.0,52.21999999999999,,34.0,34.0,67.53999999999999,,34.0,34.0,72.84,,34.0,34.0,103.58,,34.0,34.0,84.82000000000001,,34.0,34.0,56.1,,34.0,34.0,54.120000000000005,,34.0,34.0,63.1,,34.0,34.0,66.56000000000002,,34.0,34.0,33.8,,34.0,34.0,32.0,,34.0,34.0,26.24,,34.0,34.0,23.56,,34.0,0.18,2025-02-10 13:22:59,2025-02-10_ID16_Foot warmer (halogen heater)_Low_Ta25_TskControl34.csv,63,25.0,25.1,25.1,25.2,67.23,0.08,25.1,26.0
64,1361822.0,34.1,38.56,,34.1,3.1,99.35999999999999,31.22,34.1,34.0,48.92,,34.0,34.0,18.1,,34.0,34.0,26.4,,34.0,34.0,28.48,,34.0,34.0,36.8,,34.0,34.0,35.92,,34.0,34.0,52.7,,34.0,34.0,25.060000000000002,,34.0,34.0,47.82,,34.0,34.0,48.839999999999996,,34.0,34.0,62.3,,34.0,34.0,72.3,,34.0,34.0,91.48,,34.0,34.0,84.93999999999998,,34.0,34.0,48.9,,34.0,34.0,46.6,,34.0,34.0,54.04,,34.0,34.0,56.919999999999995,,34.0,34.42,0.0,,34.42,34.7,0.0,,34.7,34.0,9.96,,34.0,34.0,7.0,,34.0,0.1,2025-02-10 13:42:59,2025-02-10_ID16_Foot warmer (halogen heater)_High_Ta25_TskControl34.csv,64,25.3,25.3,25.2,25.3,65.63,0.1,25.23,26.17
65,1365062.0,34.2,40.31999999999999,,34.2,3.1,99.56000000000002,31.4,34.2,34.0,56.9,,34.0,34.0,15.639999999999997,,34.0,34.0,24.6,,34.0,34.0,24.48,,34.0,34.559999999999995,0.0,,34.559999999999995,35.32,0.0,,35.32,35.42,0.0,,35.42,34.0,25.54,,34.0,34.0,47.9,,34.0,34.0,48.239999999999995,,34.0,34.0,68.38,,34.0,34.0,72.97999999999999,,34.0,34.0,99.64,,34.0,34.0,85.11999999999999,,34.0,34.0,59.120000000000005,,34.0,34.0,60.7,,34.0,34.0,31.68,,34.0,34.0,28.32,,34.0,34.0,63.519999999999996,,34.0,34.0,63.9,,34.0,34.0,43.660000000000004,,34.0,34.0,40.36,,34.0,0.12,2025-02-10 14:36:59,2025-02-10_ID14_Heating pad_Level 1_Ta25_TskControl34.csv,65,25.3,25.3,25.3,25.3,65.63,0.0,25.3,26.17
66,1368242.0,34.5,37.88,,34.5,3.3,99.9,31.8,34.5,34.0,55.080000000000005,,34.0,34.0,15.84,,34.0,34.0,17.220000000000002,,34.0,34.0,18.44,,34.0,36.160000000000004,0.0,,36.160000000000004,37.620000000000005,0.0,,37.620000000000005,37.82,0.0,,37.82,34.0,10.5,,34.0,34.0,46.4,,34.0,34.0,46.720000000000006,,34.0,34.0,68.66,,34.0,34.0,72.44000000000001,,34.0,34.0,99.88,,34.0,34.0,84.67999999999999,,34.0,34.0,58.6,,34.0,34.0,60.05999999999999,,34.0,34.0,21.96,,34.0,34.0,15.439999999999998,,34.0,34.0,64.36,,34.0,34.0,65.2,,34.0,34.0,45.8,,34.0,34.0,42.14,,34.0,0.1,2025-02-10 15:29:59,2025-02-10_ID14_Heating pad_Level3_Ta25_TskControl34.csv,66,25.3,25.3,25.4,25.3,63.6,0.06,25.37,26.06
67,1371002.0,34.6,37.24,,34.6,3.4,99.9,32.0,34.6,34.0,55.1,,34.0,34.0,15.720000000000002,,34.0,34.0,14.7,,34.0,34.0,15.1,,34.0,36.7,0.0,,36.7,38.36,0.0,,38.36,38.7,0.0,,38.7,34.0,3.6,,34.0,34.0,47.82000000000001,,34.0,34.0,47.1,,34.0,34.0,70.28,,34.0,34.0,72.34,,34.0,34.0,99.17999999999999,,34.0,34.0,83.14000000000001,,34.0,34.0,59.5,,34.0,34.0,59.92,,34.0,34.0,19.48,,34.0,34.0,12.680000000000001,,34.0,34.0,65.05999999999999,,34.0,34.0,64.94,,34.0,34.0,45.94,,34.0,34.0,43.120000000000005,,34.0,0.16,2025-02-10 16:15:59,2025-02-10_ID14_Heating pad_Level4_Ta25_TskControl34.csv,67,25.3,25.3,25.3,25.3,64.0,0.05,25.3,26.17
68,1372322.0,34.8,38.32,,34.8,3.5,100.0,32.120000000000005,34.8,34.0,57.68000000000001,,34.0,34.0,16.9,,34.0,34.0,12.379999999999999,,34.0,34.0,13.580000000000002,,34.0,37.480000000000004,0.0,,37.480000000000004,39.32,0.0,,39.32,39.68000000000001,0.0,,39.68000000000001,34.0,1.22,,34.0,34.0,48.98,,34.0,34.0,48.620000000000005,,34.0,34.0,74.41999999999999,,34.0,34.0,76.2,,34.0,34.0,108.28,,34.0,34.0,91.3,,34.0,34.0,62.0,,34.0,34.0,61.24000000000001,,34.0,34.0,15.839999999999998,,34.0,34.0,7.3199999999999985,,34.0,34.0,68.96000000000001,,34.0,34.0,69.82000000000001,,34.0,34.0,47.88,,34.0,34.0,45.2,,34.0,0.26000000000000006,2025-02-10 16:37:59,2025-02-10_ID14_Heating pad_Level6_Ta25_TskControl34.csv,68,24.8,25.1,25.1,25.2,64.7,0.05,25.1,25.83
69,1372682.0,34.8,39.38,,34.8,3.5,100.0,32.18,34.8,34.0,58.42,,34.0,34.0,16.860000000000003,,34.0,34.0,12.74,,34.0,34.0,13.88,,34.0,37.5,0.0,,37.5,39.42,0.0,,39.46,39.739999999999995,0.0,,39.739999999999995,34.0,0.36,,34.0,34.0,50.14,,34.0,34.0,49.2,,34.0,34.0,75.17999999999999,,34.0,34.0,75.9,,34.0,34.0,106.98000000000002,,34.0,34.0,91.1,,34.0,34.0,63.1,,34.0,34.0,61.18000000000001,,34.0,34.0,22.839999999999996,,34.0,34.0,14.88,,34.0,34.0,69.38,,34.0,34.0,70.34,,34.0,34.0,48.1,,34.0,34.0,45.06,,34.0,0.4,2025-02-10 16:43:59,2025-02-10_ID14_Heating pad_Level6_Ta25_TskControl34.csv,69,24.7,24.9,25.0,25.0,64.68,0.05,24.97,25.62
70,1375202.0,34.0,54.08,,34.0,3.0,99.2,31.2,34.0,34.0,58.339999999999996,,34.0,34.0,16.9,,34.0,34.0,27.74,,34.0,34.0,26.68,,34.0,34.0,37.32,,34.0,34.0,33.36,,34.0,34.0,48.58,,34.0,34.0,25.72,,34.0,34.0,50.480000000000004,,34.0,34.0,47.720000000000006,,34.0,34.0,70.34,,34.0,34.0,70.53999999999999,,34.0,34.0,103.46,,34.0,34.0,82.03999999999999,,34.0,34.0,61.879999999999995,,34.0,34.0,61.75999999999999,,34.0,34.0,77.46000000000001,,34.0,34.0,71.62,,34.0,34.0,72.96000000000001,,34.0,34.0,70.4,,34.0,34.0,48.0,,34.0,34.0,46.7,,34.0,0.25999999999999995,2025-02-10 17:25:59,2025-02-10_ID11_Midiam evaporative cooler (purple)_Level1_Angle135_Distance60_Ta25_TskControl34.csv,70,24.9,25.0,25.0,25.1,67.63,0.19,25.0,25.91
71,1375952.0,34.0,55.050000000000004,,34.0,3.0,99.2,31.2,34.0,34.0,65.83333333333333,,34.0,34.0,18.200000000000003,,34.0,34.0,27.933333333333334,,34.0,34.0,27.183333333333337,,34.0,34.0,36.81666666666666,,34.0,34.0,35.15,,34.0,34.0,50.73333333333333,,34.0,34.0,27.05,,34.0,34.0,50.25,,34.0,34.0,49.06666666666666,,34.0,34.0,71.86666666666667,,34.0,34.0,71.98333333333333,,34.0,34.0,105.13333333333333,,34.0,34.0,84.41666666666667,,34.0,34.0,62.0,,34.0,34.0,63.5,,34.0,34.0,76.26666666666667,,34.0,34.0,71.0,,34.0,34.0,73.5,,34.0,34.0,70.71666666666667,,34.0,34.0,48.53333333333333,,34.0,34.0,47.19999999999999,,34.0,0.08333333333333333,2025-02-10 17:38:29,2025-02-10_ID11_Midiam evaporative cooler (purple)_Level2_Angle135_Distance60_Ta25_TskControl34.csv,71,24.9,25.0,25.0,25.0,66.79,0.0,25.0,25.87
72,1376702.0,34.0,55.92,,34.0,3.0,99.2,31.2,34.0,34.0,74.35999999999999,,34.0,34.0,19.919999999999998,,34.0,34.0,28.54,,34.0,34.0,27.859999999999996,,34.0,34.0,36.74,,34.0,34.0,36.739999999999995,,34.0,34.0,52.980000000000004,,34.0,34.0,29.26,,34.0,34.0,50.62,,34.0,34.0,49.34000000000001,,34.0,34.0,72.74,,34.0,34.0,72.2,,34.0,34.0,107.1,,34.0,34.0,83.24000000000001,,34.0,34.0,63.56,,34.0,34.0,62.9,,34.0,34.0,75.46000000000001,,34.0,34.0,72.48,,34.0,34.0,72.24,,34.0,34.0,70.96000000000001,,34.0,34.0,49.339999999999996,,34.0,34.0,47.879999999999995,,34.0,0.4,2025-02-10 17:50:59,2025-02-10_ID11_Midiam evaporative cooler (purple)_Level3_Angle135_Distance60_Ta25_TskControl34.csv,72,24.8,24.9,24.9,25.0,66.77,0.12,24.9,25.75
73,1377602.0,34.0,56.14,,34.0,3.0,99.2,31.2,34.0,34.0,74.35999999999999,,34.0,34.0,20.740000000000002,,34.0,34.0,27.939999999999998,,34.0,34.0,27.82,,34.0,34.0,37.6,,34.0,34.0,36.720000000000006,,34.0,34.0,54.339999999999996,,34.0,34.0,29.880000000000003,,34.0,34.0,50.720000000000006,,34.0,34.0,48.720000000000006,,34.0,34.0,72.42,,34.0,34.0,70.67999999999999,,34.0,34.0,106.78,,34.0,34.0,84.82000000000001,,34.0,34.0,63.339999999999996,,34.0,34.0,63.120000000000005,,34.0,34.0,76.32000000000001,,34.0,34.0,71.26,,34.0,34.0,73.78,,34.0,34.0,71.38000000000001,,34.0,34.0,49.12,,34.0,34.0,48.2,,34.0,0.24,2025-02-10 18:05:59,2025-02-10_ID11_Midiam evaporative cooler (purple)_Level4_Angle135_Distance60_Ta25_TskControl34.csv,73,24.8,24.9,24.9,24.9,67.19,0.02,24.9,25.77
74,1436882.0,34.0,56.1,,34.0,3.0,99.2,31.2,34.0,34.0,54.58,,34.0,34.0,16.259999999999998,,34.0,34.0,30.419999999999998,,34.0,34.0,33.9,,34.0,34.0,39.32,,34.0,34.0,41.74,,34.0,34.0,59.0,,34.0,34.0,41.0,,34.0,34.0,48.720000000000006,,34.0,34.0,53.68000000000001,,34.0,34.0,60.94,,34.0,34.0,70.47999999999999,,34.0,34.0,90.44,,34.0,34.0,84.06,,34.0,34.0,62.02,,34.0,34.0,67.58,,34.0,34.0,76.5,,34.0,34.0,76.34,,34.0,34.0,71.14000000000001,,34.0,34.0,68.06,,34.0,34.0,49.1,,34.0,34.0,47.06,,34.0,0.13999999999999999,2025-02-11 10:34:01,2025-02-11_ID0_NoPCS_Ta25_TskControl34.csv,74,25.3,25.3,25.4,25.3,62.41,0.07,25.37,26.08
75,1438382.0,34.0,57.839999999999996,,34.0,3.0,99.2,31.2,34.0,34.0,106.72,,34.0,34.0,21.24,,34.0,34.0,32.54,,34.0,34.0,34.64,,34.0,34.0,39.559999999999995,,34.0,34.0,40.7,,34.0,34.0,56.6,,34.0,34.0,37.1,,34.0,34.0,48.6,,34.0,34.0,53.6,,34.0,34.0,62.8,,34.0,34.0,74.33999999999999,,34.0,34.0,94.61999999999999,,34.0,34.0,91.76,,34.0,34.0,60.48,,34.0,34.0,68.9,,34.0,34.0,74.58,,34.0,34.0,74.26000000000002,,34.0,34.0,70.55999999999999,,34.0,34.0,67.52000000000001,,34.0,34.0,47.9,,34.0,34.0,45.34,,34.0,0.34,2025-02-11 10:59:01,2025-02-11_ID12_Midiam evaporative cooler (white)_Low_Angle135_Distance60_Ta25_TskControl34.csv,75,25.3,25.3,25.3,25.3,64.0,0.08,25.3,26.17
76,1439102.0,34.0,58.94,,34.0,3.0,99.2,31.2,34.0,34.0,116.02000000000001,,34.0,34.0,22.54,,34.0,34.0,32.48,,34.0,34.0,34.81999999999999,,34.0,34.0,39.92,,34.0,34.0,41.019999999999996,,34.0,34.0,56.94000000000001,,34.0,34.0,37.3,,34.0,34.0,50.86,,34.0,34.0,53.28000000000001,,34.0,34.0,68.9,,34.0,34.0,75.64,,34.0,34.0,106.85999999999999,,34.0,34.0,89.56000000000002,,34.0,34.0,60.5,,34.0,34.0,68.03999999999999,,34.0,34.0,75.16,,34.0,34.0,74.22,,34.0,34.0,71.36,,34.0,34.0,68.52,,34.0,34.0,47.82,,34.0,34.0,44.54,,34.0,0.32,2025-02-11 11:11:01,2025-02-11_ID12_Midiam evaporative cooler (white)_Mid_Angle135_Distance60_Ta25_TskControl34.csv,76,24.9,25.1,25.2,25.2,66.79,0.11,25.17,26.05
77,1439942.0,34.0,59.08,,34.0,3.0,99.2,31.2,34.0,34.0,116.92,,34.0,34.0,24.419999999999998,,34.0,34.0,32.08,,34.0,34.0,33.96,,34.0,34.0,40.760000000000005,,34.0,34.0,41.660000000000004,,34.0,34.0,56.379999999999995,,34.0,34.0,36.779999999999994,,34.0,34.0,51.64000000000001,,34.0,34.0,54.0,,34.0,34.0,70.44,,34.0,34.0,76.46000000000001,,34.0,34.0,106.46,,34.0,34.0,88.94000000000001,,34.0,34.0,61.5,,34.0,34.0,66.52000000000001,,34.0,34.0,74.46,,34.0,34.0,73.4,,34.0,34.0,70.46000000000001,,34.0,34.0,69.2,,34.0,34.0,48.76,,34.0,34.0,45.88,,34.0,0.30000000000000004,2025-02-11 11:25:01,2025-02-11_ID12_Midiam evaporative cooler (white)_High_Angle135_Distance60_Ta25_TskControl34.csv,77,24.6,24.9,24.9,25.1,69.72,0.17,24.9,25.86
78,1443422.0,34.0,72.26,,34.0,3.0,99.2,31.2,34.0,34.0,114.54,,34.0,34.0,35.959999999999994,,34.0,34.0,36.72,,34.0,34.0,37.760000000000005,,34.0,34.0,85.08,,34.0,34.0,75.84,,34.0,34.0,79.64000000000001,,34.0,34.0,44.3,,34.0,34.0,74.4,,34.0,34.0,69.7,,34.0,34.0,84.88,,34.0,34.0,88.74000000000001,,34.0,34.0,129.76000000000002,,34.0,34.0,109.94000000000001,,34.0,34.0,78.46000000000001,,34.0,34.0,77.5,,34.0,34.0,82.54,,34.0,34.0,78.8,,34.0,34.0,75.54,,34.0,34.0,72.82000000000001,,34.0,34.0,49.8,,34.0,34.0,47.739999999999995,,34.0,0.34,2025-02-11 12:23:01,2025-02-11_ID13_Standing evaporative cooler (DeLonghi)_High_Angle270_Distance150_Ta25_TskControl34.csv,78,25.1,25.1,25.2,25.1,61.58,0.11,25.17,25.82
79,1445582.0,34.0,64.6,,34.0,3.0,99.2,31.2,34.0,34.0,95.4,,34.0,34.0,30.1,,34.0,34.0,32.2,,34.0,34.0,33.56,,34.0,34.0,72.72,,34.0,34.0,66.32000000000001,,34.0,34.0,71.02000000000001,,34.0,34.0,40.36,,34.0,34.0,63.660000000000004,,34.0,34.0,64.78,,34.0,34.0,69.82,,34.0,34.0,76.32000000000001,,34.0,34.0,109.85999999999999,,34.0,34.0,97.62,,34.0,34.0,65.44,,34.0,34.0,71.25999999999999,,34.0,34.0,75.34,,34.0,34.0,75.18,,34.0,34.0,70.64,,34.0,34.0,70.78,,34.0,34.0,48.9,,34.0,34.0,47.54,,34.0,0.5399999999999999,2025-02-11 12:59:01,2025-02-11_ID13_Standing evaporative cooler (DeLonghi)_Low_Angle270_Distance150_Ta25_TskControl34.csv,79,25.2,25.2,25.2,25.2,62.38,0.04,25.2,25.97
80,1446422.0,34.0,68.3,,34.0,3.0,99.2,31.2,34.0,34.0,88.08,,34.0,34.0,20.32,,34.0,34.0,44.88000000000001,,34.0,34.0,35.879999999999995,,34.0,34.0,68.56,,34.0,34.0,52.739999999999995,,34.0,34.0,65.16000000000001,,34.0,34.0,44.980000000000004,,34.0,34.0,81.74000000000001,,34.0,34.0,57.6,,34.0,34.0,111.08,,34.0,34.0,92.5,,34.0,34.0,156.26,,34.0,34.0,124.38,,34.0,34.0,82.85999999999999,,34.0,34.0,77.14000000000001,,34.0,34.0,73.3,,34.0,34.0,72.02000000000001,,34.0,34.0,70.58,,34.0,34.0,67.38,,34.0,34.0,48.26,,34.0,34.0,45.720000000000006,,34.0,0.27999999999999997,2025-02-11 13:13:01,2025-02-11_ID13_Standing evaporative cooler (DeLonghi)_Low_Angle225_Distance150_Ta25_TskControl34.csv,80,25.1,25.2,25.2,25.2,63.95,0.05,25.2,26.03
81,1447202.0,34.0,73.05999999999999,,34.0,3.0,99.2,31.2,34.0,34.0,94.96000000000001,,34.0,34.0,21.68,,34.0,34.0,47.14,,34.0,34.0,36.3,,34.0,34.0,73.66,,34.0,34.0,56.160000000000004,,34.0,34.0,70.53999999999999,,34.0,34.0,47.720000000000006,,34.0,34.0,88.06000000000002,,34.0,34.0,59.7,,34.0,34.0,115.0,,34.0,34.0,104.63999999999999,,34.0,34.0,171.40000000000003,,34.0,34.0,147.08,,34.0,34.0,94.04,,34.0,34.0,83.32000000000001,,34.0,34.0,79.93999999999998,,34.0,34.0,75.22,,34.0,34.0,72.14,,34.0,34.0,67.47999999999999,,34.0,34.0,47.68,,34.0,34.0,45.26,,34.0,0.25999999999999995,2025-02-11 13:26:01,2025-02-11_ID13_Standing evaporative cooler (DeLonghi)_Mid_Angle225_Distance150_Ta25_TskControl34.csv,81,25.1,25.2,25.2,25.2,64.36,0.06,25.2,25.96
82,1448102.0,34.0,75.22,,34.0,3.0,99.2,31.2,34.0,34.0,107.25999999999999,,34.0,34.0,23.32,,34.0,34.0,48.67999999999999,,34.0,34.0,37.720000000000006,,34.0,34.0,76.96,,34.0,34.0,60.1,,34.0,34.0,74.52,,34.0,34.0,48.980000000000004,,34.0,34.0,92.18,,34.0,34.0,61.96,,34.0,34.0,110.9,,34.0,34.0,104.64000000000001,,34.0,34.0,159.24,,34.0,34.0,148.74,,34.0,34.0,97.7,,34.0,34.0,84.66,,34.0,34.0,83.6,,34.0,34.0,78.42,,34.0,34.0,73.2,,34.0,34.0,70.47999999999999,,34.0,34.0,48.8,,34.0,34.0,45.76,,34.0,0.48,2025-02-11 13:41:01,2025-02-11_ID13_Standing evaporative cooler (DeLonghi)_High_Angle225_Distance150_Ta25_TskControl34.csv,82,25.0,25.1,25.2,25.2,64.74,0.12,25.17,25.96
83,1449122.0,34.0,66.3,,34.0,3.0,99.2,31.2,34.0,34.0,100.1,,34.0,34.0,20.5,,34.0,34.0,47.46,,34.0,34.0,42.44,,34.0,34.0,63.4,,34.0,34.0,49.64,,34.0,34.0,62.8,,34.0,34.0,47.06,,34.0,34.0,82.52,,34.0,34.0,56.7,,34.0,34.0,99.4,,34.0,34.0,86.67999999999999,,34.0,34.0,125.33999999999999,,34.0,34.0,103.1,,34.0,34.0,82.56000000000002,,34.0,34.0,73.56,,34.0,34.0,72.88,,34.0,34.0,69.61999999999999,,34.0,34.0,68.42,,34.0,34.0,67.5,,34.0,34.0,48.16,,34.0,34.0,45.64,,34.0,0.32,2025-02-11 13:58:01,2025-02-11_ID13_Standing evaporative cooler (DeLonghi)_Low_Angle180_Distance150_Ta25_TskControl34.csv,83,25.0,25.1,25.2,25.1,64.74,0.07,25.17,25.96
84,1450322.0,34.0,69.52,,34.0,3.0,99.2,31.2,34.0,34.0,108.66,,34.0,34.0,23.0,,34.0,34.0,49.14,,34.0,34.0,45.38000000000001,,34.0,34.0,66.42,,34.0,34.0,51.82000000000001,,34.0,34.0,62.82000000000001,,34.0,34.0,49.4,,34.0,34.0,86.58000000000001,,34.0,34.0,57.42,,34.0,34.0,110.05999999999999,,34.0,34.0,93.62,,34.0,34.0,140.94,,34.0,34.0,110.12,,34.0,34.0,88.99999999999999,,34.0,34.0,77.02,,34.0,34.0,76.55999999999999,,34.0,34.0,68.56,,34.0,34.0,70.72,,34.0,34.0,67.78,,34.0,34.0,48.56,,34.0,34.0,46.68,,34.0,0.5199999999999999,2025-02-11 14:18:01,2025-02-11_ID13_Standing evaporative cooler (DeLonghi)_Mid_Angle180_Distance150_Ta25_TskControl34.csv,84,25.2,25.1,25.2,25.1,66.02,0.0,25.17,26.17
85,1454402.0,34.0,73.5,,34.0,3.0,99.2,31.2,34.0,34.0,116.91999999999999,,34.0,34.0,24.3,,34.0,34.0,51.88000000000001,,34.0,34.0,47.980000000000004,,34.0,34.0,71.08,,34.0,34.0,56.14,,34.0,34.0,68.79999999999998,,34.0,34.0,53.61999999999999,,34.0,34.0,92.26000000000002,,34.0,34.0,63.519999999999996,,34.0,34.0,103.8,,34.0,34.0,100.53999999999999,,34.0,34.0,124.84,,34.0,34.0,121.08,,34.0,34.0,98.1,,34.0,34.0,87.02000000000001,,34.0,34.0,85.22,,34.0,34.0,73.08000000000001,,34.0,34.0,72.28,,34.0,34.0,68.62,,34.0,34.0,48.18,,34.0,34.0,45.94,,34.0,0.58,2025-02-11 15:26:01,2025-02-11_ID13_Standing evaporative cooler (DeLonghi)_High_Angle180_Distance150_Ta25_TskControl34.csv,85,24.9,25.0,25.1,25.0,68.48,0.02,25.07,26.05
86,6240.0,34.0,73.42,,34.0,3.0,99.2,31.2,34.0,34.0,72.74,,34.0,34.0,20.540000000000003,,34.0,34.0,38.54,,34.0,34.0,44.419999999999995,,34.0,34.0,47.98,,34.0,34.0,51.7,,34.0,34.0,72.7,,34.0,34.0,46.239999999999995,,34.0,34.0,64.85999999999999,,34.0,34.0,71.8,,34.0,34.0,84.52000000000001,,34.0,34.0,96.12,,34.0,34.0,125.17999999999999,,34.0,34.0,113.52000000000001,,34.0,34.0,79.8,,34.0,34.0,90.04,,34.0,34.0,100.6,,34.0,34.0,99.12,,34.0,34.0,90.85999999999999,,34.0,34.0,95.05999999999999,,34.0,34.0,64.08,,34.0,34.0,64.25999999999999,,34.0,0.44000000000000006,2025-02-19 13:34:43,2025-02-19_ID0_NoPCS_Ta22_TskControl34.csv,86,22.1,22.2,22.2,22.3,9.94,0.1,22.2,21.74
87,1620.0,34.0,74.88,,34.0,3.0,99.2,31.2,34.0,34.0,98.82000000000001,,34.0,34.0,22.96,,34.0,34.0,39.12,,34.0,34.0,43.779999999999994,,34.0,34.0,47.88,,34.0,34.0,52.4,,34.0,34.0,73.82000000000001,,34.0,34.0,47.2,,34.0,34.0,64.88,,34.0,34.0,71.16,,34.0,34.0,87.28,,34.0,34.0,97.54,,34.0,34.0,137.18,,34.0,34.0,115.96000000000001,,34.0,34.0,80.44000000000001,,34.0,34.0,88.92,,34.0,34.0,100.42,,34.0,34.0,99.2,,34.0,34.0,90.20000000000002,,34.0,34.0,94.68,,34.0,34.0,63.74000000000001,,34.0,34.0,64.03999999999999,,34.0,0.32,2025-02-19 14:06:18,2025-02-19_ID1_Small desk fan (grey)_Low_Angle135_Distance60_Ta22_TskControl34.csv,87,22.1,22.2,22.2,22.2,22.97,0.0,22.2,21.82
88,960.0,34.0,74.16,,34.0,3.0,99.2,31.2,34.0,34.0,104.32000000000001,,34.0,34.0,23.419999999999998,,34.0,34.0,38.50000000000001,,34.0,34.0,42.64,,34.0,34.0,47.44,,34.0,34.0,51.059999999999995,,34.0,34.0,72.7,,34.0,34.0,45.24,,34.0,34.0,64.88,,34.0,34.0,70.0,,34.0,34.0,87.82000000000001,,34.0,34.0,98.08,,34.0,34.0,134.24,,34.0,34.0,120.88,,34.0,34.0,77.56,,34.0,34.0,84.88000000000001,,34.0,34.0,99.1,,34.0,34.0,97.82,,34.0,34.0,90.08000000000001,,34.0,34.0,93.84,,34.0,34.0,63.239999999999995,,34.0,34.0,64.34,,34.0,0.26,2025-02-19 14:25:28,2025-02-19_ID1_Small desk fan (grey)_Mid_Angle135_Distance60_Ta22_TskControl34.csv,88,22.3,22.3,22.3,22.3,12.88,0.08,22.3,21.77
89,960.0,34.0,74.22,,34.0,3.0,99.2,31.2,34.0,34.0,115.16,,34.0,34.0,24.26,,34.0,34.0,39.48,,34.0,34.0,42.279999999999994,,34.0,34.0,47.599999999999994,,34.0,34.0,51.220000000000006,,34.0,34.0,72.46000000000001,,34.0,34.0,45.2,,34.0,34.0,64.78,,34.0,34.0,68.12,,34.0,34.0,89.19999999999999,,34.0,34.0,99.91999999999999,,34.0,34.0,141.2,,34.0,34.0,124.4,,34.0,34.0,78.12,,34.0,34.0,83.34,,34.0,34.0,97.17999999999999,,34.0,34.0,94.4,,34.0,34.0,87.50000000000001,,34.0,34.0,92.6,,34.0,34.0,62.8,,34.0,34.0,63.35999999999999,,34.0,0.24000000000000005,2025-02-19 14:44:08,2025-02-19_ID1_Small desk fan (grey)_High_Angle135_Distance60_Ta22_TskControl34.csv,89,22.2,22.3,22.3,22.3,25.63,0.06,22.3,21.95
90,1020.0,34.0,72.94,,34.0,3.0,99.2,31.2,34.0,34.0,94.75999999999999,,34.0,34.0,19.660000000000004,,34.0,34.0,39.0,,34.0,34.0,43.98,,34.0,34.0,46.92,,34.0,34.0,48.54,,34.0,34.0,69.22,,34.0,34.0,43.98,,34.0,34.0,65.0,,34.0,34.0,69.12,,34.0,34.0,90.58000000000001,,34.0,34.0,101.5,,34.0,34.0,138.16000000000003,,34.0,34.0,124.81999999999998,,34.0,34.0,76.8,,34.0,34.0,88.05999999999999,,34.0,34.0,94.38,,34.0,34.0,88.82,,34.0,34.0,87.61999999999999,,34.0,34.0,95.11999999999998,,34.0,34.0,63.48,,34.0,34.0,64.35999999999999,,34.0,0.24,2025-02-19 15:36:03,2025-02-19_ID2_Small desk fan (black)_Angle135_Distance60_Ta22_TskControl34.csv,90,22.2,22.3,22.3,22.4,32.6,0.13,22.3,22.06
91,900.0,34.0,71.78,,34.0,3.0,99.2,31.2,34.0,34.0,86.44,,34.0,34.0,19.8,,34.0,34.0,37.10000000000001,,34.0,34.0,41.42,,34.0,34.0,47.36,,34.0,34.0,49.86,,34.0,34.0,69.03999999999999,,34.0,34.0,44.480000000000004,,34.0,34.0,63.54,,34.0,34.0,68.28,,34.0,34.0,85.24000000000001,,34.0,34.0,96.1,,34.0,34.0,126.82000000000001,,34.0,34.0,115.54,,34.0,34.0,76.92,,34.0,34.0,86.58000000000001,,34.0,34.0,98.11999999999999,,34.0,34.0,90.4,,34.0,34.0,88.78,,34.0,34.0,92.74000000000001,,34.0,34.0,63.86,,34.0,34.0,63.46,,34.0,0.34,2025-02-19 15:56:03,2025-02-19_ID3_Midiam evaporative cooler (purple)_Level1_Angle135_Distance60_Ta22_TskControl34.csv,91,22.1,22.3,22.3,22.5,13.97,0.15,22.3,21.79
92,2760.0,34.0,72.14000000000001,,34.0,3.0,99.2,31.2,34.0,34.0,112.26000000000002,,34.0,34.0,19.259999999999998,,34.0,34.0,38.900000000000006,,34.0,34.0,42.660000000000004,,34.0,34.0,46.68000000000001,,34.0,34.0,49.7,,34.0,34.0,69.2,,34.0,34.0,44.6,,34.0,34.0,63.96,,34.0,34.0,68.16000000000001,,34.0,34.0,85.0,,34.0,34.0,96.42,,34.0,34.0,125.05999999999999,,34.0,34.0,115.72,,34.0,34.0,78.0,,34.0,34.0,84.86,,34.0,34.0,87.86,,34.0,34.0,91.47999999999999,,34.0,34.0,88.04,,34.0,34.0,93.62,,34.0,34.0,65.91999999999999,,34.0,34.0,63.720000000000006,,34.0,0.54,2025-02-19 16:44:58,2025-02-19_ID3_Midiam evaporative cooler (purple)_Level2_Angle135_Distance60_Ta22_TskControl34.csv,92,22.2,22.3,22.4,22.4,10.7,0.1,22.37,21.82
93,6840.0,34.0,72.78,,34.0,3.0,99.2,31.2,34.0,34.0,127.81999999999998,,34.0,34.0,21.02,,34.0,34.0,39.339999999999996,,34.0,34.0,42.42,,34.0,34.0,46.56,,34.0,34.0,49.52,,34.0,34.0,68.75999999999999,,34.0,34.0,43.839999999999996,,34.0,34.0,63.739999999999995,,34.0,34.0,67.55999999999999,,34.0,34.0,84.84,,34.0,34.0,98.64,,34.0,34.0,125.94000000000001,,34.0,34.0,121.10000000000002,,34.0,34.0,76.97999999999999,,34.0,34.0,86.78,,34.0,34.0,93.32,,34.0,34.0,85.74,,34.0,34.0,87.22,,34.0,34.0,93.88,,34.0,34.0,63.220000000000006,,34.0,34.0,63.84000000000001,,34.0,0.45999999999999996,2025-02-19 18:42:23,2025-02-19_ID3_Midiam evaporative cooler (purple)_Level3_Angle135_Distance60_Ta22_TskControl34.csv,93,22.2,22.2,22.3,22.2,34.7,0.07,22.27,22.09
94,1020.0,34.0,72.67999999999999,,34.0,3.0,99.2,31.2,34.0,34.0,143.64000000000001,,34.0,34.0,22.74,,34.0,34.0,40.019999999999996,,34.0,34.0,42.7,,34.0,34.0,47.54,,34.0,34.0,48.720000000000006,,34.0,34.0,68.17999999999999,,34.0,34.0,42.8,,34.0,34.0,63.14,,34.0,34.0,65.66,,34.0,34.0,83.72,,34.0,34.0,97.58000000000001,,34.0,34.0,124.67999999999999,,34.0,34.0,125.58,,34.0,34.0,75.7,,34.0,34.0,84.02000000000001,,34.0,34.0,91.88,,34.0,34.0,86.12,,34.0,34.0,86.02,,34.0,34.0,91.52000000000001,,34.0,34.0,63.18000000000001,,34.0,34.0,62.760000000000005,,34.0,0.38,2025-02-19 19:01:43,2025-02-19_ID3_Midiam evaporative cooler (purple)_Level4_Angle135_Distance60_Ta22_TskControl34.csv,94,22.2,22.3,22.3,22.3,29.55,0.02,22.3,22.01
95,1680.0,34.0,76.72,,34.0,3.0,99.2,31.2,34.0,34.0,72.28,,34.0,33.980000000000004,34.82,,34.0,34.0,42.56,,34.0,34.0,47.44,,34.0,34.0,52.96,,34.0,34.0,55.46,,34.0,34.0,76.61999999999999,,34.0,34.0,57.65999999999999,,34.0,34.0,68.84,,34.0,34.0,72.14,,34.0,34.0,84.05999999999999,,34.0,34.0,96.17999999999999,,34.0,34.0,122.52000000000001,,34.0,34.0,113.6,,34.0,34.0,82.8,,34.0,34.0,93.55999999999999,,34.0,34.0,103.2,,34.0,34.0,96.68,,34.0,34.0,93.8,,34.0,34.0,98.55999999999999,,34.0,34.0,66.9,,34.0,34.0,66.88,,34.0,0.12,2025-02-20 10:26:29,2025-02-20_ID0_NoPCS_Ta22_TskControl34.csv,95,22.1,22.2,22.2,22.3,49.02,0.15,22.2,22.27
96,960.0,34.0,77.5,,34.0,3.0,99.2,31.2,34.0,34.0,165.1,,34.0,34.0,25.919999999999998,,34.0,34.0,48.38,,34.0,34.0,47.32,,34.0,34.0,54.239999999999995,,34.0,34.0,52.0,,34.0,34.0,73.28,,34.0,34.0,47.7,,34.0,34.0,69.24000000000001,,34.0,34.0,68.26,,34.0,34.0,90.47999999999999,,34.0,34.0,96.22,,34.0,34.0,137.56,,34.0,34.0,121.91999999999999,,34.0,34.0,80.22,,34.0,34.0,84.88000000000001,,34.0,34.0,95.8,,34.0,34.0,91.6,,34.0,34.0,89.11999999999999,,34.0,34.0,97.5,,34.0,34.0,64.84,,34.0,34.0,65.9,,34.0,0.24,2025-02-20 11:20:29,2025-02-20_ID4_Midiam evaporative cooler (white)_Low_Angle135_Distance60_Ta22_TskControl34.csv,96,22.1,22.2,22.2,22.2,48.05,0.01,22.2,22.25
97,540.0,34.0,77.38,,34.0,3.0,99.2,31.2,34.0,34.0,176.57999999999998,,34.0,34.0,24.759999999999998,,34.0,34.0,48.7,,34.0,34.0,47.08,,34.0,34.0,54.580000000000005,,34.0,34.0,52.1,,34.0,34.0,71.38,,34.0,34.0,46.24,,34.0,34.0,71.11999999999999,,34.0,34.0,68.84,,34.0,34.0,91.32000000000001,,34.0,34.0,99.84,,34.0,34.0,142.78,,34.0,34.0,121.78,,34.0,34.0,79.38,,34.0,34.0,85.17999999999999,,34.0,34.0,94.85999999999999,,34.0,34.0,84.94,,34.0,34.0,88.97999999999999,,34.0,34.0,95.78,,34.0,34.0,65.35999999999999,,34.0,34.0,64.72,,34.0,0.30000000000000004,2025-02-20 11:46:44,2025-02-20_ID4_Midiam evaporative cooler (white)_Mid_Angle135_Distance60_Ta22_TskControl34.csv,97,22.1,22.2,22.2,22.3,48.7,0.16,22.2,22.26
98,360.0,34.0,77.75999999999999,,34.0,3.0,99.2,31.2,34.0,34.0,184.16,,34.0,34.0,25.7,,34.0,34.0,49.32,,34.0,34.0,47.8,,34.0,34.0,54.580000000000005,,34.0,34.0,51.879999999999995,,34.0,34.0,70.58,,34.0,34.0,45.36,,34.0,34.0,70.28,,34.0,34.0,68.8,,34.0,34.0,95.75999999999999,,34.0,34.0,100.46,,34.0,34.0,142.84,,34.0,34.0,121.28,,34.0,34.0,79.62,,34.0,34.0,84.66,,34.0,34.0,93.62,,34.0,34.0,89.0,,34.0,34.0,88.34,,34.0,34.0,94.82000000000001,,34.0,34.0,64.56,,34.0,34.0,65.03999999999999,,34.0,0.27999999999999997,2025-02-20 11:55:09,2025-02-20_ID4_Midiam evaporative cooler (white)_High_Angle135_Distance60_Ta22_TskControl34.csv,98,22.2,22.2,22.2,22.2,52.06,0.23,22.2,22.34
99,2400.0,34.0,74.62,,34.0,3.0,99.2,31.2,34.0,34.0,126.85999999999999,,34.0,34.0,22.8,,34.0,34.0,43.44,,34.0,34.0,45.42,,34.0,34.0,49.879999999999995,,34.0,34.0,51.86,,34.0,34.0,70.03999999999999,,34.0,34.0,44.82000000000001,,34.0,34.0,67.22,,34.0,34.0,69.8,,34.0,34.0,86.97999999999999,,34.0,34.0,97.70000000000002,,34.0,34.0,132.98,,34.0,34.0,120.74000000000001,,34.0,34.0,77.64000000000001,,34.0,34.0,87.85999999999999,,34.0,34.0,94.0,,34.0,34.0,89.42,,34.0,34.0,88.78,,34.0,34.0,95.26000000000002,,34.0,34.0,64.47999999999999,,34.0,34.0,64.32,,34.0,0.3,2025-02-20 12:39:24,"2025-02-20_ID5_Big desk fan (daison, short)_Level1_Angle135_Distance90_Ta22_TskControl34.csv",99,22.3,22.3,22.3,22.3,40.39,0.11,22.3,22.2
100,1620.0,34.0,76.03999999999999,,34.0,3.0,99.2,31.2,34.0,34.0,143.26,,34.0,34.0,24.68,,34.0,34.0,45.660000000000004,,34.0,34.0,48.26,,34.0,34.0,54.64000000000001,,34.0,34.0,51.040000000000006,,34.0,34.0,70.68,,34.0,34.0,44.36,,34.0,34.0,69.2,,34.0,34.0,69.6,,34.0,34.0,88.4,,34.0,34.0,98.22,,34.0,34.0,137.38,,34.0,34.0,123.79999999999998,,34.0,34.0,78.3,,34.0,34.0,89.22,,34.0,34.0,94.38,,34.0,34.0,88.20000000000002,,34.0,34.0,88.04,,34.0,34.0,95.78,,34.0,34.0,63.6,,34.0,34.0,64.88000000000001,,34.0,0.24000000000000005,2025-02-20 13:09:14,"2025-02-20_ID5_Big desk fan (daison, short)_Level3_Angle135_Distance90_Ta22_TskControl34.csv",100,22.2,22.3,22.3,22.3,37.18,0.0,22.3,22.14
101,1020.0,34.0,77.7,,34.0,3.0,99.2,31.2,34.0,34.0,163.62,,34.0,34.0,32.779999999999994,,34.0,34.0,47.199999999999996,,34.0,34.0,49.879999999999995,,34.0,34.0,55.239999999999995,,34.0,34.0,51.739999999999995,,34.0,34.0,67.5,,34.0,34.0,44.50000000000001,,34.0,34.0,69.58,,34.0,34.0,71.62,,34.0,34.0,89.52000000000001,,34.0,34.0,101.98,,34.0,34.0,136.68,,34.0,34.0,126.24000000000001,,34.0,34.0,77.58,,34.0,34.0,90.28,,34.0,34.0,94.14,,34.0,34.0,90.58,,34.0,34.0,89.25999999999999,,34.0,34.0,97.24,,34.0,34.0,62.88000000000001,,34.0,34.0,64.25999999999999,,34.0,0.44000000000000006,2025-02-20 13:28:59,"2025-02-20_ID5_Big desk fan (daison, short)_Level5_Angle135_Distance90_Ta22_TskControl34.csv",101,22.2,22.3,22.3,22.3,41.47,0.07,22.3,22.22
102,420.0,34.0,80.23999999999998,,34.0,3.0,99.2,31.2,34.0,34.0,180.8,,34.0,34.0,39.260000000000005,,34.0,34.0,48.9,,34.0,34.0,50.84,,34.0,34.0,57.86,,34.0,34.0,54.14,,34.0,34.0,71.1,,34.0,34.0,44.88000000000001,,34.0,34.0,72.03999999999999,,34.0,34.0,73.24000000000001,,34.0,34.0,93.6,,34.0,34.0,102.46,,34.0,34.0,144.98,,34.0,34.0,129.78000000000003,,34.0,34.0,79.84,,34.0,34.0,91.53999999999999,,34.0,34.0,94.85999999999999,,34.0,34.0,91.72,,34.0,34.0,89.24000000000001,,34.0,34.0,97.94,,34.0,34.0,63.739999999999995,,34.0,34.0,64.16,,34.0,0.45999999999999996,2025-02-20 13:38:39,"2025-02-20_ID5_Big desk fan (daison, short)_Level8_Angle135_Distance90_Ta22_TskControl34.csv",102,22.2,22.3,22.3,22.4,36.17,0.18,22.3,22.12
103,1740.0,34.0,80.96000000000001,,34.0,3.0,99.2,31.2,34.0,33.940000000000005,193.6,,33.940000000000005,34.0,33.96,,34.0,34.0,51.08,,34.0,34.0,53.0,,34.0,34.0,60.98,,34.0,34.0,56.46,,34.0,34.0,70.62,,34.0,34.0,45.17999999999999,,34.0,34.0,73.68,,34.0,34.0,75.64000000000001,,34.0,34.0,94.0,,34.0,34.0,103.34,,34.0,34.0,147.3,,34.0,34.0,131.04000000000002,,34.0,34.0,78.76,,34.0,34.0,91.2,,34.0,34.0,95.52000000000001,,34.0,34.0,92.12,,34.0,34.0,89.35999999999999,,34.0,34.0,97.74,,34.0,34.0,62.9,,34.0,34.0,62.6,,34.0,0.28,2025-02-20 14:10:39,"2025-02-20_ID5_Big desk fan (daison, short)_Level10_Angle135_Distance90_Ta22_TskControl34.csv",103,22.2,22.3,22.3,22.3,39.54,0.0,22.3,22.18
104,1500.0,34.0,78.7,,34.0,3.0,99.2,31.2,34.0,34.0,92.24000000000001,,34.0,34.0,23.720000000000002,,34.0,34.0,38.36,,34.0,34.0,40.260000000000005,,34.0,34.0,68.54,,34.0,34.0,73.2,,34.0,34.0,95.08,,34.0,34.0,48.120000000000005,,34.0,34.0,68.19999999999999,,34.0,34.0,81.08,,34.0,34.0,84.34,,34.0,34.0,103.72,,34.0,34.0,129.94,,34.0,34.0,115.33999999999999,,34.0,34.0,83.6,,34.0,34.0,89.24000000000001,,34.0,34.0,96.53999999999999,,34.0,34.0,98.7,,34.0,34.0,90.72,,34.0,34.0,98.28,,34.0,34.0,64.05999999999999,,34.0,34.0,65.03999999999999,,34.0,0.44000000000000006,2025-02-20 14:48:44,"2025-02-20_ID8_Standing fan (Daison, long)_Level1_Angle270_Distance150_Ta22_TskControl34.csv",104,22.1,22.2,22.2,22.2,34.67,0.07,22.2,22.09
105,1020.0,34.0,88.4,,34.0,3.0,99.2,31.2,34.0,34.0,108.78000000000002,,34.0,34.0,27.76,,34.0,34.0,42.66,,34.0,34.0,43.06,,34.0,34.0,80.70000000000002,,34.0,34.0,82.32000000000001,,34.0,34.0,112.74000000000001,,34.0,34.0,50.660000000000004,,34.0,34.0,77.76,,34.0,34.0,89.52000000000001,,34.0,34.0,90.63999999999999,,34.0,34.0,105.73999999999998,,34.0,34.0,142.1,,34.0,34.0,129.01999999999998,,34.0,34.0,97.08000000000001,,34.0,34.0,95.1,,34.0,34.0,116.73999999999998,,34.0,34.0,121.2,,34.0,34.0,99.55999999999999,,34.0,34.0,105.64000000000001,,34.0,34.0,64.08,,34.0,34.0,64.1,,34.0,0.18,2025-02-20 15:08:44,"2025-02-20_ID8_Standing fan (Daison, long)_Level3_Angle270_Distance150_Ta22_TskControl34.csv",105,21.9,22.1,22.1,22.2,49.95,0.07,22.1,22.18
106,480.0,34.0,97.6,,34.0,3.0,99.2,31.2,34.0,34.0,124.96,,34.0,34.0,29.98,,34.0,34.0,48.040000000000006,,34.0,34.0,48.519999999999996,,34.0,34.0,88.46000000000001,,34.0,34.0,87.42,,34.0,34.0,128.62,,34.0,34.0,54.3,,34.0,34.0,85.9,,34.0,34.0,94.74000000000001,,34.0,34.0,99.35999999999999,,34.0,34.0,114.34,,34.0,34.0,157.94,,34.0,34.0,142.48,,34.0,34.0,103.32000000000001,,34.0,34.0,99.66,,34.0,34.0,131.01999999999998,,34.0,34.0,132.7,,34.0,34.0,116.32000000000001,,34.0,34.0,122.47999999999999,,34.0,34.0,66.4,,34.0,34.0,66.91999999999999,,34.0,0.3,2025-02-20 15:21:59,"2025-02-20_ID8_Standing fan (Daison, long)_Level5_Angle270_Distance150_Ta22_TskControl34.csv",106,21.9,22.1,22.0,22.2,43.1,0.12,22.03,22.05
107,900.0,34.0,107.85999999999999,,34.0,3.0,99.2,31.2,34.0,34.0,133.84,,34.0,34.0,29.360000000000003,,34.0,34.0,50.879999999999995,,34.0,34.0,50.4,,34.0,34.0,95.16,,34.0,34.0,93.24,,34.0,34.0,142.88,,34.0,34.0,62.78000000000001,,34.0,34.0,91.52,,34.0,34.0,106.5,,34.0,34.0,110.28,,34.0,34.0,127.85999999999999,,34.0,34.0,164.18,,34.0,34.0,149.94,,34.0,34.0,120.08,,34.0,34.0,112.85999999999999,,34.0,34.0,146.01999999999998,,34.0,34.0,140.78,,34.0,34.0,136.38,,34.0,34.0,144.02,,34.0,34.0,70.4,,34.0,34.0,73.16,,34.0,0.38,2025-02-20 15:40:09,"2025-02-20_ID8_Standing fan (Daison, long)_Level8_Angle270_Distance150_Ta22_TskControl34.csv",107,21.9,22.1,22.1,22.2,44.28,0.06,22.1,22.07
108,1440.0,34.0,106.78,,34.0,3.0,99.2,31.2,34.0,34.0,135.82000000000002,,34.0,34.0,30.339999999999996,,34.0,34.0,49.58,,34.0,34.0,50.68000000000001,,34.0,34.0,92.44,,34.0,34.0,94.97999999999999,,34.0,34.0,143.1,,34.0,34.0,64.08,,34.0,34.0,89.55999999999999,,34.0,34.0,107.16000000000001,,34.0,34.0,108.73999999999998,,34.0,34.0,129.04000000000002,,34.0,34.0,158.42000000000002,,34.0,34.0,138.54,,34.0,34.0,119.08000000000001,,34.0,34.0,112.58,,34.0,34.0,144.68,,34.0,34.0,144.35999999999999,,34.0,34.0,131.6,,34.0,34.0,138.64000000000001,,34.0,34.0,69.62,,34.0,34.0,70.42,,34.0,0.27999999999999997,2025-02-20 16:06:34,"2025-02-20_ID8_Standing fan (Daison, long)_Level10_Angle270_Distance150_Ta22_TskControl34.csv",108,22.0,22.2,22.1,22.3,45.22,0.09,22.13,22.19
109,1920.0,34.0,75.22,,34.0,3.0,99.2,31.2,34.0,34.0,148.3,,34.0,34.0,18.34,,34.0,34.0,41.660000000000004,,34.0,34.0,43.24,,34.0,34.0,48.76,,34.0,34.0,52.9,,34.0,34.0,71.46,,34.0,34.0,46.160000000000004,,34.0,34.0,64.93999999999998,,34.0,34.0,75.74,,34.0,34.0,82.94000000000001,,34.0,34.0,103.94000000000001,,34.0,34.0,125.62,,34.0,34.0,115.23999999999998,,34.0,34.0,78.03999999999999,,34.0,34.0,86.52,,34.0,34.0,96.74,,34.0,34.0,91.17999999999999,,34.0,34.0,90.0,,34.0,34.0,94.53999999999999,,34.0,34.0,66.02000000000001,,34.0,34.0,64.24,,34.0,0.26,2025-02-20 16:41:49,2025-02-20_ID6_Neck fan_Level1_Ta22_TskControl34.csv,109,22.1,22.2,22.2,22.2,31.23,0.07,22.2,21.95
110,600.0,34.0,76.92,,34.0,3.0,99.2,31.1,34.0,33.660000000000004,193.94,,33.660000000000004,34.0,26.54,,34.0,34.0,45.58,,34.0,34.0,44.92,,34.0,34.0,47.720000000000006,,34.0,34.0,52.78000000000001,,34.0,34.0,70.67999999999999,,34.0,34.0,44.440000000000005,,34.0,34.0,64.38,,34.0,34.0,74.12,,34.0,34.0,84.18,,34.0,34.0,104.25999999999999,,34.0,34.0,123.81999999999998,,34.0,34.0,113.1,,34.0,34.0,77.7,,34.0,34.0,87.06,,34.0,34.0,96.28,,34.0,34.0,91.08,,34.0,34.0,89.04,,34.0,34.0,94.49999999999999,,34.0,34.0,64.62,,34.0,34.0,64.0,,34.0,0.13999999999999999,2025-02-20 17:33:25,2025-02-20_ID6_Neck fan_Level5_Ta22_TskControl34.csv,110,22.1,22.2,22.2,22.2,37.15,0.07,22.2,22.13
111,900.0,34.0,75.97999999999999,,34.0,3.0,99.2,31.2,34.0,34.0,180.62,,34.0,34.0,20.919999999999998,,34.0,34.0,43.220000000000006,,34.0,34.0,43.879999999999995,,34.0,34.0,52.04,,34.0,34.0,50.760000000000005,,34.0,34.0,70.7,,34.0,34.0,44.0,,34.0,34.0,64.56,,34.0,34.0,73.94000000000001,,34.0,34.0,83.35999999999999,,34.0,34.0,101.53999999999999,,34.0,34.0,124.78,,34.0,34.0,110.62,,34.0,34.0,77.7,,34.0,34.0,87.44,,34.0,34.0,95.66,,34.0,34.0,91.43999999999998,,34.0,34.0,89.32,,34.0,34.0,94.86,,34.0,34.0,63.44,,34.0,34.0,64.44,,34.0,0.34,2025-02-20 17:52:15,2025-02-20_ID6_Neck fan_Level3_Ta22_TskControl34.csv,111,22.1,22.2,22.2,22.3,39.51,0.24,22.2,22.1
112,900.0,34.0,75.44000000000001,,34.0,3.0,99.2,31.2,34.0,34.0,159.01999999999998,,34.0,34.0,22.18,,34.0,34.0,38.28,,34.0,34.0,41.739999999999995,,34.0,34.0,48.76,,34.0,34.0,51.44,,34.0,34.0,71.05999999999999,,34.0,34.0,45.160000000000004,,34.0,34.0,63.61999999999999,,34.0,34.0,73.26,,34.0,34.0,82.6,,34.0,34.0,106.3,,34.0,34.0,123.85999999999999,,34.0,34.0,119.5,,34.0,34.0,83.38,,34.0,34.0,85.46,,34.0,34.0,97.94,,34.0,34.0,92.16,,34.0,34.0,88.94000000000001,,34.0,34.0,92.36,,34.0,34.0,63.220000000000006,,34.0,34.0,63.7,,34.0,0.24000000000000005,2025-02-20 18:14:20,2025-02-20_ID7_Handheld fan_Low_Ta22_TskControl34.csv,112,22.2,22.2,22.2,22.2,42.61,0.0,22.2,22.15
113,660.0,34.0,75.96000000000001,,34.0,3.0,99.2,31.2,34.0,34.0,183.23999999999998,,34.0,34.0,26.939999999999998,,34.0,34.0,38.56,,34.0,34.0,41.279999999999994,,34.0,34.0,49.04,,34.0,34.0,51.1,,34.0,34.0,70.00000000000001,,34.0,34.0,43.86,,34.0,34.0,63.06,,34.0,34.0,72.61999999999999,,34.0,34.0,81.14000000000001,,34.0,34.0,105.82000000000001,,34.0,34.0,121.46,,34.0,34.0,119.96000000000001,,34.0,34.0,77.7,,34.0,34.0,85.68,,34.0,34.0,98.36000000000001,,34.0,34.0,92.1,,34.0,34.0,89.35999999999999,,34.0,34.0,93.14,,34.0,34.0,63.28000000000001,,34.0,34.0,63.67999999999999,,34.0,0.08,2025-02-20 18:28:00,2025-02-20_ID7_Handheld fan_Mid_Ta22_TskControl34.csv,113,22.2,22.3,22.3,22.3,39.01,0.02,22.3,22.17
114,1320.0,34.0,77.34,,34.0,3.0,99.1,31.1,34.0,33.08,194.48,,33.08,34.0,41.300000000000004,,34.0,34.0,39.120000000000005,,34.0,34.0,40.94,,34.0,34.0,51.94,,34.0,34.0,52.0,,34.0,34.0,70.1,,34.0,34.0,44.279999999999994,,34.0,34.0,64.46,,34.0,34.0,72.14000000000001,,34.0,34.0,80.91999999999999,,34.0,34.0,103.33999999999999,,34.0,34.0,117.9,,34.0,34.0,117.66,,34.0,34.0,80.64,,34.0,34.0,86.4,,34.0,34.0,97.06,,34.0,34.0,92.29999999999998,,34.0,34.0,89.74000000000001,,34.0,34.0,93.10000000000001,,34.0,34.0,63.6,,34.0,34.0,64.24000000000001,,34.0,0.22000000000000003,2025-02-20 18:52:35,2025-02-20_ID7_Handheld fan_High_Ta22_TskControl34.csv,114,22.3,22.3,22.3,22.3,37.98,0.09,22.3,22.16
115,480.0,34.0,77.48,,34.0,3.0,99.2,31.2,34.0,34.0,78.12,,34.0,34.0,20.94,,34.0,34.0,42.89999999999999,,34.0,34.0,44.9,,34.0,34.0,55.339999999999996,,34.0,34.0,58.239999999999995,,34.0,34.0,79.9,,34.0,34.0,58.339999999999996,,34.0,34.0,66.35999999999999,,34.0,34.0,75.66,,34.0,34.0,85.64000000000001,,34.0,34.0,101.76000000000002,,34.0,34.0,133.61999999999998,,34.0,34.0,117.24000000000001,,34.0,34.0,84.8,,34.0,34.0,86.86,,34.0,34.0,105.86000000000001,,34.0,34.0,109.12,,34.0,34.0,92.72,,34.0,34.0,97.5,,34.0,34.0,64.7,,34.0,34.0,65.7,,34.0,0.15999999999999998,2025-02-21 11:07:38,2025-02-21_ID0_NoPCS_Ta22_TskControl34.csv,115,22.2,22.2,22.3,22.2,50.04,0.13,22.27,22.39
116,1620.0,34.0,81.34,,34.0,3.0,99.2,31.2,34.0,34.0,91.12,,34.0,34.0,21.52,,34.0,34.0,48.8,,34.0,34.0,42.6,,34.0,34.0,76.42,,34.0,34.0,60.660000000000004,,34.0,34.0,94.9,,34.0,34.0,56.35999999999999,,34.0,34.0,81.1,,34.0,34.0,71.16,,34.0,34.0,102.1,,34.0,34.0,107.3,,34.0,34.0,135.54000000000002,,34.0,34.0,137.18,,34.0,34.0,98.46000000000001,,34.0,34.0,89.35999999999999,,34.0,34.0,95.72,,34.0,34.0,103.2,,34.0,34.0,89.88,,34.0,34.0,93.02000000000001,,34.0,34.0,65.5,,34.0,34.0,63.1,,34.0,0.36,2025-02-21 11:38:03,"2025-02-21_ID8_Standing fan (Daison, long)_Level1_Angle225_Distance150_Ta22_TskControl34.csv",116,22.2,22.2,22.2,22.2,52.06,0.0,22.2,22.43
117,2160.0,34.0,91.67999999999999,,34.0,3.0,99.2,31.2,34.0,34.0,98.03999999999999,,34.0,34.0,21.939999999999998,,34.0,34.0,52.879999999999995,,34.0,34.0,43.72,,34.0,34.0,82.7,,34.0,34.0,62.86,,34.0,34.0,107.12,,34.0,34.0,58.17999999999999,,34.0,34.0,90.84,,34.0,34.0,75.22,,34.0,34.0,121.61999999999998,,34.0,34.0,131.64000000000001,,34.0,34.0,183.33999999999997,,34.0,34.0,161.28000000000003,,34.0,34.0,121.62,,34.0,34.0,96.82000000000001,,34.0,34.0,124.14000000000001,,34.0,34.0,116.54,,34.0,34.0,97.94000000000001,,34.0,34.0,95.28,,34.0,34.0,65.03999999999999,,34.0,34.0,60.86,,34.0,1.1400000000000001,2025-02-21 12:16:53,"2025-02-21_ID8_Standing fan (Daison, long)_Level3_Angle225_Distance150_Ta22_TskControl34.csv",117,22.1,22.2,22.2,22.2,53.42,0.02,22.2,22.46
118,960.0,34.0,105.05999999999999,,34.0,3.0,99.1,31.1,34.0,34.0,107.46,,34.0,34.0,22.979999999999997,,34.0,34.0,56.879999999999995,,34.0,34.0,48.220000000000006,,34.0,34.0,91.68,,34.0,34.0,68.68,,34.0,34.0,115.96000000000001,,34.0,34.0,67.3,,34.0,34.0,99.84,,34.0,34.0,82.06,,34.0,34.0,140.88000000000002,,34.0,34.0,161.16,,34.0,32.720000000000006,203.6,,32.720000000000006,33.440000000000005,213.1,,33.440000000000005,34.0,145.89999999999998,,34.0,34.0,120.1,,34.0,34.0,147.16,,34.0,34.0,128.34,,34.0,34.0,114.94000000000001,,34.0,34.0,112.8,,34.0,34.0,65.16,,34.0,34.0,62.0,,34.0,0.22000000000000003,2025-02-21 12:35:48,"2025-02-21_ID8_Standing fan (Daison, long)_Level5_Angle225_Distance150_Ta22_TskControl34.csv",118,22.2,22.2,22.2,22.2,55.96,0.09,22.2,22.43
119,1680.0,33.9,114.16,,33.9,2.9,98.8,31.0,33.9,34.0,115.63999999999999,,34.0,34.0,22.800000000000004,,34.0,34.0,58.64,,34.0,34.0,49.779999999999994,,34.0,34.0,101.49999999999999,,34.0,34.0,74.98,,34.0,34.0,125.66,,34.0,34.0,72.94000000000001,,34.0,34.0,106.7,,34.0,34.0,90.4,,34.0,34.0,155.78,,34.0,34.0,179.57999999999998,,34.0,31.360000000000003,204.95999999999998,,31.360000000000003,31.24,215.36000000000004,,31.24,34.0,167.42000000000002,,34.0,34.0,133.7,,34.0,34.0,167.94,,34.0,34.0,140.57999999999998,,34.0,34.0,124.12,,34.0,34.0,124.17999999999999,,34.0,34.0,64.62000000000002,,34.0,34.0,63.58,,34.0,0.3,2025-02-21 13:06:53,"2025-02-21_ID8_Standing fan (Daison, long)_Level8_Angle225_Distance150_Ta22_TskControl34.csv",119,22.3,22.3,22.3,22.3,56.35,0.02,22.3,22.54
120,840.0,33.9,112.84,,33.9,3.0,98.9,31.0,33.9,34.0,117.96,,34.0,34.0,23.46,,34.0,34.0,58.7,,34.0,34.0,50.18,,34.0,34.0,103.4,,34.0,34.0,76.24000000000001,,34.0,34.0,128.38,,34.0,34.0,70.2,,34.0,34.0,104.88,,34.0,34.0,90.66,,34.0,34.0,150.28,,34.0,34.0,176.42000000000002,,34.0,31.6,204.77999999999997,,31.6,31.6,214.94,,31.6,34.0,159.82,,34.0,34.0,130.32,,34.0,34.0,163.4,,34.0,34.0,144.04000000000002,,34.0,34.0,120.2,,34.0,34.0,117.83999999999999,,34.0,34.0,62.98,,34.0,34.0,64.28,,34.0,0.38,2025-02-21 13:23:33,"2025-02-21_ID8_Standing fan (Daison, long)_Level10_Angle225_Distance150_Ta22_TskControl34.csv",120,22.3,22.3,22.3,22.3,54.9,0.12,22.3,22.6
121,1260.0,34.0,81.88,,34.0,3.0,99.2,31.2,34.0,34.0,98.34,,34.0,34.0,19.139999999999997,,34.0,34.0,52.760000000000005,,34.0,34.0,50.1,,34.0,34.0,71.92,,34.0,34.0,61.32000000000001,,34.0,34.0,81.91999999999999,,34.0,34.0,58.46,,34.0,34.0,85.14000000000001,,34.0,34.0,67.58,,34.0,34.0,118.33999999999999,,34.0,34.0,125.94000000000001,,34.0,34.0,149.6,,34.0,34.0,128.82,,34.0,34.0,105.78,,34.0,34.0,94.0,,34.0,34.0,98.22,,34.0,34.0,90.44,,34.0,34.0,88.52000000000001,,34.0,34.0,90.05999999999999,,34.0,34.0,62.220000000000006,,34.0,34.0,61.54,,34.0,0.22000000000000003,2025-02-21 13:47:13,"2025-02-21_ID8_Standing fan (Daison, long)_Level1_Angle180_Distance150_Ta22_TskControl34.csv",121,22.2,22.3,22.4,22.4,54.52,0.13,22.37,22.58
122,1680.0,34.0,95.22,,34.0,3.0,99.2,31.2,34.0,34.0,97.33999999999999,,34.0,34.0,19.619999999999997,,34.0,34.0,60.05999999999999,,34.0,34.0,61.92,,34.0,34.0,77.0,,34.0,34.0,68.35999999999999,,34.0,34.0,92.68,,34.0,34.0,62.98,,34.0,34.0,93.99999999999999,,34.0,34.0,79.14000000000001,,34.0,34.0,133.66,,34.0,34.0,146.89999999999998,,34.0,34.0,157.35999999999999,,34.0,34.0,147.42000000000002,,34.0,34.0,133.04000000000002,,34.0,34.0,113.31999999999998,,34.0,34.0,139.00000000000003,,34.0,34.0,123.82000000000001,,34.0,34.0,99.38,,34.0,34.0,99.10000000000001,,34.0,34.0,63.36,,34.0,34.0,61.1,,34.0,0.52,2025-02-21 14:17:58,"2025-02-21_ID8_Standing fan (Daison, long)_Level3_Angle180_Distance150_Ta22_TskControl34.csv",122,22.3,22.3,22.4,22.3,66.24,0.0,22.37,22.9
123,900.0,34.0,110.67999999999999,,34.0,3.0,99.2,31.18,34.0,34.0,102.97999999999999,,34.0,34.0,19.82,,34.0,34.0,65.6,,34.0,34.0,73.78,,34.0,34.0,85.85999999999999,,34.0,34.0,77.08000000000001,,34.0,34.0,107.93999999999998,,34.0,34.0,70.9,,34.0,34.0,104.4,,34.0,34.0,95.53999999999999,,34.0,34.0,148.73999999999998,,34.0,34.0,181.73999999999998,,34.0,33.98,196.92,,33.94,34.0,177.94,,34.0,34.0,163.2,,34.0,34.0,139.76,,34.0,34.0,169.62,,34.0,34.0,142.14000000000001,,34.0,34.0,111.43999999999998,,34.0,34.0,112.62,,34.0,34.0,64.53999999999999,,34.0,34.0,62.64,,34.0,0.4,2025-02-21 14:35:33,"2025-02-21_ID8_Standing fan (Daison, long)_Level5_Angle180_Distance150_Ta22_TskControl34.csv",123,22.2,22.3,22.3,22.4,72.4,0.12,22.3,22.97
124,1200.0,34.0,118.85999999999999,,34.0,3.0,99.1,31.1,34.0,34.0,106.35999999999999,,34.0,34.0,20.1,,34.0,34.0,70.02,,34.0,34.0,81.36,,34.0,34.0,90.66,,34.0,34.0,85.34,,34.0,34.0,115.6,,34.0,34.0,74.63999999999999,,34.0,34.0,111.63999999999999,,34.0,34.0,101.92,,34.0,34.0,164.24,,34.0,34.0,202.45999999999998,,34.0,33.019999999999996,203.16000000000003,,33.019999999999996,34.0,206.94,,34.0,34.0,171.34,,34.0,34.0,151.52000000000004,,34.0,34.0,184.73999999999995,,34.0,34.0,154.4,,34.0,34.0,117.55999999999999,,34.0,34.0,119.96000000000001,,34.0,34.0,63.3,,34.0,34.0,64.30000000000001,,34.0,0.27999999999999997,2025-02-21 14:57:58,"2025-02-21_ID8_Standing fan (Daison, long)_Level8_Angle180_Distance150_Ta22_TskControl34.csv",124,22.3,22.4,22.4,22.4,65.82,0.05,22.4,22.99
125,840.0,34.0,117.75999999999999,,34.0,3.0,99.2,31.1,34.0,34.0,110.44000000000001,,34.0,34.0,21.24,,34.0,34.0,69.67999999999999,,34.0,34.0,79.36,,34.0,34.0,92.22,,34.0,34.0,86.02000000000001,,34.0,34.0,115.14000000000001,,34.0,34.0,74.78,,34.0,34.0,111.71999999999998,,34.0,34.0,99.58,,34.0,34.0,160.48,,34.0,34.0,195.28000000000003,,34.0,33.779999999999994,202.4,,33.8,34.0,192.71999999999997,,34.0,34.0,175.64000000000001,,34.0,34.0,147.82,,34.0,34.0,183.7,,34.0,34.0,155.21999999999997,,34.0,34.0,115.16,,34.0,34.0,115.46000000000001,,34.0,34.0,63.36,,34.0,34.0,63.0,,34.0,0.4000000000000001,2025-02-21 15:14:53,"2025-02-21_ID8_Standing fan (Daison, long)_Level10_Angle180_Distance150_Ta22_TskControl34.csv",125,22.3,22.3,22.3,22.3,55.99,0.0,22.3,22.63
126,4560.0,34.0,87.44000000000001,,34.0,3.0,99.2,31.2,34.0,34.0,118.55999999999999,,34.0,34.0,46.160000000000004,,34.0,34.0,44.160000000000004,,34.0,34.0,45.3,,34.0,34.0,86.3,,34.0,34.0,77.53999999999999,,34.0,34.0,89.92,,34.0,34.0,55.18000000000001,,34.0,34.0,81.3,,34.0,34.0,92.61999999999999,,34.0,34.0,110.78,,34.0,34.0,127.64000000000001,,34.0,34.0,170.4,,34.0,34.0,141.5,,34.0,34.0,92.44,,34.0,34.0,96.12,,34.0,34.0,95.46000000000001,,34.0,34.0,98.0,,34.0,34.0,91.92,,34.0,34.0,98.43999999999998,,34.0,34.0,62.67999999999999,,34.0,34.0,64.28,,34.0,0.26,2025-02-21 17:16:23,2025-02-21_ID9_Standing fan (Sunbeam)_Level1_Angle270_Distance150_Ta22_TskControl34.csv,126,22.1,22.1,22.2,22.1,51.35,0.08,22.17,22.32
127,1980.0,34.0,100.84,,34.0,3.0,99.2,31.119999999999997,34.0,34.0,160.1,,34.0,34.0,69.41999999999999,,34.0,34.0,49.1,,34.0,34.0,51.08,,34.0,34.0,108.17999999999999,,34.0,34.0,92.34,,34.0,34.0,108.46000000000001,,34.0,34.0,55.379999999999995,,34.0,34.0,89.96000000000001,,34.0,34.0,104.9,,34.0,34.0,117.88,,34.0,34.0,146.2,,34.0,33.86,202.44,,33.84,34.0,171.38,,34.0,34.0,103.3,,34.0,34.0,103.24000000000001,,34.0,34.0,113.44000000000001,,34.0,34.0,115.60000000000002,,34.0,34.0,100.94,,34.0,34.0,103.08,,34.0,34.0,64.42,,34.0,34.0,64.14,,34.0,0.38000000000000006,2025-02-21 17:51:53,2025-02-21_ID9_Standing fan (Sunbeam)_Level3_Angle270_Distance150_Ta22_TskControl34.csv,127,22.2,22.1,22.1,22.1,66.22,0.04,22.1,22.69
128,420.0,34.0,102.58,,34.0,3.0,99.2,31.1,34.0,34.0,163.6,,34.0,34.0,73.28,,34.0,34.0,50.379999999999995,,34.0,34.0,52.040000000000006,,34.0,34.0,110.47999999999999,,34.0,34.0,96.9,,34.0,34.0,110.83999999999999,,34.0,34.0,55.82000000000001,,34.0,34.0,91.32000000000001,,34.0,34.0,104.5,,34.0,34.0,121.64000000000001,,34.0,34.0,147.07999999999998,,34.0,33.68000000000001,202.62,,33.720000000000006,34.0,177.5,,34.0,34.0,104.98000000000002,,34.0,34.0,103.8,,34.0,34.0,114.9,,34.0,34.0,117.67999999999999,,34.0,34.0,100.67999999999999,,34.0,34.0,103.9,,34.0,34.0,66.32000000000001,,34.0,34.0,64.94,,34.0,0.5,2025-02-21 18:01:43,2025-02-21_ID9_Standing fan (Sunbeam)_Level4_Angle270_Distance150_Ta22_TskControl34.csv,128,22.2,22.2,22.2,22.2,64.13,0.0,22.2,22.73
129,1200.0,33.9,118.78000000000002,,33.9,3.0,98.9,31.0,33.9,33.3,193.35999999999999,,33.3,34.0,112.85999999999999,,34.0,34.0,57.4,,34.0,34.0,58.85999999999999,,34.0,34.0,148.68,,34.0,34.0,117.6,,34.0,34.0,126.34,,34.0,34.0,62.879999999999995,,34.0,34.0,107.76000000000002,,34.0,34.0,114.02000000000001,,34.0,34.0,146.82,,34.0,34.0,162.32,,34.0,30.880000000000003,205.38000000000002,,30.880000000000003,34.0,209.82,,34.0,34.0,125.8,,34.0,34.0,104.17999999999999,,34.0,34.0,133.42,,34.0,34.0,130.78,,34.0,34.0,116.52000000000001,,34.0,34.0,115.61999999999998,,34.0,34.0,69.74000000000001,,34.0,34.0,69.06,,34.0,0.5,2025-02-21 18:24:53,2025-02-21_ID9_Standing fan (Sunbeam)_Level6_Angle270_Distance150_Ta22_TskControl34.csv,129,22.1,22.1,22.2,22.1,62.07,0.05,22.17,22.57
130,1080.0,34.0,94.66,,34.0,3.0,99.2,31.1,34.0,34.0,122.0,,34.0,34.0,29.5,,34.0,34.0,54.14,,34.0,34.0,43.3,,34.0,34.0,89.82000000000001,,34.0,34.0,70.14000000000001,,34.0,34.0,88.84,,34.0,34.0,60.760000000000005,,34.0,34.0,93.66,,34.0,34.0,76.76,,34.0,34.0,122.24000000000001,,34.0,34.0,149.14000000000001,,34.0,33.52,202.9,,33.480000000000004,34.0,193.35999999999999,,34.0,34.0,133.38,,34.0,34.0,117.62,,34.0,34.0,113.38,,34.0,34.0,99.74,,34.0,34.0,96.76,,34.0,34.0,95.84,,34.0,34.0,63.54,,34.0,34.0,62.64,,34.0,0.9800000000000001,2025-02-21 18:48:38,2025-02-21_ID9_Standing fan (Sunbeam)_Level1_Angle225_Distance150_Ta22_TskControl34.csv,130,22.1,22.2,22.2,22.2,55.94,0.06,22.2,22.42
131,660.0,33.9,110.88,,33.9,2.98,98.9,31.0,33.9,34.0,156.87999999999997,,34.0,34.0,41.32000000000001,,34.0,34.0,60.44,,34.0,34.0,48.28,,34.0,34.0,113.82000000000001,,34.0,34.0,85.1,,34.0,34.0,98.72,,34.0,34.0,70.78,,34.0,34.0,109.25999999999999,,34.0,34.0,84.7,,34.0,34.0,153.2,,34.0,34.0,171.08,,34.0,30.98,205.4,,31.0,32.3,214.14000000000001,,32.3,34.0,162.28,,34.0,34.0,145.24,,34.0,34.0,135.44,,34.0,34.0,125.16,,34.0,34.0,110.52000000000001,,34.0,34.0,106.08,,34.0,34.0,65.64000000000001,,34.0,34.0,68.4,,34.0,1.1,2025-02-21 19:02:18,2025-02-21_ID9_Standing fan (Sunbeam)_Level3_Angle225_Distance150_Ta22_TskControl34.csv,131,22.2,22.3,22.2,22.4,57.44,0.1,22.23,22.56
132,1200.0,33.8,125.66000000000001,,33.8,2.9,98.5,30.9,33.8,33.779999999999994,192.83999999999997,,33.779999999999994,34.0,56.64,,34.0,34.0,68.6,,34.0,34.0,55.279999999999994,,34.0,34.0,136.24,,34.0,34.0,99.86,,34.0,34.0,117.8,,34.0,34.0,76.94000000000001,,34.0,34.0,135.02,,34.0,34.0,96.17999999999999,,34.0,34.0,178.94,,34.0,34.0,206.04000000000002,,34.0,29.119999999999997,207.17999999999998,,29.119999999999997,29.78,216.7,,29.78,34.0,183.3,,34.0,34.0,161.61999999999998,,34.0,34.0,153.54,,34.0,34.0,143.9,,34.0,34.0,115.17999999999999,,34.0,34.0,118.08,,34.0,34.0,63.42,,34.0,34.0,61.46,,34.0,0.5,2025-02-21 19:49:48,2025-02-21_ID9_Standing fan (Sunbeam)_Level6_Angle225_Distance150_Ta22_TskControl34.csv,132,22.3,22.3,22.3,22.3,64.15,0.0,22.3,22.74
133,960.0,33.8,112.1,,33.8,2.9,98.7,30.939999999999998,33.8,34.0,164.07999999999998,,34.0,34.0,40.54,,34.0,34.0,60.64,,34.0,34.0,48.74,,34.0,34.0,114.86000000000001,,34.0,34.0,86.62,,34.0,34.0,100.04,,34.0,34.0,71.62,,34.0,34.0,113.2,,34.0,34.0,84.7,,34.0,34.0,154.62000000000003,,34.0,34.0,176.06,,34.0,29.939999999999998,206.51999999999998,,29.919999999999998,31.360000000000003,215.2,,31.360000000000003,34.0,164.6,,34.0,34.0,146.32000000000002,,34.0,34.0,136.12,,34.0,34.0,127.18000000000002,,34.0,34.0,112.02000000000001,,34.0,34.0,107.67999999999999,,34.0,34.0,65.42,,34.0,34.0,61.96,,34.0,0.2,2025-02-21 20:08:53,2025-02-21_ID9_Standing fan (Sunbeam)_Level4_Angle225_Distance150_Ta22_TskControl34.csv,133,22.3,22.2,22.3,22.2,68.39,0.0,22.27,22.86
134,960.0,34.0,77.2,,34.0,3.0,99.2,31.2,34.0,34.0,76.73999999999998,,34.0,34.0,22.44,,34.0,34.0,42.779999999999994,,34.0,34.0,45.42,,34.0,34.0,54.739999999999995,,34.0,34.0,59.080000000000005,,34.0,34.0,80.52000000000001,,34.0,34.0,57.82000000000001,,34.0,34.0,67.2,,34.0,34.0,76.85999999999999,,34.0,34.0,84.47999999999999,,34.0,34.0,100.32000000000001,,34.0,34.0,130.2,,34.0,34.0,113.38,,34.0,34.0,83.66,,34.0,34.0,87.14000000000001,,34.0,34.0,105.25999999999999,,34.0,34.0,107.72,,34.0,34.0,91.48,,34.0,34.0,96.32,,34.0,34.0,66.32000000000001,,34.0,34.0,66.28,,34.0,0.24,2025-02-22 15:36:24,2025-02-22_ID0_NoPCS_Ta22_TskControl34.csv,134,22.1,22.0,22.1,21.9,67.05,0.12,22.07,22.6
135,1200.0,34.0,88.73999999999998,,34.0,3.0,99.2,31.2,34.0,34.0,119.82000000000001,,34.0,34.0,29.439999999999998,,34.0,34.0,60.96,,34.0,34.0,55.7,,34.0,34.0,82.22,,34.0,34.0,65.2,,34.0,34.0,84.52,,34.0,34.0,68.02,,34.0,34.0,94.5,,34.0,34.0,80.92,,34.0,34.0,123.96000000000001,,34.0,34.0,149.54000000000002,,34.0,34.0,176.0,,34.0,34.0,178.32,,34.0,34.0,102.5,,34.0,34.0,94.24000000000001,,34.0,34.0,92.24000000000001,,34.0,34.0,91.82000000000001,,34.0,34.0,89.46,,34.0,34.0,91.94000000000001,,34.0,34.0,66.92,,34.0,34.0,63.260000000000005,,34.0,0.3,2025-02-22 16:00:14,2025-02-22_ID9_Standing fan (Sunbeam)_Level1_Angle180_Distance150_Ta22_TskControl34.csv,135,22.3,22.2,22.2,22.2,75.69,0.02,22.2,22.98
136,840.0,33.9,110.04,,33.9,3.0,98.97999999999999,31.0,33.9,34.0,163.56,,34.0,34.0,35.7,,34.0,34.0,71.84,,34.0,34.0,72.47999999999999,,34.0,34.0,102.13999999999999,,34.0,34.0,81.3,,34.0,34.0,101.56,,34.0,34.0,82.03999999999999,,34.0,34.0,112.46000000000001,,34.0,34.0,93.74,,34.0,34.0,160.06,,34.0,34.0,193.07999999999998,,34.0,31.9,204.4,,31.9,32.31999999999999,214.14000000000001,,32.31999999999999,34.0,152.9,,34.0,34.0,135.76,,34.0,34.0,129.56,,34.0,34.0,120.72,,34.0,34.0,90.6,,34.0,34.0,96.8,,34.0,34.0,63.7,,34.0,34.0,63.120000000000005,,34.0,0.6399999999999999,2025-02-22 16:16:54,2025-02-22_ID9_Standing fan (Sunbeam)_Level3_Angle180_Distance150_Ta22_TskControl34.csv,136,22.3,22.3,22.3,22.3,52.43,0.05,22.3,22.45
137,420.0,33.9,109.94000000000001,,33.9,3.0,98.9,31.0,33.9,34.0,164.22,,34.0,34.0,35.78000000000001,,34.0,34.0,71.14000000000001,,34.0,34.0,71.20000000000002,,34.0,34.0,102.72,,34.0,34.0,81.64,,34.0,34.0,101.08000000000001,,34.0,34.0,83.36,,34.0,34.0,112.67999999999999,,34.0,34.0,93.32000000000001,,34.0,34.0,160.74,,34.0,34.0,197.18,,34.0,31.419999999999998,204.94,,31.419999999999998,31.9,214.7,,31.9,34.0,153.42000000000002,,34.0,34.0,133.98,,34.0,34.0,130.07999999999998,,34.0,34.0,118.6,,34.0,34.0,90.9,,34.0,34.0,95.54,,34.0,34.0,63.54,,34.0,34.0,63.839999999999996,,34.0,0.38,2025-02-22 16:27:09,2025-02-22_ID9_Standing fan (Sunbeam)_Level4_Angle180_Distance150_Ta22_TskControl34.csv,137,22.5,22.3,22.3,22.2,61.37,0.06,22.3,22.78
138,720.0,33.8,125.43999999999998,,33.8,2.9,98.5,30.9,33.8,32.88000000000001,193.68,,32.86,34.0,62.64,,34.0,34.0,79.92,,34.0,34.0,82.6,,34.0,34.0,123.92,,34.0,34.0,99.72,,34.0,34.0,114.08000000000001,,34.0,34.0,88.58000000000001,,34.0,34.0,134.28000000000003,,34.0,34.0,106.25999999999999,,34.0,34.0,188.85999999999999,,34.0,34.0,228.5,,34.0,30.04,206.26,,30.04,30.380000000000003,216.06,,30.4,34.0,174.14,,34.0,34.0,157.2,,34.0,34.0,150.14000000000001,,34.0,34.0,137.64000000000001,,34.0,34.0,96.5,,34.0,34.0,102.82000000000001,,34.0,34.0,64.47999999999999,,34.0,34.0,63.52,,34.0,0.36,2025-02-22 16:42:14,2025-02-22_ID9_Standing fan (Sunbeam)_Level6_Angle180_Distance150_Ta22_TskControl34.csv,138,22.3,22.4,22.4,22.5,63.74,0.11,22.4,22.83
139,1740.0,34.0,83.53999999999999,,34.0,3.0,99.2,31.2,34.0,34.0,120.17999999999999,,34.0,34.0,36.46,,34.0,34.0,43.5,,34.0,34.0,44.18,,34.0,34.0,87.06000000000002,,34.0,34.0,79.32000000000001,,34.0,34.0,86.62,,34.0,34.0,54.67999999999999,,34.0,34.0,81.82,,34.0,34.0,85.36,,34.0,34.0,102.8,,34.0,34.0,114.82000000000001,,34.0,34.0,160.08,,34.0,34.0,129.85999999999999,,34.0,34.0,82.67999999999999,,34.0,34.0,86.47999999999999,,34.0,34.0,96.8,,34.0,34.0,95.85999999999999,,34.0,34.0,89.35999999999999,,34.0,34.0,93.22000000000001,,34.0,34.0,63.82000000000001,,34.0,34.0,63.25999999999999,,34.0,0.27999999999999997,2025-02-22 17:17:04,2025-02-22_ID10_Standing fan (DeLonghi)_Low_Angle270_Distance150_Ta22_TskControl34.csv,139,22.4,22.3,22.3,22.3,63.35,0.0,22.3,22.73
140,360.0,34.0,91.6,,34.0,3.0,99.2,31.2,34.0,34.0,141.16000000000003,,34.0,34.0,48.4,,34.0,34.0,47.0,,34.0,34.0,46.7,,34.0,34.0,102.44000000000001,,34.0,34.0,88.1,,34.0,34.0,100.72,,34.0,34.0,55.78000000000001,,34.0,34.0,85.4,,34.0,34.0,99.46,,34.0,34.0,100.33999999999999,,34.0,34.0,133.16000000000003,,34.0,34.0,158.29999999999998,,34.0,34.0,144.8,,34.0,34.0,95.6,,34.0,34.0,98.97999999999999,,34.0,34.0,102.93999999999998,,34.0,34.0,101.66,,34.0,34.0,93.42,,34.0,34.0,97.48,,34.0,34.0,63.48,,34.0,34.0,63.02,,34.0,0.24,2025-02-22 17:53:54,2025-02-22_ID10_Standing fan (DeLonghi)_High_Angle270_Distance150_Ta22_TskControl34.csv,140,22.3,22.3,22.3,22.3,58.98,0.14,22.3,22.7
141,600.0,34.0,88.63999999999999,,34.0,3.0,99.2,31.2,34.0,34.0,110.52000000000001,,34.0,34.0,25.72,,34.0,34.0,54.56,,34.0,34.0,43.660000000000004,,34.0,34.0,85.42,,34.0,34.0,65.53999999999999,,34.0,34.0,84.96000000000001,,34.0,34.0,57.9,,34.0,34.0,97.26000000000002,,34.0,34.0,77.84,,34.0,34.0,132.16,,34.0,34.0,132.0,,34.0,34.019999999999996,202.56,,34.0,34.0,163.82000000000002,,34.0,34.0,109.74000000000001,,34.0,34.0,99.8,,34.0,34.0,101.46000000000001,,34.0,34.0,98.88,,34.0,34.0,89.20000000000002,,34.0,34.0,91.52000000000001,,34.0,34.0,62.6,,34.0,34.0,60.46,,34.0,0.28,2025-02-22 18:07:54,2025-02-22_ID10_Standing fan (DeLonghi)_Low_Angle225_Distance150_Ta22_TskControl34.csv,141,22.3,22.3,22.4,22.3,60.53,0.0,22.37,22.64
142,420.0,34.0,92.08,,34.0,3.0,99.17999999999999,31.1,34.0,34.0,113.17999999999999,,34.0,34.0,27.72,,34.0,34.0,56.96,,34.0,34.0,45.02,,34.0,34.0,90.7,,34.0,34.0,67.86,,34.0,34.0,89.18,,34.0,34.0,59.64,,34.0,34.0,104.14000000000001,,34.0,34.0,77.34,,34.0,34.0,147.0,,34.0,34.0,140.86,,34.0,33.2,203.24,,33.239999999999995,34.0,179.5,,34.0,34.0,120.67999999999999,,34.0,34.0,105.9,,34.0,34.0,102.3,,34.0,34.0,98.03999999999999,,34.0,34.0,90.78,,34.0,34.0,89.14,,34.0,34.0,62.459999999999994,,34.0,34.0,60.06,,34.0,0.25999999999999995,2025-02-22 18:17:34,2025-02-22_ID10_Standing fan (DeLonghi)_Mid_Angle225_Distance150_Ta22_TskControl34.csv,142,22.3,22.3,22.3,22.3,57.47,0.16,22.3,22.57
143,420.0,34.0,95.88,,34.0,3.0,99.1,31.1,34.0,34.0,122.4,,34.0,34.0,30.420000000000005,,34.0,34.0,59.7,,34.0,34.0,46.4,,34.0,34.0,94.72,,34.0,34.0,70.67999999999999,,34.0,34.0,93.36000000000001,,34.0,34.0,61.660000000000004,,34.0,34.0,107.96000000000001,,34.0,34.0,80.22,,34.0,34.0,150.82,,34.0,34.0,149.07999999999998,,34.0,32.440000000000005,204.0,,32.46,34.0,192.24,,34.0,34.0,136.7,,34.0,34.0,107.88,,34.0,34.0,106.5,,34.0,34.0,100.00000000000001,,34.0,34.0,91.72,,34.0,34.0,89.3,,34.0,34.0,62.92,,34.0,34.0,59.7,,34.0,0.28,2025-02-22 18:27:09,2025-02-22_ID10_Standing fan (DeLonghi)_High_Angle225_Distance150_Ta22_TskControl34.csv,143,22.4,22.3,22.4,22.3,65.42,0.06,22.37,22.89
144,4080.0,34.0,88.05999999999999,,34.0,3.0,99.2,31.2,34.0,34.0,124.02000000000001,,34.0,34.0,27.820000000000004,,34.0,34.0,60.46,,34.0,34.0,55.9,,34.0,34.0,80.8,,34.0,34.0,64.12,,34.0,34.0,80.82000000000001,,34.0,34.0,63.31999999999999,,34.0,34.0,97.97999999999999,,34.0,34.0,76.82,,34.0,34.0,125.85999999999999,,34.0,34.0,135.32,,34.0,34.0,176.28,,34.0,34.0,154.54000000000002,,34.0,34.0,111.06000000000002,,34.0,34.0,99.96,,34.0,34.0,97.56,,34.0,34.0,90.83999999999999,,34.0,34.0,89.64000000000001,,34.0,34.0,88.96000000000001,,34.0,34.0,65.44000000000001,,34.0,34.0,62.580000000000005,,34.0,0.33999999999999997,2025-02-22 19:38:09,2025-02-22_ID10_Standing fan (DeLonghi)_Low_Angle180_Distance150_Ta22_TskControl34.csv,144,22.4,22.4,22.4,22.4,56.38,0.04,22.4,22.65
145,480.0,34.0,95.4,,34.0,3.0,99.2,31.2,34.0,34.0,134.24,,34.0,34.0,30.28,,34.0,34.0,64.82000000000001,,34.0,34.0,62.46,,34.0,34.0,85.93999999999998,,34.0,34.0,69.6,,34.0,34.0,85.3,,34.0,34.0,66.26,,34.0,34.0,105.16,,34.0,34.0,82.28,,34.0,34.0,148.87999999999997,,34.0,34.0,155.60000000000002,,34.0,33.940000000000005,201.1,,34.0,34.0,177.54000000000002,,34.0,34.0,124.61999999999998,,34.0,34.0,112.55999999999999,,34.0,34.0,106.08000000000001,,34.0,34.0,93.9,,34.0,34.0,91.22,,34.0,34.0,90.2,,34.0,34.0,65.44,,34.0,34.0,61.220000000000006,,34.0,0.22000000000000003,2025-02-22 19:48:44,2025-02-22_ID10_Standing fan (DeLonghi)_Mid_Angle180_Distance150_Ta22_TskControl34.csv,145,22.3,22.4,22.4,22.4,68.39,0.06,22.4,22.96
146,420.0,34.0,97.8,,34.0,3.0,99.2,31.160000000000004,34.0,34.0,147.64000000000001,,34.0,34.0,33.1,,34.0,34.0,66.78,,34.0,34.0,62.94,,34.0,34.0,92.76,,34.0,34.0,73.0,,34.0,34.0,88.67999999999999,,34.0,34.0,68.72,,34.0,34.0,109.64000000000001,,34.0,34.0,83.38,,34.0,34.0,152.3,,34.0,34.0,157.88,,34.0,33.88,202.48000000000002,,33.88,34.0,172.48000000000002,,34.0,34.0,128.84,,34.0,34.0,113.38,,34.0,34.0,110.88,,34.0,34.0,96.0,,34.0,34.0,89.22,,34.0,34.0,90.67999999999999,,34.0,34.0,65.34,,34.0,34.0,61.379999999999995,,34.0,0.24,2025-02-22 19:58:14,2025-02-22_ID10_Standing fan (DeLonghi)_High_Angle180_Distance150_Ta22_TskControl34.csv,146,22.3,22.4,22.4,22.4,65.4,0.06,22.4,22.87
147,660.0,34.0,76.3,,34.0,3.0,99.2,31.2,34.0,34.0,76.03999999999999,,34.0,34.0,21.32,,34.0,34.0,42.04,,34.0,34.0,44.9,,34.0,34.0,52.7,,34.0,34.0,58.220000000000006,,34.0,34.0,78.9,,34.0,34.0,56.839999999999996,,34.0,34.0,65.55999999999999,,34.0,34.0,74.94,,34.0,34.0,82.33999999999999,,34.0,34.0,105.46,,34.0,34.0,121.31999999999998,,34.0,34.0,123.05999999999999,,34.0,34.0,81.26,,34.0,34.0,86.88,,34.0,34.0,104.78000000000002,,34.0,34.0,104.85999999999999,,34.0,34.0,91.66000000000001,,34.0,34.0,96.06000000000002,,34.0,34.0,64.4,,34.0,34.0,65.43999999999998,,34.0,0.54,2025-02-24 10:50:51,2025-02-24_ID0_NoPCS_Ta22_TskControl34.csv,147,22.4,22.4,22.4,22.4,22.88,0.13,22.4,22.0
148,1500.0,34.0,75.4,,34.0,3.0,99.2,31.2,34.0,34.0,91.52000000000001,,34.0,34.0,20.080000000000002,,34.0,34.0,41.12,,34.0,34.0,43.480000000000004,,34.0,34.0,48.42,,34.0,34.0,54.620000000000005,,34.0,34.0,74.6,,34.0,34.0,50.9,,34.0,34.0,65.84,,34.0,34.0,70.88,,34.0,34.0,85.1,,34.0,34.0,102.34,,34.0,34.0,130.94,,34.0,34.0,121.25999999999999,,34.0,34.0,81.5,,34.0,34.0,82.61999999999999,,34.0,34.0,103.32000000000001,,34.0,34.0,104.5,,34.0,34.0,92.18,,34.0,34.0,95.67999999999999,,34.0,34.0,65.46000000000001,,34.0,34.0,65.22,,34.0,0.3,2025-02-24 11:19:21,2025-02-24_ID11_Midiam evaporative cooler (purple)_Level1_Angle125_Dictance60_Ta22_TskControl34.csv,148,22.3,22.3,22.3,22.3,21.42,0.17,22.3,21.89
149,540.0,34.0,76.7,,34.0,3.0,99.2,31.2,34.0,34.0,113.8,,34.0,34.0,21.580000000000002,,34.0,34.0,42.059999999999995,,34.0,34.0,47.58,,34.0,34.0,50.04,,34.0,34.0,54.8,,34.0,34.0,74.92,,34.0,34.0,49.96,,34.0,34.0,64.84,,34.0,34.0,72.74000000000001,,34.0,34.0,86.08,,34.0,34.0,106.36000000000001,,34.0,34.0,126.98000000000002,,34.0,34.0,124.8,,34.0,34.0,81.53999999999999,,34.0,34.0,84.08000000000001,,34.0,34.0,103.35999999999999,,34.0,34.0,104.4,,34.0,34.0,92.1,,34.0,34.0,95.38,,34.0,34.0,64.1,,34.0,34.0,65.32000000000001,,34.0,0.18,2025-02-24 11:31:31,2025-02-24_ID11_Midiam evaporative cooler (purple)_Level2_Angle125_Dictance60_Ta22_TskControl34.csv,149,22.2,22.3,22.3,22.4,22.27,0.12,22.3,21.9
150,660.0,34.0,76.64,,34.0,3.0,99.2,31.2,34.0,34.0,132.28,,34.0,34.0,23.48,,34.0,34.0,42.160000000000004,,34.0,34.0,45.56,,34.0,34.0,50.14,,34.0,34.0,55.6,,34.0,34.0,74.39999999999999,,34.0,34.0,48.940000000000005,,34.0,34.0,64.5,,34.0,34.0,73.08,,34.0,34.0,86.75999999999999,,34.0,34.0,106.67999999999999,,34.0,34.0,125.88,,34.0,34.0,124.36000000000001,,34.0,34.0,79.91999999999999,,34.0,34.0,83.85999999999999,,34.0,34.0,101.16,,34.0,34.0,98.91999999999999,,34.0,34.0,91.72,,34.0,34.0,94.93999999999998,,34.0,34.0,64.24,,34.0,34.0,64.94,,34.0,0.36,2025-02-24 11:44:51,2025-02-24_ID11_Midiam evaporative cooler (purple)_Level3_Angle125_Dictance60_Ta22_TskControl34.csv,150,22.2,22.3,22.3,22.3,22.64,0.06,22.3,21.9
151,900.0,34.0,76.76,,34.0,3.0,99.2,31.2,34.0,34.0,148.98,,34.0,34.0,25.159999999999997,,34.0,34.0,42.379999999999995,,34.0,34.0,46.160000000000004,,34.0,34.0,50.3,,34.0,34.0,55.3,,34.0,34.0,72.56000000000002,,34.0,34.0,46.760000000000005,,34.0,34.0,66.24,,34.0,34.0,73.75999999999999,,34.0,34.0,87.28,,34.0,34.0,106.6,,34.0,34.0,129.62,,34.0,34.0,119.7,,34.0,34.0,78.22,,34.0,34.0,86.12,,34.0,34.0,97.49999999999999,,34.0,34.0,96.1,,34.0,34.0,89.74,,34.0,34.0,94.67999999999999,,34.0,34.0,64.28,,34.0,34.0,65.17999999999999,,34.0,0.26,2025-02-24 12:02:16,2025-02-24_ID11_Midiam evaporative cooler (purple)_Level4_Angle125_Dictance60_Ta22_TskControl34.csv,151,22.2,22.2,22.3,22.2,23.0,0.15,22.27,21.91
152,720.0,34.0,77.53999999999999,,34.0,3.0,99.2,31.2,34.0,34.0,177.61999999999998,,34.0,34.0,23.1,,34.0,34.0,47.54,,34.0,34.0,45.42,,34.0,34.0,56.38000000000001,,34.0,34.0,55.21999999999999,,34.0,34.0,72.08,,34.0,34.0,45.739999999999995,,34.0,34.0,67.24,,34.0,34.0,71.8,,34.0,34.0,88.47999999999999,,34.0,34.0,104.02000000000001,,34.0,34.0,135.76,,34.0,34.0,121.44000000000001,,34.0,34.0,78.3,,34.0,34.0,83.46000000000001,,34.0,34.0,98.52000000000001,,34.0,34.0,91.02000000000001,,34.0,34.0,89.53999999999999,,34.0,34.0,93.72,,34.0,34.0,64.42,,34.0,34.0,64.94000000000001,,34.0,0.3,2025-02-24 12:19:06,2025-02-24_ID12_Midiam evaporative cooler (white)_Low_Angle125_Dictance60_Ta22_TskControl34.csv,152,22.2,22.2,22.3,22.2,23.5,0.14,22.27,21.83
153,2400.0,34.0,81.46,,34.0,3.0,99.1,31.1,34.0,32.81999999999999,194.72000000000003,,32.81999999999999,34.0,33.22,,34.0,34.0,52.04,,34.0,34.0,50.040000000000006,,34.0,34.0,60.94,,34.0,34.0,60.160000000000004,,34.0,34.0,74.82000000000001,,34.0,34.0,45.7,,34.0,34.0,72.02000000000001,,34.0,34.0,75.16,,34.0,34.0,92.52,,34.0,34.0,109.67999999999999,,34.0,34.0,139.85999999999999,,34.0,34.0,123.75999999999999,,34.0,34.0,80.32000000000001,,34.0,34.0,85.82000000000001,,34.0,34.0,100.74,,34.0,34.0,95.72,,34.0,34.0,91.05999999999999,,34.0,34.0,96.02,,34.0,34.0,64.55999999999999,,34.0,34.0,65.14,,34.0,0.3,2025-02-24 13:02:11,2025-02-24_ID12_Midiam evaporative cooler (white)_Mid_Angle125_Dictance60_Ta22_TskControl34.csv,153,21.8,21.9,21.9,21.9,20.83,0.05,21.9,21.62
154,1140.0,33.980000000000004,83.28,,33.980000000000004,3.0,99.1,31.1,33.980000000000004,32.599999999999994,194.82,,32.599999999999994,34.0,38.68,,34.0,34.0,49.519999999999996,,34.0,34.0,49.04,,34.0,34.0,61.160000000000004,,34.0,34.0,58.519999999999996,,34.0,34.0,77.22,,34.0,34.0,47.019999999999996,,34.0,34.0,72.22,,34.0,34.0,77.08000000000001,,34.0,34.0,96.94,,34.0,34.0,113.24000000000001,,34.0,34.0,143.66,,34.0,34.0,122.55999999999999,,34.0,34.0,82.50000000000001,,34.0,34.0,90.26,,34.0,34.0,103.2,,34.0,34.0,103.62,,34.0,34.0,92.22,,34.0,34.0,97.26,,34.0,34.0,64.11999999999999,,34.0,34.0,64.52,,34.0,0.37999999999999995,2025-02-24 13:23:51,2025-02-24_ID12_Midiam evaporative cooler (white)_High_Angle125_Dictance60_Ta22_TskControl34.csv,154,21.4,21.7,21.6,21.8,37.98,0.03,21.63,21.68
155,1680.0,34.0,84.64000000000001,,34.0,3.0,99.2,31.2,34.0,34.0,122.35999999999999,,34.0,34.0,37.339999999999996,,34.0,34.0,42.32000000000001,,34.0,34.0,43.22,,34.0,34.0,92.22,,34.0,34.0,78.97999999999999,,34.0,34.0,88.8,,34.0,34.0,49.900000000000006,,34.0,34.0,83.14,,34.0,34.0,87.68,,34.0,34.0,94.78,,34.0,34.0,114.8,,34.0,34.0,148.35999999999999,,34.0,34.0,128.95999999999998,,34.0,34.0,86.6,,34.0,34.0,86.38000000000001,,34.0,34.0,103.02000000000001,,34.0,34.0,98.98,,34.0,34.0,92.0,,34.0,34.0,97.08000000000001,,34.0,34.0,65.41999999999999,,34.0,34.0,65.44000000000001,,34.0,0.38,2025-02-24 13:56:16,2025-02-24_ID13_Standing evaporative cooler (DeLonghi)_Low_Angle270_Dictance150_Ta22_TskControl34.csv,155,22.1,22.2,22.1,22.2,32.8,0.02,22.13,21.97
156,1080.0,34.0,90.92,,34.0,3.0,99.2,31.2,34.0,34.0,137.42000000000002,,34.0,34.0,41.68000000000001,,34.0,34.0,45.4,,34.0,34.0,46.72,,34.0,34.0,103.88,,34.0,34.0,88.6,,34.0,34.0,98.67999999999999,,34.0,34.0,54.56,,34.0,34.0,89.60000000000001,,34.0,34.0,92.82,,34.0,34.0,106.92,,34.0,34.0,122.35999999999999,,34.0,34.0,164.92000000000002,,34.0,34.0,137.28,,34.0,34.0,94.72,,34.0,34.0,93.26000000000002,,34.0,34.0,106.32000000000001,,34.0,34.0,105.8,,34.0,34.0,94.02000000000001,,34.0,34.0,98.78,,34.0,34.0,64.88,,34.0,34.0,65.1,,34.0,0.38,2025-02-24 14:16:56,2025-02-24_ID13_Standing evaporative cooler (DeLonghi)_Mid_Angle270_Dictance150_Ta22_TskControl34.csv,156,22.0,22.1,22.0,22.1,30.76,0.07,22.03,21.85
157,1320.0,34.0,96.54,,34.0,3.0,99.2,31.2,34.0,34.0,148.54000000000002,,34.0,34.0,43.980000000000004,,34.0,34.0,47.72,,34.0,34.0,49.2,,34.0,34.0,111.72,,34.0,34.0,93.66,,34.0,34.0,106.2,,34.0,34.0,57.260000000000005,,34.0,34.0,95.16,,34.0,34.0,98.19999999999999,,34.0,34.0,116.38,,34.0,34.0,129.14000000000001,,34.0,34.0,183.56,,34.0,34.0,143.02,,34.0,33.980000000000004,110.85999999999999,,34.0,34.0,104.75999999999999,,34.0,34.0,109.38,,34.0,34.0,109.1,,34.0,34.0,94.78,,34.0,34.0,99.05999999999999,,34.0,34.0,65.58,,34.0,34.0,65.68,,34.0,0.64,2025-02-24 14:52:21,2025-02-24_ID13_Standing evaporative cooler (DeLonghi)_High_Angle270_Dictance150_Ta22_TskControl34.csv,157,22.0,22.0,22.0,22.0,30.76,0.2,22.0,21.76
158,780.0,34.0,91.46,,34.0,3.0,99.2,31.1,34.0,34.0,116.74000000000001,,34.0,34.0,27.2,,34.0,34.0,58.14,,34.0,34.0,46.56,,34.0,34.0,89.92,,34.0,34.0,68.35999999999999,,34.0,34.0,88.02000000000001,,34.0,34.0,59.46,,34.0,34.0,102.63999999999999,,34.0,34.0,81.74,,34.0,34.0,129.08,,34.0,34.0,134.92,,34.0,33.72,202.82,,33.7,34.0,169.50000000000003,,34.0,34.0,114.52000000000001,,34.0,34.0,102.08,,34.0,34.0,101.84,,34.0,34.0,101.7,,34.0,34.0,93.44000000000001,,34.0,34.0,93.1,,34.0,34.0,64.46,,34.0,34.0,62.28000000000001,,34.0,0.4,2025-02-24 15:08:36,2025-02-24_ID13_Standing evaporative cooler (DeLonghi)_Low_Angle225_Dictance150_Ta22_TskControl34.csv,158,21.9,22.0,22.1,22.0,30.52,0.03,22.07,21.84
159,480.0,34.0,97.03999999999999,,34.0,3.0,99.1,31.1,34.0,34.0,121.46,,34.0,34.0,28.759999999999998,,34.0,34.0,60.36,,34.0,34.0,48.6,,34.0,34.0,95.74000000000001,,34.0,34.0,71.96,,34.0,34.0,94.5,,34.0,34.0,62.58,,34.0,34.0,110.46,,34.0,34.0,83.58,,34.0,34.0,146.94,,34.0,34.0,154.78,,34.0,32.72,203.8,,32.76,34.0,192.68,,34.0,34.0,126.96,,34.0,34.0,109.08,,34.0,34.0,108.8,,34.0,34.0,105.24000000000001,,34.0,34.0,95.44,,34.0,34.0,93.88,,34.0,34.0,63.82000000000001,,34.0,34.0,63.06,,34.0,0.42000000000000004,2025-02-24 15:19:11,2025-02-24_ID13_Standing evaporative cooler (DeLonghi)_Mid_Angle225_Dictance150_Ta22_TskControl34.csv,159,21.9,22.1,22.1,22.2,30.09,0.0,22.1,21.84
160,600.0,33.9,101.72,,33.9,3.0,99.05999999999999,31.1,33.9,34.0,125.85999999999999,,34.0,34.0,30.639999999999997,,34.0,34.0,62.779999999999994,,34.0,34.0,50.61999999999999,,34.0,34.0,99.2,,34.0,34.0,74.17999999999999,,34.0,34.0,98.11999999999999,,34.0,34.0,65.42,,34.0,34.0,116.3,,34.0,34.0,84.32000000000001,,34.0,34.0,155.66,,34.0,34.0,167.3,,34.0,31.520000000000003,204.94,,31.540000000000003,33.980000000000004,210.57999999999998,,34.0,34.0,139.38,,34.0,34.0,114.78,,34.0,34.0,116.78,,34.0,34.0,107.64000000000001,,34.0,34.0,100.28,,34.0,34.0,97.0,,34.0,34.0,64.88,,34.0,34.0,61.92,,34.0,0.30000000000000004,2025-02-24 15:31:51,2025-02-24_ID13_Standing evaporative cooler (DeLonghi)_High_Angle225_Dictance150_Ta22_TskControl34.csv,160,22.0,22.0,22.0,22.0,29.7,0.0,22.0,21.75
161,600.0,34.0,97.46000000000001,,34.0,3.0,99.2,31.2,34.0,34.0,144.47999999999996,,34.0,34.0,31.04,,34.0,34.0,67.33999999999999,,34.0,34.0,64.66,,34.0,34.0,96.02000000000001,,34.0,34.0,75.58,,34.0,34.0,89.7,,34.0,34.0,69.52000000000001,,34.0,34.0,109.35999999999999,,34.0,34.0,86.16,,34.0,34.0,137.72,,34.0,34.0,153.95999999999998,,34.0,34.0,183.54000000000002,,34.0,34.0,165.92,,34.0,34.0,127.82000000000001,,34.0,34.0,115.72,,34.0,34.0,108.46000000000001,,34.0,34.0,99.68,,34.0,34.0,92.1,,34.0,34.0,92.7,,34.0,34.0,65.38,,34.0,34.0,62.38000000000001,,34.0,0.56,2025-02-24 16:20:27,2025-02-24_ID13_Standing evaporative cooler (DeLonghi)_Mid_Angle180_Dictance150_Ta22_TskControl34.csv,161,22.0,22.0,22.0,22.0,30.12,0.03,22.0,21.84
162,540.0,34.0,100.91999999999999,,34.0,3.0,99.2,31.2,34.0,34.0,154.45999999999998,,34.0,34.0,33.24,,34.0,34.0,69.84,,34.0,34.0,67.66,,34.0,34.0,99.86,,34.0,34.0,79.02000000000001,,34.0,34.0,94.17999999999999,,34.0,34.0,71.11999999999999,,34.0,34.0,113.66,,34.0,34.0,90.38,,34.0,34.0,138.66,,34.0,34.0,157.3,,34.0,34.0,186.79999999999998,,34.0,34.0,171.36,,34.0,34.0,132.18,,34.0,34.0,123.04,,34.0,34.0,117.88,,34.0,34.0,100.9,,34.0,34.0,93.5,,34.0,34.0,92.85999999999999,,34.0,34.0,64.44,,34.0,34.0,61.379999999999995,,34.0,0.31999999999999995,2025-02-24 16:32:37,2025-02-24_ID13_Standing evaporative cooler (DeLonghi)_High_Angle180_Dictance150_Ta22_TskControl34.csv,162,22.0,22.1,22.0,22.1,31.2,0.0,22.03,21.86
163,2220.0,34.0,57.36,,34.0,3.0,99.2,31.2,34.0,34.0,72.66,,34.0,34.0,22.28,,34.0,34.0,22.639999999999997,,34.0,34.0,24.119999999999997,,34.0,34.0,34.92,,34.0,34.0,35.24,,34.0,34.0,45.96000000000001,,34.0,34.0,27.26,,34.0,34.0,41.44,,34.0,34.0,41.04,,34.0,34.0,48.980000000000004,,34.0,34.0,46.16,,34.0,34.0,103.01999999999998,,34.0,34.0,103.44000000000001,,34.0,34.0,60.739999999999995,,34.0,34.0,62.6,,34.0,34.0,87.86000000000001,,34.0,34.0,93.96,,34.0,34.0,87.72,,34.0,34.0,87.41999999999999,,34.0,34.0,62.720000000000006,,34.0,34.0,60.5,,34.0,0.34,2025-02-24 17:14:27,2025-02-24_ID0_NoPCS_WinterClothing_Ta22_TskControl34.csv,163,22.3,22.4,22.3,22.4,30.21,0.0,22.33,22.11
164,600.0,34.0,49.94,,34.0,3.0,99.2,31.2,34.0,34.0,69.97999999999999,,34.0,34.0,21.860000000000003,,34.0,34.0,23.5,,34.0,34.0,22.68,,34.0,34.0,32.92,,34.0,34.0,34.18000000000001,,34.0,34.0,40.4,,34.0,34.0,22.54,,34.0,34.0,37.88,,34.0,34.0,40.44,,34.0,34.0,30.919999999999998,,34.0,34.0,18.580000000000002,,34.0,34.0,14.160000000000002,,34.0,34.0,37.17999999999999,,34.0,34.0,49.160000000000004,,34.0,34.0,59.2,,34.0,34.0,84.30000000000001,,34.0,34.0,93.30000000000001,,34.0,34.0,86.53999999999999,,34.0,34.0,88.22,,34.0,34.0,61.999999999999986,,34.0,34.0,60.5,,34.0,0.16,2025-02-24 17:49:02,2025-02-24_ID19_Hand wamer (desk mat)_Mid_Ta22_TskControl34_WinterClothing.csv,164,22.3,22.3,22.4,22.3,29.58,0.13,22.37,22.1
165,600.0,34.0,61.379999999999995,,34.0,3.0,99.2,31.2,34.0,34.0,72.4,,34.0,34.0,22.459999999999997,,34.0,34.0,27.080000000000002,,34.0,34.0,28.059999999999995,,34.0,34.0,39.14,,34.0,34.0,39.98,,34.0,34.0,52.48,,34.0,34.0,39.58,,34.0,34.0,41.480000000000004,,34.0,34.0,42.14,,34.0,34.0,46.72,,34.0,34.0,48.339999999999996,,34.0,34.0,105.02000000000001,,34.0,34.0,107.66000000000001,,34.0,34.0,57.04,,34.0,34.0,66.8,,34.0,34.0,95.88000000000001,,34.0,34.0,106.02000000000001,,34.0,34.0,92.86,,34.0,34.0,94.72,,34.0,34.0,65.84,,34.0,34.0,63.120000000000005,,34.0,0.18,2025-02-25 10:51:33,2025-02-25_ID0_NoPCS_Ta22_TskControl34_WinterClothing.csv,165,22.5,22.4,22.4,22.3,18.67,0.12,22.4,21.94
166,1680.0,34.1,49.54,,34.1,3.1,99.32000000000001,31.2,34.1,34.0,73.66,,34.0,34.0,23.860000000000003,,34.0,34.0,23.76,,34.0,34.0,25.82,,34.0,34.0,8.120000000000001,,34.0,34.0,12.74,,34.0,34.88,0.0,,34.88,34.0,29.119999999999997,,34.0,34.0,40.559999999999995,,34.0,34.0,40.339999999999996,,34.0,34.0,47.04,,34.0,34.0,48.17999999999999,,34.0,34.0,104.01999999999998,,34.0,34.0,114.92,,34.0,34.0,56.580000000000005,,34.0,34.0,66.14000000000001,,34.0,34.0,57.5,,34.0,34.0,59.18000000000001,,34.0,34.0,93.96000000000001,,34.0,34.0,92.76000000000002,,34.0,34.0,64.58,,34.0,34.0,63.92,,34.0,0.18,2025-02-25 11:23:13,2025-02-25_ID14_Heating pad_Level1_PositionBack_Ta22_TskControl34_WinterClothing.csv,166,22.3,22.4,22.4,22.5,20.72,0.17,22.4,21.96
167,1140.0,34.2,46.4,,34.2,3.1,99.6,31.4,34.2,34.0,71.34,,34.0,34.0,22.4,,34.0,34.0,22.32,,34.0,34.0,23.88,,34.0,34.1,0.0,,34.1,34.0,3.3,,34.0,36.74,0.0,,36.74,34.0,17.34,,34.0,34.0,39.160000000000004,,34.0,34.0,38.96,,34.0,34.0,46.02,,34.0,34.0,47.800000000000004,,34.0,34.0,105.17999999999999,,34.0,34.0,115.44000000000001,,34.0,34.0,54.779999999999994,,34.0,34.0,64.04,,34.0,34.0,46.82000000000001,,34.0,34.0,49.64,,34.0,34.0,92.58000000000001,,34.0,34.0,92.14,,34.0,34.0,64.6,,34.0,34.0,63.660000000000004,,34.0,0.22000000000000003,2025-02-25 11:45:28,2025-02-25_ID14_Heating pad_Level3_PositionBack_Ta22_TskControl34_WinterClothing.csv,167,22.3,22.3,22.4,22.3,20.38,0.23,22.37,21.89
168,1860.0,34.4,44.760000000000005,,34.4,3.2,99.8,31.6,34.4,34.0,71.97999999999999,,34.0,34.0,23.68,,34.0,34.0,19.440000000000005,,34.0,34.0,21.76,,34.0,34.720000000000006,0.0,,34.720000000000006,34.059999999999995,0.0,,34.04,38.68000000000001,0.0,,38.68000000000001,34.0,2.12,,34.0,34.0,38.42,,34.0,34.0,38.02,,34.0,34.0,46.06,,34.0,34.0,47.38000000000001,,34.0,34.0,103.66000000000001,,34.0,34.0,117.53999999999999,,34.0,34.0,52.040000000000006,,34.0,34.0,61.839999999999996,,34.0,34.0,43.78,,34.0,34.0,45.660000000000004,,34.0,34.0,92.3,,34.0,34.0,91.76,,34.0,34.0,64.47999999999999,,34.0,34.0,63.1,,34.0,0.26,2025-02-25 12:19:28,2025-02-25_ID14_Heating pad_Level4_PositionBack_Ta22_TskControl34_WinterClothing.csv,168,22.4,22.3,22.3,22.2,20.94,0.17,22.3,21.88
169,2880.0,34.3,49.32000000000001,,34.3,3.2,99.7,31.5,34.3,34.0,66.85999999999999,,34.0,34.0,26.419999999999998,,34.0,34.0,17.619999999999997,,34.0,34.0,18.96,,34.0,34.0,29.160000000000004,,34.0,34.0,28.380000000000003,,34.0,34.0,28.759999999999998,,34.0,34.0,12.280000000000001,,34.0,34.0,37.660000000000004,,34.0,34.0,39.879999999999995,,34.0,34.0,41.04,,34.0,34.0,42.2,,34.0,42.78000000000001,0.0,,42.760000000000005,36.7,0.0,,36.7,34.0,56.879999999999995,,34.0,34.0,58.660000000000004,,34.0,34.0,89.82,,34.0,34.0,92.91999999999999,,34.0,34.0,91.97999999999999,,34.0,34.0,92.52000000000001,,34.0,34.0,64.18,,34.0,34.0,63.279999999999994,,34.0,0.45999999999999996,2025-02-25 14:30:13,2025-02-25_ID14_Heating pad_Level1_PositionHands_Ta22_TskControl34_WinterClothing.csv,169,22.2,22.1,22.2,22.0,20.33,0.15,22.17,21.79
170,1080.0,34.5,49.540000000000006,,34.5,3.3,99.8,31.8,34.5,34.0,68.03999999999999,,34.0,34.0,25.3,,34.0,34.0,18.54,,34.0,34.0,19.4,,34.0,34.0,29.660000000000004,,34.0,34.0,29.959999999999997,,34.0,34.0,36.42,,34.0,34.0,17.7,,34.0,34.0,37.620000000000005,,34.0,34.0,39.760000000000005,,34.0,34.0,34.86,,34.0,34.0,35.9,,34.0,44.7,0.0,,44.7,43.42,0.0,,43.42,34.0,50.9,,34.0,34.0,59.620000000000005,,34.0,34.0,91.74000000000001,,34.0,34.0,93.66,,34.0,34.0,91.41999999999999,,34.0,34.0,91.69999999999999,,34.0,34.0,63.34000000000001,,34.0,34.0,63.6,,34.0,0.2,2025-02-25 15:19:43,2025-02-25_ID14_Heating pad_Level4_PositionHands_Ta22_TskControl34_WinterClothing.csv,170,22.0,22.1,22.1,22.1,18.93,0.06,22.1,21.68
171,1170.0,34.5,49.68333333333334,,34.5,3.3000000000000003,99.89999999999999,31.8,34.5,34.0,66.28333333333333,,34.0,34.0,25.583333333333332,,34.0,34.0,20.816666666666666,,34.0,34.0,21.516666666666666,,34.0,34.0,30.11666666666667,,34.0,34.0,28.799999999999997,,34.0,34.0,36.85,,34.0,34.0,17.966666666666665,,34.0,34.0,38.28333333333333,,34.0,34.0,37.766666666666666,,34.0,34.0,31.666666666666668,,34.0,34.0,33.71666666666667,,34.0,44.699999999999996,0.0,,44.699999999999996,44.800000000000004,0.0,,44.800000000000004,34.0,50.88333333333333,,34.0,34.0,58.86666666666667,,34.0,34.0,95.10000000000001,,34.0,34.0,95.0,,34.0,34.0,91.18333333333332,,34.0,34.0,91.93333333333334,,34.0,34.0,63.95000000000001,,34.0,34.0,62.21666666666667,,34.0,0.48333333333333334,2025-02-25 15:41:53,2025-02-25_ID14_Heating pad_Level6_PositionHands_Ta22_TskControl34_WinterClothing.csv,171,22.0,22.1,22.1,22.2,23.45,0.19,22.1,21.74
172,4380.0,33.6,53.6,,33.6,2.8,97.7,30.7,33.6,34.0,68.22,,34.0,34.0,25.68,,34.0,34.0,19.439999999999998,,34.0,34.0,20.66,,34.0,34.0,30.560000000000002,,34.0,34.0,29.779999999999994,,34.0,34.0,38.2,,34.0,34.0,19.6,,34.0,34.0,37.82000000000001,,34.0,34.0,39.2,,34.0,34.0,51.42,,34.0,34.0,52.760000000000005,,34.0,27.2,0.0,,27.2,24.740000000000002,0.0,,24.740000000000002,34.0,52.8,,34.0,34.0,62.419999999999995,,34.0,34.0,92.56,,34.0,34.0,96.0,,34.0,34.0,90.61999999999998,,34.0,34.0,92.26,,34.0,34.0,98.58,,34.0,34.0,99.96000000000001,,34.0,0.16,2025-02-25 17:06:39,2025-02-25_ID0_NoPCS_Ta22_TskControl34_WinterClothingWithoutShoes.csv,172,21.9,22.1,22.1,22.2,23.59,0.1,22.1,21.74
173,360.0,33.7,44.64,,33.7,2.9,98.4,30.8,33.7,34.0,68.34,,34.0,34.0,26.32,,34.0,34.0,19.6,,34.0,34.0,20.759999999999998,,34.0,34.0,30.52,,34.0,34.0,29.580000000000002,,34.0,34.0,37.56,,34.0,34.0,20.48,,34.0,34.0,37.4,,34.0,34.0,38.9,,34.0,34.0,54.980000000000004,,34.0,34.0,53.239999999999995,,34.0,24.32,0.0,,24.32,23.4,0.0,,23.4,34.0,53.6,,34.0,34.0,63.94,,34.0,34.0,91.02000000000001,,34.0,34.0,95.67999999999999,,34.0,34.0,67.08,,34.0,34.0,67.67999999999999,,34.0,36.8,0.0,,36.8,38.9,0.0,,38.9,0.16,2025-02-25 18:29:24,2025-02-25_ID14_Heating pad_Level1_PositionFeet_Ta22_TskControl34_WinterClothingWithoutShoes.csv,173,22.1,21.9,22.0,21.8,22.78,0.13,21.97,21.65
174,720.0,33.82,43.64,,33.82,2.9,98.74000000000001,30.98,33.82,34.0,67.8,,34.0,34.0,26.02,,34.0,34.0,19.44,,34.0,34.0,20.52,,34.0,34.0,30.9,,34.0,34.0,29.420000000000005,,34.0,34.0,37.36,,34.0,34.0,19.419999999999998,,34.0,34.0,37.06,,34.0,34.0,38.32,,34.0,34.0,54.739999999999995,,34.0,34.0,53.17999999999999,,34.0,24.2,0.0,,24.2,23.4,0.0,,23.4,34.0,53.419999999999995,,34.0,34.0,63.64,,34.0,34.0,90.46000000000001,,34.0,34.0,95.38,,34.0,34.0,61.279999999999994,,34.0,34.0,61.48,,34.0,38.339999999999996,0.0,,38.32,40.64,0.0,,40.620000000000005,0.1,2025-02-25 18:43:54,2025-02-25_ID14_Heating pad_Level3_PositionFeet_Ta22_TskControl34_WinterClothingWithoutShoes.csv,174,21.9,22.0,22.0,22.1,23.59,0.12,22.0,21.66
175,570.0,34.5,49.666666666666664,,34.5,3.3000000000000003,99.8,31.7,34.5,34.0,68.58333333333334,,34.0,34.0,25.916666666666668,,34.0,34.0,24.833333333333332,,34.0,34.0,21.933333333333334,,34.0,34.0,32.71666666666666,,34.0,34.0,30.866666666666664,,34.0,34.0,38.85,,34.0,34.0,24.36666666666667,,34.0,34.0,38.516666666666666,,34.0,34.0,40.46666666666666,,34.0,34.0,51.1,,34.0,34.0,47.88333333333333,,34.0,34.0,98.36666666666667,,34.0,34.0,123.11666666666666,,34.0,34.0,54.43333333333334,,34.0,34.0,64.68333333333334,,34.0,34.0,90.26666666666665,,34.0,34.0,95.25,,34.0,34.0,61.15,,34.0,34.0,59.46666666666666,,34.0,40.4,0.0,,40.4,42.61666666666667,0.0,,42.61666666666667,0.26666666666666666,2025-02-26 11:56:54,2025-02-26_ID14_Heating pad_Level3_PositionFeet_Ta22_TskControl34_WinterClothingWithoutShoes.csv,175,22.1,22.1,22.1,22.1,58.17,0.17,22.1,22.37
176,810.0,34.5,48.96666666666667,,34.5,3.3000000000000003,99.8,31.8,34.5,34.0,67.44999999999999,,34.0,34.0,25.950000000000003,,34.0,34.0,21.033333333333335,,34.0,34.0,21.916666666666668,,34.0,34.0,32.38333333333333,,34.0,34.0,30.416666666666668,,34.0,34.0,38.46666666666667,,34.0,34.0,22.366666666666664,,34.0,34.0,38.36666666666667,,34.0,34.0,39.833333333333336,,34.0,34.0,50.61666666666667,,34.0,34.0,48.68333333333334,,34.0,34.0,97.89999999999999,,34.0,34.0,123.21666666666668,,34.0,34.0,54.26666666666666,,34.0,34.0,64.33333333333333,,34.0,34.0,89.48333333333335,,34.0,34.0,95.68333333333334,,34.0,34.0,57.583333333333336,,34.0,34.0,58.93333333333334,,34.0,40.5,0.0,,40.5,43.18333333333334,0.0,,43.18333333333334,0.16666666666666666,2025-02-26 12:15:09,2025-02-26_ID14_Heating pad_Level4_PositionFeet_Ta22_TskControl34_WinterClothingWithoutShoes.csv,176,22.0,22.1,22.1,22.2,61.65,0.09,22.1,22.45
177,2340.0,34.7,47.720000000000006,,34.7,3.4,99.9,32.0,34.7,34.0,67.54,,34.0,34.0,25.880000000000003,,34.0,34.0,19.919999999999998,,34.0,34.0,20.8,,34.0,34.0,31.080000000000002,,34.0,34.0,30.04,,34.0,34.0,38.14,,34.0,34.0,20.919999999999998,,34.0,34.0,38.440000000000005,,34.0,34.0,41.50000000000001,,34.0,34.0,51.160000000000004,,34.0,34.0,48.7,,34.0,34.0,99.58000000000001,,34.0,34.0,125.14000000000001,,34.0,34.0,53.839999999999996,,34.0,34.0,62.58,,34.0,34.0,88.66000000000001,,34.0,34.0,95.64000000000001,,34.0,34.0,49.67999999999999,,34.0,34.0,50.64,,34.0,43.220000000000006,0.0,,43.220000000000006,46.519999999999996,0.0,,46.519999999999996,0.27999999999999997,2025-02-26 12:57:54,2025-02-26_ID14_Heating pad_Level6_PositionFeet_Ta22_TskControl34_WinterClothingWithoutShoes.csv,177,22.0,22.0,22.1,22.0,59.68,0.12,22.07,22.4
178,3240.0,34.279999999999994,52.42,,34.279999999999994,3.2,99.67999999999999,31.52,34.279999999999994,34.0,67.98,,34.0,34.0,25.659999999999997,,34.0,34.0,19.68,,34.0,34.0,20.94,,34.0,34.0,30.5,,34.0,34.0,29.76,,34.0,34.0,38.160000000000004,,34.0,34.0,19.9,,34.0,34.0,37.9,,34.0,34.0,39.32,,34.0,34.0,50.4,,34.0,34.0,48.61999999999999,,34.0,34.0,96.53999999999999,,34.0,34.0,120.14000000000001,,34.0,34.0,54.2,,34.0,34.0,63.92,,34.0,34.0,92.4,,34.0,34.0,94.82000000000001,,34.0,34.0,89.2,,34.0,34.0,89.19999999999999,,34.0,38.1,0.0,,38.1,39.3,0.0,,39.339999999999996,0.25999999999999995,2025-02-26 16:19:50,2025-02-26_ID17_Foot warmer (lomitech)_Mid_Ta22_TskControl34_WinterClothingWithoutShoes.csv,178,22.0,21.9,22.0,21.8,19.74,0.1,21.97,21.53
179,2040.0,34.0,49.12,,34.0,3.0,99.2,31.2,34.0,34.0,58.36,,34.0,34.0,24.5,,34.0,34.0,18.419999999999998,,34.0,34.0,19.68,,34.0,34.0,28.78,,34.0,34.0,27.76,,34.0,34.0,38.32,,34.0,34.0,21.34,,34.0,34.0,34.02,,34.0,34.0,35.68000000000001,,34.0,34.0,46.56,,34.0,34.0,44.559999999999995,,34.0,34.0,85.52000000000001,,34.0,34.0,95.74,,34.0,34.0,50.42,,34.0,34.0,58.86,,34.0,34.0,78.42,,34.0,34.0,85.44000000000001,,34.0,34.0,78.25999999999999,,34.0,34.0,77.08,,34.0,34.0,35.42,,34.0,34.0,31.28,,34.0,0.16,2025-02-26 19:33:33,2025-02-26_ID0_NoPCS_Ta22_TskControl34_WinterClothingWithoutShoes.csv,179,22.0,22.0,22.0,22.0,18.61,0.06,22.0,21.6
180,2700.0,34.660000000000004,51.52,,34.660000000000004,3.4200000000000004,99.9,32.0,34.660000000000004,34.0,69.38,,34.0,34.0,25.96,,34.0,34.0,19.66,,34.0,34.0,19.76,,34.0,34.0,30.580000000000002,,34.0,34.0,29.98,,34.0,34.0,38.64,,34.0,34.0,19.619999999999997,,34.0,34.0,37.96,,34.0,34.0,35.839999999999996,,34.0,34.0,50.6,,34.0,34.0,49.480000000000004,,34.0,34.0,98.47999999999999,,34.0,34.0,123.4,,34.0,34.0,53.11999999999999,,34.0,34.0,63.879999999999995,,34.0,34.0,89.7,,34.0,34.0,96.17999999999998,,34.0,34.0,83.6,,34.0,34.0,81.8,,34.0,43.059999999999995,0.0,,43.08,47.0,0.0,,47.0,0.32,2025-02-27 15:58:41,2025-02-27_ID17_Foot warmer (lomitech)_BACKUP_High_Ta22_TskControl34_WinterClothingWithoutShoes.csv,180,21.9,22.0,22.0,22.0,18.26,0.01,22.0,21.59
181,420.0,34.0,57.24000000000001,,34.0,3.0,99.2,31.2,34.0,34.0,67.46000000000001,,34.0,34.0,26.2,,34.0,34.0,19.32,,34.0,34.0,20.04,,34.0,34.0,30.52,,34.0,34.0,30.48,,34.0,34.0,37.32000000000001,,34.0,34.0,20.080000000000002,,34.0,34.0,38.56,,34.0,34.0,40.2,,34.0,34.0,50.98,,34.0,34.0,49.04,,34.0,34.0,98.5,,34.0,34.0,124.21999999999998,,34.0,34.0,53.5,,34.0,34.0,63.760000000000005,,34.0,34.0,88.44000000000001,,34.0,34.0,94.55999999999999,,34.0,34.0,87.24000000000001,,34.0,34.0,88.48,,34.0,34.0,83.92,,34.0,34.0,80.76,,34.0,0.14,2025-02-27 17:31:28,2025-02-27_ID17_Foot warmer (Hodeamy)_Level1_Ta22_TskControl34_WinterClothingWithoutShoes.csv,181,21.8,22.0,22.0,22.1,21.54,0.12,22.0,21.63
182,1080.0,34.0,52.68000000000001,,34.0,3.0,99.2,31.2,34.0,34.0,66.56,,34.0,34.0,25.32,,34.0,34.0,19.38,,34.0,34.0,20.1,,34.0,34.0,30.920000000000005,,34.0,34.0,30.619999999999997,,34.0,34.0,37.42,,34.0,34.0,18.660000000000004,,34.0,34.0,38.5,,34.0,34.0,38.760000000000005,,34.0,34.0,50.36,,34.0,34.0,48.64,,34.0,34.0,99.47999999999999,,34.0,34.0,125.24000000000001,,34.0,34.0,51.36,,34.0,34.0,63.98,,34.0,34.0,89.78,,34.0,34.0,94.72,,34.0,34.0,86.29999999999998,,34.0,34.0,86.42,,34.0,34.0,11.24,,34.0,34.0,16.2,,34.0,0.18,2025-02-27 17:52:38,2025-02-27_ID17_Foot warmer (Hodeamy)_Level4_Ta22_TskControl34_WinterClothingWithoutShoes.csv,182,21.9,22.0,22.0,22.1,22.5,0.16,22.0,21.73
183,3840.0,34.1,51.71999999999999,,34.1,3.1,99.5,31.3,34.1,34.0,66.38,,34.0,34.0,25.76,,34.0,34.0,19.04,,34.0,34.0,20.12,,34.0,34.0,30.82,,34.0,34.0,30.68,,34.0,34.0,36.88000000000001,,34.0,34.0,20.5,,34.0,34.0,37.940000000000005,,34.0,34.0,39.0,,34.0,34.0,49.66,,34.0,34.0,48.8,,34.0,34.0,99.26,,34.0,34.0,120.22,,34.0,34.0,53.92,,34.0,34.0,62.31999999999999,,34.0,34.0,94.4,,34.0,34.0,94.14000000000001,,34.0,34.0,83.86,,34.0,34.0,85.29999999999998,,34.0,36.92,0.0,,36.92,35.94,0.0,,35.94,0.32,2025-02-27 18:59:43,2025-02-27_ID17_Foot warmer (Hodeamy)_Level5_Ta22_TskControl34_WinterClothingWithoutShoes.csv,183,21.9,22.0,22.0,22.1,23.06,0.12,22.0,21.65
184,1080.0,34.0,66.34,,34.0,3.0,99.2,31.2,34.0,34.0,71.72,,34.0,34.0,25.660000000000004,,34.0,34.0,32.339999999999996,,34.0,34.0,34.04,,34.0,34.0,45.81999999999999,,34.0,34.0,45.2,,34.0,34.0,62.0,,34.0,34.0,53.36,,34.0,34.0,45.21999999999999,,34.0,34.0,45.82000000000001,,34.0,34.0,51.94000000000001,,34.0,34.0,50.44,,34.0,34.0,105.71999999999998,,34.0,34.0,109.5,,34.0,34.0,64.06,,34.0,34.0,73.9,,34.0,34.0,101.66,,34.0,34.0,112.9,,34.0,34.0,94.91999999999999,,34.0,34.0,95.32000000000001,,34.0,34.0,72.11999999999999,,34.0,34.0,63.96,,34.0,0.2,2025-02-28 10:25:44,2025-02-28_ID0_NoPCS_Ta22_TskControl34_WinterClothing.csv,184,22.2,22.3,22.3,22.4,53.45,0.09,22.3,22.47
185,1860.0,34.0,57.3,,34.0,3.0,99.2,31.2,34.0,34.0,66.9,,34.0,34.0,24.4,,34.0,34.0,24.740000000000002,,34.0,34.0,24.119999999999997,,34.0,34.0,35.339999999999996,,34.0,34.0,35.04,,34.0,34.0,45.64,,34.0,34.0,33.64,,34.0,34.0,40.88000000000001,,34.0,34.0,41.480000000000004,,34.0,34.0,50.1,,34.0,34.0,48.36,,34.0,34.0,99.10000000000001,,34.0,34.0,106.56000000000002,,34.0,34.0,56.1,,34.0,34.0,64.35999999999999,,34.0,34.0,87.67999999999999,,34.0,34.0,96.0,,34.0,34.0,85.2,,34.0,34.0,86.58000000000001,,34.0,34.0,61.19999999999999,,34.0,34.0,57.88000000000001,,34.0,0.32,2025-02-28 11:04:29,2025-02-28_ID15_Foot warmer (Essuntial)_Level1_Ta22_TskControl34_WinterClothing.csv,185,22.2,22.4,22.3,22.5,58.2,0.08,22.33,22.67
186,1380.0,34.0,53.94000000000001,,34.0,3.0,99.2,31.2,34.0,34.0,66.72,,34.0,34.0,24.999999999999996,,34.0,34.0,22.38,,34.0,34.0,23.34,,34.0,34.0,33.339999999999996,,34.0,34.0,32.7,,34.0,34.0,41.56,,34.0,34.0,27.959999999999997,,34.0,34.0,39.22,,34.0,34.0,40.08,,34.0,34.0,49.6,,34.0,34.0,47.14,,34.0,34.0,97.0,,34.0,34.0,106.5,,34.0,34.0,52.260000000000005,,34.0,34.0,60.720000000000006,,34.0,34.0,81.58000000000001,,34.0,34.0,90.4,,34.0,34.0,76.34,,34.0,34.0,81.44,,34.0,34.0,54.779999999999994,,34.0,34.0,53.540000000000006,,34.0,0.1,2025-02-28 11:30:34,2025-02-28_ID15_Foot warmer (Essuntial)_Level4_Ta22_TskControl34_WinterClothing.csv,186,22.3,22.4,22.4,22.5,55.62,0.11,22.4,22.62
187,1020.0,34.0,52.120000000000005,,34.0,3.0,99.2,31.2,34.0,34.0,66.38,,34.0,34.0,24.659999999999997,,34.0,34.0,21.58,,34.0,34.0,21.740000000000002,,34.0,34.0,31.779999999999994,,34.0,34.0,31.6,,34.0,34.0,39.42,,34.0,34.0,24.86,,34.0,34.0,38.92,,34.0,34.0,38.42,,34.0,34.0,48.839999999999996,,34.0,34.0,45.38,,34.0,34.0,96.93999999999998,,34.0,34.0,105.94000000000001,,34.0,34.0,50.440000000000005,,34.0,34.0,57.980000000000004,,34.0,34.0,77.22,,34.0,34.0,88.96,,34.0,34.0,73.35999999999999,,34.0,34.0,78.14000000000001,,34.0,34.0,52.519999999999996,,34.0,34.0,51.54,,34.0,0.3,2025-02-28 11:50:09,2025-02-28_ID15_Foot warmer (Essuntial)_Level5_Ta22_TskControl34_WinterClothing.csv,187,22.2,22.3,22.3,22.4,58.2,0.16,22.3,22.58
188,1560.0,34.0,47.760000000000005,,34.0,3.0,99.2,31.2,34.0,34.0,64.72,,34.0,34.0,24.52,,34.0,34.0,19.240000000000002,,34.0,34.0,20.46,,34.0,34.0,30.72,,34.0,34.0,30.320000000000004,,34.0,34.0,38.6,,34.0,34.0,21.459999999999997,,34.0,34.0,36.32,,34.0,34.0,37.48,,34.0,34.0,47.18,,34.0,34.0,44.18,,34.0,34.0,92.16,,34.0,34.0,102.32,,34.0,34.0,47.08,,34.0,34.0,54.11999999999999,,34.0,34.0,76.0,,34.0,34.0,83.16,,34.0,34.0,62.660000000000004,,34.0,34.0,57.52,,34.0,34.0,44.7,,34.0,34.0,40.279999999999994,,34.0,0.18,2025-02-28 12:18:39,2025-02-28_ID15_Foot warmer (Essuntial)_Level8_Ta22_TskControl34_WinterClothing.csv,188,22.4,22.4,22.4,22.4,59.78,0.11,22.4,22.73
189,1200.0,34.0,47.120000000000005,,34.0,3.0,99.2,31.2,34.0,34.0,64.74,,34.0,34.0,24.52,,34.0,34.0,18.78,,34.0,34.0,19.72,,34.0,34.0,28.26,,34.0,34.0,29.639999999999997,,34.0,34.0,37.04,,34.0,34.0,16.06,,34.0,34.0,36.440000000000005,,34.0,34.0,37.040000000000006,,34.0,34.0,48.279999999999994,,34.0,34.0,45.08,,34.0,34.0,93.78,,34.0,34.0,102.8,,34.0,34.0,47.4,,34.0,34.0,54.82000000000001,,34.0,34.0,80.67999999999999,,34.0,34.0,89.44000000000001,,34.0,34.0,52.1,,34.0,34.0,56.5,,34.0,34.0,38.519999999999996,,34.0,34.0,39.4,,34.0,0.18,2025-02-28 13:57:29,2025-02-28_ID16_Halogen heater (Goldair)_Low_Angle90_Distance100_Ta22_TskControl34_WinterClothing.csv,189,22.4,22.5,22.4,22.6,61.34,0.13,22.43,22.87
190,1080.0,34.0,39.12,,34.0,3.0,99.2,31.2,34.0,34.0,65.46,,34.0,34.019999999999996,22.8,,34.0,34.0,17.4,,34.0,34.0,19.080000000000002,,34.0,34.0,28.2,,34.0,34.0,29.240000000000002,,34.0,34.0,35.92,,34.0,34.0,12.319999999999999,,34.0,34.0,33.220000000000006,,34.0,34.0,38.0,,34.0,34.0,45.4,,34.0,34.0,44.82,,34.0,34.0,93.06000000000002,,34.0,34.0,109.94000000000001,,34.0,34.0,39.779999999999994,,34.0,34.0,54.3,,34.0,34.0,71.62,,34.0,34.0,76.66,,34.0,34.0,12.6,,34.0,34.0,18.119999999999997,,34.0,34.0,21.540000000000003,,34.0,34.0,24.7,,34.0,0.14,2025-02-28 14:18:24,2025-02-28_ID16_Halogen heater (Goldair)_High_Angle90_Distance100_Ta22_TskControl34_WinterClothing.csv,190,22.7,22.7,22.6,22.7,61.02,0.05,22.63,23.09
191,4740.0,34.0,51.92,,34.0,3.0,99.2,31.2,34.0,34.0,63.660000000000004,,34.0,34.0,23.64,,34.0,34.0,18.04,,34.0,34.0,19.78,,34.0,34.0,27.619999999999997,,34.0,34.0,29.740000000000002,,34.0,34.0,37.0,,34.0,34.0,19.98,,34.0,34.0,33.54,,34.0,34.0,37.839999999999996,,34.0,34.0,46.559999999999995,,34.0,34.0,45.46,,34.0,34.0,87.44,,34.0,34.0,116.96,,34.0,34.0,50.98,,34.0,34.0,60.67999999999999,,34.0,34.0,77.88,,34.0,34.0,84.17999999999999,,34.0,34.0,81.55999999999999,,34.0,34.0,83.88,,34.0,34.0,58.1,,34.0,34.0,55.7,,34.0,0.22000000000000003,2025-02-28 16:04:39,2025-02-28_ID20_Desk fan heater_Low_Angle125_Distance90_Ta22_TskControl34_WinterClothing.csv,191,22.8,22.9,22.9,23.0,56.11,0.18,22.9,23.06
192,600.0,34.0,50.72,,34.0,3.0,99.2,31.2,34.0,34.0,61.3,,34.0,34.0,23.02,,34.0,34.0,16.68,,34.0,34.0,19.419999999999998,,34.0,34.0,27.059999999999995,,34.0,34.0,29.0,,34.0,34.0,36.96,,34.0,34.0,18.66,,34.0,34.0,32.62,,34.0,34.0,36.78,,34.0,34.0,46.059999999999995,,34.0,34.0,44.8,,34.0,34.0,86.02000000000001,,34.0,34.0,112.94000000000001,,34.0,34.0,46.4,,34.0,34.0,60.620000000000005,,34.0,34.0,76.03999999999999,,34.0,34.0,83.02000000000001,,34.0,34.0,80.2,,34.0,34.0,82.6,,34.0,34.0,57.28000000000001,,34.0,34.0,55.0,,34.0,0.14,2025-02-28 16:17:14,2025-02-28_ID20_Desk fan heater_High_Angle125_Distance90_Ta22_TskControl34_WinterClothing.csv,192,22.9,22.9,22.9,22.9,56.14,0.16,22.9,23.16
193,420.0,34.0,51.14,,34.0,3.0,99.2,31.2,34.0,34.0,52.660000000000004,,34.0,34.0,19.220000000000002,,34.0,34.0,18.1,,34.0,34.0,18.999999999999996,,34.0,34.0,28.160000000000004,,34.0,34.0,28.080000000000002,,34.0,34.0,35.04,,34.0,34.0,19.080000000000002,,34.0,34.0,34.3,,34.0,34.0,34.96,,34.0,34.0,45.82,,34.0,34.0,44.88,,34.0,34.0,88.33999999999999,,34.0,34.0,110.33999999999999,,34.0,34.0,51.54,,34.0,34.0,61.08,,34.0,34.0,77.1,,34.0,34.0,87.64,,34.0,34.0,84.4,,34.0,34.0,83.72,,34.0,34.0,59.419999999999995,,34.0,34.0,54.38000000000001,,34.0,0.25999999999999995,2025-02-28 17:18:59,"2025-02-28_ID21_Big desk fan (daison, short)_Low_Angle125_Distance90_Ta22_TskControl34_WinterClothing.csv",193,23.3,23.2,22.9,23.2,52.01,0.04,22.99,23.27
194,660.0,34.0,48.0,,34.0,3.0,99.2,31.2,34.0,34.0,39.96,,34.0,34.0,13.680000000000001,,34.0,34.0,18.3,,34.0,34.0,18.439999999999998,,34.0,34.0,25.76,,34.0,34.0,26.04,,34.0,34.0,33.480000000000004,,34.0,34.0,18.82,,34.0,34.0,32.71999999999999,,34.0,34.0,33.7,,34.0,34.0,46.739999999999995,,34.0,34.0,42.50000000000001,,34.0,34.0,83.44000000000001,,34.0,34.0,99.44,,34.0,34.0,49.2,,34.0,34.0,58.64,,34.0,34.0,74.46000000000001,,34.0,34.0,77.02000000000001,,34.0,34.0,81.5,,34.0,34.0,80.24,,34.0,34.0,57.68000000000001,,34.0,34.0,52.58,,34.0,0.18,2025-02-28 17:32:59,"2025-02-28_ID21_Big desk fan (daison, short)_Mid_Angle125_Distance90_Ta22_TskControl34_WinterClothing.csv",194,23.7,23.5,23.3,23.4,52.12,0.11,23.36,23.68
195,600.0,34.0,47.0,,34.0,3.0,99.2,31.2,34.0,34.0,21.46,,34.0,34.0,8.919999999999998,,34.0,34.0,16.14,,34.0,34.0,16.080000000000002,,34.0,34.0,25.839999999999996,,34.0,34.0,25.46,,34.0,34.0,32.239999999999995,,34.0,34.0,18.520000000000003,,34.0,34.0,32.28,,34.0,34.0,33.120000000000005,,34.0,34.0,43.86,,34.0,34.0,42.4,,34.0,34.0,87.24,,34.0,34.0,107.22,,34.0,34.0,48.66,,34.0,34.0,57.75999999999999,,34.0,34.0,73.36000000000001,,34.0,34.0,82.64000000000001,,34.0,34.0,80.84,,34.0,34.0,80.03999999999999,,34.0,34.0,55.6,,34.0,34.0,52.1,,34.0,0.3,2025-02-28 17:45:49,"2025-02-28_ID21_Big desk fan (daison, short)_High_Angle125_Distance90_Ta22_TskControl34_WinterClothing.csv",195,24.1,23.8,23.6,23.6,50.88,0.08,23.66,23.95
196,1200.0,34.0,47.46,,34.0,3.0,99.2,31.2,34.0,34.0,52.82000000000001,,34.0,34.0,20.32,,34.0,34.0,21.58,,34.0,34.0,23.02,,34.0,34.0,30.54,,34.0,34.0,30.660000000000004,,34.0,34.0,39.67999999999999,,34.0,34.0,32.96,,34.0,34.0,32.620000000000005,,34.0,34.0,34.28,,34.0,34.0,38.94,,34.0,34.0,38.739999999999995,,34.0,34.0,74.78,,34.0,34.0,82.54,,34.0,34.0,45.18000000000001,,34.0,34.0,55.14,,34.0,34.0,70.1,,34.0,34.0,76.46,,34.0,34.0,72.28,,34.0,34.0,74.04,,34.0,34.0,50.42,,34.0,34.0,48.160000000000004,,34.0,0.26,2025-03-01 16:50:03,2025-03-01_ID0_NoPCS_Ta22_TskControl34_WinterClothing.csv,196,24.9,24.8,24.9,24.7,44.25,0.12,24.87,24.77
197,1320.0,34.0,37.3,,34.0,3.02,99.3,31.2,34.0,34.0,53.7,,34.0,34.0,18.659999999999997,,34.0,34.0,18.12,,34.0,34.0,19.74,,34.0,34.08,0.0,,34.08,34.0,3.1999999999999997,,34.0,34.54,0.0,,34.519999999999996,34.0,21.96,,34.0,34.0,29.3,,34.0,34.0,32.480000000000004,,34.0,34.0,37.64,,34.0,34.0,37.779999999999994,,34.0,34.0,71.26000000000002,,34.0,34.0,84.74,,34.0,34.0,43.74000000000001,,34.0,34.0,57.160000000000004,,34.0,34.0,36.699999999999996,,34.0,34.0,52.11999999999999,,34.0,34.0,70.24000000000001,,34.0,34.0,71.53999999999999,,34.0,34.0,48.67999999999999,,34.0,34.0,46.96,,34.0,0.22000000000000003,2025-03-01 17:17:48,2025-03-01_ID14_Heating pad (Koreal)_Level1_Position_Back_Ta22_TskControl34_WinterClothing.csv,197,25.0,24.9,25.0,24.8,35.04,0.13,24.97,24.54
198,4860.0,34.6,31.18,,34.6,3.4,99.9,31.9,34.6,34.0,49.67999999999999,,34.0,34.0,18.080000000000002,,34.0,34.0,6.2,,34.0,34.0,8.940000000000001,,34.0,37.14,0.0,,37.14,36.1,0.0,,36.1,38.760000000000005,0.0,,38.760000000000005,34.4,0.0,,34.4,34.0,25.340000000000003,,34.0,34.0,28.380000000000003,,34.0,34.0,36.2,,34.0,34.0,35.800000000000004,,34.0,34.0,68.58,,34.0,34.0,76.67999999999999,,34.0,34.0,36.86,,34.0,34.0,48.28000000000001,,34.0,34.0,20.4,,34.0,34.0,40.040000000000006,,34.0,34.0,66.0,,34.0,34.0,67.11999999999999,,34.0,34.0,46.14,,34.0,34.0,44.339999999999996,,34.0,0.33999999999999997,2025-03-01 18:41:13,2025-03-01_ID14_Heating pad (Koreal)_Level3_Position_Back_Ta22_TskControl34_WinterClothing.csv,198,25.3,25.3,25.4,25.3,30.23,0.09,25.37,24.65
199,1080.0,34.660000000000004,32.040000000000006,,34.660000000000004,3.4,99.9,31.98,34.660000000000004,34.0,50.379999999999995,,34.0,34.0,18.08,,34.0,34.0,4.42,,34.0,34.0,7.3,,34.0,37.44,0.0,,37.46,36.279999999999994,0.0,,36.279999999999994,39.18,0.0,,39.18,34.760000000000005,0.0,,34.760000000000005,34.0,25.240000000000002,,34.0,34.0,29.419999999999998,,34.0,34.0,36.4,,34.0,34.0,37.06,,34.0,34.0,69.66,,34.0,34.0,81.0,,34.0,34.0,36.4,,34.0,34.0,49.14,,34.0,34.0,25.939999999999998,,34.0,34.0,44.94,,34.0,34.0,66.92,,34.0,34.0,68.4,,34.0,34.0,46.239999999999995,,34.0,34.0,43.5,,34.0,0.2,2025-03-01 19:03:43,2025-03-01_ID14_Heating pad (Koreal)_Level4_Position_Back_Ta25_TskControl34_WinterClothing.csv,199,25.2,25.2,25.3,25.2,43.18,0.13,25.27,25.1
200,2160.0,34.9,29.78,,34.9,3.5,100.0,32.239999999999995,34.9,34.0,48.56,,34.0,34.0,17.880000000000003,,34.0,34.0,0.24,,34.0,34.0,3.5200000000000005,,34.0,38.519999999999996,0.0,,38.519999999999996,37.220000000000006,0.0,,37.220000000000006,40.86,0.0,,40.86,35.339999999999996,0.0,,35.339999999999996,34.0,24.380000000000003,,34.0,34.0,28.78,,34.0,34.0,37.06,,34.0,34.0,37.019999999999996,,34.0,34.0,69.14000000000001,,34.0,34.0,79.1,,34.0,34.0,34.46,,34.0,34.0,47.08,,34.0,34.0,10.84,,34.0,34.0,34.67999999999999,,34.0,34.0,67.22,,34.0,34.0,67.67999999999999,,34.0,34.0,46.0,,34.0,34.0,43.440000000000005,,34.0,0.16,2025-03-01 19:44:20,2025-03-01_ID14_Heating pad (Koreal)_Level6_Position_Back_Ta25_TskControl34_WinterClothing.csv,200,25.3,25.2,25.3,25.1,47.05,0.18,25.27,25.27
201,840.0,34.0,43.540000000000006,,34.0,3.0,99.2,31.2,34.0,34.0,52.68000000000001,,34.0,34.0,19.139999999999997,,34.0,34.0,16.520000000000003,,34.0,34.0,18.22,,34.0,34.0,24.020000000000003,,34.0,34.0,24.22,,34.0,34.0,31.68,,34.0,34.0,21.639999999999997,,34.0,34.0,29.380000000000003,,34.0,34.0,31.76,,34.0,34.0,37.7,,34.0,34.0,36.66,,34.0,34.0,69.12,,34.0,34.0,81.3,,34.0,34.0,41.2,,34.0,34.0,56.92,,34.0,34.0,64.74,,34.0,34.0,71.26,,34.0,34.0,69.16000000000001,,34.0,34.0,70.62,,34.0,34.0,47.46,,34.0,34.0,45.76,,34.0,0.26,2025-03-03 12:09:10,2025-03-03_ID0_NoPCS_Ta25_TskControl34_WinterClothing.csv,201,25.1,25.1,25.1,25.1,48.87,0.18,25.1,25.15
202,1380.0,34.0,42.260000000000005,,34.0,3.0,99.2,31.2,34.0,34.0,52.21999999999999,,34.0,34.0,19.5,,34.0,34.0,15.64,,34.0,34.0,17.46,,34.0,34.0,23.220000000000006,,34.0,34.0,23.56,,34.0,34.0,31.080000000000002,,34.0,34.0,19.660000000000004,,34.0,34.0,28.28,,34.0,34.0,31.119999999999997,,34.0,34.0,37.14,,34.0,34.0,34.92,,34.0,34.0,70.46,,34.0,34.0,82.26,,34.0,34.0,38.0,,34.0,34.0,53.779999999999994,,34.0,34.0,63.58,,34.0,34.0,71.55999999999999,,34.0,34.0,65.6,,34.0,34.0,67.0,,34.0,34.0,45.8,,34.0,34.0,44.559999999999995,,34.0,0.42000000000000004,2025-03-03 12:35:50,2025-03-03_ID15_Foot warmer (Essuntial)_Level1_Angle90_Distance100_Ta25_TskControl34_WinterClothing.csv,202,25.1,25.1,25.1,25.1,47.93,0.13,25.1,25.19
203,540.0,34.0,41.3,,34.0,3.0,99.2,31.2,34.0,34.0,52.04,,34.0,34.0,20.0,,34.0,34.0,15.020000000000001,,34.0,34.0,16.860000000000003,,34.0,34.0,22.419999999999998,,34.0,34.0,22.7,,34.0,34.0,30.919999999999998,,34.0,34.0,18.139999999999997,,34.0,34.0,28.419999999999998,,34.0,34.0,30.660000000000004,,34.0,34.0,37.44,,34.0,34.0,36.980000000000004,,34.0,34.0,67.8,,34.0,34.0,83.7,,34.0,34.0,40.1,,34.0,34.0,52.92,,34.0,34.0,59.36,,34.0,34.0,71.44000000000001,,34.0,34.0,61.5,,34.0,34.0,63.61999999999999,,34.0,34.0,43.160000000000004,,34.0,34.0,41.62,,34.0,0.3,2025-03-03 12:47:15,2025-03-03_ID15_Foot warmer (Essuntial)_Level4_Angle90_Distance100_Ta25_TskControl34_WinterClothing.csv,203,25.2,25.1,25.2,25.0,47.96,0.16,25.17,25.21
204,2100.0,34.0,40.7,,34.0,3.0,99.2,31.2,34.0,34.0,51.25999999999999,,34.0,34.0,18.240000000000002,,34.0,34.0,14.580000000000002,,34.0,34.0,16.240000000000002,,34.0,34.0,21.96,,34.0,34.0,22.119999999999997,,34.0,34.0,29.82,,34.0,34.0,16.9,,34.0,34.0,27.68,,34.0,34.0,29.880000000000003,,34.0,34.0,37.059999999999995,,34.0,34.0,36.54,,34.0,34.0,68.6,,34.0,34.0,83.7,,34.0,34.0,38.46,,34.0,34.0,54.02,,34.0,34.0,63.82000000000001,,34.0,34.0,72.46000000000001,,34.0,34.0,59.06,,34.0,34.0,61.0,,34.0,34.0,40.48,,34.0,34.0,38.98,,34.0,0.44000000000000006,2025-03-03 13:24:40,2025-03-03_ID15_Foot warmer (Essuntial)_Level5_Angle90_Distance100_Ta25_TskControl34_WinterClothing.csv,204,25.3,25.1,25.2,24.9,47.36,0.19,25.17,25.19
205,1560.0,34.0,38.86,,34.0,3.0,99.2,31.2,34.0,34.0,49.84,,34.0,34.0,19.04,,34.0,34.0,14.040000000000001,,34.0,34.0,15.819999999999999,,34.0,34.0,21.54,,34.0,34.0,21.36,,34.0,34.0,28.7,,34.0,34.0,16.139999999999997,,34.0,34.0,27.560000000000002,,34.0,34.0,29.540000000000003,,34.0,34.0,36.839999999999996,,34.0,34.0,36.279999999999994,,34.0,34.0,68.02000000000001,,34.0,34.0,81.32000000000001,,34.0,34.0,37.519999999999996,,34.0,34.0,52.620000000000005,,34.0,34.0,60.760000000000005,,34.0,34.0,70.14,,34.0,34.0,52.760000000000005,,34.0,34.0,55.0,,34.0,34.0,34.62,,34.0,34.0,35.2,,34.0,0.29999999999999993,2025-03-03 13:53:00,2025-03-03_ID15_Foot warmer (Essuntial)_Level8_Angle90_Distance100_Ta25_TskControl34_WinterClothing.csv,205,25.3,25.1,25.1,25.0,46.44,0.05,25.1,25.15
206,1320.0,34.0,34.760000000000005,,34.0,3.0,99.2,31.2,34.0,34.0,50.02,,34.0,34.0,18.96,,34.0,34.0,13.959999999999999,,34.0,34.0,15.040000000000001,,34.0,34.0,21.119999999999997,,34.0,34.0,20.28,,34.0,34.0,27.78,,34.0,34.0,13.24,,34.0,34.0,27.240000000000002,,34.0,34.0,29.52,,34.0,34.0,36.720000000000006,,34.0,34.0,34.36,,34.0,34.0,73.00000000000001,,34.0,34.0,78.88,,34.0,34.019999999999996,29.639999999999997,,34.0,34.0,48.02,,34.0,34.0,56.56,,34.0,34.0,67.46000000000001,,34.0,34.0,36.2,,34.0,34.0,37.34,,34.0,34.0,26.619999999999997,,34.0,34.0,25.4,,34.0,0.42000000000000004,2025-03-03 14:19:10,2025-03-03_ID16_Halogen heater (Goldair)_Low_Angle90_Distance100_Ta25_TskControl34_WinterClothing.csv,206,25.4,25.2,25.3,25.1,46.17,0.07,25.27,25.24
207,1260.0,34.0,27.660000000000004,,34.0,3.0,99.22,31.2,34.0,34.0,48.32,,34.0,34.0,18.64,,34.0,34.0,13.080000000000002,,34.0,34.0,14.9,,34.0,34.0,20.5,,34.0,34.0,20.340000000000003,,34.0,34.0,26.74,,34.0,34.0,10.680000000000001,,34.0,34.0,26.419999999999998,,34.0,34.0,27.46,,34.0,34.0,35.82000000000001,,34.0,34.0,34.120000000000005,,34.0,34.0,69.32000000000001,,34.0,34.0,82.1,,34.0,34.0,31.0,,34.0,34.0,41.32000000000001,,34.0,34.0,48.699999999999996,,34.0,34.0,60.4,,34.0,34.160000000000004,0.0,,34.160000000000004,34.120000000000005,0.0,,34.120000000000005,34.0,12.940000000000001,,34.0,34.0,12.040000000000001,,34.0,0.3,2025-03-03 14:42:50,2025-03-03_ID16_Halogen heater (Goldair)_High_Angle90_Distance100_Ta25_TskControl34_WinterClothing.csv,207,25.5,25.3,25.4,25.2,45.0,0.0,25.37,25.29
208,1260.0,34.0,35.66,,34.0,3.0,99.28,31.2,34.0,34.0,49.56,,34.0,34.0,19.119999999999997,,34.0,34.0,13.280000000000001,,34.0,34.0,15.039999999999997,,34.0,34.0,20.72,,34.0,34.0,22.159999999999997,,34.0,34.0,28.7,,34.0,34.0,15.1,,34.0,34.0,27.6,,34.0,34.0,29.52,,34.0,34.0,23.86,,34.0,34.0,9.559999999999999,,34.0,34.96,0.0,,34.94,34.0,11.0,,34.0,34.0,37.16,,34.0,34.0,48.14,,34.0,34.0,62.6,,34.0,34.0,70.92,,34.0,34.0,64.35999999999999,,34.0,34.0,64.58,,34.0,34.0,41.760000000000005,,34.0,34.0,38.92,,34.0,0.18,2025-03-03 15:20:10,2025-03-03_ID19_Hand warmer (desk mat)_Mid_Ta25_TskControl34_WinterClothing.csv,208,25.3,25.1,25.2,24.9,45.24,0.21,25.17,25.11
209,1140.0,34.0,36.18,,34.0,3.0,99.2,31.2,34.0,34.0,48.239999999999995,,34.0,34.0,17.880000000000003,,34.0,34.0,11.72,,34.0,34.0,14.319999999999999,,34.0,34.0,20.2,,34.0,34.0,21.72,,34.0,34.0,26.68,,34.0,34.0,14.3,,34.0,34.0,24.48,,34.0,34.0,28.48,,34.0,34.0,28.9,,34.0,34.0,26.52,,34.0,34.0,46.78,,34.0,34.0,69.78,,34.0,34.0,31.6,,34.0,34.0,41.04,,34.0,34.0,58.4,,34.0,34.0,64.3,,34.0,34.0,59.17999999999999,,34.0,34.0,59.18000000000001,,34.0,34.0,39.8,,34.0,34.0,38.4,,34.0,0.1,2025-03-03 15:49:35,2025-03-03_ID20_Desk fan heater_Low_Angle125_Distance90_Ta25_TskControl34_WinterClothing.csv,209,25.7,25.4,25.4,25.3,44.47,0.0,25.4,25.37
210,2820.0,34.0,37.18,,34.0,3.0,99.2,31.2,34.0,34.0,47.720000000000006,,34.0,34.0,17.12,,34.0,34.0,12.26,,34.0,34.0,13.74,,34.0,34.0,20.0,,34.0,34.0,21.979999999999997,,34.0,34.0,26.96,,34.0,34.0,14.7,,34.0,34.0,24.02,,34.0,34.0,27.3,,34.0,34.0,31.639999999999997,,34.0,34.0,30.380000000000003,,34.0,34.0,56.54,,34.0,34.0,79.96,,34.0,34.0,35.32000000000001,,34.0,34.0,44.720000000000006,,34.0,34.0,58.06,,34.0,34.0,61.94000000000001,,34.0,34.0,58.7,,34.0,34.0,59.7,,34.0,34.0,42.66,,34.0,34.0,39.58,,34.0,0.32,2025-03-03 16:39:45,2025-03-03_ID20_Desk fan heater_High_Angle125_Distance90_Ta25_TskControl34_WinterClothing.csv,210,25.8,25.4,25.4,25.2,44.21,0.05,25.4,25.37
211,1200.0,34.0,50.6,,34.0,3.0,99.2,31.2,34.0,34.0,54.160000000000004,,34.0,34.0,19.119999999999997,,34.0,34.0,23.48,,34.0,34.0,25.18,,34.0,34.0,31.78,,34.0,34.0,31.8,,34.0,34.0,42.44,,34.0,34.0,37.48,,34.0,34.0,34.17999999999999,,34.0,34.0,36.419999999999995,,34.0,34.0,39.58,,34.0,34.0,39.66,,34.0,34.0,74.58,,34.0,34.0,81.76000000000002,,34.0,34.0,48.04,,34.0,34.0,62.879999999999995,,34.0,34.0,73.58,,34.0,34.0,80.08000000000001,,34.0,34.0,72.32,,34.0,34.0,72.14,,34.0,34.0,73.4,,34.0,34.0,70.44000000000001,,34.0,0.24,2025-03-04 10:34:36,2025-03-04_ID0_NoPCS_Ta25_TskControl34_WinterClothingWithoutShoes.csv,211,25.1,25.0,25.0,25.0,63.95,0.05,25.0,25.76
212,8460.0,34.6,38.940000000000005,,34.6,3.4,99.9,32.0,34.6,34.0,50.92,,34.0,34.0,18.9,,34.0,34.0,15.180000000000001,,34.0,34.0,16.66,,34.0,34.0,23.859999999999996,,34.0,34.0,22.48,,34.0,34.0,29.04,,34.0,34.0,17.880000000000003,,34.0,34.0,29.179999999999996,,34.0,34.0,31.359999999999996,,34.0,34.0,37.900000000000006,,34.0,34.0,37.16,,34.0,34.0,70.22,,34.0,34.0,77.46,,34.0,34.0,42.7,,34.0,34.0,54.48,,34.0,34.0,65.56000000000002,,34.0,34.0,75.92,,34.0,34.0,59.3,,34.0,34.0,59.61999999999999,,34.0,45.18000000000001,0.0,,45.2,43.86,0.0,,43.86,0.12000000000000002,2025-03-04 13:02:31,2025-03-04_ID17_Foot warmer (lomitech)_Low_Ta25_TskControl34_WinterClothingWithoutShoes.csv,212,25.2,25.0,25.1,24.9,53.88,0.0,25.07,25.29
213,9542.0,34.8,38.339999999999996,,34.8,3.5,100.0,32.160000000000004,34.8,34.0,50.17999999999999,,34.0,34.0,18.359999999999996,,34.0,34.0,14.559999999999999,,34.0,34.0,16.740000000000002,,34.0,34.0,20.82,,34.0,34.0,23.1,,34.0,34.0,28.759999999999998,,34.0,34.0,16.659999999999997,,34.0,34.0,28.68,,34.0,34.0,30.379999999999995,,34.0,34.0,37.8,,34.0,34.0,37.6,,34.0,34.0,68.54,,34.0,34.0,78.78,,34.0,34.0,42.1,,34.0,34.0,54.02,,34.0,34.0,66.76,,34.0,34.0,74.78,,34.0,34.0,56.64,,34.0,34.0,58.0,,34.0,47.6,0.0,,47.6,46.38,0.0,,46.38,0.3,2025-03-04 14:27:21,2025-03-04_ID17_Foot warmer (lomitech)_Mid_Ta25_TskControl34_WinterClothingWithoutShoes.csv,213,25.1,24.9,25.0,24.8,51.48,0.04,24.97,25.08
214,86702.0,34.0,46.2,,34.0,3.0,99.2,31.2,34.0,34.0,52.06,,34.0,34.0,19.419999999999998,,34.0,34.0,17.82,,34.0,34.0,17.779999999999998,,34.0,34.0,26.4,,34.0,34.0,26.340000000000003,,34.0,34.0,33.279999999999994,,34.0,34.0,24.22,,34.0,34.0,30.339999999999996,,34.0,34.0,33.98,,34.0,34.0,38.36,,34.0,34.0,36.82,,34.0,34.0,74.82000000000001,,34.0,34.0,81.79999999999998,,34.0,34.0,43.92,,34.0,34.0,59.260000000000005,,34.0,34.0,66.1,,34.0,34.0,74.24,,34.0,34.0,68.24000000000001,,34.0,34.0,67.28,,34.0,34.0,71.98,,34.0,34.0,72.78,,34.0,0.33999999999999997,2025-03-05 11:53:23,2025-03-05_ID0_NoPCS_Ta25_TskControl34_WinterClothingWithoutShoes.csv,214,24.9,24.9,24.9,24.9,56.64,0.11,24.9,25.28
215,88262.0,34.0,45.08,,34.0,3.0,99.2,31.2,34.0,34.0,51.279999999999994,,34.0,34.0,19.040000000000003,,34.0,34.0,16.759999999999998,,34.0,34.0,19.98,,34.0,34.0,24.78,,34.0,34.0,24.96,,34.0,34.0,31.820000000000004,,34.0,34.0,20.98,,34.0,34.0,29.439999999999998,,34.0,34.0,33.660000000000004,,34.0,34.0,37.9,,34.0,34.0,38.379999999999995,,34.0,34.0,73.14,,34.0,34.0,84.67999999999999,,34.0,34.0,42.42,,34.0,34.0,57.959999999999994,,34.0,34.0,64.86,,34.0,34.0,72.67999999999999,,34.0,34.0,66.68,,34.0,34.0,67.52000000000001,,34.0,34.0,65.73999999999998,,34.0,34.0,67.02000000000001,,34.0,0.14,2025-03-05 12:19:23,2025-03-05_ID18_Foot warmer (Hodeamy)_Level1_Ta25_TskControl34_WinterClothingWithoutShoes.csv,215,25.0,24.9,24.9,24.8,54.88,0.12,24.9,25.21
216,90722.0,34.0,39.5,,34.0,3.0,99.2,31.2,34.0,34.0,50.94,,34.0,34.0,19.060000000000002,,34.0,34.0,15.02,,34.0,34.0,17.22,,34.0,34.0,29.1,,34.0,34.0,23.360000000000003,,34.0,34.0,30.360000000000003,,34.0,34.0,18.5,,34.0,34.0,28.619999999999997,,34.0,34.0,30.439999999999998,,34.0,34.0,37.88,,34.0,34.0,36.92,,34.0,34.0,70.92,,34.0,34.0,80.64,,34.0,34.0,41.9,,34.0,34.0,53.839999999999996,,34.0,34.0,61.86,,34.0,34.0,70.16,,34.0,34.0,63.48,,34.0,34.0,65.16,,34.0,34.0,1.5,,34.0,34.0,3.28,,34.0,0.21999999999999997,2025-03-05 13:00:23,2025-03-05_ID18_Foot warmer (Hodeamy)_Level4_Ta25_TskControl34_WinterClothingWithoutShoes.csv,216,25.1,25.0,25.0,24.9,54.2,0.17,25.0,25.29
217,94682.0,34.1,38.36,,34.1,3.1,99.4,31.3,34.1,34.0,51.279999999999994,,34.0,34.0,17.34,,34.0,34.0,14.719999999999999,,34.0,34.0,15.960000000000003,,34.0,34.0,22.580000000000002,,34.0,34.0,22.88,,34.0,34.0,29.440000000000005,,34.0,34.0,15.86,,34.0,34.0,28.160000000000004,,34.0,34.0,30.939999999999998,,34.0,34.0,37.06,,34.0,34.0,37.50000000000001,,34.0,34.0,70.4,,34.0,34.0,79.58,,34.0,34.0,40.7,,34.0,34.0,54.839999999999996,,34.0,34.0,60.8,,34.0,34.0,68.28,,34.0,34.0,62.760000000000005,,34.0,34.0,63.1,,34.0,35.7,0.0,,35.7,35.1,0.0,,35.1,0.5800000000000001,2025-03-05 14:06:23,2025-03-05_ID18_Foot warmer (Hodeamy)_Level5_Ta25_TskControl34_WinterClothingWithoutShoes.csv,217,25.0,25.0,25.0,25.0,51.12,0.07,25.0,25.14
