ID,PCS_name,Level,Angle,Distance,Ta,Control method,Reference_time,Condition_without_PCS,Condition_with_PCS,Delta_P_All,Delta_P_Crown,Delta_P_Head,Delta_P_Left Chest,Delta_P_Right Chest,Delta_P_Left Back,Delta_P_Right Back,Delta_P_Abdomen,Delta_P_Buttocks,Delta_P_Left Upper Arm,Delta_P_Right Upper Arm,Delta_P_Left Forearm,Delta_P_Right Forearm,Delta_P_Left Hand,Delta_P_Right Hand,Delta_P_Left Front Thigh,Delta_P_Right Front Thigh,Delta_P_Left Back Thigh,Delta_P_Right Back Thigh,Delta_P_Left Lower Leg,Delta_P_Right Lower Leg,Delta_P_Left Foot,Delta_P_Right Foot,PCS_Ta,PCS_MRT,PCS_RH,PCS_V,PCS_ET,PCS_Tsk_All,PCS_Tsk_Crown,PCS_Tsk_Head,PCS_Tsk_Left Chest,PCS_Tsk_Right Chest,PCS_Tsk_Left Back,PCS_Tsk_Right Back,PCS_Tsk_Abdomen,PCS_Tsk_Buttocks,PCS_Tsk_Left Upper Arm,PCS_Tsk_Right Upper Arm,PCS_Tsk_Left Forearm,PCS_Tsk_Right Forearm,PCS_Tsk_Left Hand,PCS_Tsk_Right Hand,PCS_Tsk_Left Front Thigh,PCS_Tsk_Right Front Thigh,PCS_Tsk_Left Back Thigh,PCS_Tsk_Right Back Thigh,PCS_Tsk_Left Lower Leg,PCS_Tsk_Right Lower Leg,PCS_Tsk_Left Foot,PCS_Tsk_Right Foot,PCS_P_All,PCS_P_Crown,PCS_P_Head,PCS_P_Left Chest,PCS_P_Right Chest,PCS_P_Left Back,PCS_P_Right Back,PCS_P_Abdomen,PCS_P_Buttocks,PCS_P_Left Upper Arm,PCS_P_Right Upper Arm,PCS_P_Left Forearm,PCS_P_Right Forearm,PCS_P_Left Hand,PCS_P_Right Hand,PCS_P_Left Front Thigh,PCS_P_Right Front Thigh,PCS_P_Left Back Thigh,PCS_P_Right Back Thigh,PCS_P_Left Lower Leg,PCS_P_Right Lower Leg,PCS_P_Left Foot,PCS_P_Right Foot,Baseline_Ta,Baseline_MRT,Baseline_RH,Baseline_V,Baseline_ET,Baseline_Tsk_All,Baseline_Tsk_Crown,Baseline_Tsk_Head,Baseline_Tsk_Left Chest,Baseline_Tsk_Right Chest,Baseline_Tsk_Left Back,Baseline_Tsk_Right Back,Baseline_Tsk_Abdomen,Baseline_Tsk_Buttocks,Baseline_Tsk_Left Upper Arm,Baseline_Tsk_Right Upper Arm,Baseline_Tsk_Left Forearm,Baseline_Tsk_Right Forearm,Baseline_Tsk_Left Hand,Baseline_Tsk_Right Hand,Baseline_Tsk_Left Front Thigh,Baseline_Tsk_Right Front Thigh,Baseline_Tsk_Left Back Thigh,Baseline_Tsk_Right Back Thigh,Baseline_Tsk_Left Lower Leg,Baseline_Tsk_Right Lower Leg,Baseline_Tsk_Left Foot,Baseline_Tsk_Right Foot,Baseline_P_All,Baseline_P_Crown,Baseline_P_Head,Baseline_P_Left Chest,Baseline_P_Right Chest,Baseline_P_Left Back,Baseline_P_Right Back,Baseline_P_Abdomen,Baseline_P_Buttocks,Baseline_P_Left Upper Arm,Baseline_P_Right Upper Arm,Baseline_P_Left Forearm,Baseline_P_Right Forearm,Baseline_P_Left Hand,Baseline_P_Right Hand,Baseline_P_Left Front Thigh,Baseline_P_Right Front Thigh,Baseline_P_Left Back Thigh,Baseline_P_Right Back Thigh,Baseline_P_Left Lower Leg,Baseline_P_Right Lower Leg,Baseline_P_Left Foot,Baseline_P_Right Foot
1,Small desk fan (grey),Mid,135.0,60.0,25,TskControl34,2025-02-01 16:59:14,2025-02-01_ID0_NoPCS_Ta25_TskControl34.csv,2025-02-01_ID1_Small desk fan (grey)_Mid_Angle135_Distance60_Ta25_TskControl34.csv,0.19666666666667965,13.333333333333343,1.2866666666666653,-0.39666666666666117,-0.93333333333333,0.5033333333333303,0.6666666666666785,-0.8133333333333326,-1.9533333333333402,-0.10000000000000142,-0.4366666666666674,6.273333333333326,2.219999999999999,11.179999999999993,1.9866666666666788,-2.1199999999999974,-2.229999999999997,0.3900000000000148,1.4833333333333485,-4.236666666666686,-3.153333333333343,-3.9299999999999926,-0.8333333333333286,25.0,25.3,62.34,0.04,25.93,34.0,34.0,34.0,34.0,34.0,34.0,34.0,34.0,34.0,34.0,34.0,34.0,34.0,34.0,34.0,34.0,34.0,34.0,34.0,34.0,34.0,34.0,34.0,53.616666666666674,62.23333333333334,19.366666666666667,26.983333333333334,30.16666666666667,37.083333333333336,41.66666666666667,55.666666666666664,32.36666666666667,44.6,54.083333333333336,64.63333333333333,76.5,109.0,88.96666666666668,55.300000000000004,60.15,68.45,71.18333333333335,62.58333333333332,62.76666666666666,44.85,44.46666666666667,24.8,25.4,62.29,0.26,25.78,34.0,34.0,34.0,34.0,34.0,34.0,34.0,34.0,34.0,34.0,34.0,34.0,34.0,34.0,34.0,34.0,34.0,34.0,34.0,34.0,34.0,34.0,34.0,53.419999999999995,48.9,18.080000000000002,27.379999999999995,31.1,36.580000000000005,40.99999999999999,56.48,34.32000000000001,44.7,54.52,58.36,74.28,97.82000000000001,86.98,57.42,62.379999999999995,68.05999999999999,69.7,66.82000000000001,65.92,48.779999999999994,45.3
1,Small desk fan (grey),High,135.0,60.0,25,TskControl34,2025-02-01 17:18:14,2025-02-01_ID0_NoPCS_Ta25_TskControl34.csv,2025-02-01_ID1_Small desk fan (grey)_High_Angle135_Distance60_Ta25_TskControl34.csv,1.0466666666666669,39.93333333333333,2.1533333333333324,1.503333333333341,0.26666666666666217,0.5033333333333303,2.2333333333333343,-3.029999999999987,-3.136666666666674,1.4499999999999957,-2.4866666666666717,7.7733333333333405,0.7533333333333303,11.329999999999984,1.5533333333333132,-0.9200000000000017,-3.829999999999991,1.006666666666689,0.06666666666666288,-4.5033333333333445,-1.9533333333333331,-3.8633333333333297,-0.4833333333333343,25.2,25.2,62.78,0.18,25.99,34.0,34.0,34.0,34.0,34.0,34.0,34.0,34.0,34.0,34.0,34.0,34.0,34.0,34.0,34.0,34.0,34.0,34.0,34.0,34.0,34.0,34.0,34.0,54.46666666666666,88.83333333333333,20.233333333333334,28.883333333333336,31.366666666666664,37.083333333333336,43.23333333333333,53.45000000000001,31.183333333333334,46.15,52.03333333333333,66.13333333333334,75.03333333333333,109.14999999999999,88.53333333333332,56.5,58.550000000000004,69.06666666666668,69.76666666666667,62.31666666666666,63.96666666666667,44.916666666666664,44.81666666666666,24.8,25.4,62.29,0.26,25.78,34.0,34.0,34.0,34.0,34.0,34.0,34.0,34.0,34.0,34.0,34.0,34.0,34.0,34.0,34.0,34.0,34.0,34.0,34.0,34.0,34.0,34.0,34.0,53.419999999999995,48.9,18.080000000000002,27.379999999999995,31.1,36.580000000000005,40.99999999999999,56.48,34.32000000000001,44.7,54.52,58.36,74.28,97.82000000000001,86.98,57.42,62.379999999999995,68.05999999999999,69.7,66.82000000000001,65.92,48.779999999999994,45.3
1,Small desk fan (grey),Low,135.0,60.0,25,TskControl34,2025-02-01 16:44:44,2025-02-01_ID0_NoPCS_Ta25_TskControl34.csv,2025-02-01_ID1_Small desk fan (grey)_Low_Angle135_Distance60_Ta25_TskControl34.csv,0.44000000000000483,9.839999999999996,1.1599999999999966,-0.1599999999999966,0.01999999999999602,0.8599999999999923,0.8600000000000065,0.020000000000003126,-0.18000000000000682,-0.759999999999998,-0.480000000000004,5.260000000000005,-0.6000000000000085,8.119999999999976,3.4200000000000017,-1.5999999999999943,0.10000000000000142,0.6200000000000045,1.3199999999999932,-4.160000000000004,-1.4599999999999937,-2.6599999999999966,0.12000000000000455,25.0,25.1,60.78,0.03,25.76,34.0,34.0,34.0,34.0,34.0,34.0,34.0,34.0,34.0,34.0,34.0,34.0,34.0,34.0,34.0,34.0,34.0,34.0,34.0,34.0,34.0,34.0,34.0,53.86,58.739999999999995,19.24,27.22,31.119999999999997,37.44,41.86,56.5,34.14,43.940000000000005,54.04,63.620000000000005,73.67999999999999,105.93999999999998,90.4,55.82000000000001,62.48,68.67999999999999,71.02,62.660000000000004,64.46000000000001,46.12,45.42,24.8,25.4,62.29,0.26,25.78,34.0,34.0,34.0,34.0,34.0,34.0,34.0,34.0,34.0,34.0,34.0,34.0,34.0,34.0,34.0,34.0,34.0,34.0,34.0,34.0,34.0,34.0,34.0,53.419999999999995,48.9,18.080000000000002,27.379999999999995,31.1,36.580000000000005,40.99999999999999,56.48,34.32000000000001,44.7,54.52,58.36,74.28,97.82000000000001,86.98,57.42,62.379999999999995,68.05999999999999,69.7,66.82000000000001,65.92,48.779999999999994,45.3
1,Small desk fan (grey),Mid,135.0,60.0,22,TskControl34,2025-02-19 14:25:28,2025-02-19_ID0_NoPCS_Ta22_TskControl34.csv,2025-02-19_ID1_Small desk fan (grey)_Mid_Angle135_Distance60_Ta22_TskControl34.csv,0.7399999999999949,31.580000000000013,2.8799999999999955,-0.03999999999999204,-1.779999999999994,-0.5399999999999991,-0.6400000000000077,0.0,-0.9999999999999929,0.020000000000010232,-1.7999999999999972,3.299999999999997,1.9599999999999937,9.060000000000016,7.359999999999985,-2.239999999999995,-5.159999999999997,-1.5,-1.3000000000000114,-0.7799999999999727,-1.2199999999999847,-0.8400000000000034,0.0800000000000125,22.3,22.3,12.88,0.08,21.77,34.0,34.0,34.0,34.0,34.0,34.0,34.0,34.0,34.0,34.0,34.0,34.0,34.0,34.0,34.0,34.0,34.0,34.0,34.0,34.0,34.0,34.0,34.0,74.16,104.32000000000001,23.419999999999998,38.50000000000001,42.64,47.44,51.059999999999995,72.7,45.24,64.88,70.0,87.82000000000001,98.08,134.24,120.88,77.56,84.88000000000001,99.1,97.82,90.08000000000001,93.84,63.239999999999995,64.34,22.1,22.3,9.94,0.1,21.74,34.0,34.0,34.0,34.0,34.0,34.0,34.0,34.0,34.0,34.0,34.0,34.0,34.0,34.0,34.0,34.0,34.0,34.0,34.0,34.0,34.0,34.0,34.0,73.42,72.74,20.540000000000003,38.54,44.419999999999995,47.98,51.7,72.7,46.239999999999995,64.85999999999999,71.8,84.52000000000001,96.12,125.17999999999999,113.52000000000001,79.8,90.04,100.6,99.12,90.85999999999999,95.05999999999999,64.08,64.25999999999999
1,Small desk fan (grey),High,135.0,60.0,22,TskControl34,2025-02-19 14:44:08,2025-02-19_ID0_NoPCS_Ta22_TskControl34.csv,2025-02-19_ID1_Small desk fan (grey)_High_Angle135_Distance60_Ta22_TskControl34.csv,0.7999999999999972,42.42,3.719999999999999,0.9399999999999977,-2.1400000000000006,-0.38000000000000256,-0.4799999999999969,-0.23999999999999488,-1.039999999999992,-0.07999999999998408,-3.6799999999999926,4.679999999999978,3.799999999999983,16.019999999999996,10.879999999999995,-1.6799999999999926,-6.700000000000003,-3.4200000000000017,-4.719999999999999,-3.359999999999971,-2.4599999999999937,-1.2800000000000011,-0.8999999999999986,22.2,22.3,25.63,0.06,21.95,34.0,34.0,34.0,34.0,34.0,34.0,34.0,34.0,34.0,34.0,34.0,34.0,34.0,34.0,34.0,34.0,34.0,34.0,34.0,34.0,34.0,34.0,34.0,74.22,115.16,24.26,39.48,42.279999999999994,47.599999999999994,51.220000000000006,72.46000000000001,45.2,64.78,68.12,89.19999999999999,99.91999999999999,141.2,124.4,78.12,83.34,97.17999999999999,94.4,87.50000000000001,92.6,62.8,63.35999999999999,22.1,22.3,9.94,0.1,21.74,34.0,34.0,34.0,34.0,34.0,34.0,34.0,34.0,34.0,34.0,34.0,34.0,34.0,34.0,34.0,34.0,34.0,34.0,34.0,34.0,34.0,34.0,34.0,73.42,72.74,20.540000000000003,38.54,44.419999999999995,47.98,51.7,72.7,46.239999999999995,64.85999999999999,71.8,84.52000000000001,96.12,125.17999999999999,113.52000000000001,79.8,90.04,100.6,99.12,90.85999999999999,95.05999999999999,64.08,64.25999999999999
1,Small desk fan (grey),Low,135.0,60.0,22,TskControl34,2025-02-19 14:06:18,2025-02-19_ID0_NoPCS_Ta22_TskControl34.csv,2025-02-19_ID1_Small desk fan (grey)_Low_Angle135_Distance60_Ta22_TskControl34.csv,1.4599999999999937,26.080000000000013,2.419999999999998,0.5799999999999983,-0.6400000000000006,-0.09999999999999432,0.6999999999999957,1.1200000000000045,0.960000000000008,0.020000000000010232,-0.6400000000000006,2.759999999999991,1.4200000000000017,12.000000000000014,2.4399999999999977,0.6400000000000148,-1.1200000000000045,-0.1799999999999926,0.0799999999999983,-0.6599999999999682,-0.37999999999998124,-0.3399999999999892,-0.21999999999999886,22.1,22.2,22.97,0.0,21.82,34.0,34.0,34.0,34.0,34.0,34.0,34.0,34.0,34.0,34.0,34.0,34.0,34.0,34.0,34.0,34.0,34.0,34.0,34.0,34.0,34.0,34.0,34.0,74.88,98.82000000000001,22.96,39.12,43.779999999999994,47.88,52.4,73.82000000000001,47.2,64.88,71.16,87.28,97.54,137.18,115.96000000000001,80.44000000000001,88.92,100.42,99.2,90.20000000000002,94.68,63.74000000000001,64.03999999999999,22.1,22.3,9.94,0.1,21.74,34.0,34.0,34.0,34.0,34.0,34.0,34.0,34.0,34.0,34.0,34.0,34.0,34.0,34.0,34.0,34.0,34.0,34.0,34.0,34.0,34.0,34.0,34.0,73.42,72.74,20.540000000000003,38.54,44.419999999999995,47.98,51.7,72.7,46.239999999999995,64.85999999999999,71.8,84.52000000000001,96.12,125.17999999999999,113.52000000000001,79.8,90.04,100.6,99.12,90.85999999999999,95.05999999999999,64.08,64.25999999999999
2,Small desk fan (black),Mid (On-Off),135.0,60.0,22,TskControl34,2025-02-19 15:36:03,2025-02-19_ID0_NoPCS_Ta22_TskControl34.csv,2025-02-19_ID2_Small desk fan (black)_Mid (On-Off)_Angle135_Distance60_Ta22_TskControl34.csv,-0.480000000000004,22.019999999999996,-0.879999999999999,0.46000000000000085,-0.4399999999999977,-1.0599999999999952,-3.1600000000000037,-3.480000000000004,-2.259999999999998,0.14000000000001478,-2.6799999999999926,6.060000000000002,5.3799999999999955,12.980000000000032,11.299999999999969,-3.0,-1.9800000000000182,-6.219999999999999,-10.300000000000011,-3.239999999999995,0.05999999999998806,-0.6000000000000014,0.09999999999999432,22.2,22.4,32.6,0.13,22.06,34.0,34.0,34.0,34.0,34.0,34.0,34.0,34.0,34.0,34.0,34.0,34.0,34.0,34.0,34.0,34.0,34.0,34.0,34.0,34.0,34.0,34.0,34.0,72.94,94.75999999999999,19.660000000000004,39.0,43.98,46.92,48.54,69.22,43.98,65.0,69.12,90.58000000000001,101.5,138.16000000000003,124.81999999999998,76.8,88.05999999999999,94.38,88.82,87.61999999999999,95.11999999999998,63.48,64.35999999999999,22.1,22.3,9.94,0.1,21.74,34.0,34.0,34.0,34.0,34.0,34.0,34.0,34.0,34.0,34.0,34.0,34.0,34.0,34.0,34.0,34.0,34.0,34.0,34.0,34.0,34.0,34.0,34.0,73.42,72.74,20.540000000000003,38.54,44.419999999999995,47.98,51.7,72.7,46.239999999999995,64.85999999999999,71.8,84.52000000000001,96.12,125.17999999999999,113.52000000000001,79.8,90.04,100.6,99.12,90.85999999999999,95.05999999999999,64.08,64.25999999999999
2,Small desk fan (black),Mid (On-Off),135.0,60.0,25,TskControl34,2025-02-01 17:37:44,2025-02-01_ID0_NoPCS_Ta25_TskControl34.csv,2025-02-01_ID2_Small desk fan (black)_Mid (On-Off)_Angle135_Distance60_Ta25_TskControl34.csv,0.9000000000000128,12.600000000000001,-2.6400000000000006,1.0800000000000054,3.1000000000000014,0.8799999999999955,0.6000000000000085,-1.5999999999999872,-2.9000000000000092,0.3999999999999915,1.279999999999994,9.540000000000006,8.039999999999992,18.459999999999994,13.420000000000002,-2.020000000000003,-1.6999999999999886,1.720000000000013,0.5399999999999778,-5.160000000000004,-2.940000000000005,-5.579999999999998,-1.29999999999999,25.1,25.4,64.76,0.08,26.08,34.0,34.0,34.0,34.0,34.0,34.0,34.0,34.0,34.0,34.0,34.0,34.0,34.0,34.0,34.0,34.0,34.0,34.0,34.0,34.0,34.0,34.0,34.0,54.32000000000001,61.5,15.440000000000001,28.46,34.2,37.46,41.6,54.88000000000001,31.419999999999998,45.099999999999994,55.8,67.9,82.32,116.28,100.4,55.4,60.68000000000001,69.78,70.23999999999998,61.660000000000004,62.98,43.199999999999996,44.00000000000001,24.8,25.4,62.29,0.26,25.78,34.0,34.0,34.0,34.0,34.0,34.0,34.0,34.0,34.0,34.0,34.0,34.0,34.0,34.0,34.0,34.0,34.0,34.0,34.0,34.0,34.0,34.0,34.0,53.419999999999995,48.9,18.080000000000002,27.379999999999995,31.1,36.580000000000005,40.99999999999999,56.48,34.32000000000001,44.7,54.52,58.36,74.28,97.82000000000001,86.98,57.42,62.379999999999995,68.05999999999999,69.7,66.82000000000001,65.92,48.779999999999994,45.3
3,Midiam evaporative cooler (purple),Level3,135.0,60.0,22,TskControl34,2025-02-19 18:42:23,2025-02-19_ID0_NoPCS_Ta22_TskControl34.csv,2025-02-19_ID3_Midiam evaporative cooler (purple)_Level3_Angle135_Distance60_Ta22_TskControl34.csv,-0.6400000000000006,55.079999999999984,0.4799999999999969,0.7999999999999972,-1.999999999999993,-1.4199999999999946,-2.1799999999999997,-3.940000000000012,-2.3999999999999986,-1.1199999999999903,-4.240000000000009,0.3199999999999932,2.519999999999996,0.7600000000000193,7.5800000000000125,-2.8200000000000074,-3.260000000000005,-7.280000000000001,-13.38000000000001,-3.6399999999999864,-1.1799999999999926,-0.8599999999999923,-0.4199999999999804,22.2,22.2,34.7,0.07,22.09,34.0,34.0,34.0,34.0,34.0,34.0,34.0,34.0,34.0,34.0,34.0,34.0,34.0,34.0,34.0,34.0,34.0,34.0,34.0,34.0,34.0,34.0,34.0,72.78,127.81999999999998,21.02,39.339999999999996,42.42,46.56,49.52,68.75999999999999,43.839999999999996,63.739999999999995,67.55999999999999,84.84,98.64,125.94000000000001,121.10000000000002,76.97999999999999,86.78,93.32,85.74,87.22,93.88,63.220000000000006,63.84000000000001,22.1,22.3,9.94,0.1,21.74,34.0,34.0,34.0,34.0,34.0,34.0,34.0,34.0,34.0,34.0,34.0,34.0,34.0,34.0,34.0,34.0,34.0,34.0,34.0,34.0,34.0,34.0,34.0,73.42,72.74,20.540000000000003,38.54,44.419999999999995,47.98,51.7,72.7,46.239999999999995,64.85999999999999,71.8,84.52000000000001,96.12,125.17999999999999,113.52000000000001,79.8,90.04,100.6,99.12,90.85999999999999,95.05999999999999,64.08,64.25999999999999
3,Midiam evaporative cooler (purple),Level2,135.0,60.0,22,TskControl34,2025-02-19 16:44:58,2025-02-19_ID0_NoPCS_Ta22_TskControl34.csv,2025-02-19_ID3_Midiam evaporative cooler (purple)_Level2_Angle135_Distance60_Ta22_TskControl34.csv,-1.279999999999987,39.520000000000024,-1.2800000000000047,0.36000000000000654,-1.759999999999991,-1.29999999999999,-2.0,-3.5,-1.6399999999999935,-0.8999999999999844,-3.6399999999999864,0.47999999999998977,0.29999999999999716,-0.12000000000000455,2.1999999999999886,-1.7999999999999972,-5.180000000000007,-12.739999999999995,-7.640000000000015,-2.819999999999979,-1.4399999999999835,1.8399999999999892,-0.5399999999999849,22.2,22.4,10.7,0.1,21.82,34.0,34.0,34.0,34.0,34.0,34.0,34.0,34.0,34.0,34.0,34.0,34.0,34.0,34.0,34.0,34.0,34.0,34.0,34.0,34.0,34.0,34.0,34.0,72.14000000000001,112.26000000000002,19.259999999999998,38.900000000000006,42.660000000000004,46.68000000000001,49.7,69.2,44.6,63.96,68.16000000000001,85.0,96.42,125.05999999999999,115.72,78.0,84.86,87.86,91.47999999999999,88.04,93.62,65.91999999999999,63.720000000000006,22.1,22.3,9.94,0.1,21.74,34.0,34.0,34.0,34.0,34.0,34.0,34.0,34.0,34.0,34.0,34.0,34.0,34.0,34.0,34.0,34.0,34.0,34.0,34.0,34.0,34.0,34.0,34.0,73.42,72.74,20.540000000000003,38.54,44.419999999999995,47.98,51.7,72.7,46.239999999999995,64.85999999999999,71.8,84.52000000000001,96.12,125.17999999999999,113.52000000000001,79.8,90.04,100.6,99.12,90.85999999999999,95.05999999999999,64.08,64.25999999999999
3,Midiam evaporative cooler (purple),Level1,135.0,60.0,22,TskControl34,2025-02-19 15:56:03,2025-02-19_ID0_NoPCS_Ta22_TskControl34.csv,2025-02-19_ID3_Midiam evaporative cooler (purple)_Level1_Angle135_Distance60_Ta22_TskControl34.csv,-1.6400000000000006,13.700000000000003,-0.740000000000002,-1.4399999999999906,-2.999999999999993,-0.6199999999999974,-1.8400000000000034,-3.660000000000011,-1.759999999999991,-1.319999999999986,-3.519999999999996,0.7199999999999989,-0.020000000000010232,1.6400000000000148,2.019999999999996,-2.8799999999999955,-3.4599999999999937,-2.480000000000004,-8.719999999999999,-2.079999999999984,-2.319999999999979,-0.21999999999999886,-0.79999999999999,22.1,22.5,13.97,0.15,21.79,34.0,34.0,34.0,34.0,34.0,34.0,34.0,34.0,34.0,34.0,34.0,34.0,34.0,34.0,34.0,34.0,34.0,34.0,34.0,34.0,34.0,34.0,34.0,71.78,86.44,19.8,37.10000000000001,41.42,47.36,49.86,69.03999999999999,44.480000000000004,63.54,68.28,85.24000000000001,96.1,126.82000000000001,115.54,76.92,86.58000000000001,98.11999999999999,90.4,88.78,92.74000000000001,63.86,63.46,22.1,22.3,9.94,0.1,21.74,34.0,34.0,34.0,34.0,34.0,34.0,34.0,34.0,34.0,34.0,34.0,34.0,34.0,34.0,34.0,34.0,34.0,34.0,34.0,34.0,34.0,34.0,34.0,73.42,72.74,20.540000000000003,38.54,44.419999999999995,47.98,51.7,72.7,46.239999999999995,64.85999999999999,71.8,84.52000000000001,96.12,125.17999999999999,113.52000000000001,79.8,90.04,100.6,99.12,90.85999999999999,95.05999999999999,64.08,64.25999999999999
3,Midiam evaporative cooler (purple),Level4,135.0,60.0,22,TskControl34,2025-02-19 19:01:43,2025-02-19_ID0_NoPCS_Ta22_TskControl34.csv,2025-02-19_ID3_Midiam evaporative cooler (purple)_Level4_Angle135_Distance60_Ta22_TskControl34.csv,-0.7400000000000091,70.90000000000002,2.1999999999999957,1.4799999999999969,-1.7199999999999918,-0.4399999999999977,-2.979999999999997,-4.52000000000001,-3.4399999999999977,-1.7199999999999847,-6.140000000000001,-0.8000000000000114,1.460000000000008,-0.5,12.059999999999988,-4.099999999999994,-6.019999999999996,-8.719999999999999,-13.0,-4.839999999999989,-3.539999999999978,-0.8999999999999915,-1.4999999999999858,22.2,22.3,29.55,0.02,22.01,34.0,34.0,34.0,34.0,34.0,34.0,34.0,34.0,34.0,34.0,34.0,34.0,34.0,34.0,34.0,34.0,34.0,34.0,34.0,34.0,34.0,34.0,34.0,72.67999999999999,143.64000000000001,22.74,40.019999999999996,42.7,47.54,48.720000000000006,68.17999999999999,42.8,63.14,65.66,83.72,97.58000000000001,124.67999999999999,125.58,75.7,84.02000000000001,91.88,86.12,86.02,91.52000000000001,63.18000000000001,62.760000000000005,22.1,22.3,9.94,0.1,21.74,34.0,34.0,34.0,34.0,34.0,34.0,34.0,34.0,34.0,34.0,34.0,34.0,34.0,34.0,34.0,34.0,34.0,34.0,34.0,34.0,34.0,34.0,34.0,73.42,72.74,20.540000000000003,38.54,44.419999999999995,47.98,51.7,72.7,46.239999999999995,64.85999999999999,71.8,84.52000000000001,96.12,125.17999999999999,113.52000000000001,79.8,90.04,100.6,99.12,90.85999999999999,95.05999999999999,64.08,64.25999999999999
3,Midiam evaporative cooler (purple),Level4,135.0,60.0,25,TskControl34,2025-02-01 18:46:45,2025-02-01_ID0_NoPCS_Ta25_TskControl34.csv,2025-02-01_ID3_Midiam evaporative cooler (purple)_Level4_Angle135_Distance60_Ta25_TskControl34.csv,2.940000000000005,69.85999999999999,1.3000000000000007,5.560000000000002,2.219999999999999,4.019999999999996,-1.019999999999996,-1.5999999999999872,-3.0600000000000094,2.979999999999997,-0.9200000000000017,8.179999999999993,-0.3400000000000034,5.959999999999994,0.14000000000000057,-1.2999999999999972,-1.720000000000006,2.240000000000009,1.980000000000004,-2.2800000000000153,0.5,-2.780000000000001,0.740000000000002,25.0,25.3,63.13,0.11,25.97,34.0,34.0,34.0,34.0,34.0,34.0,34.0,34.0,34.0,34.0,34.0,34.0,34.0,34.0,34.0,34.0,34.0,34.0,34.0,34.0,34.0,34.0,34.0,56.36,118.75999999999999,19.380000000000003,32.94,33.32,40.6,39.98,54.88000000000001,31.259999999999998,47.68,53.6,66.53999999999999,73.94,103.78,87.12,56.120000000000005,60.65999999999999,70.3,71.68,64.53999999999999,66.42,45.99999999999999,46.04,24.8,25.4,62.29,0.26,25.78,34.0,34.0,34.0,34.0,34.0,34.0,34.0,34.0,34.0,34.0,34.0,34.0,34.0,34.0,34.0,34.0,34.0,34.0,34.0,34.0,34.0,34.0,34.0,53.419999999999995,48.9,18.080000000000002,27.379999999999995,31.1,36.580000000000005,40.99999999999999,56.48,34.32000000000001,44.7,54.52,58.36,74.28,97.82000000000001,86.98,57.42,62.379999999999995,68.05999999999999,69.7,66.82000000000001,65.92,48.779999999999994,45.3
3,Midiam evaporative cooler (purple),Level3,135.0,60.0,25,TskControl34,2025-02-01 18:36:45,2025-02-01_ID0_NoPCS_Ta25_TskControl34.csv,2025-02-01_ID3_Midiam evaporative cooler (purple)_Level3_Angle135_Distance60_Ta25_TskControl34.csv,3.20000000000001,58.059999999999995,0.5600000000000023,6.240000000000002,3.460000000000001,2.0799999999999983,-0.019999999999988916,-0.5799999999999983,-0.9200000000000088,3.3999999999999986,-0.480000000000004,9.11999999999999,2.519999999999996,12.33999999999999,3.9399999999999977,-1.3200000000000003,-1.1999999999999886,2.1200000000000045,2.3400000000000034,-1.5,0.4399999999999977,-2.259999999999991,0.8200000000000003,24.8,25.3,64.7,0.15,25.92,34.0,34.0,34.0,34.0,34.0,34.0,34.0,34.0,34.0,34.0,34.0,34.0,34.0,34.0,34.0,34.0,34.0,34.0,34.0,34.0,34.0,34.0,34.0,56.620000000000005,106.96,18.640000000000004,33.62,34.56,38.660000000000004,40.980000000000004,55.9,33.4,48.1,54.04,67.47999999999999,76.8,110.16,90.92,56.1,61.18000000000001,70.17999999999999,72.04,65.32000000000001,66.36,46.52,46.12,24.8,25.4,62.29,0.26,25.78,34.0,34.0,34.0,34.0,34.0,34.0,34.0,34.0,34.0,34.0,34.0,34.0,34.0,34.0,34.0,34.0,34.0,34.0,34.0,34.0,34.0,34.0,34.0,53.419999999999995,48.9,18.080000000000002,27.379999999999995,31.1,36.580000000000005,40.99999999999999,56.48,34.32000000000001,44.7,54.52,58.36,74.28,97.82000000000001,86.98,57.42,62.379999999999995,68.05999999999999,69.7,66.82000000000001,65.92,48.779999999999994,45.3
3,Midiam evaporative cooler (purple),Level2,135.0,60.0,25,TskControl34,2025-02-01 18:27:45,2025-02-01_ID0_NoPCS_Ta25_TskControl34.csv,2025-02-01_ID3_Midiam evaporative cooler (purple)_Level2_Angle135_Distance60_Ta25_TskControl34.csv,3.1600000000000037,42.88,-0.5800000000000018,7.120000000000012,2.739999999999995,0.47999999999998977,0.2600000000000122,0.29999999999999716,-1.1600000000000037,3.520000000000003,0.0,9.320000000000007,5.840000000000003,12.879999999999995,6.480000000000004,-1.2199999999999989,1.2600000000000122,1.6400000000000148,3.5999999999999943,-1.0800000000000125,1.559999999999988,-2.6399999999999935,0.3400000000000034,24.9,25.2,64.72,0.09,25.94,34.0,34.0,34.0,34.0,34.0,34.0,34.0,34.0,34.0,34.0,34.0,34.0,34.0,34.0,34.0,34.0,34.0,34.0,34.0,34.0,34.0,34.0,34.0,56.58,91.78,17.5,34.50000000000001,33.839999999999996,37.059999999999995,41.260000000000005,56.779999999999994,33.160000000000004,48.220000000000006,54.52,67.68,80.12,110.7,93.46000000000001,56.2,63.64000000000001,69.7,73.3,65.74,67.47999999999999,46.14,45.64,24.8,25.4,62.29,0.26,25.78,34.0,34.0,34.0,34.0,34.0,34.0,34.0,34.0,34.0,34.0,34.0,34.0,34.0,34.0,34.0,34.0,34.0,34.0,34.0,34.0,34.0,34.0,34.0,53.419999999999995,48.9,18.080000000000002,27.379999999999995,31.1,36.580000000000005,40.99999999999999,56.48,34.32000000000001,44.7,54.52,58.36,74.28,97.82000000000001,86.98,57.42,62.379999999999995,68.05999999999999,69.7,66.82000000000001,65.92,48.779999999999994,45.3
3,Midiam evaporative cooler (purple),Level1,135.0,60.0,25,TskControl34,2025-02-01 17:54:14,2025-02-01_ID0_NoPCS_Ta25_TskControl34.csv,2025-02-01_ID3_Midiam evaporative cooler (purple)_Level1_Angle135_Distance60_Ta25_TskControl34.csv,0.3133333333333326,15.18333333333333,-1.6466666666666683,2.936666666666671,1.1666666666666714,-1.913333333333334,-2.2833333333333243,-2.030000000000001,-2.4700000000000024,2.43333333333333,-3.086666666666673,10.123333333333335,3.3866666666666703,9.413333333333327,8.570000000000007,-3.3200000000000003,-1.846666666666664,-1.2099999999999795,2.0333333333333314,-3.1366666666666703,-0.9700000000000131,-3.663333333333327,-0.8333333333333286,24.9,25.2,65.95,0.06,26.01,34.0,34.0,34.0,34.0,34.0,34.0,34.0,34.0,34.0,34.0,34.0,34.0,34.0,34.0,34.0,34.0,34.0,34.0,34.0,34.0,34.0,34.0,34.0,53.73333333333333,64.08333333333333,16.433333333333334,30.316666666666666,32.26666666666667,34.66666666666667,38.71666666666667,54.449999999999996,31.850000000000005,47.13333333333333,51.43333333333333,68.48333333333333,77.66666666666667,107.23333333333333,95.55000000000001,54.1,60.53333333333333,66.85000000000001,71.73333333333333,63.68333333333334,64.94999999999999,45.11666666666667,44.46666666666667,24.8,25.4,62.29,0.26,25.78,34.0,34.0,34.0,34.0,34.0,34.0,34.0,34.0,34.0,34.0,34.0,34.0,34.0,34.0,34.0,34.0,34.0,34.0,34.0,34.0,34.0,34.0,34.0,53.419999999999995,48.9,18.080000000000002,27.379999999999995,31.1,36.580000000000005,40.99999999999999,56.48,34.32000000000001,44.7,54.52,58.36,74.28,97.82000000000001,86.98,57.42,62.379999999999995,68.05999999999999,69.7,66.82000000000001,65.92,48.779999999999994,45.3
4,Midiam evaporative cooler (white),Low,135.0,60.0,25,TskControl34,2025-02-04 10:23:49,2025-02-04_ID0_NoPCS_Ta25_TskControl34.csv,2025-02-04_ID4_Midiam evaporative cooler (white)_Low_Angle135_Distance60_Ta25_TskControl34.csv,1.6199999999999903,61.82000000000001,5.02,4.359999999999999,-0.30000000000000426,0.5000000000000071,0.3599999999999852,-1.8999999999999986,-4.219999999999999,2.5,-0.5800000000000125,3.0999999999999943,0.23999999999999488,9.460000000000008,0.9399999999999977,-3.020000000000003,-3.779999999999987,-3.280000000000001,-1.940000000000012,-3.0,-0.7799999999999869,-1.440000000000012,-0.2600000000000051,25.5,25.4,56.79,0.0,25.83,34.0,34.0,34.0,34.0,34.0,34.0,34.0,34.0,34.0,34.0,34.0,34.0,34.0,34.0,34.0,34.0,34.0,34.0,34.0,34.0,34.0,34.0,34.0,57.44,112.9,22.18,35.019999999999996,33.4,40.120000000000005,43.61999999999999,59.379999999999995,39.04,51.4,53.67999999999999,62.8,69.35999999999999,94.72,84.16,58.660000000000004,62.38000000000001,72.78,72.08,65.4,67.58000000000001,48.21999999999999,48.0,25.4,25.2,56.77,0.08,25.72,34.0,34.0,34.0,34.0,34.0,34.0,34.0,34.0,34.0,34.0,34.0,34.0,34.0,34.0,34.0,34.0,34.0,34.0,34.0,34.0,34.0,34.0,34.0,55.82000000000001,51.08,17.16,30.659999999999997,33.7,39.62,43.260000000000005,61.279999999999994,43.26,48.9,54.260000000000005,59.7,69.11999999999999,85.25999999999999,83.22,61.68000000000001,66.16,76.06,74.02000000000001,68.4,68.36,49.660000000000004,48.260000000000005
4,Midiam evaporative cooler (white),Mid,135.0,60.0,25,TskControl34,2025-02-04 10:40:49,2025-02-04_ID0_NoPCS_Ta25_TskControl34.csv,2025-02-04_ID4_Midiam evaporative cooler (white)_Mid_Angle135_Distance60_Ta25_TskControl34.csv,0.7999999999999972,68.50000000000001,5.52,3.3600000000000065,0.7599999999999909,-0.1599999999999966,-1.7199999999999989,-3.8399999999999963,-6.940000000000005,0.5799999999999983,-1.480000000000011,2.059999999999988,-1.299999999999983,7.360000000000014,3.0799999999999983,-3.480000000000004,-6.579999999999991,-5.920000000000002,-2.980000000000004,-2.9000000000000057,-1.5400000000000063,-1.5200000000000031,-1.7800000000000011,25.6,25.4,56.1,0.09,25.9,34.0,34.0,34.0,34.0,34.0,34.0,34.0,34.0,34.0,34.0,34.0,34.0,34.0,34.0,34.0,34.0,34.0,34.0,34.0,34.0,34.0,34.0,34.0,56.620000000000005,119.58000000000001,22.68,34.02,34.459999999999994,39.46,41.540000000000006,57.44,36.31999999999999,49.48,52.779999999999994,61.75999999999999,67.82000000000001,92.62,86.3,58.2,59.580000000000005,70.14,71.04,65.5,66.82,48.14,46.480000000000004,25.4,25.2,56.77,0.08,25.72,34.0,34.0,34.0,34.0,34.0,34.0,34.0,34.0,34.0,34.0,34.0,34.0,34.0,34.0,34.0,34.0,34.0,34.0,34.0,34.0,34.0,34.0,34.0,55.82000000000001,51.08,17.16,30.659999999999997,33.7,39.62,43.260000000000005,61.279999999999994,43.26,48.9,54.260000000000005,59.7,69.11999999999999,85.25999999999999,83.22,61.68000000000001,66.16,76.06,74.02000000000001,68.4,68.36,49.660000000000004,48.260000000000005
4,Midiam evaporative cooler (white),High,135.0,60.0,25,TskControl34,2025-02-04 10:54:49,2025-02-04_ID0_NoPCS_Ta25_TskControl34.csv,2025-02-04_ID4_Midiam evaporative cooler (white)_High_Angle135_Distance60_Ta25_TskControl34.csv,1.059999999999988,75.22,7.620000000000001,3.6199999999999974,-0.3400000000000034,-0.259999999999998,-2.8400000000000034,-5.779999999999994,-7.219999999999999,0.5600000000000023,-2.7800000000000082,4.959999999999994,-0.3399999999999892,12.219999999999999,3.3000000000000114,-4.1200000000000045,-4.939999999999991,-5.0,-7.220000000000013,-2.240000000000009,-1.279999999999987,-1.1200000000000045,-0.38000000000000256,25.4,25.4,53.93,0.02,25.67,34.0,34.0,34.0,34.0,34.0,34.0,34.0,34.0,34.0,34.0,34.0,34.0,34.0,34.0,34.0,34.0,34.0,34.0,34.0,34.0,34.0,34.0,34.0,56.879999999999995,126.3,24.78,34.279999999999994,33.36,39.36,40.42,55.5,36.04,49.46,51.48,64.66,68.78,97.47999999999999,86.52000000000001,57.56,61.220000000000006,71.06,66.8,66.16,67.08000000000001,48.54,47.88,25.4,25.2,56.77,0.08,25.72,34.0,34.0,34.0,34.0,34.0,34.0,34.0,34.0,34.0,34.0,34.0,34.0,34.0,34.0,34.0,34.0,34.0,34.0,34.0,34.0,34.0,34.0,34.0,55.82000000000001,51.08,17.16,30.659999999999997,33.7,39.62,43.260000000000005,61.279999999999994,43.26,48.9,54.260000000000005,59.7,69.11999999999999,85.25999999999999,83.22,61.68000000000001,66.16,76.06,74.02000000000001,68.4,68.36,49.660000000000004,48.260000000000005
4,Midiam evaporative cooler (white),High,135.0,60.0,22,TskControl34,2025-02-20 11:55:09,2025-02-20_ID0_NoPCS_Ta22_TskControl34.csv,2025-02-20_ID4_Midiam evaporative cooler (white)_High_Angle135_Distance60_Ta22_TskControl34.csv,1.039999999999992,111.88,-9.120000000000001,6.759999999999998,0.35999999999999943,1.6200000000000045,-3.5800000000000054,-6.039999999999992,-12.29999999999999,1.4399999999999977,-3.3400000000000034,11.700000000000003,4.280000000000001,20.319999999999993,7.680000000000007,-3.1799999999999926,-8.899999999999991,-9.579999999999998,-7.680000000000007,-5.459999999999994,-3.7399999999999807,-2.3400000000000034,-1.8400000000000034,22.2,22.2,52.06,0.23,22.34,34.0,34.0,34.0,34.0,34.0,34.0,34.0,34.0,34.0,34.0,34.0,34.0,34.0,34.0,34.0,34.0,34.0,34.0,34.0,34.0,34.0,34.0,34.0,77.75999999999999,184.16,25.7,49.32,47.8,54.580000000000005,51.879999999999995,70.58,45.36,70.28,68.8,95.75999999999999,100.46,142.84,121.28,79.62,84.66,93.62,89.0,88.34,94.82000000000001,64.56,65.03999999999999,22.1,22.3,49.02,0.15,22.27,34.0,34.0,33.980000000000004,34.0,34.0,34.0,34.0,34.0,34.0,34.0,34.0,34.0,34.0,34.0,34.0,34.0,34.0,34.0,34.0,34.0,34.0,34.0,34.0,76.72,72.28,34.82,42.56,47.44,52.96,55.46,76.61999999999999,57.65999999999999,68.84,72.14,84.05999999999999,96.17999999999999,122.52000000000001,113.6,82.8,93.55999999999999,103.2,96.68,93.8,98.55999999999999,66.9,66.88
4,Midiam evaporative cooler (white),Mid,135.0,60.0,22,TskControl34,2025-02-20 11:46:44,2025-02-20_ID0_NoPCS_Ta22_TskControl34.csv,2025-02-20_ID4_Midiam evaporative cooler (white)_Mid_Angle135_Distance60_Ta22_TskControl34.csv,0.6599999999999966,104.29999999999998,-10.060000000000002,6.140000000000001,-0.35999999999999943,1.6200000000000045,-3.3599999999999994,-5.239999999999995,-11.419999999999987,2.279999999999987,-3.299999999999997,7.260000000000019,3.660000000000011,20.25999999999999,8.180000000000007,-3.4200000000000017,-8.379999999999995,-8.340000000000018,-11.740000000000009,-4.820000000000007,-2.779999999999987,-1.5400000000000205,-2.1599999999999966,22.1,22.3,48.7,0.16,22.26,34.0,34.0,34.0,34.0,34.0,34.0,34.0,34.0,34.0,34.0,34.0,34.0,34.0,34.0,34.0,34.0,34.0,34.0,34.0,34.0,34.0,34.0,34.0,77.38,176.57999999999998,24.759999999999998,48.7,47.08,54.580000000000005,52.1,71.38,46.24,71.11999999999999,68.84,91.32000000000001,99.84,142.78,121.78,79.38,85.17999999999999,94.85999999999999,84.94,88.97999999999999,95.78,65.35999999999999,64.72,22.1,22.3,49.02,0.15,22.27,34.0,34.0,33.980000000000004,34.0,34.0,34.0,34.0,34.0,34.0,34.0,34.0,34.0,34.0,34.0,34.0,34.0,34.0,34.0,34.0,34.0,34.0,34.0,34.0,76.72,72.28,34.82,42.56,47.44,52.96,55.46,76.61999999999999,57.65999999999999,68.84,72.14,84.05999999999999,96.17999999999999,122.52000000000001,113.6,82.8,93.55999999999999,103.2,96.68,93.8,98.55999999999999,66.9,66.88
4,Midiam evaporative cooler (white),Low,135.0,60.0,22,TskControl34,2025-02-20 11:20:29,2025-02-20_ID0_NoPCS_Ta22_TskControl34.csv,2025-02-20_ID4_Midiam evaporative cooler (white)_Low_Angle135_Distance60_Ta22_TskControl34.csv,0.7800000000000011,92.82,-8.900000000000002,5.82,-0.11999999999999744,1.279999999999994,-3.460000000000001,-3.339999999999989,-9.959999999999987,0.4000000000000057,-3.8799999999999955,6.420000000000002,0.04000000000000625,15.039999999999992,8.319999999999993,-2.5799999999999983,-8.679999999999978,-7.400000000000006,-5.0800000000000125,-4.680000000000007,-1.059999999999988,-2.0600000000000023,-0.9799999999999898,22.1,22.2,48.05,0.01,22.25,34.0,34.0,34.0,34.0,34.0,34.0,34.0,34.0,34.0,34.0,34.0,34.0,34.0,34.0,34.0,34.0,34.0,34.0,34.0,34.0,34.0,34.0,34.0,77.5,165.1,25.919999999999998,48.38,47.32,54.239999999999995,52.0,73.28,47.7,69.24000000000001,68.26,90.47999999999999,96.22,137.56,121.91999999999999,80.22,84.88000000000001,95.8,91.6,89.11999999999999,97.5,64.84,65.9,22.1,22.3,49.02,0.15,22.27,34.0,34.0,33.980000000000004,34.0,34.0,34.0,34.0,34.0,34.0,34.0,34.0,34.0,34.0,34.0,34.0,34.0,34.0,34.0,34.0,34.0,34.0,34.0,34.0,76.72,72.28,34.82,42.56,47.44,52.96,55.46,76.61999999999999,57.65999999999999,68.84,72.14,84.05999999999999,96.17999999999999,122.52000000000001,113.6,82.8,93.55999999999999,103.2,96.68,93.8,98.55999999999999,66.9,66.88
5,"Big desk fan (daison, short)",Level8,135.0,90.0,22,TskControl34,2025-02-20 13:38:39,2025-02-20_ID0_NoPCS_Ta22_TskControl34.csv,"2025-02-20_ID5_Big desk fan (daison, short)_Level8_Angle135_Distance90_Ta22_TskControl34.csv",3.519999999999982,108.52000000000001,4.440000000000005,6.339999999999996,3.4000000000000057,4.899999999999999,-1.3200000000000003,-5.519999999999996,-12.77999999999998,3.1999999999999886,1.1000000000000085,9.540000000000006,6.280000000000001,22.45999999999998,16.180000000000035,-2.9599999999999937,-2.019999999999996,-8.340000000000018,-4.960000000000008,-4.559999999999988,-0.6199999999999903,-3.160000000000011,-2.719999999999999,22.2,22.4,36.17,0.18,22.12,34.0,34.0,34.0,34.0,34.0,34.0,34.0,34.0,34.0,34.0,34.0,34.0,34.0,34.0,34.0,34.0,34.0,34.0,34.0,34.0,34.0,34.0,34.0,80.23999999999998,180.8,39.260000000000005,48.9,50.84,57.86,54.14,71.1,44.88000000000001,72.03999999999999,73.24000000000001,93.6,102.46,144.98,129.78000000000003,79.84,91.53999999999999,94.85999999999999,91.72,89.24000000000001,97.94,63.739999999999995,64.16,22.1,22.3,49.02,0.15,22.27,34.0,34.0,33.980000000000004,34.0,34.0,34.0,34.0,34.0,34.0,34.0,34.0,34.0,34.0,34.0,34.0,34.0,34.0,34.0,34.0,34.0,34.0,34.0,34.0,76.72,72.28,34.82,42.56,47.44,52.96,55.46,76.61999999999999,57.65999999999999,68.84,72.14,84.05999999999999,96.17999999999999,122.52000000000001,113.6,82.8,93.55999999999999,103.2,96.68,93.8,98.55999999999999,66.9,66.88
5,"Big desk fan (daison, short)",Level5,135.0,90.0,22,TskControl34,2025-02-20 13:28:59,2025-02-20_ID0_NoPCS_Ta22_TskControl34.csv,"2025-02-20_ID5_Big desk fan (daison, short)_Level5_Angle135_Distance90_Ta22_TskControl34.csv",0.980000000000004,91.34,-2.0400000000000063,4.6399999999999935,2.4399999999999977,2.279999999999994,-3.720000000000006,-9.11999999999999,-13.159999999999982,0.7399999999999949,-0.519999999999996,5.460000000000022,5.800000000000011,14.159999999999997,12.640000000000015,-5.219999999999999,-3.279999999999987,-9.060000000000002,-6.1000000000000085,-4.540000000000006,-1.3199999999999932,-4.019999999999996,-2.6200000000000045,22.2,22.3,41.47,0.07,22.22,34.0,34.0,34.0,34.0,34.0,34.0,34.0,34.0,34.0,34.0,34.0,34.0,34.0,34.0,34.0,34.0,34.0,34.0,34.0,34.0,34.0,34.0,34.0,77.7,163.62,32.779999999999994,47.199999999999996,49.879999999999995,55.239999999999995,51.739999999999995,67.5,44.50000000000001,69.58,71.62,89.52000000000001,101.98,136.68,126.24000000000001,77.58,90.28,94.14,90.58,89.25999999999999,97.24,62.88000000000001,64.25999999999999,22.1,22.3,49.02,0.15,22.27,34.0,34.0,33.980000000000004,34.0,34.0,34.0,34.0,34.0,34.0,34.0,34.0,34.0,34.0,34.0,34.0,34.0,34.0,34.0,34.0,34.0,34.0,34.0,34.0,76.72,72.28,34.82,42.56,47.44,52.96,55.46,76.61999999999999,57.65999999999999,68.84,72.14,84.05999999999999,96.17999999999999,122.52000000000001,113.6,82.8,93.55999999999999,103.2,96.68,93.8,98.55999999999999,66.9,66.88
5,"Big desk fan (daison, short)",Level10,135.0,90.0,22,TskControl34,2025-02-20 14:10:39,2025-02-20_ID0_NoPCS_Ta22_TskControl34.csv,"2025-02-20_ID5_Big desk fan (daison, short)_Level10_Angle135_Distance90_Ta22_TskControl34.csv",4.240000000000009,121.32,-0.8599999999999994,8.519999999999996,5.560000000000002,8.019999999999996,1.0,-5.999999999999986,-12.479999999999997,4.840000000000003,3.500000000000014,9.940000000000012,7.160000000000011,24.78,17.440000000000026,-4.039999999999992,-2.359999999999985,-7.679999999999993,-4.560000000000002,-4.440000000000012,-0.8199999999999932,-4.000000000000007,-4.279999999999994,22.2,22.3,39.54,0.0,22.18,34.0,33.940000000000005,34.0,34.0,34.0,34.0,34.0,34.0,34.0,34.0,34.0,34.0,34.0,34.0,34.0,34.0,34.0,34.0,34.0,34.0,34.0,34.0,34.0,80.96000000000001,193.6,33.96,51.08,53.0,60.98,56.46,70.62,45.17999999999999,73.68,75.64000000000001,94.0,103.34,147.3,131.04000000000002,78.76,91.2,95.52000000000001,92.12,89.35999999999999,97.74,62.9,62.6,22.1,22.3,49.02,0.15,22.27,34.0,34.0,33.980000000000004,34.0,34.0,34.0,34.0,34.0,34.0,34.0,34.0,34.0,34.0,34.0,34.0,34.0,34.0,34.0,34.0,34.0,34.0,34.0,34.0,76.72,72.28,34.82,42.56,47.44,52.96,55.46,76.61999999999999,57.65999999999999,68.84,72.14,84.05999999999999,96.17999999999999,122.52000000000001,113.6,82.8,93.55999999999999,103.2,96.68,93.8,98.55999999999999,66.9,66.88
5,"Big desk fan (daison, short)",Level1,135.0,90.0,22,TskControl34,2025-02-20 12:39:24,2025-02-20_ID0_NoPCS_Ta22_TskControl34.csv,"2025-02-20_ID5_Big desk fan (daison, short)_Level1_Angle135_Distance90_Ta22_TskControl34.csv",-2.0999999999999943,54.579999999999984,-12.02,0.8799999999999955,-2.019999999999996,-3.0800000000000054,-3.6000000000000014,-6.579999999999998,-12.839999999999982,-1.6200000000000045,-2.3400000000000034,2.9200000000000017,1.5200000000000244,10.45999999999998,7.140000000000015,-5.159999999999982,-5.700000000000003,-9.200000000000003,-7.260000000000005,-5.019999999999996,-3.2999999999999687,-2.420000000000016,-2.5600000000000023,22.3,22.3,40.39,0.11,22.2,34.0,34.0,34.0,34.0,34.0,34.0,34.0,34.0,34.0,34.0,34.0,34.0,34.0,34.0,34.0,34.0,34.0,34.0,34.0,34.0,34.0,34.0,34.0,74.62,126.85999999999999,22.8,43.44,45.42,49.879999999999995,51.86,70.03999999999999,44.82000000000001,67.22,69.8,86.97999999999999,97.70000000000002,132.98,120.74000000000001,77.64000000000001,87.85999999999999,94.0,89.42,88.78,95.26000000000002,64.47999999999999,64.32,22.1,22.3,49.02,0.15,22.27,34.0,34.0,33.980000000000004,34.0,34.0,34.0,34.0,34.0,34.0,34.0,34.0,34.0,34.0,34.0,34.0,34.0,34.0,34.0,34.0,34.0,34.0,34.0,34.0,76.72,72.28,34.82,42.56,47.44,52.96,55.46,76.61999999999999,57.65999999999999,68.84,72.14,84.05999999999999,96.17999999999999,122.52000000000001,113.6,82.8,93.55999999999999,103.2,96.68,93.8,98.55999999999999,66.9,66.88
5,"Big desk fan (daison, short)",Level3,135.0,90.0,22,TskControl34,2025-02-20 13:09:14,2025-02-20_ID0_NoPCS_Ta22_TskControl34.csv,"2025-02-20_ID5_Big desk fan (daison, short)_Level3_Angle135_Distance90_Ta22_TskControl34.csv",-0.6800000000000068,70.97999999999999,-10.14,3.1000000000000014,0.8200000000000003,1.6800000000000068,-4.419999999999995,-5.9399999999999835,-13.29999999999999,0.35999999999999943,-2.5400000000000063,4.340000000000018,2.0400000000000063,14.859999999999985,10.199999999999989,-4.5,-4.339999999999989,-8.820000000000007,-8.47999999999999,-5.759999999999991,-2.779999999999987,-3.3000000000000043,-1.9999999999999858,22.2,22.3,37.18,0.0,22.14,34.0,34.0,34.0,34.0,34.0,34.0,34.0,34.0,34.0,34.0,34.0,34.0,34.0,34.0,34.0,34.0,34.0,34.0,34.0,34.0,34.0,34.0,34.0,76.03999999999999,143.26,24.68,45.660000000000004,48.26,54.64000000000001,51.040000000000006,70.68,44.36,69.2,69.6,88.4,98.22,137.38,123.79999999999998,78.3,89.22,94.38,88.20000000000002,88.04,95.78,63.6,64.88000000000001,22.1,22.3,49.02,0.15,22.27,34.0,34.0,33.980000000000004,34.0,34.0,34.0,34.0,34.0,34.0,34.0,34.0,34.0,34.0,34.0,34.0,34.0,34.0,34.0,34.0,34.0,34.0,34.0,34.0,76.72,72.28,34.82,42.56,47.44,52.96,55.46,76.61999999999999,57.65999999999999,68.84,72.14,84.05999999999999,96.17999999999999,122.52000000000001,113.6,82.8,93.55999999999999,103.2,96.68,93.8,98.55999999999999,66.9,66.88
5,"Big desk fan (daison, short)",Level10,135.0,90.0,25,TskControl34,2025-02-04 12:34:49,2025-02-04_ID0_NoPCS_Ta25_TskControl34.csv,"2025-02-04_ID5_Big desk fan (daison, short)_Level10_Angle135_Distance90_Ta25_TskControl34.csv",3.3999999999999986,89.08,7.940000000000001,6.580000000000005,5.539999999999992,1.1799999999999997,0.519999999999996,-6.739999999999988,-11.219999999999999,5.600000000000001,2.6199999999999903,9.200000000000003,6.160000000000011,25.08,13.099999999999994,-2.6000000000000085,-5.8999999999999915,-3.5800000000000125,-3.240000000000009,-3.3000000000000114,-2.4399999999999977,-2.260000000000005,-2.680000000000007,25.4,25.2,52.56,0.18,25.61,34.0,34.0,34.0,34.0,34.0,34.0,34.0,34.0,34.0,34.0,34.0,34.0,34.0,34.0,34.0,34.0,34.0,34.0,34.0,34.0,34.0,34.0,34.0,59.220000000000006,140.16,25.1,37.24,39.239999999999995,40.8,43.78,54.540000000000006,32.04,54.5,56.879999999999995,68.9,75.28,110.33999999999999,96.32,59.08,60.260000000000005,72.47999999999999,70.78,65.1,65.92,47.4,45.58,25.4,25.2,56.77,0.08,25.72,34.0,34.0,34.0,34.0,34.0,34.0,34.0,34.0,34.0,34.0,34.0,34.0,34.0,34.0,34.0,34.0,34.0,34.0,34.0,34.0,34.0,34.0,34.0,55.82000000000001,51.08,17.16,30.659999999999997,33.7,39.62,43.260000000000005,61.279999999999994,43.26,48.9,54.260000000000005,59.7,69.11999999999999,85.25999999999999,83.22,61.68000000000001,66.16,76.06,74.02000000000001,68.4,68.36,49.660000000000004,48.260000000000005
5,"Big desk fan (daison, short)",Level8,135.0,90.0,25,TskControl34,2025-02-04 12:19:49,2025-02-04_ID0_NoPCS_Ta25_TskControl34.csv,"2025-02-04_ID5_Big desk fan (daison, short)_Level8_Angle135_Distance90_Ta25_TskControl34.csv",3.2199999999999918,81.98,6.319999999999997,7.079999999999998,5.18,0.8600000000000065,0.539999999999992,-5.019999999999989,-10.499999999999993,5.100000000000001,2.779999999999994,8.760000000000005,0.9200000000000159,23.42,13.64,-3.0800000000000054,-5.679999999999993,-1.960000000000008,-3.0400000000000205,-2.740000000000009,-1.4599999999999937,-2.3600000000000065,-1.6000000000000085,25.3,25.3,52.54,0.05,25.59,34.0,34.0,34.0,34.0,34.0,34.0,34.0,34.0,34.0,34.0,34.0,34.0,34.0,34.0,34.0,34.0,34.0,34.0,34.0,34.0,34.0,34.0,34.0,59.04,133.06,23.479999999999997,37.739999999999995,38.88,40.480000000000004,43.8,56.260000000000005,32.760000000000005,54.0,57.04,68.46000000000001,70.04,108.67999999999999,96.86,58.6,60.480000000000004,74.1,70.97999999999999,65.66,66.9,47.3,46.66,25.4,25.2,56.77,0.08,25.72,34.0,34.0,34.0,34.0,34.0,34.0,34.0,34.0,34.0,34.0,34.0,34.0,34.0,34.0,34.0,34.0,34.0,34.0,34.0,34.0,34.0,34.0,34.0,55.82000000000001,51.08,17.16,30.659999999999997,33.7,39.62,43.260000000000005,61.279999999999994,43.26,48.9,54.260000000000005,59.7,69.11999999999999,85.25999999999999,83.22,61.68000000000001,66.16,76.06,74.02000000000001,68.4,68.36,49.660000000000004,48.260000000000005
5,"Big desk fan (daison, short)",Level5,135.0,90.0,25,TskControl34,2025-02-04 12:01:49,2025-02-04_ID0_NoPCS_Ta25_TskControl34.csv,"2025-02-04_ID5_Big desk fan (daison, short)_Level5_Angle135_Distance90_Ta25_TskControl34.csv",2.319999999999993,69.12,4.620000000000001,6.019999999999996,4.239999999999995,0.4000000000000057,-0.4200000000000017,-4.160000000000004,-9.96,4.440000000000012,1.2199999999999918,6.1200000000000045,2.460000000000008,19.66000000000001,8.240000000000009,-2.799999999999997,-7.259999999999998,-2.8599999999999994,-1.2800000000000296,-2.480000000000004,-0.7400000000000091,-2.5600000000000094,-0.9800000000000111,25.2,25.2,53.19,0.13,25.52,34.0,34.0,34.0,34.0,34.0,34.0,34.0,34.0,34.0,34.0,34.0,34.0,34.0,34.0,34.0,34.0,34.0,34.0,34.0,34.0,34.0,34.0,34.0,58.14,120.2,21.78,36.67999999999999,37.94,40.02,42.84,57.11999999999999,33.3,53.34000000000001,55.48,65.82000000000001,71.58,104.92,91.46000000000001,58.88000000000001,58.9,73.2,72.73999999999998,65.92,67.61999999999999,47.099999999999994,47.279999999999994,25.4,25.2,56.77,0.08,25.72,34.0,34.0,34.0,34.0,34.0,34.0,34.0,34.0,34.0,34.0,34.0,34.0,34.0,34.0,34.0,34.0,34.0,34.0,34.0,34.0,34.0,34.0,34.0,55.82000000000001,51.08,17.16,30.659999999999997,33.7,39.62,43.260000000000005,61.279999999999994,43.26,48.9,54.260000000000005,59.7,69.11999999999999,85.25999999999999,83.22,61.68000000000001,66.16,76.06,74.02000000000001,68.4,68.36,49.660000000000004,48.260000000000005
5,"Big desk fan (daison, short)",Level3,135.0,90.0,25,TskControl34,2025-02-04 11:26:49,2025-02-04_ID0_NoPCS_Ta25_TskControl34.csv,"2025-02-04_ID5_Big desk fan (daison, short)_Level3_Angle135_Distance90_Ta25_TskControl34.csv",2.0999999999999943,55.05999999999999,3.3999999999999986,6.3400000000000105,4.0,0.10000000000000853,0.2599999999999909,-2.039999999999999,-7.859999999999999,5.060000000000002,2.6999999999999957,8.64,4.020000000000024,17.92,6.859999999999999,-7.600000000000001,-4.079999999999998,-5.280000000000001,-0.7000000000000028,-2.4000000000000057,-0.38000000000000966,-1.3000000000000043,-0.9399999999999977,25.2,25.2,53.54,0.17,25.54,34.0,34.0,34.0,34.0,34.0,34.0,34.0,34.0,34.0,34.0,34.0,34.0,34.0,34.0,34.0,34.0,34.0,34.0,34.0,34.0,34.0,34.0,34.0,57.92,106.13999999999999,20.56,37.00000000000001,37.7,39.720000000000006,43.519999999999996,59.239999999999995,35.4,53.96,56.96,68.34,73.14000000000001,103.17999999999999,90.08,54.080000000000005,62.08,70.78,73.32000000000001,66.0,67.97999999999999,48.36,47.32000000000001,25.4,25.2,56.77,0.08,25.72,34.0,34.0,34.0,34.0,34.0,34.0,34.0,34.0,34.0,34.0,34.0,34.0,34.0,34.0,34.0,34.0,34.0,34.0,34.0,34.0,34.0,34.0,34.0,55.82000000000001,51.08,17.16,30.659999999999997,33.7,39.62,43.260000000000005,61.279999999999994,43.26,48.9,54.260000000000005,59.7,69.11999999999999,85.25999999999999,83.22,61.68000000000001,66.16,76.06,74.02000000000001,68.4,68.36,49.660000000000004,48.260000000000005
5,"Big desk fan (daison, short)",Level1,135.0,90.0,25,TskControl34,2025-02-04 11:10:49,2025-02-04_ID0_NoPCS_Ta25_TskControl34.csv,"2025-02-04_ID5_Big desk fan (daison, short)_Level1_Angle135_Distance90_Ta25_TskControl34.csv",0.27999999999999403,41.2,1.2800000000000047,3.219999999999999,1.9600000000000009,-1.4799999999999969,-2.8600000000000065,-5.1399999999999935,-10.499999999999993,-0.259999999999998,-0.8799999999999955,2.259999999999991,0.8599999999999994,7.360000000000014,2.9399999999999977,-3.70000000000001,2.780000000000001,-4.939999999999998,-2.0,-1.3000000000000114,-0.8999999999999915,-1.5,-1.0200000000000102,25.4,25.4,53.59,0.09,25.66,34.0,34.0,34.0,34.0,34.0,34.0,34.0,34.0,34.0,34.0,34.0,34.0,34.0,34.0,34.0,34.0,34.0,34.0,34.0,34.0,34.0,34.0,34.0,56.1,92.28,18.440000000000005,33.879999999999995,35.660000000000004,38.14,40.4,56.14,32.760000000000005,48.64,53.38000000000001,61.959999999999994,69.97999999999999,92.62,86.16,57.98,68.94,71.12,72.02000000000001,67.1,67.46000000000001,48.160000000000004,47.239999999999995,25.4,25.2,56.77,0.08,25.72,34.0,34.0,34.0,34.0,34.0,34.0,34.0,34.0,34.0,34.0,34.0,34.0,34.0,34.0,34.0,34.0,34.0,34.0,34.0,34.0,34.0,34.0,34.0,55.82000000000001,51.08,17.16,30.659999999999997,33.7,39.62,43.260000000000005,61.279999999999994,43.26,48.9,54.260000000000005,59.7,69.11999999999999,85.25999999999999,83.22,61.68000000000001,66.16,76.06,74.02000000000001,68.4,68.36,49.660000000000004,48.260000000000005
6,Neck fan,Level1,,,25,TskControl34,2025-02-04 14:23:49,2025-02-04_ID0_NoPCS_Ta25_TskControl34.csv,2025-02-04_ID6_Neck fan_Level1_Ta25_TskControl34.csv,0.5199999999999889,63.379999999999995,-0.4399999999999977,0.44000000000000483,-0.28000000000000114,-1.759999999999998,-1.1200000000000045,-2.1999999999999886,-6.839999999999996,-1.8800000000000026,-1.6199999999999974,3.239999999999995,3.40000000000002,12.000000000000014,5.259999999999991,-4.180000000000007,-2.6599999999999966,-6.040000000000006,-5.780000000000001,-2.1000000000000085,-1.1200000000000045,-2.3200000000000145,-1.3400000000000034,25.3,25.3,52.88,0.05,25.61,34.0,34.0,34.0,34.0,34.0,34.0,34.0,34.0,34.0,34.0,34.0,34.0,34.0,34.0,34.0,34.0,34.0,34.0,34.0,34.0,34.0,34.0,34.0,56.339999999999996,114.46,16.720000000000002,31.1,33.42,37.86,42.14,59.080000000000005,36.42,47.019999999999996,52.64000000000001,62.94,72.52000000000001,97.26,88.47999999999999,57.5,63.5,70.02,68.24000000000001,66.3,67.24,47.33999999999999,46.92,25.4,25.2,56.77,0.08,25.72,34.0,34.0,34.0,34.0,34.0,34.0,34.0,34.0,34.0,34.0,34.0,34.0,34.0,34.0,34.0,34.0,34.0,34.0,34.0,34.0,34.0,34.0,34.0,55.82000000000001,51.08,17.16,30.659999999999997,33.7,39.62,43.260000000000005,61.279999999999994,43.26,48.9,54.260000000000005,59.7,69.11999999999999,85.25999999999999,83.22,61.68000000000001,66.16,76.06,74.02000000000001,68.4,68.36,49.660000000000004,48.260000000000005
6,Neck fan,Level3,,,25,TskControl34,2025-02-04 14:56:49,2025-02-04_ID0_NoPCS_Ta25_TskControl34.csv,2025-02-04_ID6_Neck fan_Level3_Ta25_TskControl34.csv,0.4199999999999875,83.96000000000002,1.259999999999998,0.600000000000005,-0.4399999999999977,-2.839999999999989,-3.1200000000000045,-6.019999999999989,-10.119999999999997,-1.8399999999999963,-0.8400000000000034,0.759999999999998,1.1800000000000068,5.880000000000024,5.579999999999998,-4.359999999999999,-3.4399999999999906,-5.539999999999992,-6.140000000000015,-1.6600000000000108,-1.4599999999999937,-2.6600000000000037,-1.7600000000000051,25.3,25.2,52.2,0.0,25.58,34.0,34.0,34.0,34.0,34.0,34.0,34.0,34.0,34.0,34.0,34.0,34.0,34.0,34.0,34.0,34.0,34.0,34.0,34.0,34.0,34.0,34.0,34.0,56.239999999999995,135.04000000000002,18.419999999999998,31.26,33.260000000000005,36.78000000000001,40.14,55.260000000000005,33.14,47.06,53.42,60.46,70.3,91.14000000000001,88.8,57.32000000000001,62.720000000000006,70.52000000000001,67.88,66.74,66.9,47.0,46.5,25.4,25.2,56.77,0.08,25.72,34.0,34.0,34.0,34.0,34.0,34.0,34.0,34.0,34.0,34.0,34.0,34.0,34.0,34.0,34.0,34.0,34.0,34.0,34.0,34.0,34.0,34.0,34.0,55.82000000000001,51.08,17.16,30.659999999999997,33.7,39.62,43.260000000000005,61.279999999999994,43.26,48.9,54.260000000000005,59.7,69.11999999999999,85.25999999999999,83.22,61.68000000000001,66.16,76.06,74.02000000000001,68.4,68.36,49.660000000000004,48.260000000000005
6,Neck fan,Level5,,,25,TskControl34,2025-02-04 15:05:49,2025-02-04_ID0_NoPCS_Ta25_TskControl34.csv,2025-02-04_ID6_Neck fan_Level5_Ta25_TskControl34.csv,0.8199999999999932,95.67999999999999,2.400000000000002,1.5200000000000031,-0.2600000000000051,-4.100000000000001,-2.719999999999999,-5.679999999999993,-11.34,0.44000000000000483,-1.3600000000000065,1.5,1.8599999999999994,3.5600000000000023,4.980000000000004,-2.70000000000001,-6.359999999999999,-4.840000000000003,-4.620000000000019,-3.0600000000000023,-1.6400000000000006,-2.8200000000000074,-2.3800000000000026,25.3,25.3,52.2,0.09,25.58,34.0,34.0,34.0,34.0,34.0,34.0,34.0,34.0,34.0,34.0,34.0,34.0,34.0,34.0,34.0,34.0,34.0,34.0,34.0,34.0,34.0,34.0,34.0,56.64,146.76,19.560000000000002,32.18,33.44,35.519999999999996,40.540000000000006,55.6,31.919999999999998,49.34,52.9,61.2,70.97999999999999,88.82,88.2,58.98,59.8,71.22,69.39999999999999,65.34,66.72,46.839999999999996,45.88,25.4,25.2,56.77,0.08,25.72,34.0,34.0,34.0,34.0,34.0,34.0,34.0,34.0,34.0,34.0,34.0,34.0,34.0,34.0,34.0,34.0,34.0,34.0,34.0,34.0,34.0,34.0,34.0,55.82000000000001,51.08,17.16,30.659999999999997,33.7,39.62,43.260000000000005,61.279999999999994,43.26,48.9,54.260000000000005,59.7,69.11999999999999,85.25999999999999,83.22,61.68000000000001,66.16,76.06,74.02000000000001,68.4,68.36,49.660000000000004,48.260000000000005
6,Neck fan,Level5,,,22,TskControl34,2025-02-20 17:33:25,2025-02-20_ID0_NoPCS_Ta22_TskControl34.csv,2025-02-20_ID6_Neck fan_Level5_Ta22_TskControl34.csv,0.20000000000000284,121.66,-8.280000000000001,3.019999999999996,-2.519999999999996,-5.239999999999995,-2.6799999999999926,-5.939999999999998,-13.219999999999985,-4.460000000000008,1.980000000000004,0.12000000000001876,8.079999999999998,1.2999999999999687,-0.5,-5.099999999999994,-6.499999999999986,-6.920000000000002,-5.6000000000000085,-4.759999999999991,-4.060000000000002,-2.280000000000001,-2.8799999999999955,22.1,22.2,37.15,0.07,22.13,34.0,33.660000000000004,34.0,34.0,34.0,34.0,34.0,34.0,34.0,34.0,34.0,34.0,34.0,34.0,34.0,34.0,34.0,34.0,34.0,34.0,34.0,34.0,34.0,76.92,193.94,26.54,45.58,44.92,47.720000000000006,52.78000000000001,70.67999999999999,44.440000000000005,64.38,74.12,84.18,104.25999999999999,123.81999999999998,113.1,77.7,87.06,96.28,91.08,89.04,94.49999999999999,64.62,64.0,22.1,22.3,49.02,0.15,22.27,34.0,34.0,33.980000000000004,34.0,34.0,34.0,34.0,34.0,34.0,34.0,34.0,34.0,34.0,34.0,34.0,34.0,34.0,34.0,34.0,34.0,34.0,34.0,34.0,76.72,72.28,34.82,42.56,47.44,52.96,55.46,76.61999999999999,57.65999999999999,68.84,72.14,84.05999999999999,96.17999999999999,122.52000000000001,113.6,82.8,93.55999999999999,103.2,96.68,93.8,98.55999999999999,66.9,66.88
6,Neck fan,Level3,,,22,TskControl34,2025-02-20 17:52:15,2025-02-20_ID0_NoPCS_Ta22_TskControl34.csv,2025-02-20_ID6_Neck fan_Level3_Ta22_TskControl34.csv,-0.7400000000000091,108.34,-13.900000000000002,0.6600000000000037,-3.5600000000000023,-0.9200000000000017,-4.699999999999996,-5.9199999999999875,-13.65999999999999,-4.280000000000001,1.8000000000000114,-0.7000000000000028,5.359999999999999,2.259999999999991,-2.9799999999999898,-5.099999999999994,-6.11999999999999,-7.540000000000006,-5.240000000000023,-4.480000000000004,-3.6999999999999886,-3.460000000000008,-2.4399999999999977,22.1,22.3,39.51,0.24,22.1,34.0,34.0,34.0,34.0,34.0,34.0,34.0,34.0,34.0,34.0,34.0,34.0,34.0,34.0,34.0,34.0,34.0,34.0,34.0,34.0,34.0,34.0,34.0,75.97999999999999,180.62,20.919999999999998,43.220000000000006,43.879999999999995,52.04,50.760000000000005,70.7,44.0,64.56,73.94000000000001,83.35999999999999,101.53999999999999,124.78,110.62,77.7,87.44,95.66,91.43999999999998,89.32,94.86,63.44,64.44,22.1,22.3,49.02,0.15,22.27,34.0,34.0,33.980000000000004,34.0,34.0,34.0,34.0,34.0,34.0,34.0,34.0,34.0,34.0,34.0,34.0,34.0,34.0,34.0,34.0,34.0,34.0,34.0,34.0,76.72,72.28,34.82,42.56,47.44,52.96,55.46,76.61999999999999,57.65999999999999,68.84,72.14,84.05999999999999,96.17999999999999,122.52000000000001,113.6,82.8,93.55999999999999,103.2,96.68,93.8,98.55999999999999,66.9,66.88
6,Neck fan,Level1,,,22,TskControl34,2025-02-20 16:41:49,2025-02-20_ID0_NoPCS_Ta22_TskControl34.csv,2025-02-20_ID6_Neck fan_Level1_Ta22_TskControl34.csv,-1.5,76.02000000000001,-16.48,-0.8999999999999986,-4.199999999999996,-4.200000000000003,-2.5600000000000023,-5.159999999999997,-11.499999999999986,-3.90000000000002,3.5999999999999943,-1.1199999999999761,7.760000000000019,3.0999999999999943,1.6399999999999864,-4.760000000000005,-7.039999999999992,-6.460000000000008,-5.500000000000014,-3.799999999999997,-4.019999999999996,-0.8799999999999955,-2.6400000000000006,22.1,22.2,31.23,0.07,21.95,34.0,34.0,34.0,34.0,34.0,34.0,34.0,34.0,34.0,34.0,34.0,34.0,34.0,34.0,34.0,34.0,34.0,34.0,34.0,34.0,34.0,34.0,34.0,75.22,148.3,18.34,41.660000000000004,43.24,48.76,52.9,71.46,46.160000000000004,64.93999999999998,75.74,82.94000000000001,103.94000000000001,125.62,115.23999999999998,78.03999999999999,86.52,96.74,91.17999999999999,90.0,94.53999999999999,66.02000000000001,64.24,22.1,22.3,49.02,0.15,22.27,34.0,34.0,33.980000000000004,34.0,34.0,34.0,34.0,34.0,34.0,34.0,34.0,34.0,34.0,34.0,34.0,34.0,34.0,34.0,34.0,34.0,34.0,34.0,34.0,76.72,72.28,34.82,42.56,47.44,52.96,55.46,76.61999999999999,57.65999999999999,68.84,72.14,84.05999999999999,96.17999999999999,122.52000000000001,113.6,82.8,93.55999999999999,103.2,96.68,93.8,98.55999999999999,66.9,66.88
7,Handheld fan,Level1,90.0,60.0,25,TskControl34,2025-02-05 10:20:51,2025-02-05_ID0_NoPCS_Ta25_TskControl34.csv,2025-02-05_ID7_Handheld fan_Level1_Angle90_Distance60_Ta25_TskControl34.csv,1.0400000000000134,71.43999999999998,5.040000000000003,-0.3400000000000034,-2.559999999999995,-1.2600000000000051,-0.7600000000000051,-3.279999999999994,-4.3600000000000065,-1.4599999999999937,-0.259999999999998,1.1000000000000085,2.8000000000000114,-1.1999999999999886,2.779999999999987,-2.460000000000008,-3.6399999999999864,-2.4399999999999977,-3.1000000000000085,-1.4599999999999937,-2.1200000000000045,-1.259999999999998,-1.0600000000000023,25.3,25.4,52.2,0.05,25.75,34.0,34.0,34.0,34.0,34.0,34.0,34.0,34.0,34.0,34.0,34.0,34.0,34.0,34.0,34.0,34.0,34.0,34.0,34.0,34.0,34.0,34.0,34.0,59.720000000000006,124.35999999999999,23.080000000000002,32.68,35.540000000000006,39.98,43.3,58.6,43.559999999999995,47.96,56.58,61.92,71.74000000000001,94.52000000000001,87.17999999999999,60.92,71.04,72.9,76.91999999999999,71.46000000000001,74.1,48.32,47.64,25.4,25.4,52.23,0.1,25.68,34.0,34.0,34.0,34.0,34.0,34.0,34.0,34.0,34.0,34.0,34.0,34.0,34.0,34.0,34.0,34.0,34.0,34.0,34.0,34.0,34.0,34.0,34.0,58.67999999999999,52.92,18.04,33.02,38.1,41.24,44.06,61.879999999999995,47.92,49.419999999999995,56.839999999999996,60.81999999999999,68.94,95.72,84.4,63.38000000000001,74.67999999999999,75.34,80.02,72.92,76.22,49.58,48.7
7,Handheld fan,Level2,90.0,60.0,25,TskControl34,2025-02-05 10:32:51,2025-02-05_ID0_NoPCS_Ta25_TskControl34.csv,2025-02-05_ID7_Handheld fan_Level2_Angle90_Distance60_Ta25_TskControl34.csv,1.6200000000000045,86.21999999999996,8.880000000000006,-0.8000000000000043,-1.3600000000000065,-2.1600000000000037,-0.6599999999999966,-3.239999999999995,-6.960000000000001,-1.1999999999999957,-0.5599999999999881,1.440000000000012,3.0800000000000125,2.180000000000007,6.239999999999981,-3.3400000000000105,-4.47999999999999,-3.1400000000000006,-4.61999999999999,-1.460000000000008,-2.259999999999991,-0.5,-0.7000000000000028,25.2,25.4,52.17,0.13,25.56,34.0,34.0,34.0,34.0,34.0,34.0,34.0,34.0,34.0,34.0,34.0,34.0,34.0,34.0,34.0,34.0,34.0,34.0,34.0,34.0,34.0,34.0,34.0,60.3,139.13999999999996,26.920000000000005,32.22,36.739999999999995,39.08,43.400000000000006,58.64,40.96,48.22,56.28000000000001,62.260000000000005,72.02000000000001,97.9,90.63999999999999,60.04,70.2,72.2,75.4,71.46,73.96000000000001,49.08,48.0,25.4,25.4,52.23,0.1,25.68,34.0,34.0,34.0,34.0,34.0,34.0,34.0,34.0,34.0,34.0,34.0,34.0,34.0,34.0,34.0,34.0,34.0,34.0,34.0,34.0,34.0,34.0,34.0,58.67999999999999,52.92,18.04,33.02,38.1,41.24,44.06,61.879999999999995,47.92,49.419999999999995,56.839999999999996,60.81999999999999,68.94,95.72,84.4,63.38000000000001,74.67999999999999,75.34,80.02,72.92,76.22,49.58,48.7
7,Handheld fan,High,90.0,60.0,22,TskControl34,2025-02-20 18:52:35,2025-02-20_ID0_NoPCS_Ta22_TskControl34.csv,2025-02-20_ID7_Handheld fan_High_Angle90_Distance60_Ta22_TskControl34.csv,0.6200000000000045,122.19999999999999,6.480000000000004,-3.4399999999999977,-6.5,-1.0200000000000031,-3.460000000000001,-6.519999999999996,-13.379999999999995,-4.38000000000001,1.4210854715202004e-14,-3.1400000000000006,7.159999999999997,-4.6200000000000045,4.060000000000002,-2.1599999999999966,-7.159999999999982,-6.140000000000001,-4.380000000000024,-4.059999999999988,-5.4599999999999795,-3.3000000000000043,-2.6399999999999864,22.3,22.3,37.98,0.09,22.16,34.0,33.08,34.0,34.0,34.0,34.0,34.0,34.0,34.0,34.0,34.0,34.0,34.0,34.0,34.0,34.0,34.0,34.0,34.0,34.0,34.0,34.0,34.0,77.34,194.48,41.300000000000004,39.120000000000005,40.94,51.94,52.0,70.1,44.279999999999994,64.46,72.14000000000001,80.91999999999999,103.33999999999999,117.9,117.66,80.64,86.4,97.06,92.29999999999998,89.74000000000001,93.10000000000001,63.6,64.24000000000001,22.1,22.3,49.02,0.15,22.27,34.0,34.0,33.980000000000004,34.0,34.0,34.0,34.0,34.0,34.0,34.0,34.0,34.0,34.0,34.0,34.0,34.0,34.0,34.0,34.0,34.0,34.0,34.0,34.0,76.72,72.28,34.82,42.56,47.44,52.96,55.46,76.61999999999999,57.65999999999999,68.84,72.14,84.05999999999999,96.17999999999999,122.52000000000001,113.6,82.8,93.55999999999999,103.2,96.68,93.8,98.55999999999999,66.9,66.88
7,Handheld fan,Level3,90.0,60.0,25,TskControl34,2025-02-05 10:49:51,2025-02-05_ID0_NoPCS_Ta25_TskControl34.csv,2025-02-05_ID7_Handheld fan_Level3_Angle90_Distance60_Ta25_TskControl34.csv,1.2600000000000051,90.64,13.579999999999998,-2.4400000000000013,-2.5600000000000023,-3.200000000000003,-1.6000000000000014,-2.979999999999997,-9.759999999999998,-1.4799999999999969,-0.7399999999999949,1.5800000000000054,4.539999999999992,2.6200000000000045,6.659999999999982,-4.200000000000017,-7.079999999999998,-2.6200000000000045,-3.760000000000005,-4.260000000000005,-5.060000000000002,-2.019999999999996,-0.6600000000000037,25.2,25.3,51.5,0.07,25.62,34.0,34.0,34.0,34.0,34.0,34.0,34.0,34.0,34.0,34.0,34.0,34.0,34.0,34.0,34.0,34.0,34.0,34.0,34.0,34.0,34.0,34.0,34.0,59.94,143.56,31.619999999999997,30.580000000000002,35.54,38.04,42.46,58.9,38.160000000000004,47.94,56.1,62.4,73.47999999999999,98.34,91.05999999999999,59.17999999999999,67.6,72.72,76.25999999999999,68.66,71.16,47.56,48.04,25.4,25.4,52.23,0.1,25.68,34.0,34.0,34.0,34.0,34.0,34.0,34.0,34.0,34.0,34.0,34.0,34.0,34.0,34.0,34.0,34.0,34.0,34.0,34.0,34.0,34.0,34.0,34.0,58.67999999999999,52.92,18.04,33.02,38.1,41.24,44.06,61.879999999999995,47.92,49.419999999999995,56.839999999999996,60.81999999999999,68.94,95.72,84.4,63.38000000000001,74.67999999999999,75.34,80.02,72.92,76.22,49.58,48.7
7,Handheld fan,Mid,90.0,60.0,22,TskControl34,2025-02-20 18:28:00,2025-02-20_ID0_NoPCS_Ta22_TskControl34.csv,2025-02-20_ID7_Handheld fan_Mid_Angle90_Distance60_Ta22_TskControl34.csv,-0.7599999999999909,110.95999999999998,-7.880000000000003,-4.0,-6.160000000000004,-3.9200000000000017,-4.359999999999999,-6.619999999999976,-13.79999999999999,-5.780000000000001,0.47999999999998977,-2.9199999999999733,9.640000000000015,-1.0600000000000165,6.360000000000014,-5.099999999999994,-7.879999999999981,-4.839999999999989,-4.5800000000000125,-4.440000000000012,-5.4199999999999875,-3.6199999999999974,-3.200000000000003,22.2,22.3,39.01,0.02,22.17,34.0,34.0,34.0,34.0,34.0,34.0,34.0,34.0,34.0,34.0,34.0,34.0,34.0,34.0,34.0,34.0,34.0,34.0,34.0,34.0,34.0,34.0,34.0,75.96000000000001,183.23999999999998,26.939999999999998,38.56,41.279999999999994,49.04,51.1,70.00000000000001,43.86,63.06,72.61999999999999,81.14000000000001,105.82000000000001,121.46,119.96000000000001,77.7,85.68,98.36000000000001,92.1,89.35999999999999,93.14,63.28000000000001,63.67999999999999,22.1,22.3,49.02,0.15,22.27,34.0,34.0,33.980000000000004,34.0,34.0,34.0,34.0,34.0,34.0,34.0,34.0,34.0,34.0,34.0,34.0,34.0,34.0,34.0,34.0,34.0,34.0,34.0,34.0,76.72,72.28,34.82,42.56,47.44,52.96,55.46,76.61999999999999,57.65999999999999,68.84,72.14,84.05999999999999,96.17999999999999,122.52000000000001,113.6,82.8,93.55999999999999,103.2,96.68,93.8,98.55999999999999,66.9,66.88
7,Handheld fan,Low,90.0,60.0,22,TskControl34,2025-02-20 18:14:20,2025-02-20_ID0_NoPCS_Ta22_TskControl34.csv,2025-02-20_ID7_Handheld fan_Low_Angle90_Distance60_Ta22_TskControl34.csv,-1.279999999999987,86.73999999999998,-12.64,-4.280000000000001,-5.700000000000003,-4.200000000000003,-4.020000000000003,-5.560000000000002,-12.499999999999986,-5.220000000000013,1.1200000000000045,-1.4599999999999937,10.120000000000005,1.339999999999975,5.900000000000006,0.5799999999999983,-8.099999999999994,-5.260000000000005,-4.52000000000001,-4.859999999999985,-6.199999999999989,-3.6799999999999997,-3.1799999999999926,22.2,22.2,42.61,0.0,22.15,34.0,34.0,34.0,34.0,34.0,34.0,34.0,34.0,34.0,34.0,34.0,34.0,34.0,34.0,34.0,34.0,34.0,34.0,34.0,34.0,34.0,34.0,34.0,75.44000000000001,159.01999999999998,22.18,38.28,41.739999999999995,48.76,51.44,71.05999999999999,45.160000000000004,63.61999999999999,73.26,82.6,106.3,123.85999999999999,119.5,83.38,85.46,97.94,92.16,88.94000000000001,92.36,63.220000000000006,63.7,22.1,22.3,49.02,0.15,22.27,34.0,34.0,33.980000000000004,34.0,34.0,34.0,34.0,34.0,34.0,34.0,34.0,34.0,34.0,34.0,34.0,34.0,34.0,34.0,34.0,34.0,34.0,34.0,34.0,76.72,72.28,34.82,42.56,47.44,52.96,55.46,76.61999999999999,57.65999999999999,68.84,72.14,84.05999999999999,96.17999999999999,122.52000000000001,113.6,82.8,93.55999999999999,103.2,96.68,93.8,98.55999999999999,66.9,66.88
8,"Standing fan (Daison, long)",Level1,270.0,150.0,22,TskControl34,2025-02-20 14:48:44,2025-02-20_ID0_NoPCS_Ta22_TskControl34.csv,"2025-02-20_ID8_Standing fan (Daison, long)_Level1_Angle270_Distance150_Ta22_TskControl34.csv",1.980000000000004,19.960000000000008,-11.099999999999998,-4.200000000000003,-7.179999999999993,15.580000000000005,17.740000000000002,18.460000000000008,-9.539999999999985,-0.6400000000000148,8.939999999999998,0.28000000000001535,7.540000000000006,7.4199999999999875,1.7399999999999949,0.7999999999999972,-4.319999999999979,-6.660000000000011,2.019999999999996,-3.0799999999999983,-0.2799999999999869,-2.8400000000000176,-1.8400000000000034,22.1,22.2,34.67,0.07,22.09,34.0,34.0,34.0,34.0,34.0,34.0,34.0,34.0,34.0,34.0,34.0,34.0,34.0,34.0,34.0,34.0,34.0,34.0,34.0,34.0,34.0,34.0,34.0,78.7,92.24000000000001,23.720000000000002,38.36,40.260000000000005,68.54,73.2,95.08,48.120000000000005,68.19999999999999,81.08,84.34,103.72,129.94,115.33999999999999,83.6,89.24000000000001,96.53999999999999,98.7,90.72,98.28,64.05999999999999,65.03999999999999,22.1,22.3,49.02,0.15,22.27,34.0,34.0,33.980000000000004,34.0,34.0,34.0,34.0,34.0,34.0,34.0,34.0,34.0,34.0,34.0,34.0,34.0,34.0,34.0,34.0,34.0,34.0,34.0,34.0,76.72,72.28,34.82,42.56,47.44,52.96,55.46,76.61999999999999,57.65999999999999,68.84,72.14,84.05999999999999,96.17999999999999,122.52000000000001,113.6,82.8,93.55999999999999,103.2,96.68,93.8,98.55999999999999,66.9,66.88
8,"Standing fan (Daison, long)",Level10,270.0,150.0,22,TskControl34,2025-02-20 16:06:34,2025-02-20_ID0_NoPCS_Ta22_TskControl34.csv,"2025-02-20_ID8_Standing fan (Daison, long)_Level10_Angle270_Distance150_Ta22_TskControl34.csv",30.060000000000002,63.54000000000002,-4.480000000000004,7.019999999999996,3.240000000000009,39.48,39.51999999999999,66.48,6.420000000000009,20.719999999999985,35.02000000000001,24.679999999999993,32.86000000000003,35.900000000000006,24.939999999999998,36.280000000000015,19.02000000000001,41.480000000000004,47.67999999999998,37.8,40.08000000000003,2.719999999999999,3.5400000000000063,22.0,22.3,45.22,0.09,22.19,34.0,34.0,34.0,34.0,34.0,34.0,34.0,34.0,34.0,34.0,34.0,34.0,34.0,34.0,34.0,34.0,34.0,34.0,34.0,34.0,34.0,34.0,34.0,106.78,135.82000000000002,30.339999999999996,49.58,50.68000000000001,92.44,94.97999999999999,143.1,64.08,89.55999999999999,107.16000000000001,108.73999999999998,129.04000000000002,158.42000000000002,138.54,119.08000000000001,112.58,144.68,144.35999999999999,131.6,138.64000000000001,69.62,70.42,22.1,22.3,49.02,0.15,22.27,34.0,34.0,33.980000000000004,34.0,34.0,34.0,34.0,34.0,34.0,34.0,34.0,34.0,34.0,34.0,34.0,34.0,34.0,34.0,34.0,34.0,34.0,34.0,34.0,76.72,72.28,34.82,42.56,47.44,52.96,55.46,76.61999999999999,57.65999999999999,68.84,72.14,84.05999999999999,96.17999999999999,122.52000000000001,113.6,82.8,93.55999999999999,103.2,96.68,93.8,98.55999999999999,66.9,66.88
8,"Standing fan (Daison, long)",Level5,270.0,150.0,22,TskControl34,2025-02-20 15:21:59,2025-02-20_ID0_NoPCS_Ta22_TskControl34.csv,"2025-02-20_ID8_Standing fan (Daison, long)_Level5_Angle270_Distance150_Ta22_TskControl34.csv",20.879999999999995,52.67999999999999,-4.84,5.480000000000004,1.0799999999999983,35.50000000000001,31.96,52.000000000000014,-3.3599999999999923,17.060000000000002,22.60000000000001,15.299999999999997,18.16000000000001,35.41999999999999,28.879999999999995,20.52000000000001,6.1000000000000085,27.81999999999998,36.01999999999998,22.52000000000001,23.92,-0.5,0.03999999999999204,21.9,22.2,43.1,0.12,22.05,34.0,34.0,34.0,34.0,34.0,34.0,34.0,34.0,34.0,34.0,34.0,34.0,34.0,34.0,34.0,34.0,34.0,34.0,34.0,34.0,34.0,34.0,34.0,97.6,124.96,29.98,48.040000000000006,48.519999999999996,88.46000000000001,87.42,128.62,54.3,85.9,94.74000000000001,99.35999999999999,114.34,157.94,142.48,103.32000000000001,99.66,131.01999999999998,132.7,116.32000000000001,122.47999999999999,66.4,66.91999999999999,22.1,22.3,49.02,0.15,22.27,34.0,34.0,33.980000000000004,34.0,34.0,34.0,34.0,34.0,34.0,34.0,34.0,34.0,34.0,34.0,34.0,34.0,34.0,34.0,34.0,34.0,34.0,34.0,34.0,76.72,72.28,34.82,42.56,47.44,52.96,55.46,76.61999999999999,57.65999999999999,68.84,72.14,84.05999999999999,96.17999999999999,122.52000000000001,113.6,82.8,93.55999999999999,103.2,96.68,93.8,98.55999999999999,66.9,66.88
8,"Standing fan (Daison, long)",Level8,270.0,150.0,22,TskControl34,2025-02-20 15:40:09,2025-02-20_ID0_NoPCS_Ta22_TskControl34.csv,"2025-02-20_ID8_Standing fan (Daison, long)_Level8_Angle270_Distance150_Ta22_TskControl34.csv",31.139999999999986,61.56,-5.459999999999997,8.319999999999993,2.960000000000001,42.199999999999996,37.779999999999994,66.26,5.120000000000019,22.679999999999993,34.36,26.220000000000013,31.679999999999993,41.66,36.34,37.28,19.299999999999997,42.81999999999998,44.099999999999994,42.58,45.46000000000002,3.5,6.280000000000001,21.9,22.2,44.28,0.06,22.07,34.0,34.0,34.0,34.0,34.0,34.0,34.0,34.0,34.0,34.0,34.0,34.0,34.0,34.0,34.0,34.0,34.0,34.0,34.0,34.0,34.0,34.0,34.0,107.85999999999999,133.84,29.360000000000003,50.879999999999995,50.4,95.16,93.24,142.88,62.78000000000001,91.52,106.5,110.28,127.85999999999999,164.18,149.94,120.08,112.85999999999999,146.01999999999998,140.78,136.38,144.02,70.4,73.16,22.1,22.3,49.02,0.15,22.27,34.0,34.0,33.980000000000004,34.0,34.0,34.0,34.0,34.0,34.0,34.0,34.0,34.0,34.0,34.0,34.0,34.0,34.0,34.0,34.0,34.0,34.0,34.0,34.0,76.72,72.28,34.82,42.56,47.44,52.96,55.46,76.61999999999999,57.65999999999999,68.84,72.14,84.05999999999999,96.17999999999999,122.52000000000001,113.6,82.8,93.55999999999999,103.2,96.68,93.8,98.55999999999999,66.9,66.88
8,"Standing fan (daison, long)",Level8,225.0,150.0,25,TskControl34,2025-02-04 16:11:49,2025-02-04_ID0_NoPCS_Ta25_TskControl34.csv,"2025-02-04_ID8_Standing fan (daison, long)_Level8_Angle225_Distance150_Ta25_TskControl34.csv",32.64,38.44000000000001,1.9800000000000004,15.64,9.199999999999996,34.080000000000005,14.380000000000003,34.92000000000001,10.159999999999997,38.800000000000004,13.439999999999998,62.72,55.10000000000001,117.54000000000002,108.49999999999997,57.67999999999998,34.459999999999994,48.72,37.19999999999999,26.36,25.72,-0.9000000000000057,-0.9399999999999977,24.9,24.9,54.15,0.0,25.26,34.0,34.0,34.0,34.0,34.0,34.0,34.0,34.0,34.0,34.0,34.0,34.0,34.0,33.94,34.0,34.0,34.0,34.0,34.0,34.0,34.0,34.0,34.0,88.46000000000001,89.52000000000001,19.14,46.3,42.9,73.7,57.64000000000001,96.2,53.419999999999995,87.7,67.7,122.42,124.22,202.8,191.71999999999997,119.35999999999999,100.61999999999999,124.78,111.22,94.76,94.08,48.76,47.32000000000001,25.4,25.2,56.77,0.08,25.72,34.0,34.0,34.0,34.0,34.0,34.0,34.0,34.0,34.0,34.0,34.0,34.0,34.0,34.0,34.0,34.0,34.0,34.0,34.0,34.0,34.0,34.0,34.0,55.82000000000001,51.08,17.16,30.659999999999997,33.7,39.62,43.260000000000005,61.279999999999994,43.26,48.9,54.260000000000005,59.7,69.11999999999999,85.25999999999999,83.22,61.68000000000001,66.16,76.06,74.02000000000001,68.4,68.36,49.660000000000004,48.260000000000005
8,"Standing fan (daison, long)",Level5,270.0,150.0,25,TskControl34,2025-02-04 13:39:49,2025-02-04_ID0_NoPCS_Ta25_TskControl34.csv,"2025-02-04_ID8_Standing fan (daison, long)_Level5_Angle270_Distance150_Ta25_TskControl34.csv",19.359999999999985,32.0,8.999999999999996,8.18,5.299999999999997,33.70000000000001,28.219999999999985,43.440000000000005,0.14000000000000057,18.15999999999999,14.14,14.759999999999991,15.620000000000019,23.58,14.120000000000005,18.519999999999996,13.300000000000011,20.700000000000003,22.039999999999992,28.480000000000004,26.260000000000005,5.199999999999996,3.1799999999999926,25.2,25.2,52.85,0.11,25.51,34.0,34.0,34.0,34.0,34.0,34.0,34.0,34.0,34.0,34.0,34.0,34.0,34.0,34.0,34.0,34.0,34.0,34.0,34.0,34.0,34.0,34.0,34.0,75.17999999999999,83.08,26.159999999999997,38.839999999999996,39.0,73.32000000000001,71.47999999999999,104.72,43.4,67.05999999999999,68.4,74.46,84.74000000000001,108.83999999999999,97.34,80.2,79.46000000000001,96.76,96.06,96.88000000000001,94.62,54.86,51.44,25.4,25.2,56.77,0.08,25.72,34.0,34.0,34.0,34.0,34.0,34.0,34.0,34.0,34.0,34.0,34.0,34.0,34.0,34.0,34.0,34.0,34.0,34.0,34.0,34.0,34.0,34.0,34.0,55.82000000000001,51.08,17.16,30.659999999999997,33.7,39.62,43.260000000000005,61.279999999999994,43.26,48.9,54.260000000000005,59.7,69.11999999999999,85.25999999999999,83.22,61.68000000000001,66.16,76.06,74.02000000000001,68.4,68.36,49.660000000000004,48.260000000000005
8,"Standing fan (daison, long)",Level8,270.0,150.0,25,TskControl34,2025-02-04 13:57:49,2025-02-04_ID0_NoPCS_Ta25_TskControl34.csv,"2025-02-04_ID8_Standing fan (daison, long)_Level8_Angle270_Distance150_Ta25_TskControl34.csv",27.319999999999993,38.89999999999999,10.679999999999996,12.860000000000007,8.699999999999996,41.02000000000002,36.08,55.240000000000016,5.440000000000005,20.779999999999994,18.039999999999992,19.459999999999994,24.200000000000017,28.040000000000006,27.08,28.099999999999994,22.040000000000006,34.84,39.69999999999999,40.24000000000001,36.82000000000002,6.960000000000001,5.439999999999998,25.3,25.3,52.54,0.09,25.51,34.0,34.0,34.0,34.0,34.0,34.0,34.0,34.0,34.0,34.0,34.0,34.0,34.0,34.0,34.0,34.0,34.0,34.0,34.0,34.0,34.0,34.0,34.0,83.14,89.97999999999999,27.839999999999996,43.52,42.4,80.64000000000001,79.34,116.52000000000001,48.7,69.67999999999999,72.3,79.16,93.32000000000001,113.3,110.3,89.78,88.2,110.9,113.72,108.64000000000001,105.18000000000002,56.620000000000005,53.7,25.4,25.2,56.77,0.08,25.72,34.0,34.0,34.0,34.0,34.0,34.0,34.0,34.0,34.0,34.0,34.0,34.0,34.0,34.0,34.0,34.0,34.0,34.0,34.0,34.0,34.0,34.0,34.0,55.82000000000001,51.08,17.16,30.659999999999997,33.7,39.62,43.260000000000005,61.279999999999994,43.26,48.9,54.260000000000005,59.7,69.11999999999999,85.25999999999999,83.22,61.68000000000001,66.16,76.06,74.02000000000001,68.4,68.36,49.660000000000004,48.260000000000005
8,"Standing fan (daison, long)",Level1,225.0,150.0,25,TskControl34,2025-02-04 15:23:49,2025-02-04_ID0_NoPCS_Ta25_TskControl34.csv,"2025-02-04_ID8_Standing fan (daison, long)_Level1_Angle225_Distance150_Ta25_TskControl34.csv",5.279999999999994,18.040000000000006,-1.1000000000000014,5.380000000000003,-3.1800000000000033,17.540000000000006,-0.9800000000000111,11.580000000000005,-6.580000000000005,17.1,-4.280000000000008,25.22,11.180000000000007,28.080000000000013,14.159999999999997,17.539999999999992,-0.8000000000000114,1.4399999999999977,3.1399999999999864,-2.1000000000000085,-4.579999999999991,-2.5600000000000094,-4.600000000000001,25.3,25.3,53.22,0.05,25.62,34.0,34.0,34.0,34.0,34.0,34.0,34.0,34.0,34.0,34.0,34.0,34.0,34.0,34.0,34.0,34.0,34.0,34.0,34.0,34.0,34.0,34.0,34.0,61.1,69.12,16.06,36.04,30.52,57.160000000000004,42.279999999999994,72.86,36.67999999999999,66.0,49.98,84.92,80.3,113.34,97.38,79.22,65.35999999999999,77.5,77.16,66.3,63.78000000000001,47.099999999999994,43.660000000000004,25.4,25.2,56.77,0.08,25.72,34.0,34.0,34.0,34.0,34.0,34.0,34.0,34.0,34.0,34.0,34.0,34.0,34.0,34.0,34.0,34.0,34.0,34.0,34.0,34.0,34.0,34.0,34.0,55.82000000000001,51.08,17.16,30.659999999999997,33.7,39.62,43.260000000000005,61.279999999999994,43.26,48.9,54.260000000000005,59.7,69.11999999999999,85.25999999999999,83.22,61.68000000000001,66.16,76.06,74.02000000000001,68.4,68.36,49.660000000000004,48.260000000000005
8,"Standing fan (daison, long)",Level8,180.0,150.0,25,TskControl34,2025-02-04 17:24:49,2025-02-04_ID0_NoPCS_Ta25_TskControl34.csv,"2025-02-04_ID8_Standing fan (daison, long)_Level8_Angle180_Distance150_Ta25_TskControl34.csv",30.73999999999998,34.42,-0.6000000000000014,18.42000000000001,14.14,36.78000000000001,16.4,27.259999999999998,7.980000000000011,41.86000000000002,17.679999999999993,67.39999999999999,50.66000000000001,74.40000000000003,57.75999999999999,68.39999999999998,40.27999999999999,59.0,39.05999999999999,19.159999999999997,13.0,-2.420000000000009,-1.0400000000000063,25.2,25.1,53.88,0.07,25.46,34.0,34.0,34.0,34.0,34.0,34.0,34.0,34.0,34.0,34.0,34.0,34.0,34.0,34.0,34.0,34.0,34.0,34.0,34.0,34.0,34.0,34.0,34.0,86.55999999999999,85.5,16.56,49.080000000000005,47.84,76.4,59.660000000000004,88.53999999999999,51.24000000000001,90.76000000000002,71.94,127.1,119.78,159.66000000000003,140.98,130.07999999999998,106.43999999999998,135.06,113.08,87.56,81.36,47.239999999999995,47.22,25.4,25.2,56.77,0.08,25.72,34.0,34.0,34.0,34.0,34.0,34.0,34.0,34.0,34.0,34.0,34.0,34.0,34.0,34.0,34.0,34.0,34.0,34.0,34.0,34.0,34.0,34.0,34.0,55.82000000000001,51.08,17.16,30.659999999999997,33.7,39.62,43.260000000000005,61.279999999999994,43.26,48.9,54.260000000000005,59.7,69.11999999999999,85.25999999999999,83.22,61.68000000000001,66.16,76.06,74.02000000000001,68.4,68.36,49.660000000000004,48.260000000000005
8,"Standing fan (Daison, long)",Level3,270.0,150.0,22,TskControl34,2025-02-20 15:08:44,2025-02-20_ID0_NoPCS_Ta22_TskControl34.csv,"2025-02-20_ID8_Standing fan (Daison, long)_Level3_Angle270_Distance150_Ta22_TskControl34.csv",11.680000000000007,36.500000000000014,-7.059999999999999,0.09999999999999432,-4.3799999999999955,27.740000000000016,26.860000000000007,36.12000000000002,-6.999999999999986,8.920000000000002,17.38000000000001,6.579999999999998,9.559999999999988,19.579999999999984,15.419999999999987,14.280000000000015,1.5400000000000063,13.539999999999978,24.519999999999996,5.759999999999991,7.080000000000027,-2.8200000000000074,-2.780000000000001,21.9,22.2,49.95,0.07,22.18,34.0,34.0,34.0,34.0,34.0,34.0,34.0,34.0,34.0,34.0,34.0,34.0,34.0,34.0,34.0,34.0,34.0,34.0,34.0,34.0,34.0,34.0,34.0,88.4,108.78000000000002,27.76,42.66,43.06,80.70000000000002,82.32000000000001,112.74000000000001,50.660000000000004,77.76,89.52000000000001,90.63999999999999,105.73999999999998,142.1,129.01999999999998,97.08000000000001,95.1,116.73999999999998,121.2,99.55999999999999,105.64000000000001,64.08,64.1,22.1,22.3,49.02,0.15,22.27,34.0,34.0,33.980000000000004,34.0,34.0,34.0,34.0,34.0,34.0,34.0,34.0,34.0,34.0,34.0,34.0,34.0,34.0,34.0,34.0,34.0,34.0,34.0,34.0,76.72,72.28,34.82,42.56,47.44,52.96,55.46,76.61999999999999,57.65999999999999,68.84,72.14,84.05999999999999,96.17999999999999,122.52000000000001,113.6,82.8,93.55999999999999,103.2,96.68,93.8,98.55999999999999,66.9,66.88
8,"Standing fan (daison, long)",Level5,225.0,150.0,25,TskControl34,2025-02-04 15:59:49,2025-02-04_ID0_NoPCS_Ta25_TskControl34.csv,"2025-02-04_ID8_Standing fan (daison, long)_Level5_Angle225_Distance150_Ta25_TskControl34.csv",26.159999999999997,29.36,1.2799999999999976,13.040000000000006,5.699999999999996,27.96,9.299999999999997,30.48000000000001,6.199999999999996,33.800000000000004,9.97999999999999,52.42,43.88000000000001,97.92000000000002,82.42000000000002,49.44,26.700000000000003,39.239999999999995,31.099999999999994,20.5,18.939999999999998,-4.220000000000006,-1.1200000000000045,25.0,25.0,54.53,0.08,25.37,34.0,34.0,34.0,34.0,34.0,34.0,34.0,34.0,34.0,34.0,34.0,34.0,34.0,34.0,34.0,34.0,34.0,34.0,34.0,34.0,34.0,34.0,34.0,81.98,80.44,18.439999999999998,43.7,39.4,67.58,52.56,91.76,49.459999999999994,82.7,64.24,112.12,113.0,183.18,165.64000000000001,111.12,92.86,115.3,105.12,88.9,87.3,45.44,47.14,25.4,25.2,56.77,0.08,25.72,34.0,34.0,34.0,34.0,34.0,34.0,34.0,34.0,34.0,34.0,34.0,34.0,34.0,34.0,34.0,34.0,34.0,34.0,34.0,34.0,34.0,34.0,34.0,55.82000000000001,51.08,17.16,30.659999999999997,33.7,39.62,43.260000000000005,61.279999999999994,43.26,48.9,54.260000000000005,59.7,69.11999999999999,85.25999999999999,83.22,61.68000000000001,66.16,76.06,74.02000000000001,68.4,68.36,49.660000000000004,48.260000000000005
8,"Standing fan (daison, long)",Level10,180.0,150.0,25,TskControl34,2025-02-04 17:40:49,2025-02-04_ID0_NoPCS_Ta25_TskControl34.csv,"2025-02-04_ID8_Standing fan (daison, long)_Level10_Angle180_Distance150_Ta25_TskControl34.csv",29.61999999999999,33.72,-0.7799999999999976,18.340000000000003,11.619999999999997,37.62000000000001,17.299999999999983,26.78000000000001,8.14,41.73999999999999,16.500000000000014,64.08,48.08000000000001,73.44,55.23999999999998,66.82,39.120000000000005,56.099999999999994,37.839999999999975,17.079999999999984,11.840000000000003,-3.1600000000000037,-2.8600000000000065,25.3,25.1,53.56,0.13,25.55,34.0,34.0,34.0,34.0,34.0,34.0,34.0,34.0,34.0,34.0,34.0,34.0,34.0,34.0,34.0,34.0,34.0,34.0,34.0,34.0,34.0,34.0,34.0,85.44,84.8,16.380000000000003,49.0,45.32,77.24000000000001,60.55999999999999,88.06,51.4,90.63999999999999,70.76000000000002,123.78,117.2,158.7,138.45999999999998,128.5,105.28,132.16,111.85999999999999,85.47999999999999,80.2,46.5,45.4,25.4,25.2,56.77,0.08,25.72,34.0,34.0,34.0,34.0,34.0,34.0,34.0,34.0,34.0,34.0,34.0,34.0,34.0,34.0,34.0,34.0,34.0,34.0,34.0,34.0,34.0,34.0,34.0,55.82000000000001,51.08,17.16,30.659999999999997,33.7,39.62,43.260000000000005,61.279999999999994,43.26,48.9,54.260000000000005,59.7,69.11999999999999,85.25999999999999,83.22,61.68000000000001,66.16,76.06,74.02000000000001,68.4,68.36,49.660000000000004,48.260000000000005
8,"Standing fan (daison, long)",Level10,270.0,150.0,25,TskControl34,2025-04-02 14:10:00,2025-02-04_ID0_NoPCS_Ta25_TskControl34.csv,"2025-02-04_ID8_Standing fan (daison, long)_Level10_Angle270_Distance150_Ta25_TskControl34.csv",27.700000000000003,40.38000000000001,9.86,12.46,9.619999999999997,40.18,37.760000000000005,55.92000000000001,5.919999999999995,20.880000000000003,18.680000000000007,19.5,27.960000000000008,32.26000000000002,32.86,28.319999999999993,23.760000000000005,35.420000000000016,34.8,39.579999999999984,37.46000000000001,5.679999999999993,6.159999999999997,,,,,,34.0,34.0,34.0,34.0,34.0,34.0,34.0,34.0,34.0,34.0,34.0,34.0,34.0,34.0,34.0,34.0,34.0,34.0,34.0,34.0,34.0,34.0,34.0,83.52000000000001,91.46000000000001,27.02,43.12,43.32,79.8,81.02000000000001,117.2,49.17999999999999,69.78,72.94000000000001,79.2,97.08,117.52000000000001,116.08,90.0,89.92,111.48000000000002,108.82000000000001,107.97999999999999,105.82000000000001,55.339999999999996,54.42,25.4,25.2,56.77,0.08,25.72,34.0,34.0,34.0,34.0,34.0,34.0,34.0,34.0,34.0,34.0,34.0,34.0,34.0,34.0,34.0,34.0,34.0,34.0,34.0,34.0,34.0,34.0,34.0,55.82000000000001,51.08,17.16,30.659999999999997,33.7,39.62,43.260000000000005,61.279999999999994,43.26,48.9,54.260000000000005,59.7,69.11999999999999,85.25999999999999,83.22,61.68000000000001,66.16,76.06,74.02000000000001,68.4,68.36,49.660000000000004,48.260000000000005
8,"Standing fan (daison, long)",Level1,180.0,150.0,25,TskControl34,2025-02-04 16:37:49,2025-02-04_ID0_NoPCS_Ta25_TskControl34.csv,"2025-02-04_ID8_Standing fan (daison, long)_Level1_Angle180_Distance150_Ta25_TskControl34.csv",6.759999999999991,16.320000000000007,-0.9600000000000009,8.420000000000002,1.7199999999999989,14.059999999999995,-0.38000000000000966,4.620000000000012,-0.2600000000000051,20.940000000000005,-1.7199999999999989,30.72,15.120000000000005,26.080000000000013,18.539999999999992,24.319999999999993,6.340000000000003,4.260000000000005,-0.020000000000010232,-1.6399999999999864,-4.280000000000001,-3.200000000000003,-1.960000000000008,25.2,25.1,53.19,0.05,25.43,34.0,34.0,34.0,34.0,34.0,34.0,34.0,34.0,34.0,34.0,34.0,34.0,34.0,34.0,34.0,34.0,34.0,34.0,34.0,34.0,34.0,34.0,34.0,62.58,67.4,16.2,39.08,35.42,53.67999999999999,42.879999999999995,65.9,42.99999999999999,69.84,52.540000000000006,90.42,84.24,111.34,101.75999999999999,86.0,72.5,80.32000000000001,74.0,66.76000000000002,64.08,46.46,46.3,25.4,25.2,56.77,0.08,25.72,34.0,34.0,34.0,34.0,34.0,34.0,34.0,34.0,34.0,34.0,34.0,34.0,34.0,34.0,34.0,34.0,34.0,34.0,34.0,34.0,34.0,34.0,34.0,55.82000000000001,51.08,17.16,30.659999999999997,33.7,39.62,43.260000000000005,61.279999999999994,43.26,48.9,54.260000000000005,59.7,69.11999999999999,85.25999999999999,83.22,61.68000000000001,66.16,76.06,74.02000000000001,68.4,68.36,49.660000000000004,48.260000000000005
8,"Standing fan (daison, long)",Level3,180.0,150.0,25,TskControl34,2025-02-04 16:58:49,2025-02-04_ID0_NoPCS_Ta25_TskControl34.csv,"2025-02-04_ID8_Standing fan (daison, long)_Level3_Angle180_Distance150_Ta25_TskControl34.csv",15.519999999999996,17.66000000000001,0.759999999999998,11.520000000000003,6.219999999999999,21.140000000000008,3.219999999999999,11.120000000000012,2.9199999999999946,26.139999999999993,6.699999999999996,41.23999999999998,27.10000000000001,37.56000000000002,26.59999999999998,43.19999999999999,20.760000000000005,29.82000000000002,13.499999999999986,9.139999999999986,4.219999999999999,-2.1400000000000077,-3.720000000000006,24.9,25.0,54.5,0.07,25.36,34.0,34.0,34.0,34.0,34.0,34.0,34.0,34.0,34.0,34.0,34.0,34.0,34.0,34.0,34.0,34.0,34.0,34.0,34.0,34.0,34.0,34.0,34.0,71.34,68.74000000000001,17.919999999999998,42.18,39.92,60.760000000000005,46.480000000000004,72.4,46.17999999999999,75.03999999999999,60.96,100.93999999999998,96.22,122.82000000000001,109.81999999999998,104.88,86.92,105.88000000000002,87.52,77.53999999999999,72.58,47.519999999999996,44.54,25.4,25.2,56.77,0.08,25.72,34.0,34.0,34.0,34.0,34.0,34.0,34.0,34.0,34.0,34.0,34.0,34.0,34.0,34.0,34.0,34.0,34.0,34.0,34.0,34.0,34.0,34.0,34.0,55.82000000000001,51.08,17.16,30.659999999999997,33.7,39.62,43.260000000000005,61.279999999999994,43.26,48.9,54.260000000000005,59.7,69.11999999999999,85.25999999999999,83.22,61.68000000000001,66.16,76.06,74.02000000000001,68.4,68.36,49.660000000000004,48.260000000000005
8,"Standing fan (daison, long)",Level1,270.0,150.0,25,TskControl34,2025-02-04 12:55:49,2025-02-04_ID0_NoPCS_Ta25_TskControl34.csv,"2025-02-04_ID8_Standing fan (daison, long)_Level1_Angle270_Distance150_Ta25_TskControl34.csv",3.5999999999999943,10.339999999999996,2.5199999999999996,-1.2999999999999936,-3.560000000000006,17.159999999999997,10.079999999999991,16.940000000000005,-8.380000000000003,5.079999999999998,2.3399999999999963,0.1599999999999966,4.6000000000000085,4.340000000000003,5.0,1.3399999999999892,0.6599999999999966,-0.6400000000000148,3.2399999999999807,3.319999999999993,2.559999999999988,-2.1400000000000006,-2.0600000000000023,25.4,25.4,52.23,0.17,25.68,34.0,34.0,34.0,34.0,34.0,34.0,34.0,34.0,34.0,34.0,34.0,34.0,34.0,34.0,34.0,34.0,34.0,34.0,34.0,34.0,34.0,34.0,34.0,59.42,61.419999999999995,19.68,29.360000000000003,30.139999999999997,56.779999999999994,53.339999999999996,78.22,34.879999999999995,53.98,56.6,59.86,73.72,89.6,88.22,63.019999999999996,66.82,75.41999999999999,77.25999999999999,71.72,70.91999999999999,47.52,46.2,25.4,25.2,56.77,0.08,25.72,34.0,34.0,34.0,34.0,34.0,34.0,34.0,34.0,34.0,34.0,34.0,34.0,34.0,34.0,34.0,34.0,34.0,34.0,34.0,34.0,34.0,34.0,34.0,55.82000000000001,51.08,17.16,30.659999999999997,33.7,39.62,43.260000000000005,61.279999999999994,43.26,48.9,54.260000000000005,59.7,69.11999999999999,85.25999999999999,83.22,61.68000000000001,66.16,76.06,74.02000000000001,68.4,68.36,49.660000000000004,48.260000000000005
8,"Standing fan (daison, long)",Level10,225.0,150.0,25,TskControl34,2025-02-04 16:20:49,2025-02-04_ID0_NoPCS_Ta25_TskControl34.csv,"2025-02-04_ID8_Standing fan (daison, long)_Level10_Angle225_Distance150_Ta25_TskControl34.csv",30.73999999999998,37.66,0.9799999999999969,14.260000000000005,8.039999999999992,34.26,15.099999999999994,34.50000000000001,8.380000000000003,37.26000000000001,12.739999999999995,60.73999999999998,51.24000000000002,110.18,100.78,54.80000000000001,32.22,45.44,36.45999999999998,23.939999999999998,21.299999999999997,-0.8400000000000034,-1.9600000000000009,24.9,25.1,54.5,0.08,25.36,34.0,34.0,34.0,34.0,34.0,34.0,34.0,34.0,34.0,34.0,34.0,34.0,34.0,34.0,34.0,34.0,34.0,34.0,34.0,34.0,34.0,34.0,34.0,86.55999999999999,88.74,18.139999999999997,44.92,41.739999999999995,73.88,58.36,95.78,51.64,86.16000000000001,67.0,120.43999999999998,120.36000000000001,195.44,184.0,116.48000000000002,98.38,121.5,110.47999999999999,92.34,89.66,48.82,46.300000000000004,25.4,25.2,56.77,0.08,25.72,34.0,34.0,34.0,34.0,34.0,34.0,34.0,34.0,34.0,34.0,34.0,34.0,34.0,34.0,34.0,34.0,34.0,34.0,34.0,34.0,34.0,34.0,34.0,55.82000000000001,51.08,17.16,30.659999999999997,33.7,39.62,43.260000000000005,61.279999999999994,43.26,48.9,54.260000000000005,59.7,69.11999999999999,85.25999999999999,83.22,61.68000000000001,66.16,76.06,74.02000000000001,68.4,68.36,49.660000000000004,48.260000000000005
8,"Standing fan (daison, long)",Level5,180.0,150.0,25,TskControl34,2025-02-04 17:11:49,2025-02-04_ID0_NoPCS_Ta25_TskControl34.csv,"2025-02-04_ID8_Standing fan (daison, long)_Level5_Angle180_Distance150_Ta25_TskControl34.csv",21.31999999999998,27.299999999999997,0.379999999999999,13.980000000000004,8.120000000000005,29.400000000000013,9.599999999999994,18.46,5.240000000000002,33.63999999999999,11.36,50.22,35.420000000000016,42.10000000000002,34.58,52.94,27.320000000000007,40.31999999999999,24.47999999999999,12.740000000000009,6.019999999999996,-2.8000000000000043,0.47999999999998977,25.0,25.2,54.18,0.13,25.45,34.0,34.0,34.0,34.0,34.0,34.0,34.0,34.0,34.0,34.0,34.0,34.0,34.0,34.0,34.0,34.0,34.0,34.0,34.0,34.0,34.0,34.0,34.0,77.13999999999999,78.38,17.54,44.64,41.82000000000001,69.02000000000001,52.86,79.74,48.5,82.53999999999999,65.62,109.92,104.54,127.36000000000001,117.8,114.62,93.48,116.38,98.5,81.14000000000001,74.38,46.86,48.739999999999995,25.4,25.2,56.77,0.08,25.72,34.0,34.0,34.0,34.0,34.0,34.0,34.0,34.0,34.0,34.0,34.0,34.0,34.0,34.0,34.0,34.0,34.0,34.0,34.0,34.0,34.0,34.0,34.0,55.82000000000001,51.08,17.16,30.659999999999997,33.7,39.62,43.260000000000005,61.279999999999994,43.26,48.9,54.260000000000005,59.7,69.11999999999999,85.25999999999999,83.22,61.68000000000001,66.16,76.06,74.02000000000001,68.4,68.36,49.660000000000004,48.260000000000005
8,"Standing fan (daison, long)",Level3,225.0,150.0,25,TskControl34,2025-02-04 15:37:49,2025-02-04_ID0_NoPCS_Ta25_TskControl34.csv,"2025-02-04_ID8_Standing fan (daison, long)_Level3_Angle225_Distance150_Ta25_TskControl34.csv",14.700000000000003,20.700000000000003,0.399999999999995,8.0,0.7199999999999989,23.040000000000006,3.039999999999992,23.940000000000005,-0.8399999999999963,24.000000000000007,2.6599999999999966,36.77999999999999,24.140000000000015,54.0,36.33999999999999,26.999999999999986,12.340000000000003,23.97999999999999,19.039999999999978,8.97999999999999,4.819999999999993,-2.3000000000000043,-3.680000000000007,25.1,25.3,53.51,0.18,25.43,34.0,34.0,34.0,34.0,34.0,34.0,34.0,34.0,34.0,34.0,34.0,34.0,34.0,34.0,34.0,34.0,34.0,34.0,34.0,34.0,34.0,34.0,34.0,70.52000000000001,71.78,17.559999999999995,38.66,34.42,62.660000000000004,46.3,85.22,42.42,72.9,56.92,96.47999999999999,93.26,139.26,119.55999999999999,88.67999999999999,78.5,100.03999999999999,93.05999999999999,77.38,73.17999999999999,47.36,44.58,25.4,25.2,56.77,0.08,25.72,34.0,34.0,34.0,34.0,34.0,34.0,34.0,34.0,34.0,34.0,34.0,34.0,34.0,34.0,34.0,34.0,34.0,34.0,34.0,34.0,34.0,34.0,34.0,55.82000000000001,51.08,17.16,30.659999999999997,33.7,39.62,43.260000000000005,61.279999999999994,43.26,48.9,54.260000000000005,59.7,69.11999999999999,85.25999999999999,83.22,61.68000000000001,66.16,76.06,74.02000000000001,68.4,68.36,49.660000000000004,48.260000000000005
8,"Standing fan (daison, long)",Level3,270.0,150.0,25,TskControl34,2025-02-04 13:20:49,2025-02-04_ID0_NoPCS_Ta25_TskControl34.csv,"2025-02-04_ID8_Standing fan (daison, long)_Level3_Angle270_Distance150_Ta25_TskControl34.csv",12.61999999999999,25.200000000000003,6.360000000000003,5.6200000000000045,3.219999999999999,25.720000000000006,21.33999999999999,33.26000000000001,-3.460000000000001,11.779999999999994,9.699999999999996,9.679999999999993,9.680000000000007,14.940000000000012,7.280000000000001,10.719999999999999,6.340000000000003,9.340000000000003,11.799999999999997,18.039999999999992,17.36,3.259999999999998,1.4799999999999898,25.3,25.3,52.2,0.06,25.58,34.0,34.0,34.0,34.0,34.0,34.0,34.0,34.0,34.0,34.0,34.0,34.0,34.0,34.0,34.0,34.0,34.0,34.0,34.0,34.0,34.0,34.0,34.0,68.44,76.28,23.520000000000003,36.28,36.92,65.34,64.6,94.54,39.8,60.67999999999999,63.96,69.38,78.8,100.2,90.5,72.4,72.5,85.4,85.82000000000001,86.44,85.72,52.92,49.739999999999995,25.4,25.2,56.77,0.08,25.72,34.0,34.0,34.0,34.0,34.0,34.0,34.0,34.0,34.0,34.0,34.0,34.0,34.0,34.0,34.0,34.0,34.0,34.0,34.0,34.0,34.0,34.0,34.0,55.82000000000001,51.08,17.16,30.659999999999997,33.7,39.62,43.260000000000005,61.279999999999994,43.26,48.9,54.260000000000005,59.7,69.11999999999999,85.25999999999999,83.22,61.68000000000001,66.16,76.06,74.02000000000001,68.4,68.36,49.660000000000004,48.260000000000005
8,"Standing fan (Daison, long)",Level8,180.0,150.0,22,TskControl34,2025-02-21 14:57:58,2025-02-21_ID0_NoPCS_Ta22_TskControl34.csv,"2025-02-21_ID8_Standing fan (Daison, long)_Level8_Angle180_Distance150_Ta22_TskControl34.csv",41.37999999999998,28.23999999999998,-0.8399999999999999,27.120000000000005,36.46,35.32,27.10000000000001,35.69999999999999,16.29999999999999,45.28,26.260000000000005,78.6,100.69999999999996,69.54000000000005,89.69999999999999,86.54,64.66000000000004,78.87999999999994,45.28,24.83999999999999,22.460000000000008,-1.4000000000000057,-1.3999999999999915,22.3,22.4,65.82,0.05,22.99,34.0,34.0,34.0,34.0,34.0,34.0,34.0,34.0,34.0,34.0,34.0,34.0,34.0,33.019999999999996,34.0,34.0,34.0,34.0,34.0,34.0,34.0,34.0,34.0,118.85999999999999,106.35999999999999,20.1,70.02,81.36,90.66,85.34,115.6,74.63999999999999,111.63999999999999,101.92,164.24,202.45999999999998,203.16000000000003,206.94,171.34,151.52000000000004,184.73999999999995,154.4,117.55999999999999,119.96000000000001,63.3,64.30000000000001,22.2,22.2,50.04,0.13,22.39,34.0,34.0,34.0,34.0,34.0,34.0,34.0,34.0,34.0,34.0,34.0,34.0,34.0,34.0,34.0,34.0,34.0,34.0,34.0,34.0,34.0,34.0,34.0,77.48,78.12,20.94,42.89999999999999,44.9,55.339999999999996,58.239999999999995,79.9,58.339999999999996,66.35999999999999,75.66,85.64000000000001,101.76000000000002,133.61999999999998,117.24000000000001,84.8,86.86,105.86000000000001,109.12,92.72,97.5,64.7,65.7
8,"Standing fan (Daison, long)",Level8,225.0,150.0,22,TskControl34,2025-02-21 13:06:53,2025-02-21_ID0_NoPCS_Ta22_TskControl34.csv,"2025-02-21_ID8_Standing fan (Daison, long)_Level8_Angle225_Distance150_Ta22_TskControl34.csv",36.67999999999999,37.51999999999998,1.860000000000003,15.740000000000009,4.8799999999999955,46.15999999999999,16.74000000000001,45.75999999999999,14.600000000000016,40.34000000000002,14.740000000000009,70.13999999999999,77.81999999999996,71.34,98.12000000000003,82.62000000000002,46.83999999999999,62.079999999999984,31.45999999999998,31.400000000000006,26.679999999999993,-0.07999999999998408,-2.1200000000000045,22.3,22.3,56.35,0.02,22.54,33.9,34.0,34.0,34.0,34.0,34.0,34.0,34.0,34.0,34.0,34.0,34.0,34.0,31.360000000000003,31.24,34.0,34.0,34.0,34.0,34.0,34.0,34.0,34.0,114.16,115.63999999999999,22.800000000000004,58.64,49.779999999999994,101.49999999999999,74.98,125.66,72.94000000000001,106.7,90.4,155.78,179.57999999999998,204.95999999999998,215.36000000000004,167.42000000000002,133.7,167.94,140.57999999999998,124.12,124.17999999999999,64.62000000000002,63.58,22.2,22.2,50.04,0.13,22.39,34.0,34.0,34.0,34.0,34.0,34.0,34.0,34.0,34.0,34.0,34.0,34.0,34.0,34.0,34.0,34.0,34.0,34.0,34.0,34.0,34.0,34.0,34.0,77.48,78.12,20.94,42.89999999999999,44.9,55.339999999999996,58.239999999999995,79.9,58.339999999999996,66.35999999999999,75.66,85.64000000000001,101.76000000000002,133.61999999999998,117.24000000000001,84.8,86.86,105.86000000000001,109.12,92.72,97.5,64.7,65.7
8,"Standing fan (Daison, long)",Level5,180.0,150.0,22,TskControl34,2025-02-21 14:35:33,2025-02-21_ID0_NoPCS_Ta22_TskControl34.csv,"2025-02-21_ID8_Standing fan (Daison, long)_Level5_Angle180_Distance150_Ta22_TskControl34.csv",33.19999999999999,24.859999999999985,-1.120000000000001,22.700000000000003,28.880000000000003,30.51999999999999,18.840000000000018,28.039999999999978,12.56000000000001,38.04000000000002,19.879999999999995,63.099999999999966,79.97999999999996,63.30000000000001,60.69999999999999,78.39999999999999,52.89999999999999,63.75999999999999,33.02000000000001,18.719999999999985,15.120000000000005,-0.1600000000000108,-3.0600000000000023,22.2,22.4,72.4,0.12,22.97,34.0,34.0,34.0,34.0,34.0,34.0,34.0,34.0,34.0,34.0,34.0,34.0,34.0,33.98,34.0,34.0,34.0,34.0,34.0,34.0,34.0,34.0,34.0,110.67999999999999,102.97999999999999,19.82,65.6,73.78,85.85999999999999,77.08000000000001,107.93999999999998,70.9,104.4,95.53999999999999,148.73999999999998,181.73999999999998,196.92,177.94,163.2,139.76,169.62,142.14000000000001,111.43999999999998,112.62,64.53999999999999,62.64,22.2,22.2,50.04,0.13,22.39,34.0,34.0,34.0,34.0,34.0,34.0,34.0,34.0,34.0,34.0,34.0,34.0,34.0,34.0,34.0,34.0,34.0,34.0,34.0,34.0,34.0,34.0,34.0,77.48,78.12,20.94,42.89999999999999,44.9,55.339999999999996,58.239999999999995,79.9,58.339999999999996,66.35999999999999,75.66,85.64000000000001,101.76000000000002,133.61999999999998,117.24000000000001,84.8,86.86,105.86000000000001,109.12,92.72,97.5,64.7,65.7
8,"Standing fan (Daison, long)",Level5,225.0,150.0,22,TskControl34,2025-02-21 12:35:48,2025-02-21_ID0_NoPCS_Ta22_TskControl34.csv,"2025-02-21_ID8_Standing fan (Daison, long)_Level5_Angle225_Distance150_Ta22_TskControl34.csv",27.579999999999984,29.33999999999999,2.0399999999999956,13.980000000000004,3.3200000000000074,36.34000000000001,10.440000000000012,36.06,8.96,33.48000000000002,6.400000000000006,55.24000000000001,59.39999999999998,69.98000000000002,95.85999999999999,61.09999999999998,33.239999999999995,41.29999999999998,19.22,22.220000000000013,15.299999999999997,0.45999999999999375,-3.700000000000003,22.2,22.2,55.96,0.09,22.43,34.0,34.0,34.0,34.0,34.0,34.0,34.0,34.0,34.0,34.0,34.0,34.0,34.0,32.720000000000006,33.440000000000005,34.0,34.0,34.0,34.0,34.0,34.0,34.0,34.0,105.05999999999999,107.46,22.979999999999997,56.879999999999995,48.220000000000006,91.68,68.68,115.96000000000001,67.3,99.84,82.06,140.88000000000002,161.16,203.6,213.1,145.89999999999998,120.1,147.16,128.34,114.94000000000001,112.8,65.16,62.0,22.2,22.2,50.04,0.13,22.39,34.0,34.0,34.0,34.0,34.0,34.0,34.0,34.0,34.0,34.0,34.0,34.0,34.0,34.0,34.0,34.0,34.0,34.0,34.0,34.0,34.0,34.0,34.0,77.48,78.12,20.94,42.89999999999999,44.9,55.339999999999996,58.239999999999995,79.9,58.339999999999996,66.35999999999999,75.66,85.64000000000001,101.76000000000002,133.61999999999998,117.24000000000001,84.8,86.86,105.86000000000001,109.12,92.72,97.5,64.7,65.7
8,"Standing fan (Daison, long)",Level3,225.0,150.0,22,TskControl34,2025-02-21 12:16:53,2025-02-21_ID0_NoPCS_Ta22_TskControl34.csv,"2025-02-21_ID8_Standing fan (Daison, long)_Level3_Angle225_Distance150_Ta22_TskControl34.csv",14.199999999999989,19.919999999999987,0.9999999999999964,9.980000000000004,-1.1799999999999997,27.360000000000007,4.6200000000000045,27.22,-0.1600000000000037,24.480000000000018,-0.4399999999999977,35.97999999999996,29.879999999999995,49.72,44.04000000000002,36.82000000000001,9.960000000000008,18.28,7.420000000000002,5.220000000000013,-2.219999999999999,0.3399999999999892,-4.840000000000003,22.1,22.2,53.42,0.02,22.46,34.0,34.0,34.0,34.0,34.0,34.0,34.0,34.0,34.0,34.0,34.0,34.0,34.0,34.0,34.0,34.0,34.0,34.0,34.0,34.0,34.0,34.0,34.0,91.67999999999999,98.03999999999999,21.939999999999998,52.879999999999995,43.72,82.7,62.86,107.12,58.17999999999999,90.84,75.22,121.61999999999998,131.64000000000001,183.33999999999997,161.28000000000003,121.62,96.82000000000001,124.14000000000001,116.54,97.94000000000001,95.28,65.03999999999999,60.86,22.2,22.2,50.04,0.13,22.39,34.0,34.0,34.0,34.0,34.0,34.0,34.0,34.0,34.0,34.0,34.0,34.0,34.0,34.0,34.0,34.0,34.0,34.0,34.0,34.0,34.0,34.0,34.0,77.48,78.12,20.94,42.89999999999999,44.9,55.339999999999996,58.239999999999995,79.9,58.339999999999996,66.35999999999999,75.66,85.64000000000001,101.76000000000002,133.61999999999998,117.24000000000001,84.8,86.86,105.86000000000001,109.12,92.72,97.5,64.7,65.7
8,"Standing fan (Daison, long)",Level1,180.0,150.0,22,TskControl34,2025-02-21 13:47:13,2025-02-21_ID0_NoPCS_Ta22_TskControl34.csv,"2025-02-21_ID8_Standing fan (Daison, long)_Level1_Angle180_Distance150_Ta22_TskControl34.csv",4.3999999999999915,20.22,-1.8000000000000043,9.860000000000014,5.200000000000003,16.580000000000005,3.0800000000000125,2.019999999999982,0.12000000000000455,18.78000000000003,-8.079999999999998,32.699999999999974,24.179999999999993,15.980000000000018,11.579999999999984,20.980000000000004,7.140000000000001,-7.640000000000015,-18.680000000000007,-4.199999999999989,-7.440000000000012,-2.479999999999997,-4.160000000000004,22.2,22.4,54.52,0.13,22.58,34.0,34.0,34.0,34.0,34.0,34.0,34.0,34.0,34.0,34.0,34.0,34.0,34.0,34.0,34.0,34.0,34.0,34.0,34.0,34.0,34.0,34.0,34.0,81.88,98.34,19.139999999999997,52.760000000000005,50.1,71.92,61.32000000000001,81.91999999999999,58.46,85.14000000000001,67.58,118.33999999999999,125.94000000000001,149.6,128.82,105.78,94.0,98.22,90.44,88.52000000000001,90.05999999999999,62.220000000000006,61.54,22.2,22.2,50.04,0.13,22.39,34.0,34.0,34.0,34.0,34.0,34.0,34.0,34.0,34.0,34.0,34.0,34.0,34.0,34.0,34.0,34.0,34.0,34.0,34.0,34.0,34.0,34.0,34.0,77.48,78.12,20.94,42.89999999999999,44.9,55.339999999999996,58.239999999999995,79.9,58.339999999999996,66.35999999999999,75.66,85.64000000000001,101.76000000000002,133.61999999999998,117.24000000000001,84.8,86.86,105.86000000000001,109.12,92.72,97.5,64.7,65.7
8,"Standing fan (Daison, long)",Level10,225.0,150.0,22,TskControl34,2025-02-21 13:23:33,2025-02-21_ID0_NoPCS_Ta22_TskControl34.csv,"2025-02-21_ID8_Standing fan (Daison, long)_Level10_Angle225_Distance150_Ta22_TskControl34.csv",35.36,39.83999999999999,2.5199999999999996,15.800000000000011,5.280000000000001,48.06000000000001,18.000000000000014,48.47999999999999,11.860000000000007,38.52000000000001,15.0,64.63999999999999,74.66,71.16,97.69999999999999,75.02,43.459999999999994,57.53999999999999,34.920000000000016,27.480000000000004,20.33999999999999,-1.720000000000006,-1.4200000000000017,22.3,22.3,54.9,0.12,22.6,33.9,34.0,34.0,34.0,34.0,34.0,34.0,34.0,34.0,34.0,34.0,34.0,34.0,31.6,31.6,34.0,34.0,34.0,34.0,34.0,34.0,34.0,34.0,112.84,117.96,23.46,58.7,50.18,103.4,76.24000000000001,128.38,70.2,104.88,90.66,150.28,176.42000000000002,204.77999999999997,214.94,159.82,130.32,163.4,144.04000000000002,120.2,117.83999999999999,62.98,64.28,22.2,22.2,50.04,0.13,22.39,34.0,34.0,34.0,34.0,34.0,34.0,34.0,34.0,34.0,34.0,34.0,34.0,34.0,34.0,34.0,34.0,34.0,34.0,34.0,34.0,34.0,34.0,34.0,77.48,78.12,20.94,42.89999999999999,44.9,55.339999999999996,58.239999999999995,79.9,58.339999999999996,66.35999999999999,75.66,85.64000000000001,101.76000000000002,133.61999999999998,117.24000000000001,84.8,86.86,105.86000000000001,109.12,92.72,97.5,64.7,65.7
8,"Standing fan (Daison, long)",Level10,180.0,150.0,22,TskControl34,2025-02-21 15:14:53,2025-02-21_ID0_NoPCS_Ta22_TskControl34.csv,"2025-02-21_ID8_Standing fan (Daison, long)_Level10_Angle180_Distance150_Ta22_TskControl34.csv",40.27999999999999,32.32000000000001,0.29999999999999716,26.78,34.46,36.88,27.780000000000015,35.24000000000001,16.440000000000005,45.36,23.92,74.83999999999997,93.52000000000001,68.78000000000003,75.47999999999996,90.84000000000002,60.959999999999994,77.83999999999997,46.099999999999966,22.439999999999998,17.960000000000008,-1.3400000000000034,-2.700000000000003,22.3,22.3,55.99,0.0,22.63,34.0,34.0,34.0,34.0,34.0,34.0,34.0,34.0,34.0,34.0,34.0,34.0,34.0,33.779999999999994,34.0,34.0,34.0,34.0,34.0,34.0,34.0,34.0,34.0,117.75999999999999,110.44000000000001,21.24,69.67999999999999,79.36,92.22,86.02000000000001,115.14000000000001,74.78,111.71999999999998,99.58,160.48,195.28000000000003,202.4,192.71999999999997,175.64000000000001,147.82,183.7,155.21999999999997,115.16,115.46000000000001,63.36,63.0,22.2,22.2,50.04,0.13,22.39,34.0,34.0,34.0,34.0,34.0,34.0,34.0,34.0,34.0,34.0,34.0,34.0,34.0,34.0,34.0,34.0,34.0,34.0,34.0,34.0,34.0,34.0,34.0,77.48,78.12,20.94,42.89999999999999,44.9,55.339999999999996,58.239999999999995,79.9,58.339999999999996,66.35999999999999,75.66,85.64000000000001,101.76000000000002,133.61999999999998,117.24000000000001,84.8,86.86,105.86000000000001,109.12,92.72,97.5,64.7,65.7
8,"Standing fan (Daison, long)",Level1,225.0,150.0,22,TskControl34,2025-02-21 11:38:03,2025-02-21_ID0_NoPCS_Ta22_TskControl34.csv,"2025-02-21_ID8_Standing fan (Daison, long)_Level1_Angle225_Distance150_Ta22_TskControl34.csv",3.8599999999999994,13.0,0.5799999999999983,5.900000000000006,-2.299999999999997,21.080000000000005,2.420000000000009,15.0,-1.980000000000004,14.740000000000009,-4.5,16.45999999999998,5.539999999999978,1.9200000000000443,19.939999999999998,13.66000000000001,2.499999999999986,-10.140000000000015,-5.920000000000002,-2.8400000000000034,-4.47999999999999,0.7999999999999972,-2.6000000000000014,22.2,22.2,52.06,0.0,22.43,34.0,34.0,34.0,34.0,34.0,34.0,34.0,34.0,34.0,34.0,34.0,34.0,34.0,34.0,34.0,34.0,34.0,34.0,34.0,34.0,34.0,34.0,34.0,81.34,91.12,21.52,48.8,42.6,76.42,60.660000000000004,94.9,56.35999999999999,81.1,71.16,102.1,107.3,135.54000000000002,137.18,98.46000000000001,89.35999999999999,95.72,103.2,89.88,93.02000000000001,65.5,63.1,22.2,22.2,50.04,0.13,22.39,34.0,34.0,34.0,34.0,34.0,34.0,34.0,34.0,34.0,34.0,34.0,34.0,34.0,34.0,34.0,34.0,34.0,34.0,34.0,34.0,34.0,34.0,34.0,77.48,78.12,20.94,42.89999999999999,44.9,55.339999999999996,58.239999999999995,79.9,58.339999999999996,66.35999999999999,75.66,85.64000000000001,101.76000000000002,133.61999999999998,117.24000000000001,84.8,86.86,105.86000000000001,109.12,92.72,97.5,64.7,65.7
8,"Standing fan (Daison, long)",Level3,180.0,150.0,22,TskControl34,2025-02-21 14:17:58,2025-02-21_ID0_NoPCS_Ta22_TskControl34.csv,"2025-02-21_ID8_Standing fan (Daison, long)_Level3_Angle180_Distance150_Ta22_TskControl34.csv",17.739999999999995,19.219999999999985,-1.3200000000000038,17.159999999999997,17.020000000000003,21.660000000000004,10.11999999999999,12.780000000000001,4.640000000000001,27.64,3.480000000000018,48.01999999999998,45.13999999999996,23.74000000000001,30.180000000000007,48.24000000000002,26.45999999999998,33.140000000000015,14.700000000000003,6.659999999999997,1.6000000000000085,-1.3400000000000034,-4.600000000000001,22.3,22.3,66.24,0.0,22.9,34.0,34.0,34.0,34.0,34.0,34.0,34.0,34.0,34.0,34.0,34.0,34.0,34.0,34.0,34.0,34.0,34.0,34.0,34.0,34.0,34.0,34.0,34.0,95.22,97.33999999999999,19.619999999999997,60.05999999999999,61.92,77.0,68.35999999999999,92.68,62.98,93.99999999999999,79.14000000000001,133.66,146.89999999999998,157.35999999999999,147.42000000000002,133.04000000000002,113.31999999999998,139.00000000000003,123.82000000000001,99.38,99.10000000000001,63.36,61.1,22.2,22.2,50.04,0.13,22.39,34.0,34.0,34.0,34.0,34.0,34.0,34.0,34.0,34.0,34.0,34.0,34.0,34.0,34.0,34.0,34.0,34.0,34.0,34.0,34.0,34.0,34.0,34.0,77.48,78.12,20.94,42.89999999999999,44.9,55.339999999999996,58.239999999999995,79.9,58.339999999999996,66.35999999999999,75.66,85.64000000000001,101.76000000000002,133.61999999999998,117.24000000000001,84.8,86.86,105.86000000000001,109.12,92.72,97.5,64.7,65.7
9,Standing fan (Sunbeam),Level4,270.0,150.0,22,TskControl34,2025-02-21 18:01:43,2025-02-21_ID0_NoPCS_Ta22_TskControl34.csv,2025-02-21_ID9_Standing fan (Sunbeam)_Level4_Angle270_Distance150_Ta22_TskControl34.csv,25.099999999999994,85.47999999999999,52.34,7.480000000000004,7.140000000000008,55.13999999999999,38.66000000000001,30.939999999999984,-2.519999999999989,24.960000000000022,28.840000000000003,36.0,45.319999999999965,69.00000000000003,60.25999999999999,20.18000000000002,16.939999999999998,9.039999999999992,8.559999999999988,7.959999999999994,6.400000000000006,1.6200000000000045,-0.7600000000000051,22.2,22.2,64.13,0.0,22.73,34.0,34.0,34.0,34.0,34.0,34.0,34.0,34.0,34.0,34.0,34.0,34.0,34.0,33.68000000000001,34.0,34.0,34.0,34.0,34.0,34.0,34.0,34.0,34.0,102.58,163.6,73.28,50.379999999999995,52.040000000000006,110.47999999999999,96.9,110.83999999999999,55.82000000000001,91.32000000000001,104.5,121.64000000000001,147.07999999999998,202.62,177.5,104.98000000000002,103.8,114.9,117.67999999999999,100.67999999999999,103.9,66.32000000000001,64.94,22.2,22.2,50.04,0.13,22.39,34.0,34.0,34.0,34.0,34.0,34.0,34.0,34.0,34.0,34.0,34.0,34.0,34.0,34.0,34.0,34.0,34.0,34.0,34.0,34.0,34.0,34.0,34.0,77.48,78.12,20.94,42.89999999999999,44.9,55.339999999999996,58.239999999999995,79.9,58.339999999999996,66.35999999999999,75.66,85.64000000000001,101.76000000000002,133.61999999999998,117.24000000000001,84.8,86.86,105.86000000000001,109.12,92.72,97.5,64.7,65.7
9,Standing fan (Sunbeam),Level3,270.0,150.0,22,TskControl34,2025-02-21 17:51:53,2025-02-21_ID0_NoPCS_Ta22_TskControl34.csv,2025-02-21_ID9_Standing fan (Sunbeam)_Level3_Angle270_Distance150_Ta22_TskControl34.csv,23.36,81.97999999999999,48.47999999999999,6.20000000000001,6.18,52.839999999999996,34.10000000000001,28.560000000000002,-2.960000000000001,23.600000000000023,29.24000000000001,32.23999999999998,44.43999999999997,68.82000000000002,54.139999999999986,18.5,16.38000000000001,7.579999999999998,6.480000000000018,8.219999999999999,5.579999999999998,-0.28000000000000114,-1.5600000000000023,22.2,22.1,66.22,0.04,22.69,34.0,34.0,34.0,34.0,34.0,34.0,34.0,34.0,34.0,34.0,34.0,34.0,34.0,33.86,34.0,34.0,34.0,34.0,34.0,34.0,34.0,34.0,34.0,100.84,160.1,69.41999999999999,49.1,51.08,108.17999999999999,92.34,108.46000000000001,55.379999999999995,89.96000000000001,104.9,117.88,146.2,202.44,171.38,103.3,103.24000000000001,113.44000000000001,115.60000000000002,100.94,103.08,64.42,64.14,22.2,22.2,50.04,0.13,22.39,34.0,34.0,34.0,34.0,34.0,34.0,34.0,34.0,34.0,34.0,34.0,34.0,34.0,34.0,34.0,34.0,34.0,34.0,34.0,34.0,34.0,34.0,34.0,77.48,78.12,20.94,42.89999999999999,44.9,55.339999999999996,58.239999999999995,79.9,58.339999999999996,66.35999999999999,75.66,85.64000000000001,101.76000000000002,133.61999999999998,117.24000000000001,84.8,86.86,105.86000000000001,109.12,92.72,97.5,64.7,65.7
9,Standing fan (Sunbeam),Level4,225.0,150.0,22,TskControl34,2025-02-21 20:08:53,2025-02-21_ID0_NoPCS_Ta22_TskControl34.csv,2025-02-21_ID9_Standing fan (Sunbeam)_Level4_Angle225_Distance150_Ta22_TskControl34.csv,34.61999999999999,85.95999999999998,19.599999999999998,17.74000000000001,3.8400000000000034,59.52000000000002,28.38000000000001,20.14,13.280000000000008,46.84000000000002,9.040000000000006,68.98000000000002,74.29999999999998,72.9,97.95999999999998,79.8,59.46000000000002,30.25999999999999,18.060000000000016,19.30000000000001,10.179999999999993,0.7199999999999989,-3.740000000000002,22.3,22.2,68.39,0.0,22.86,33.8,34.0,34.0,34.0,34.0,34.0,34.0,34.0,34.0,34.0,34.0,34.0,34.0,29.939999999999998,31.360000000000003,34.0,34.0,34.0,34.0,34.0,34.0,34.0,34.0,112.1,164.07999999999998,40.54,60.64,48.74,114.86000000000001,86.62,100.04,71.62,113.2,84.7,154.62000000000003,176.06,206.51999999999998,215.2,164.6,146.32000000000002,136.12,127.18000000000002,112.02000000000001,107.67999999999999,65.42,61.96,22.2,22.2,50.04,0.13,22.39,34.0,34.0,34.0,34.0,34.0,34.0,34.0,34.0,34.0,34.0,34.0,34.0,34.0,34.0,34.0,34.0,34.0,34.0,34.0,34.0,34.0,34.0,34.0,77.48,78.12,20.94,42.89999999999999,44.9,55.339999999999996,58.239999999999995,79.9,58.339999999999996,66.35999999999999,75.66,85.64000000000001,101.76000000000002,133.61999999999998,117.24000000000001,84.8,86.86,105.86000000000001,109.12,92.72,97.5,64.7,65.7
9,Standing fan (Sunbeam),Level3,225.0,150.0,22,TskControl34,2025-02-21 19:02:18,2025-02-21_ID0_NoPCS_Ta22_TskControl34.csv,2025-02-21_ID9_Standing fan (Sunbeam)_Level3_Angle225_Distance150_Ta22_TskControl34.csv,33.39999999999999,78.75999999999996,20.380000000000006,17.540000000000006,3.3800000000000026,58.48000000000001,26.86,18.819999999999993,12.440000000000005,42.900000000000006,9.040000000000006,67.55999999999997,69.32,71.78000000000003,96.9,77.48,58.38000000000001,29.579999999999984,16.039999999999992,17.80000000000001,8.579999999999998,0.9400000000000119,2.700000000000003,22.2,22.4,57.44,0.1,22.56,33.9,34.0,34.0,34.0,34.0,34.0,34.0,34.0,34.0,34.0,34.0,34.0,34.0,30.98,32.3,34.0,34.0,34.0,34.0,34.0,34.0,34.0,34.0,110.88,156.87999999999997,41.32000000000001,60.44,48.28,113.82000000000001,85.1,98.72,70.78,109.25999999999999,84.7,153.2,171.08,205.4,214.14000000000001,162.28,145.24,135.44,125.16,110.52000000000001,106.08,65.64000000000001,68.4,22.2,22.2,50.04,0.13,22.39,34.0,34.0,34.0,34.0,34.0,34.0,34.0,34.0,34.0,34.0,34.0,34.0,34.0,34.0,34.0,34.0,34.0,34.0,34.0,34.0,34.0,34.0,34.0,77.48,78.12,20.94,42.89999999999999,44.9,55.339999999999996,58.239999999999995,79.9,58.339999999999996,66.35999999999999,75.66,85.64000000000001,101.76000000000002,133.61999999999998,117.24000000000001,84.8,86.86,105.86000000000001,109.12,92.72,97.5,64.7,65.7
9,Standing fan (Sunbeam),Level1,225.0,150.0,22,TskControl34,2025-02-21 18:48:38,2025-02-21_ID0_NoPCS_Ta22_TskControl34.csv,2025-02-21_ID9_Standing fan (Sunbeam)_Level1_Angle225_Distance150_Ta22_TskControl34.csv,17.179999999999993,43.879999999999995,8.559999999999999,11.240000000000009,-1.6000000000000014,34.48000000000001,11.90000000000002,8.939999999999998,2.420000000000009,27.30000000000001,1.1000000000000085,36.599999999999994,47.379999999999995,69.28000000000003,76.11999999999998,48.58,30.760000000000005,7.519999999999982,-9.38000000000001,4.040000000000006,-1.6599999999999966,-1.1600000000000037,-3.0600000000000023,22.1,22.2,55.94,0.06,22.42,34.0,34.0,34.0,34.0,34.0,34.0,34.0,34.0,34.0,34.0,34.0,34.0,34.0,33.52,34.0,34.0,34.0,34.0,34.0,34.0,34.0,34.0,34.0,94.66,122.0,29.5,54.14,43.3,89.82000000000001,70.14000000000001,88.84,60.760000000000005,93.66,76.76,122.24000000000001,149.14000000000001,202.9,193.35999999999999,133.38,117.62,113.38,99.74,96.76,95.84,63.54,62.64,22.2,22.2,50.04,0.13,22.39,34.0,34.0,34.0,34.0,34.0,34.0,34.0,34.0,34.0,34.0,34.0,34.0,34.0,34.0,34.0,34.0,34.0,34.0,34.0,34.0,34.0,34.0,34.0,77.48,78.12,20.94,42.89999999999999,44.9,55.339999999999996,58.239999999999995,79.9,58.339999999999996,66.35999999999999,75.66,85.64000000000001,101.76000000000002,133.61999999999998,117.24000000000001,84.8,86.86,105.86000000000001,109.12,92.72,97.5,64.7,65.7
9,Standing fan (Sunbeam),Level1,270.0,150.0,22,TskControl34,2025-02-21 17:16:23,2025-02-21_ID0_NoPCS_Ta22_TskControl34.csv,2025-02-21_ID9_Standing fan (Sunbeam)_Level1_Angle270_Distance150_Ta22_TskControl34.csv,9.960000000000008,40.43999999999998,25.220000000000002,1.2600000000000122,0.3999999999999986,30.96,19.299999999999997,10.019999999999996,-3.1599999999999895,14.940000000000012,16.959999999999994,25.139999999999986,25.879999999999995,36.78000000000003,24.25999999999999,7.640000000000001,9.260000000000005,-10.400000000000006,-11.120000000000005,-0.7999999999999972,0.9399999999999835,-2.0200000000000102,-1.4200000000000017,22.1,22.1,51.35,0.08,22.32,34.0,34.0,34.0,34.0,34.0,34.0,34.0,34.0,34.0,34.0,34.0,34.0,34.0,34.0,34.0,34.0,34.0,34.0,34.0,34.0,34.0,34.0,34.0,87.44000000000001,118.55999999999999,46.160000000000004,44.160000000000004,45.3,86.3,77.53999999999999,89.92,55.18000000000001,81.3,92.61999999999999,110.78,127.64000000000001,170.4,141.5,92.44,96.12,95.46000000000001,98.0,91.92,98.43999999999998,62.67999999999999,64.28,22.2,22.2,50.04,0.13,22.39,34.0,34.0,34.0,34.0,34.0,34.0,34.0,34.0,34.0,34.0,34.0,34.0,34.0,34.0,34.0,34.0,34.0,34.0,34.0,34.0,34.0,34.0,34.0,77.48,78.12,20.94,42.89999999999999,44.9,55.339999999999996,58.239999999999995,79.9,58.339999999999996,66.35999999999999,75.66,85.64000000000001,101.76000000000002,133.61999999999998,117.24000000000001,84.8,86.86,105.86000000000001,109.12,92.72,97.5,64.7,65.7
9,Standing fan (Sunbeam),Level3,180.0,150.0,25,TskControl34,2025-05-02 15:03:00,2025-02-05_ID0_NoPCS_Ta25_TskControl34.csv,2025-02-05_ID9_Standing fan (Sunbeam)_Level3_Angle180_Distance150_Ta25_TskControl34.csv,20.460000000000022,62.24000000000001,5.240000000000002,14.899999999999999,5.400000000000006,33.04,17.279999999999994,7.400000000000006,2.8599999999999994,40.26,12.04,63.61999999999999,67.12,107.30000000000001,121.34,38.53999999999999,13.180000000000021,8.379999999999995,-4.480000000000004,-5.8999999999999915,-7.3799999999999955,-2.8399999999999963,-3.920000000000009,,,,,,34.0,34.0,34.0,34.0,34.0,34.0,34.0,34.0,34.0,34.0,34.0,34.0,34.0,33.81999999999999,34.0,34.0,34.0,34.0,34.0,34.0,34.0,34.0,34.0,79.14000000000001,115.16000000000001,23.28,47.92,43.50000000000001,74.28,61.339999999999996,69.28,50.78,89.67999999999999,68.88,124.43999999999998,136.06,203.02,205.74,101.92,87.86000000000001,83.72,75.53999999999999,67.02000000000001,68.84,46.74,44.779999999999994,25.4,25.4,52.23,0.1,25.68,34.0,34.0,34.0,34.0,34.0,34.0,34.0,34.0,34.0,34.0,34.0,34.0,34.0,34.0,34.0,34.0,34.0,34.0,34.0,34.0,34.0,34.0,34.0,58.67999999999999,52.92,18.04,33.02,38.1,41.24,44.06,61.879999999999995,47.92,49.419999999999995,56.839999999999996,60.81999999999999,68.94,95.72,84.4,63.38000000000001,74.67999999999999,75.34,80.02,72.92,76.22,49.58,48.7
9,Standing fan (Sunbeam),Level1,270.0,150.0,25,TskControl34,2025-02-05 11:50:51,2025-02-05_ID0_NoPCS_Ta25_TskControl34.csv,2025-02-05_ID9_Standing fan (Sunbeam)_Level1_Angle270_Distance150_Ta25_TskControl34.csv,7.799999999999997,37.280000000000015,23.680000000000007,0.1599999999999966,-2.3200000000000003,27.819999999999986,18.339999999999996,5.97999999999999,-9.759999999999998,17.380000000000003,7.740000000000002,20.92,16.86,33.44,17.679999999999993,8.379999999999981,-4.700000000000003,-1.5800000000000125,-2.6400000000000006,-3.280000000000001,-1.579999999999984,-2.259999999999991,-1.0,25.3,25.3,52.2,0.14,25.58,34.0,34.0,34.0,34.0,34.0,34.0,34.0,34.0,34.0,34.0,34.0,34.0,34.0,34.0,34.0,34.0,34.0,34.0,34.0,34.0,34.0,34.0,34.0,66.47999999999999,90.20000000000002,41.720000000000006,33.18,35.78,69.05999999999999,62.4,67.85999999999999,38.160000000000004,66.8,64.58,81.74,85.8,129.16,102.08,71.75999999999999,69.97999999999999,73.75999999999999,77.38,69.64,74.64000000000001,47.32000000000001,47.7,25.4,25.4,52.23,0.1,25.68,34.0,34.0,34.0,34.0,34.0,34.0,34.0,34.0,34.0,34.0,34.0,34.0,34.0,34.0,34.0,34.0,34.0,34.0,34.0,34.0,34.0,34.0,34.0,58.67999999999999,52.92,18.04,33.02,38.1,41.24,44.06,61.879999999999995,47.92,49.419999999999995,56.839999999999996,60.81999999999999,68.94,95.72,84.4,63.38000000000001,74.67999999999999,75.34,80.02,72.92,76.22,49.58,48.7
9,Standing fan (Sunbeam),Level1,225.0,150.0,25,TskControl34,2025-02-05 13:29:51,2025-02-05_ID0_NoPCS_Ta25_TskControl34.csv,2025-02-05_ID9_Standing fan (Sunbeam)_Level1_Angle225_Distance150_Ta25_TskControl34.csv,12.340000000000018,38.239999999999995,11.260000000000002,8.419999999999995,-2.0799999999999983,24.919999999999995,8.059999999999988,3.280000000000001,-4.159999999999997,26.580000000000005,3.1600000000000037,35.02000000000001,31.180000000000007,62.52000000000001,64.67999999999998,35.86,11.980000000000004,6.3799999999999955,-4.179999999999993,-2.760000000000005,-7.799999999999997,-1.8999999999999986,-4.079999999999998,24.9,25.1,53.8,0.09,25.33,34.0,34.0,34.0,34.0,34.0,34.0,34.0,34.0,34.0,34.0,34.0,34.0,34.0,34.0,34.0,34.0,34.0,34.0,34.0,34.0,34.0,34.0,34.0,71.02000000000001,91.16,29.3,41.44,36.02,66.16,52.11999999999999,65.16,43.760000000000005,76.0,60.0,95.84,100.12,158.24,149.07999999999998,99.24000000000001,86.66,81.72,75.84,70.16,68.42,47.68,44.620000000000005,25.4,25.4,52.23,0.1,25.68,34.0,34.0,34.0,34.0,34.0,34.0,34.0,34.0,34.0,34.0,34.0,34.0,34.0,34.0,34.0,34.0,34.0,34.0,34.0,34.0,34.0,34.0,34.0,58.67999999999999,52.92,18.04,33.02,38.1,41.24,44.06,61.879999999999995,47.92,49.419999999999995,56.839999999999996,60.81999999999999,68.94,95.72,84.4,63.38000000000001,74.67999999999999,75.34,80.02,72.92,76.22,49.58,48.7
9,Standing fan (Sunbeam),Level1,180.0,150.0,25,TskControl34,2025-02-05 14:53:51,2025-02-05_ID0_NoPCS_Ta25_TskControl34.csv,2025-02-05_ID9_Standing fan (Sunbeam)_Level1_Angle180_Distance150_Ta25_TskControl34.csv,7.3799999999999955,36.19999999999999,4.879999999999999,9.14,2.1000000000000014,18.57999999999999,3.6000000000000014,-1.2199999999999918,-3.8200000000000003,26.839999999999996,-4.100000000000001,39.10000000000001,40.31999999999999,54.73999999999998,63.339999999999975,13.979999999999976,-4.019999999999996,-7.540000000000006,-13.780000000000015,-5.0,-9.779999999999987,-2.8000000000000043,-4.000000000000007,25.0,25.2,53.83,0.09,25.43,34.0,34.0,34.0,34.0,34.0,34.0,34.0,34.0,34.0,34.0,34.0,34.0,34.0,34.0,34.0,34.0,34.0,34.0,34.0,34.0,34.0,34.0,34.0,66.05999999999999,89.11999999999999,22.919999999999998,42.160000000000004,40.2,59.81999999999999,47.660000000000004,60.660000000000004,44.1,76.25999999999999,52.739999999999995,99.92,109.25999999999999,150.45999999999998,147.73999999999998,77.35999999999999,70.66,67.8,66.23999999999998,67.92,66.44000000000001,46.779999999999994,44.699999999999996,25.4,25.4,52.23,0.1,25.68,34.0,34.0,34.0,34.0,34.0,34.0,34.0,34.0,34.0,34.0,34.0,34.0,34.0,34.0,34.0,34.0,34.0,34.0,34.0,34.0,34.0,34.0,34.0,58.67999999999999,52.92,18.04,33.02,38.1,41.24,44.06,61.879999999999995,47.92,49.419999999999995,56.839999999999996,60.81999999999999,68.94,95.72,84.4,63.38000000000001,74.67999999999999,75.34,80.02,72.92,76.22,49.58,48.7
9,Standing fan (Sunbeam),Level4,225.0,150.0,25,TskControl34,2025-02-05 14:24:51,2025-02-05_ID0_NoPCS_Ta25_TskControl34.csv,2025-02-05_ID9_Standing fan (Sunbeam)_Level4_Angle225_Distance150_Ta25_TskControl34.csv,23.480000000000004,57.880000000000024,16.58,14.659999999999997,0.44000000000000483,37.46,20.86,11.799999999999997,0.8000000000000043,39.92000000000001,6.080000000000005,56.70000000000002,47.480000000000004,107.15999999999997,120.4,50.019999999999996,27.40000000000002,17.78,2.980000000000004,2.700000000000003,-2.0400000000000063,-2.319999999999993,-4.400000000000006,25.1,25.1,53.51,0.12,25.43,34.0,34.0,34.0,34.0,34.0,34.0,34.0,34.0,34.0,34.0,34.0,34.0,34.0,33.92,34.0,34.0,34.0,34.0,34.0,34.0,34.0,34.0,34.0,82.16,110.80000000000003,34.62,47.68,38.540000000000006,78.7,64.92,73.67999999999999,48.720000000000006,89.34,62.92,117.52000000000001,116.42,202.87999999999997,204.8,113.4,102.08000000000001,93.12,83.0,75.62,74.17999999999999,47.260000000000005,44.3,25.4,25.4,52.23,0.1,25.68,34.0,34.0,34.0,34.0,34.0,34.0,34.0,34.0,34.0,34.0,34.0,34.0,34.0,34.0,34.0,34.0,34.0,34.0,34.0,34.0,34.0,34.0,34.0,58.67999999999999,52.92,18.04,33.02,38.1,41.24,44.06,61.879999999999995,47.92,49.419999999999995,56.839999999999996,60.81999999999999,68.94,95.72,84.4,63.38000000000001,74.67999999999999,75.34,80.02,72.92,76.22,49.58,48.7
9,Standing fan (Sunbeam),Level4,180.0,150.0,25,TskControl34,2025-02-05 15:14:51,2025-02-05_ID0_NoPCS_Ta25_TskControl34.csv,2025-02-05_ID9_Standing fan (Sunbeam)_Level4_Angle180_Distance150_Ta25_TskControl34.csv,21.319999999999993,65.7,5.02,15.14,7.980000000000004,33.9,18.479999999999997,7.260000000000005,5.8799999999999955,41.919999999999995,14.360000000000007,60.94,65.88,107.22,116.51999999999998,40.85999999999997,14.800000000000011,9.439999999999998,-2.6199999999999903,-4.960000000000008,-6.0,-3.9599999999999937,-3.5600000000000023,25.2,25.2,53.19,0.09,25.52,34.0,34.0,34.0,34.0,34.0,34.0,34.0,34.0,34.0,34.0,34.0,34.0,34.0,33.86,34.0,34.0,34.0,34.0,34.0,34.0,34.0,34.0,34.0,79.99999999999999,118.62,23.06,48.160000000000004,46.080000000000005,75.14,62.54,69.14,53.8,91.33999999999999,71.2,121.75999999999999,134.82,202.94,200.92,104.23999999999998,89.48,84.78,77.4,67.96,70.22,45.620000000000005,45.14,25.4,25.4,52.23,0.1,25.68,34.0,34.0,34.0,34.0,34.0,34.0,34.0,34.0,34.0,34.0,34.0,34.0,34.0,34.0,34.0,34.0,34.0,34.0,34.0,34.0,34.0,34.0,34.0,58.67999999999999,52.92,18.04,33.02,38.1,41.24,44.06,61.879999999999995,47.92,49.419999999999995,56.839999999999996,60.81999999999999,68.94,95.72,84.4,63.38000000000001,74.67999999999999,75.34,80.02,72.92,76.22,49.58,48.7
9,Standing fan (Sunbeam),Level3,270.0,150.0,25,TskControl34,2025-05-02 12:12:00,2025-02-05_ID0_NoPCS_Ta25_TskControl34.csv,2025-02-05_ID9_Standing fan (Sunbeam)_Level3_Angle270_Distance150_Ta25_TskControl34.csv,18.66000000000001,66.44000000000001,42.68000000000001,6.779999999999994,3.4399999999999977,47.62,33.46000000000001,17.92,-6.259999999999998,27.04,14.619999999999997,37.44000000000001,26.82000000000002,74.38,42.03999999999998,16.69999999999999,-5.97999999999999,12.600000000000009,7.260000000000005,5.219999999999999,1.1400000000000006,-0.519999999999996,-1.0200000000000031,,,,,,34.0,34.0,34.0,34.0,34.0,34.0,34.0,34.0,34.0,34.0,34.0,34.0,34.0,34.0,34.0,34.0,34.0,34.0,34.0,34.0,34.0,34.0,34.0,77.34,119.36000000000001,60.720000000000006,39.8,41.54,88.86,77.52000000000001,79.8,41.660000000000004,76.46,71.46,98.26,95.76000000000002,170.1,126.43999999999998,80.08,68.7,87.94000000000001,87.28,78.14,77.36,49.06,47.68,25.4,25.4,52.23,0.1,25.68,34.0,34.0,34.0,34.0,34.0,34.0,34.0,34.0,34.0,34.0,34.0,34.0,34.0,34.0,34.0,34.0,34.0,34.0,34.0,34.0,34.0,34.0,34.0,58.67999999999999,52.92,18.04,33.02,38.1,41.24,44.06,61.879999999999995,47.92,49.419999999999995,56.839999999999996,60.81999999999999,68.94,95.72,84.4,63.38000000000001,74.67999999999999,75.34,80.02,72.92,76.22,49.58,48.7
9,Standing fan (Sunbeam),Level3,225.0,150.0,25,TskControl34,2025-02-05 14:16:51,2025-02-05_ID0_NoPCS_Ta25_TskControl34.csv,2025-02-05_ID9_Standing fan (Sunbeam)_Level3_Angle225_Distance150_Ta25_TskControl34.csv,23.10000000000001,55.25999999999999,13.16,13.18,1.4399999999999977,35.98,19.08,12.240000000000009,0.5199999999999889,40.21999999999999,7.82,56.499999999999986,49.60000000000001,106.88,117.07999999999998,49.39999999999999,26.960000000000008,17.939999999999998,2.6000000000000085,3.5799999999999983,-1.4799999999999898,-3.240000000000002,-4.539999999999999,25.1,25.1,53.17,0.06,25.42,34.0,34.0,34.0,34.0,34.0,34.0,34.0,34.0,34.0,34.0,34.0,34.0,34.0,33.96,34.0,34.0,34.0,34.0,34.0,34.0,34.0,34.0,34.0,81.78,108.17999999999999,31.2,46.2,39.54,77.22,63.14,74.12,48.43999999999999,89.63999999999999,64.66,117.31999999999998,118.54,202.6,201.48,112.78,101.64,93.28,82.62,76.5,74.74000000000001,46.339999999999996,44.160000000000004,25.4,25.4,52.23,0.1,25.68,34.0,34.0,34.0,34.0,34.0,34.0,34.0,34.0,34.0,34.0,34.0,34.0,34.0,34.0,34.0,34.0,34.0,34.0,34.0,34.0,34.0,34.0,34.0,58.67999999999999,52.92,18.04,33.02,38.1,41.24,44.06,61.879999999999995,47.92,49.419999999999995,56.839999999999996,60.81999999999999,68.94,95.72,84.4,63.38000000000001,74.67999999999999,75.34,80.02,72.92,76.22,49.58,48.7
9,Standing fan (DeLonghi),Mid,270.0,150.0,25,TskControl34,2025-02-05 16:17:51,2025-02-05_ID0_NoPCS_Ta25_TskControl34.csv,2025-02-05_ID9_Standing fan (DeLonghi)_Mid_Angle270_Distance150_Ta25_TskControl34.csv,7.900000000000006,38.96000000000001,15.739999999999995,1.1799999999999926,-2.9200000000000017,33.940000000000005,22.439999999999998,15.200000000000017,-9.82,18.140000000000008,7.880000000000003,16.220000000000013,17.039999999999992,19.739999999999995,20.39999999999999,4.219999999999985,-3.759999999999991,2.019999999999996,-4.960000000000008,-3.440000000000012,-3.480000000000018,-0.8799999999999955,-2.1199999999999974,25.1,25.3,53.17,0.08,25.51,34.0,34.0,34.0,34.0,34.0,34.0,34.0,34.0,34.0,34.0,34.0,34.0,34.0,34.0,34.0,34.0,34.0,34.0,34.0,34.0,34.0,34.0,34.0,66.58,91.88000000000001,33.779999999999994,34.199999999999996,35.18,75.18,66.5,77.08000000000001,38.1,67.56,64.72,77.04,85.97999999999999,115.46,104.8,67.6,70.92,77.36,75.05999999999999,69.47999999999999,72.73999999999998,48.7,46.580000000000005,25.4,25.4,52.23,0.1,25.68,34.0,34.0,34.0,34.0,34.0,34.0,34.0,34.0,34.0,34.0,34.0,34.0,34.0,34.0,34.0,34.0,34.0,34.0,34.0,34.0,34.0,34.0,34.0,58.67999999999999,52.92,18.04,33.02,38.1,41.24,44.06,61.879999999999995,47.92,49.419999999999995,56.839999999999996,60.81999999999999,68.94,95.72,84.4,63.38000000000001,74.67999999999999,75.34,80.02,72.92,76.22,49.58,48.7
9,Standing fan (DeLonghi),Low,270.0,150.0,25,TskControl34,2025-05-02 16:59:00,2025-02-05_ID0_NoPCS_Ta25_TskControl34.csv,2025-02-05_ID9_Standing fan (DeLonghi)_Low_Angle270_Distance150_Ta25_TskControl34.csv,4.920000000000009,31.66000000000001,11.14,-1.3200000000000038,-3.6000000000000014,29.300000000000004,20.060000000000002,9.960000000000008,-12.020000000000003,14.339999999999996,5.019999999999996,12.260000000000005,15.680000000000007,11.36,16.860000000000014,1.4199999999999875,-5.560000000000002,-2.5600000000000023,-7.319999999999993,-3.960000000000008,-4.219999999999999,-3.059999999999995,-2.1199999999999974,,,,,,34.0,34.0,34.0,34.0,34.0,34.0,34.0,34.0,34.0,34.0,34.0,34.0,34.0,34.0,34.0,34.0,34.0,34.0,34.0,34.0,34.0,34.0,34.0,63.6,84.58000000000001,29.18,31.7,34.5,70.54,64.12,71.84,35.9,63.75999999999999,61.85999999999999,73.08,84.62,107.08,101.26000000000002,64.8,69.11999999999999,72.78,72.7,68.96,72.0,46.52,46.580000000000005,25.4,25.4,52.23,0.1,25.68,34.0,34.0,34.0,34.0,34.0,34.0,34.0,34.0,34.0,34.0,34.0,34.0,34.0,34.0,34.0,34.0,34.0,34.0,34.0,34.0,34.0,34.0,34.0,58.67999999999999,52.92,18.04,33.02,38.1,41.24,44.06,61.879999999999995,47.92,49.419999999999995,56.839999999999996,60.81999999999999,68.94,95.72,84.4,63.38000000000001,74.67999999999999,75.34,80.02,72.92,76.22,49.58,48.7
9,Standing fan (DeLonghi),High,270.0,150.0,25,TskControl34,2025-02-05 16:48:51,2025-02-05_ID0_NoPCS_Ta25_TskControl34.csv,2025-02-05_ID9_Standing fan (DeLonghi)_High_Angle270_Distance150_Ta25_TskControl34.csv,9.420000000000002,45.2,20.4,1.7999999999999972,-1.3400000000000034,39.45999999999999,28.36,16.92,-9.900000000000006,20.160000000000004,11.040000000000013,13.180000000000007,18.060000000000002,19.060000000000002,21.340000000000003,6.719999999999985,-3.0999999999999943,2.280000000000001,-4.359999999999999,-3.440000000000012,-4.1200000000000045,-2.759999999999991,-2.480000000000004,25.2,25.2,53.54,0.08,25.54,34.0,34.0,34.0,34.0,34.0,34.0,34.0,34.0,34.0,34.0,34.0,34.0,34.0,34.0,34.0,34.0,34.0,34.0,34.0,34.0,34.0,34.0,34.0,68.1,98.12,38.44,34.82,36.76,80.69999999999999,72.42,78.8,38.019999999999996,69.58,67.88000000000001,74.0,87.0,114.78,105.74000000000001,70.1,71.58,77.62,75.66,69.47999999999999,72.1,46.82000000000001,46.22,25.4,25.4,52.23,0.1,25.68,34.0,34.0,34.0,34.0,34.0,34.0,34.0,34.0,34.0,34.0,34.0,34.0,34.0,34.0,34.0,34.0,34.0,34.0,34.0,34.0,34.0,34.0,34.0,58.67999999999999,52.92,18.04,33.02,38.1,41.24,44.06,61.879999999999995,47.92,49.419999999999995,56.839999999999996,60.81999999999999,68.94,95.72,84.4,63.38000000000001,74.67999999999999,75.34,80.02,72.92,76.22,49.58,48.7
9,Standing fan (Sunbeam),Level4,270.0,150.0,25,TskControl34,2025-02-05 12:45:51,2025-02-05_ID0_NoPCS_Ta25_TskControl34.csv,2025-02-05_ID9_Standing fan (Sunbeam)_Level4_Angle270_Distance150_Ta25_TskControl34.csv,19.679999999999993,67.78,43.38,7.099999999999994,3.719999999999999,49.26,34.78,19.260000000000005,-5.799999999999997,28.619999999999997,15.759999999999998,36.18000000000001,28.159999999999997,77.25999999999999,43.31999999999999,18.939999999999998,-7.079999999999998,12.459999999999994,11.700000000000003,5.61999999999999,1.8599999999999994,-0.6000000000000014,-0.3400000000000034,25.2,25.3,52.85,0.0,25.59,34.0,34.0,34.0,34.0,34.0,34.0,34.0,34.0,34.0,34.0,34.0,34.0,34.0,34.0,34.0,34.0,34.0,34.0,34.0,34.0,34.0,34.0,34.0,78.35999999999999,120.7,61.42,40.12,41.82,90.5,78.84,81.14,42.120000000000005,78.03999999999999,72.6,97.0,97.1,172.98,127.72,82.32000000000001,67.6,87.8,91.72,78.53999999999999,78.08,48.98,48.36,25.4,25.4,52.23,0.1,25.68,34.0,34.0,34.0,34.0,34.0,34.0,34.0,34.0,34.0,34.0,34.0,34.0,34.0,34.0,34.0,34.0,34.0,34.0,34.0,34.0,34.0,34.0,34.0,58.67999999999999,52.92,18.04,33.02,38.1,41.24,44.06,61.879999999999995,47.92,49.419999999999995,56.839999999999996,60.81999999999999,68.94,95.72,84.4,63.38000000000001,74.67999999999999,75.34,80.02,72.92,76.22,49.58,48.7
9,Standing fan (Sunbeam),Level6,270.0,150.0,25,TskControl34,2025-02-05 12:59:51,2025-02-05_ID0_NoPCS_Ta25_TskControl34.csv,2025-02-05_ID9_Standing fan (Sunbeam)_Level6_Angle270_Distance150_Ta25_TskControl34.csv,32.34,94.03999999999998,65.60000000000002,14.479999999999997,9.299999999999997,72.39999999999998,53.999999999999986,30.400000000000006,-1.1599999999999966,38.96,23.48000000000001,53.80000000000001,41.08000000000001,107.58000000000001,71.69999999999999,34.23999999999997,1.5800000000000267,25.980000000000004,16.560000000000002,17.19999999999999,12.139999999999986,-1.4399999999999977,2.239999999999995,25.2,25.4,53.88,0.14,25.64,34.0,34.0,34.0,34.0,34.0,34.0,34.0,34.0,34.0,34.0,34.0,34.0,34.0,33.34,34.0,34.0,34.0,34.0,34.0,34.0,34.0,34.0,34.0,91.02,146.95999999999998,83.64000000000001,47.5,47.4,113.63999999999999,98.05999999999999,92.28,46.760000000000005,88.38,80.32000000000001,114.62,110.02000000000001,203.3,156.1,97.61999999999998,76.26000000000002,101.32000000000001,96.58,90.11999999999999,88.35999999999999,48.14,50.94,25.4,25.4,52.23,0.1,25.68,34.0,34.0,34.0,34.0,34.0,34.0,34.0,34.0,34.0,34.0,34.0,34.0,34.0,34.0,34.0,34.0,34.0,34.0,34.0,34.0,34.0,34.0,34.0,58.67999999999999,52.92,18.04,33.02,38.1,41.24,44.06,61.879999999999995,47.92,49.419999999999995,56.839999999999996,60.81999999999999,68.94,95.72,84.4,63.38000000000001,74.67999999999999,75.34,80.02,72.92,76.22,49.58,48.7
9,Standing fan (Sunbeam),Level6,225.0,150.0,25,TskControl34,2025-02-05 14:36:51,2025-02-05_ID0_NoPCS_Ta25_TskControl34.csv,2025-02-05_ID9_Standing fan (Sunbeam)_Level6_Angle225_Distance150_Ta25_TskControl34.csv,35.84,81.87999999999998,25.660000000000004,18.42000000000001,4.259999999999998,55.1,35.61999999999999,19.799999999999997,6.059999999999995,57.660000000000004,10.500000000000007,77.46000000000001,71.60000000000002,108.46000000000001,129.7,70.31999999999998,44.94000000000001,37.5,20.500000000000014,14.939999999999998,10.519999999999982,-4.960000000000001,-4.200000000000003,25.1,25.1,53.17,0.07,25.42,33.9,34.0,34.0,34.0,34.0,34.0,34.0,34.0,34.0,34.0,34.0,34.0,34.0,32.36,32.72,34.0,34.0,34.0,34.0,34.0,34.0,34.0,34.0,94.52,134.79999999999998,43.7,51.44000000000001,42.36,96.34,79.67999999999999,81.67999999999999,53.98,107.08,67.34,138.28,140.54000000000002,204.18,214.1,133.7,119.62,112.84,100.52000000000001,87.86,86.73999999999998,44.62,44.5,25.4,25.4,52.23,0.1,25.68,34.0,34.0,34.0,34.0,34.0,34.0,34.0,34.0,34.0,34.0,34.0,34.0,34.0,34.0,34.0,34.0,34.0,34.0,34.0,34.0,34.0,34.0,34.0,58.67999999999999,52.92,18.04,33.02,38.1,41.24,44.06,61.879999999999995,47.92,49.419999999999995,56.839999999999996,60.81999999999999,68.94,95.72,84.4,63.38000000000001,74.67999999999999,75.34,80.02,72.92,76.22,49.58,48.7
9,Standing fan (Sunbeam),Level6,180.0,150.0,25,TskControl34,2025-02-05 15:27:51,2025-02-05_ID0_NoPCS_Ta25_TskControl34.csv,2025-02-05_ID9_Standing fan (Sunbeam)_Level6_Angle180_Distance150_Ta25_TskControl34.csv,34.44000000000001,105.58,17.160000000000004,23.619999999999997,15.620000000000005,52.96,35.72,17.76000000000002,12.700000000000003,59.90000000000001,22.699999999999996,82.98000000000002,92.73999999999998,108.06,129.5,60.979999999999976,35.7,28.139999999999986,11.260000000000005,-2.740000000000009,-2.0400000000000063,-2.999999999999993,-2.5999999999999943,25.3,25.1,53.22,0.09,25.54,33.9,34.0,34.0,34.0,34.0,34.0,34.0,34.0,34.0,34.0,34.0,34.0,34.0,32.81999999999999,32.86,34.0,34.0,34.0,34.0,34.0,34.0,34.0,34.0,93.12,158.5,35.2,56.64,53.720000000000006,94.2,79.78,79.64000000000001,60.620000000000005,109.32000000000001,79.53999999999999,143.8,161.67999999999998,203.78,213.9,124.35999999999999,110.38,103.47999999999999,91.28,70.17999999999999,74.17999999999999,46.580000000000005,46.10000000000001,25.4,25.4,52.23,0.1,25.68,34.0,34.0,34.0,34.0,34.0,34.0,34.0,34.0,34.0,34.0,34.0,34.0,34.0,34.0,34.0,34.0,34.0,34.0,34.0,34.0,34.0,34.0,34.0,58.67999999999999,52.92,18.04,33.02,38.1,41.24,44.06,61.879999999999995,47.92,49.419999999999995,56.839999999999996,60.81999999999999,68.94,95.72,84.4,63.38000000000001,74.67999999999999,75.34,80.02,72.92,76.22,49.58,48.7
9,Standing fan (Sunbeam),Level6,225.0,150.0,22,TskControl34,2025-02-21 19:49:48,2025-02-21_ID0_NoPCS_Ta22_TskControl34.csv,2025-02-21_ID9_Standing fan (Sunbeam)_Level6_Angle225_Distance150_Ta22_TskControl34.csv,48.18000000000001,114.71999999999997,35.7,25.700000000000003,10.379999999999995,80.9,41.620000000000005,37.89999999999999,18.600000000000016,68.66000000000003,20.519999999999996,93.29999999999998,104.28,73.56,99.45999999999998,98.50000000000001,74.75999999999998,47.67999999999998,34.78,22.459999999999994,20.58,-1.2800000000000011,-4.240000000000002,22.3,22.3,64.15,0.0,22.74,33.8,33.779999999999994,34.0,34.0,34.0,34.0,34.0,34.0,34.0,34.0,34.0,34.0,34.0,29.119999999999997,29.78,34.0,34.0,34.0,34.0,34.0,34.0,34.0,34.0,125.66000000000001,192.83999999999997,56.64,68.6,55.279999999999994,136.24,99.86,117.8,76.94000000000001,135.02,96.17999999999999,178.94,206.04000000000002,207.17999999999998,216.7,183.3,161.61999999999998,153.54,143.9,115.17999999999999,118.08,63.42,61.46,22.2,22.2,50.04,0.13,22.39,34.0,34.0,34.0,34.0,34.0,34.0,34.0,34.0,34.0,34.0,34.0,34.0,34.0,34.0,34.0,34.0,34.0,34.0,34.0,34.0,34.0,34.0,34.0,77.48,78.12,20.94,42.89999999999999,44.9,55.339999999999996,58.239999999999995,79.9,58.339999999999996,66.35999999999999,75.66,85.64000000000001,101.76000000000002,133.61999999999998,117.24000000000001,84.8,86.86,105.86000000000001,109.12,92.72,97.5,64.7,65.7
9,Standing fan (Sunbeam),Level1,180.0,150.0,22,TskControl34,2025-02-22 16:00:14,2025-02-22_ID0_NoPCS_Ta22_TskControl34.csv,2025-02-22_ID9_Standing fan (Sunbeam)_Level1_Angle180_Distance150_Ta22_TskControl34.csv,11.539999999999978,43.08000000000003,6.9999999999999964,18.180000000000007,10.280000000000001,27.480000000000004,6.119999999999997,3.999999999999986,10.199999999999989,27.299999999999997,4.0600000000000165,39.48000000000002,49.22000000000001,45.80000000000001,64.94,18.840000000000003,7.099999999999994,-13.019999999999982,-15.899999999999991,-2.0200000000000102,-4.379999999999981,0.5999999999999943,-3.019999999999996,22.3,22.2,75.69,0.02,22.98,34.0,34.0,34.0,34.0,34.0,34.0,34.0,34.0,34.0,34.0,34.0,34.0,34.0,34.0,34.0,34.0,34.0,34.0,34.0,34.0,34.0,34.0,34.0,88.73999999999998,119.82000000000001,29.439999999999998,60.96,55.7,82.22,65.2,84.52,68.02,94.5,80.92,123.96000000000001,149.54000000000002,176.0,178.32,102.5,94.24000000000001,92.24000000000001,91.82000000000001,89.46,91.94000000000001,66.92,63.260000000000005,22.1,21.9,67.05,0.12,22.6,34.0,34.0,34.0,34.0,34.0,34.0,34.0,34.0,34.0,34.0,34.0,34.0,34.0,34.0,34.0,34.0,34.0,34.0,34.0,34.0,34.0,34.0,34.0,77.2,76.73999999999998,22.44,42.779999999999994,45.42,54.739999999999995,59.080000000000005,80.52000000000001,57.82000000000001,67.2,76.85999999999999,84.47999999999999,100.32000000000001,130.2,113.38,83.66,87.14000000000001,105.25999999999999,107.72,91.48,96.32,66.32000000000001,66.28
9,Standing fan (Sunbeam),Level6,180.0,150.0,22,TskControl34,2025-02-22 16:42:14,2025-02-22_ID0_NoPCS_Ta22_TskControl34.csv,2025-02-22_ID9_Standing fan (Sunbeam)_Level6_Angle180_Distance150_Ta22_TskControl34.csv,48.23999999999998,116.94000000000003,40.2,37.14000000000001,37.17999999999999,69.18,40.63999999999999,33.56,30.760000000000005,67.08000000000003,29.400000000000006,104.38,128.18,76.06,102.68,90.47999999999999,70.05999999999997,44.880000000000024,29.920000000000016,5.019999999999996,6.500000000000014,-1.8400000000000176,-2.759999999999998,22.3,22.5,63.74,0.11,22.83,33.8,32.88000000000001,34.0,34.0,34.0,34.0,34.0,34.0,34.0,34.0,34.0,34.0,34.0,30.04,30.380000000000003,34.0,34.0,34.0,34.0,34.0,34.0,34.0,34.0,125.43999999999998,193.68,62.64,79.92,82.6,123.92,99.72,114.08000000000001,88.58000000000001,134.28000000000003,106.25999999999999,188.85999999999999,228.5,206.26,216.06,174.14,157.2,150.14000000000001,137.64000000000001,96.5,102.82000000000001,64.47999999999999,63.52,22.1,21.9,67.05,0.12,22.6,34.0,34.0,34.0,34.0,34.0,34.0,34.0,34.0,34.0,34.0,34.0,34.0,34.0,34.0,34.0,34.0,34.0,34.0,34.0,34.0,34.0,34.0,34.0,77.2,76.73999999999998,22.44,42.779999999999994,45.42,54.739999999999995,59.080000000000005,80.52000000000001,57.82000000000001,67.2,76.85999999999999,84.47999999999999,100.32000000000001,130.2,113.38,83.66,87.14000000000001,105.25999999999999,107.72,91.48,96.32,66.32000000000001,66.28
9,Standing fan (Sunbeam),Level4,180.0,150.0,22,TskControl34,2025-02-22 16:27:09,2025-02-22_ID0_NoPCS_Ta22_TskControl34.csv,2025-02-22_ID9_Standing fan (Sunbeam)_Level4_Angle180_Distance150_Ta22_TskControl34.csv,32.74000000000001,87.48000000000002,13.340000000000007,28.36000000000002,25.780000000000015,47.980000000000004,22.559999999999995,20.560000000000002,25.539999999999992,45.47999999999999,16.460000000000022,76.26000000000002,96.86,74.74000000000001,101.32,69.76000000000002,46.839999999999975,24.819999999999993,10.879999999999995,-0.5799999999999983,-0.7799999999999869,-2.7800000000000082,-2.440000000000005,22.5,22.2,61.37,0.06,22.78,33.9,34.0,34.0,34.0,34.0,34.0,34.0,34.0,34.0,34.0,34.0,34.0,34.0,31.419999999999998,31.9,34.0,34.0,34.0,34.0,34.0,34.0,34.0,34.0,109.94000000000001,164.22,35.78000000000001,71.14000000000001,71.20000000000002,102.72,81.64,101.08000000000001,83.36,112.67999999999999,93.32000000000001,160.74,197.18,204.94,214.7,153.42000000000002,133.98,130.07999999999998,118.6,90.9,95.54,63.54,63.839999999999996,22.1,21.9,67.05,0.12,22.6,34.0,34.0,34.0,34.0,34.0,34.0,34.0,34.0,34.0,34.0,34.0,34.0,34.0,34.0,34.0,34.0,34.0,34.0,34.0,34.0,34.0,34.0,34.0,77.2,76.73999999999998,22.44,42.779999999999994,45.42,54.739999999999995,59.080000000000005,80.52000000000001,57.82000000000001,67.2,76.85999999999999,84.47999999999999,100.32000000000001,130.2,113.38,83.66,87.14000000000001,105.25999999999999,107.72,91.48,96.32,66.32000000000001,66.28
9,Standing fan (Sunbeam),Level3,180.0,150.0,22,TskControl34,2025-02-22 16:16:54,2025-02-22_ID0_NoPCS_Ta22_TskControl34.csv,2025-02-22_ID9_Standing fan (Sunbeam)_Level3_Angle180_Distance150_Ta22_TskControl34.csv,32.84,86.82000000000002,13.260000000000002,29.06000000000001,27.059999999999988,47.39999999999999,22.21999999999999,21.039999999999992,24.219999999999985,45.260000000000005,16.88000000000001,75.58000000000001,92.75999999999998,74.20000000000002,100.76000000000002,69.24000000000001,48.619999999999976,24.30000000000001,13.0,-0.8800000000000097,0.480000000000004,-2.6200000000000045,-3.1599999999999966,22.3,22.3,52.43,0.05,22.45,33.9,34.0,34.0,34.0,34.0,34.0,34.0,34.0,34.0,34.0,34.0,34.0,34.0,31.9,32.31999999999999,34.0,34.0,34.0,34.0,34.0,34.0,34.0,34.0,110.04,163.56,35.7,71.84,72.47999999999999,102.13999999999999,81.3,101.56,82.03999999999999,112.46000000000001,93.74,160.06,193.07999999999998,204.4,214.14000000000001,152.9,135.76,129.56,120.72,90.6,96.8,63.7,63.120000000000005,22.1,21.9,67.05,0.12,22.6,34.0,34.0,34.0,34.0,34.0,34.0,34.0,34.0,34.0,34.0,34.0,34.0,34.0,34.0,34.0,34.0,34.0,34.0,34.0,34.0,34.0,34.0,34.0,77.2,76.73999999999998,22.44,42.779999999999994,45.42,54.739999999999995,59.080000000000005,80.52000000000001,57.82000000000001,67.2,76.85999999999999,84.47999999999999,100.32000000000001,130.2,113.38,83.66,87.14000000000001,105.25999999999999,107.72,91.48,96.32,66.32000000000001,66.28
9,Standing fan (Sunbeam),Level6,270.0,150.0,22,TskControl34,2025-02-21 18:24:53,2025-02-21_ID0_NoPCS_Ta22_TskControl34.csv,2025-02-21_ID9_Standing fan (Sunbeam)_Level6_Angle270_Distance150_Ta22_TskControl34.csv,41.30000000000001,115.23999999999998,91.91999999999999,14.500000000000007,13.959999999999994,93.34,59.36,46.44,4.539999999999999,41.400000000000034,38.360000000000014,61.17999999999998,60.559999999999974,71.76000000000005,92.57999999999998,41.0,17.319999999999993,27.559999999999974,21.659999999999997,23.80000000000001,18.119999999999976,5.040000000000006,3.3599999999999994,22.1,22.1,62.07,0.05,22.57,33.9,33.3,34.0,34.0,34.0,34.0,34.0,34.0,34.0,34.0,34.0,34.0,34.0,30.880000000000003,34.0,34.0,34.0,34.0,34.0,34.0,34.0,34.0,34.0,118.78000000000002,193.35999999999999,112.85999999999999,57.4,58.85999999999999,148.68,117.6,126.34,62.879999999999995,107.76000000000002,114.02000000000001,146.82,162.32,205.38000000000002,209.82,125.8,104.17999999999999,133.42,130.78,116.52000000000001,115.61999999999998,69.74000000000001,69.06,22.2,22.2,50.04,0.13,22.39,34.0,34.0,34.0,34.0,34.0,34.0,34.0,34.0,34.0,34.0,34.0,34.0,34.0,34.0,34.0,34.0,34.0,34.0,34.0,34.0,34.0,34.0,34.0,77.48,78.12,20.94,42.89999999999999,44.9,55.339999999999996,58.239999999999995,79.9,58.339999999999996,66.35999999999999,75.66,85.64000000000001,101.76000000000002,133.61999999999998,117.24000000000001,84.8,86.86,105.86000000000001,109.12,92.72,97.5,64.7,65.7
10,Standing fan (DeLonghi),Low,180.0,150.0,25,TskControl34,2025-02-07 17:40:54,2025-02-07_ID0_NoPCS_Ta25_TskControl34.csv,2025-02-07_ID10_Standing fan (DeLonghi)_Low_Angle180_Distance150_Ta25_TskControl34.csv,9.480000000000004,39.040000000000006,3.600000000000005,12.54000000000001,3.6400000000000006,19.120000000000005,5.640000000000008,1.4199999999999946,6.739999999999995,27.599999999999987,-0.8999999999999986,35.940000000000005,24.9,44.53999999999999,39.239999999999995,23.18,13.160000000000004,-3.1400000000000006,-6.920000000000016,-3.739999999999995,-9.340000000000003,0.3400000000000034,-2.220000000000006,25.0,25.0,69.36,0.15,26.12,34.0,34.0,34.0,34.0,34.0,34.0,34.0,34.0,34.0,34.0,34.0,34.0,34.0,34.0,34.0,34.0,34.0,34.0,34.0,34.0,34.0,34.0,34.0,60.0,88.42,21.660000000000004,39.620000000000005,35.36,53.56,44.980000000000004,57.08,36.8,73.53999999999999,54.279999999999994,89.66,87.68,112.8,103.55999999999999,66.28,65.18,66.64,66.91999999999999,63.14,61.3,45.96,44.04,24.9,25.1,71.54,0.08,26.32,34.0,34.0,34.0,34.0,34.0,34.0,34.0,34.0,34.0,34.0,34.0,34.0,34.0,34.0,34.0,34.0,34.0,34.0,34.0,34.0,34.0,34.0,34.0,50.519999999999996,49.379999999999995,18.06,27.079999999999995,31.72,34.44,39.339999999999996,55.660000000000004,30.060000000000002,45.940000000000005,55.17999999999999,53.71999999999999,62.78000000000001,68.26,64.32,43.1,52.02,69.78,73.84,66.88,70.64,45.62,46.260000000000005
10,Standing fan (DeLonghi),Mid,225.0,150.0,25,TskControl34,2025-02-07 17:12:54,2025-02-07_ID0_NoPCS_Ta25_TskControl34.csv,2025-02-07_ID10_Standing fan (DeLonghi)_Mid_Angle225_Distance150_Ta25_TskControl34.csv,8.280000000000001,54.099999999999994,18.160000000000007,9.080000000000009,3.4200000000000017,25.92,12.820000000000007,-3.1400000000000006,1.6599999999999966,20.12000000000001,3.220000000000006,5.500000000000014,13.359999999999992,15.560000000000002,28.960000000000008,7.899999999999999,6.939999999999998,-2.3599999999999994,-3.5,1.1200000000000045,-0.6799999999999926,1.7199999999999989,-0.3400000000000034,25.1,25.1,69.38,0.03,26.15,34.0,34.0,34.0,34.0,34.0,34.0,34.0,34.0,34.0,34.0,34.0,34.0,34.0,34.0,34.0,34.0,34.0,34.0,34.0,34.0,34.0,34.0,34.0,58.8,103.47999999999999,36.220000000000006,36.160000000000004,35.14,60.36,52.160000000000004,52.52,31.72,66.06000000000002,58.4,59.220000000000006,76.14,83.82000000000001,93.28,51.0,58.96,67.42,70.34,68.0,69.96000000000001,47.339999999999996,45.92,24.9,25.1,71.54,0.08,26.32,34.0,34.0,34.0,34.0,34.0,34.0,34.0,34.0,34.0,34.0,34.0,34.0,34.0,34.0,34.0,34.0,34.0,34.0,34.0,34.0,34.0,34.0,34.0,50.519999999999996,49.379999999999995,18.06,27.079999999999995,31.72,34.44,39.339999999999996,55.660000000000004,30.060000000000002,45.940000000000005,55.17999999999999,53.71999999999999,62.78000000000001,68.26,64.32,43.1,52.02,69.78,73.84,66.88,70.64,45.62,46.260000000000005
10,Standing fan (DeLonghi),Low,270.0,150.0,22,TskControl34,2025-02-22 17:17:04,2025-02-22_ID0_NoPCS_Ta22_TskControl34.csv,2025-02-22_ID10_Standing fan (DeLonghi)_Low_Angle270_Distance150_Ta22_TskControl34.csv,6.339999999999989,43.44000000000001,14.02,0.720000000000006,-1.240000000000002,32.32000000000002,20.240000000000002,6.099999999999994,-3.140000000000015,14.61999999999999,8.500000000000014,18.320000000000007,14.5,29.880000000000024,16.47999999999999,-0.980000000000004,-0.660000000000025,-8.459999999999994,-11.860000000000014,-2.1200000000000188,-3.09999999999998,-2.5,-3.0200000000000102,22.4,22.3,63.35,0.0,22.73,34.0,34.0,34.0,34.0,34.0,34.0,34.0,34.0,34.0,34.0,34.0,34.0,34.0,34.0,34.0,34.0,34.0,34.0,34.0,34.0,34.0,34.0,34.0,83.53999999999999,120.17999999999999,36.46,43.5,44.18,87.06000000000002,79.32000000000001,86.62,54.67999999999999,81.82,85.36,102.8,114.82000000000001,160.08,129.85999999999999,82.67999999999999,86.47999999999999,96.8,95.85999999999999,89.35999999999999,93.22000000000001,63.82000000000001,63.25999999999999,22.1,21.9,67.05,0.12,22.6,34.0,34.0,34.0,34.0,34.0,34.0,34.0,34.0,34.0,34.0,34.0,34.0,34.0,34.0,34.0,34.0,34.0,34.0,34.0,34.0,34.0,34.0,34.0,77.2,76.73999999999998,22.44,42.779999999999994,45.42,54.739999999999995,59.080000000000005,80.52000000000001,57.82000000000001,67.2,76.85999999999999,84.47999999999999,100.32000000000001,130.2,113.38,83.66,87.14000000000001,105.25999999999999,107.72,91.48,96.32,66.32000000000001,66.28
10,Standing fan (DeLonghi),High,225.0,150.0,22,TskControl34,2025-02-22 18:27:09,2025-02-22_ID0_NoPCS_Ta22_TskControl34.csv,2025-02-22_ID10_Standing fan (DeLonghi)_High_Angle225_Distance150_Ta22_TskControl34.csv,18.679999999999993,45.660000000000025,7.980000000000004,16.92000000000001,0.9799999999999969,39.980000000000004,11.599999999999987,12.840000000000003,3.8399999999999963,40.760000000000005,3.3600000000000136,66.34,48.75999999999998,73.80000000000001,78.86000000000001,53.03999999999999,20.73999999999998,1.240000000000009,-7.719999999999985,0.23999999999999488,-7.019999999999996,-3.4000000000000057,-6.579999999999998,22.4,22.3,65.42,0.06,22.89,34.0,34.0,34.0,34.0,34.0,34.0,34.0,34.0,34.0,34.0,34.0,34.0,34.0,32.440000000000005,34.0,34.0,34.0,34.0,34.0,34.0,34.0,34.0,34.0,95.88,122.4,30.420000000000005,59.7,46.4,94.72,70.67999999999999,93.36000000000001,61.660000000000004,107.96000000000001,80.22,150.82,149.07999999999998,204.0,192.24,136.7,107.88,106.5,100.00000000000001,91.72,89.3,62.92,59.7,22.1,21.9,67.05,0.12,22.6,34.0,34.0,34.0,34.0,34.0,34.0,34.0,34.0,34.0,34.0,34.0,34.0,34.0,34.0,34.0,34.0,34.0,34.0,34.0,34.0,34.0,34.0,34.0,77.2,76.73999999999998,22.44,42.779999999999994,45.42,54.739999999999995,59.080000000000005,80.52000000000001,57.82000000000001,67.2,76.85999999999999,84.47999999999999,100.32000000000001,130.2,113.38,83.66,87.14000000000001,105.25999999999999,107.72,91.48,96.32,66.32000000000001,66.28
10,Standing fan (DeLonghi),High,180.0,150.0,22,TskControl34,2025-02-22 19:58:14,2025-02-22_ID0_NoPCS_Ta22_TskControl34.csv,2025-02-22_ID10_Standing fan (DeLonghi)_High_Angle180_Distance150_Ta22_TskControl34.csv,20.599999999999994,70.90000000000003,10.66,24.000000000000007,17.519999999999996,38.02000000000001,13.919999999999995,8.159999999999982,10.899999999999991,42.44000000000001,6.52000000000001,67.82000000000002,57.55999999999999,72.28000000000003,59.10000000000002,45.18000000000001,26.23999999999998,5.6200000000000045,-11.719999999999999,-2.260000000000005,-5.640000000000001,-0.980000000000004,-4.900000000000006,22.3,22.4,65.4,0.06,22.87,34.0,34.0,34.0,34.0,34.0,34.0,34.0,34.0,34.0,34.0,34.0,34.0,34.0,33.88,34.0,34.0,34.0,34.0,34.0,34.0,34.0,34.0,34.0,97.8,147.64000000000001,33.1,66.78,62.94,92.76,73.0,88.67999999999999,68.72,109.64000000000001,83.38,152.3,157.88,202.48000000000002,172.48000000000002,128.84,113.38,110.88,96.0,89.22,90.67999999999999,65.34,61.379999999999995,22.1,21.9,67.05,0.12,22.6,34.0,34.0,34.0,34.0,34.0,34.0,34.0,34.0,34.0,34.0,34.0,34.0,34.0,34.0,34.0,34.0,34.0,34.0,34.0,34.0,34.0,34.0,34.0,77.2,76.73999999999998,22.44,42.779999999999994,45.42,54.739999999999995,59.080000000000005,80.52000000000001,57.82000000000001,67.2,76.85999999999999,84.47999999999999,100.32000000000001,130.2,113.38,83.66,87.14000000000001,105.25999999999999,107.72,91.48,96.32,66.32000000000001,66.28
10,Standing fan (DeLonghi),High,225.0,150.0,25,TskControl34,2025-02-07 17:23:54,2025-02-07_ID0_NoPCS_Ta25_TskControl34.csv,2025-02-07_ID10_Standing fan (DeLonghi)_High_Angle225_Distance150_Ta25_TskControl34.csv,10.420000000000002,61.42,19.52,10.760000000000002,4.240000000000002,29.220000000000006,15.34000000000001,-2.9399999999999977,1.8800000000000026,22.520000000000003,4.840000000000003,7.8600000000000065,20.779999999999994,23.60000000000001,40.480000000000004,10.699999999999996,9.379999999999988,-2.019999999999996,-2.799999999999997,1.3200000000000074,0.12000000000000455,1.2800000000000011,0.45999999999999375,25.0,25.0,69.36,0.16,26.12,34.0,34.0,34.0,34.0,34.0,34.0,34.0,34.0,34.0,34.0,34.0,34.0,34.0,34.0,34.0,34.0,34.0,34.0,34.0,34.0,34.0,34.0,34.0,60.94,110.8,37.58,37.839999999999996,35.96,63.660000000000004,54.68000000000001,52.720000000000006,31.940000000000005,68.46000000000001,60.019999999999996,61.58,83.56,91.86000000000001,104.8,53.8,61.39999999999999,67.76,71.04,68.2,70.76,46.9,46.72,24.9,25.1,71.54,0.08,26.32,34.0,34.0,34.0,34.0,34.0,34.0,34.0,34.0,34.0,34.0,34.0,34.0,34.0,34.0,34.0,34.0,34.0,34.0,34.0,34.0,34.0,34.0,34.0,50.519999999999996,49.379999999999995,18.06,27.079999999999995,31.72,34.44,39.339999999999996,55.660000000000004,30.060000000000002,45.940000000000005,55.17999999999999,53.71999999999999,62.78000000000001,68.26,64.32,43.1,52.02,69.78,73.84,66.88,70.64,45.62,46.260000000000005
10,Standing fan (DeLonghi),Mid,180.0,150.0,25,TskControl34,2025-02-07 17:53:54,2025-02-07_ID0_NoPCS_Ta25_TskControl34.csv,2025-02-07_ID10_Standing fan (DeLonghi)_Mid_Angle180_Distance150_Ta25_TskControl34.csv,11.340000000000003,49.02000000000001,5.300000000000004,15.220000000000002,6.140000000000001,24.9,9.939999999999998,3.019999999999989,9.619999999999997,30.43999999999999,0.4000000000000057,28.6,19.339999999999982,34.38000000000001,37.78,30.65999999999999,15.699999999999996,-0.9800000000000182,-6.5,-1.3399999999999892,-7.18,1.2800000000000011,-2.8200000000000074,25.2,25.0,68.54,0.09,26.22,34.0,34.0,34.0,34.0,34.0,34.0,34.0,34.0,34.0,34.0,34.0,34.0,34.0,34.0,34.0,34.0,34.0,34.0,34.0,34.0,34.0,34.0,34.0,61.86,98.4,23.360000000000003,42.3,37.86,59.339999999999996,49.279999999999994,58.67999999999999,39.68,76.38,55.58,82.32,82.11999999999999,102.64000000000001,102.1,73.75999999999999,67.72,68.79999999999998,67.34,65.54,63.46,46.9,43.44,24.9,25.1,71.54,0.08,26.32,34.0,34.0,34.0,34.0,34.0,34.0,34.0,34.0,34.0,34.0,34.0,34.0,34.0,34.0,34.0,34.0,34.0,34.0,34.0,34.0,34.0,34.0,34.0,50.519999999999996,49.379999999999995,18.06,27.079999999999995,31.72,34.44,39.339999999999996,55.660000000000004,30.060000000000002,45.940000000000005,55.17999999999999,53.71999999999999,62.78000000000001,68.26,64.32,43.1,52.02,69.78,73.84,66.88,70.64,45.62,46.260000000000005
10,Standing fan (DeLonghi),High,180.0,150.0,25,TskControl34,2025-02-07 18:06:24,2025-02-07_ID0_NoPCS_Ta25_TskControl34.csv,2025-02-07_ID10_Standing fan (DeLonghi)_High_Angle180_Distance150_Ta25_TskControl34.csv,15.096666666666678,48.55333333333333,5.773333333333333,15.97000000000001,6.463333333333331,25.42666666666667,11.160000000000004,3.1233333333333277,11.889999999999993,34.676666666666655,0.7033333333333331,60.93,39.286666666666655,73.82333333333334,52.879999999999995,34.51666666666666,18.446666666666665,0.6866666666666674,-6.873333333333349,-1.9466666666666725,-8.58999999999999,0.6966666666666725,-2.6766666666666694,25.3,25.1,68.14,0.19,26.22,34.0,34.0,34.0,34.0,34.0,34.0,34.0,34.0,34.0,34.0,34.0,34.0,34.0,34.0,34.0,34.0,34.0,34.0,34.0,34.0,34.0,34.0,34.0,65.61666666666667,97.93333333333332,23.833333333333332,43.050000000000004,38.18333333333333,59.86666666666667,50.5,58.78333333333333,41.949999999999996,80.61666666666666,55.883333333333326,114.64999999999999,102.06666666666666,142.08333333333334,117.19999999999999,77.61666666666666,70.46666666666667,70.46666666666667,66.96666666666665,64.93333333333332,62.05000000000001,46.31666666666667,43.583333333333336,24.9,25.1,71.54,0.08,26.32,34.0,34.0,34.0,34.0,34.0,34.0,34.0,34.0,34.0,34.0,34.0,34.0,34.0,34.0,34.0,34.0,34.0,34.0,34.0,34.0,34.0,34.0,34.0,50.519999999999996,49.379999999999995,18.06,27.079999999999995,31.72,34.44,39.339999999999996,55.660000000000004,30.060000000000002,45.940000000000005,55.17999999999999,53.71999999999999,62.78000000000001,68.26,64.32,43.1,52.02,69.78,73.84,66.88,70.64,45.62,46.260000000000005
10,Standing fan (DeLonghi),Low,180.0,150.0,22,TskControl34,2025-02-22 19:38:09,2025-02-22_ID0_NoPCS_Ta22_TskControl34.csv,2025-02-22_ID10_Standing fan (DeLonghi)_Low_Angle180_Distance150_Ta22_TskControl34.csv,10.859999999999985,47.28000000000003,5.380000000000003,17.680000000000007,10.479999999999997,26.060000000000002,5.039999999999999,0.29999999999999716,5.499999999999986,30.779999999999987,-0.03999999999999204,41.379999999999995,34.999999999999986,46.08000000000001,41.160000000000025,27.40000000000002,12.819999999999979,-7.699999999999989,-16.88000000000001,-1.8399999999999892,-7.359999999999985,-0.8799999999999955,-3.6999999999999957,22.4,22.4,56.38,0.04,22.65,34.0,34.0,34.0,34.0,34.0,34.0,34.0,34.0,34.0,34.0,34.0,34.0,34.0,34.0,34.0,34.0,34.0,34.0,34.0,34.0,34.0,34.0,34.0,88.05999999999999,124.02000000000001,27.820000000000004,60.46,55.9,80.8,64.12,80.82000000000001,63.31999999999999,97.97999999999999,76.82,125.85999999999999,135.32,176.28,154.54000000000002,111.06000000000002,99.96,97.56,90.83999999999999,89.64000000000001,88.96000000000001,65.44000000000001,62.580000000000005,22.1,21.9,67.05,0.12,22.6,34.0,34.0,34.0,34.0,34.0,34.0,34.0,34.0,34.0,34.0,34.0,34.0,34.0,34.0,34.0,34.0,34.0,34.0,34.0,34.0,34.0,34.0,34.0,77.2,76.73999999999998,22.44,42.779999999999994,45.42,54.739999999999995,59.080000000000005,80.52000000000001,57.82000000000001,67.2,76.85999999999999,84.47999999999999,100.32000000000001,130.2,113.38,83.66,87.14000000000001,105.25999999999999,107.72,91.48,96.32,66.32000000000001,66.28
10,Standing fan (DeLonghi),Low,225.0,150.0,22,TskControl34,2025-02-22 18:07:54,2025-02-22_ID0_NoPCS_Ta22_TskControl34.csv,2025-02-22_ID10_Standing fan (DeLonghi)_Low_Angle225_Distance150_Ta22_TskControl34.csv,11.439999999999984,33.78000000000003,3.2799999999999976,11.780000000000008,-1.759999999999998,30.680000000000007,6.459999999999987,4.439999999999998,0.07999999999999119,30.060000000000016,0.9800000000000182,47.68000000000001,31.679999999999993,72.36000000000001,50.440000000000026,26.080000000000013,12.659999999999982,-3.799999999999983,-8.840000000000003,-2.279999999999987,-4.799999999999983,-3.720000000000006,-5.82,22.3,22.3,60.53,0.0,22.64,34.0,34.0,34.0,34.0,34.0,34.0,34.0,34.0,34.0,34.0,34.0,34.0,34.0,34.019999999999996,34.0,34.0,34.0,34.0,34.0,34.0,34.0,34.0,34.0,88.63999999999999,110.52000000000001,25.72,54.56,43.660000000000004,85.42,65.53999999999999,84.96000000000001,57.9,97.26000000000002,77.84,132.16,132.0,202.56,163.82000000000002,109.74000000000001,99.8,101.46000000000001,98.88,89.20000000000002,91.52000000000001,62.6,60.46,22.1,21.9,67.05,0.12,22.6,34.0,34.0,34.0,34.0,34.0,34.0,34.0,34.0,34.0,34.0,34.0,34.0,34.0,34.0,34.0,34.0,34.0,34.0,34.0,34.0,34.0,34.0,34.0,77.2,76.73999999999998,22.44,42.779999999999994,45.42,54.739999999999995,59.080000000000005,80.52000000000001,57.82000000000001,67.2,76.85999999999999,84.47999999999999,100.32000000000001,130.2,113.38,83.66,87.14000000000001,105.25999999999999,107.72,91.48,96.32,66.32000000000001,66.28
10,Standing fan (DeLonghi),Low,225.0,150.0,25,TskControl34,2025-02-07 16:59:54,2025-02-07_ID0_NoPCS_Ta25_TskControl34.csv,2025-02-07_ID10_Standing fan (DeLonghi)_Low_Angle225_Distance150_Ta25_TskControl34.csv,5.440000000000005,42.120000000000005,15.580000000000002,5.140000000000011,1.2999999999999972,17.46,7.439999999999998,-1.4799999999999969,0.639999999999997,14.500000000000007,1.660000000000018,-0.45999999999998664,8.259999999999998,7.599999999999994,21.159999999999997,4.060000000000002,2.279999999999994,0.20000000000000284,-0.07999999999998408,-0.20000000000000284,-2.6199999999999903,0.5399999999999991,-0.5,25.0,25.0,71.11,0.1,26.23,34.0,34.0,34.0,34.0,34.0,34.0,34.0,34.0,34.0,34.0,34.0,34.0,34.0,34.0,34.0,34.0,34.0,34.0,34.0,34.0,34.0,34.0,34.0,55.96,91.5,33.64,32.220000000000006,33.019999999999996,51.9,46.779999999999994,54.18000000000001,30.7,60.44000000000001,56.84000000000001,53.260000000000005,71.04,75.86,85.47999999999999,47.160000000000004,54.3,69.98,73.76000000000002,66.67999999999999,68.02000000000001,46.16,45.760000000000005,24.9,25.1,71.54,0.08,26.32,34.0,34.0,34.0,34.0,34.0,34.0,34.0,34.0,34.0,34.0,34.0,34.0,34.0,34.0,34.0,34.0,34.0,34.0,34.0,34.0,34.0,34.0,34.0,50.519999999999996,49.379999999999995,18.06,27.079999999999995,31.72,34.44,39.339999999999996,55.660000000000004,30.060000000000002,45.940000000000005,55.17999999999999,53.71999999999999,62.78000000000001,68.26,64.32,43.1,52.02,69.78,73.84,66.88,70.64,45.62,46.260000000000005
10,Standing fan (DeLonghi),High,270.0,150.0,22,TskControl34,2025-02-22 17:53:54,2025-02-22_ID0_NoPCS_Ta22_TskControl34.csv,2025-02-22_ID10_Standing fan (DeLonghi)_High_Angle270_Distance150_Ta22_TskControl34.csv,14.399999999999991,64.42000000000004,25.959999999999997,4.220000000000006,1.2800000000000011,47.70000000000002,29.01999999999999,20.19999999999999,-2.039999999999999,18.200000000000003,22.60000000000001,15.86,32.84000000000002,28.099999999999994,31.420000000000016,11.939999999999998,11.839999999999975,-2.3200000000000074,-6.060000000000002,1.9399999999999977,1.1600000000000108,-2.8400000000000105,-3.259999999999998,22.3,22.3,58.98,0.14,22.7,34.0,34.0,34.0,34.0,34.0,34.0,34.0,34.0,34.0,34.0,34.0,34.0,34.0,34.0,34.0,34.0,34.0,34.0,34.0,34.0,34.0,34.0,34.0,91.6,141.16000000000003,48.4,47.0,46.7,102.44000000000001,88.1,100.72,55.78000000000001,85.4,99.46,100.33999999999999,133.16000000000003,158.29999999999998,144.8,95.6,98.97999999999999,102.93999999999998,101.66,93.42,97.48,63.48,63.02,22.1,21.9,67.05,0.12,22.6,34.0,34.0,34.0,34.0,34.0,34.0,34.0,34.0,34.0,34.0,34.0,34.0,34.0,34.0,34.0,34.0,34.0,34.0,34.0,34.0,34.0,34.0,34.0,77.2,76.73999999999998,22.44,42.779999999999994,45.42,54.739999999999995,59.080000000000005,80.52000000000001,57.82000000000001,67.2,76.85999999999999,84.47999999999999,100.32000000000001,130.2,113.38,83.66,87.14000000000001,105.25999999999999,107.72,91.48,96.32,66.32000000000001,66.28
10,Standing fan (DeLonghi),Mid,180.0,150.0,22,TskControl34,2025-02-22 19:48:44,2025-02-22_ID0_NoPCS_Ta22_TskControl34.csv,2025-02-22_ID10_Standing fan (DeLonghi)_Mid_Angle180_Distance150_Ta22_TskControl34.csv,18.200000000000003,57.50000000000003,7.84,22.040000000000013,17.04,31.19999999999999,10.519999999999989,4.779999999999987,8.439999999999998,37.959999999999994,5.420000000000016,64.39999999999998,55.280000000000015,70.9,64.16000000000003,40.95999999999998,25.419999999999973,0.8200000000000216,-13.819999999999993,-0.2600000000000051,-6.11999999999999,-0.8800000000000097,-5.059999999999995,22.3,22.4,68.39,0.06,22.96,34.0,34.0,34.0,34.0,34.0,34.0,34.0,34.0,34.0,34.0,34.0,34.0,34.0,33.940000000000005,34.0,34.0,34.0,34.0,34.0,34.0,34.0,34.0,34.0,95.4,134.24,30.28,64.82000000000001,62.46,85.93999999999998,69.6,85.3,66.26,105.16,82.28,148.87999999999997,155.60000000000002,201.1,177.54000000000002,124.61999999999998,112.55999999999999,106.08000000000001,93.9,91.22,90.2,65.44,61.220000000000006,22.1,21.9,67.05,0.12,22.6,34.0,34.0,34.0,34.0,34.0,34.0,34.0,34.0,34.0,34.0,34.0,34.0,34.0,34.0,34.0,34.0,34.0,34.0,34.0,34.0,34.0,34.0,34.0,77.2,76.73999999999998,22.44,42.779999999999994,45.42,54.739999999999995,59.080000000000005,80.52000000000001,57.82000000000001,67.2,76.85999999999999,84.47999999999999,100.32000000000001,130.2,113.38,83.66,87.14000000000001,105.25999999999999,107.72,91.48,96.32,66.32000000000001,66.28
10,Standing fan (DeLonghi),Mid,225.0,150.0,22,TskControl34,2025-02-22 18:17:34,2025-02-22_ID0_NoPCS_Ta22_TskControl34.csv,2025-02-22_ID10_Standing fan (DeLonghi)_Mid_Angle225_Distance150_Ta22_TskControl34.csv,14.879999999999995,36.44000000000001,5.279999999999998,14.180000000000007,-0.3999999999999986,35.96000000000001,8.779999999999994,8.659999999999997,1.8199999999999932,36.94000000000001,0.4800000000000182,62.52000000000001,40.540000000000006,73.04000000000002,66.12,37.019999999999996,18.75999999999999,-2.9599999999999937,-9.680000000000007,-0.7000000000000028,-7.179999999999993,-3.8600000000000136,-6.219999999999999,22.3,22.3,57.47,0.16,22.57,34.0,34.0,34.0,34.0,34.0,34.0,34.0,34.0,34.0,34.0,34.0,34.0,34.0,33.2,34.0,34.0,34.0,34.0,34.0,34.0,34.0,34.0,34.0,92.08,113.17999999999999,27.72,56.96,45.02,90.7,67.86,89.18,59.64,104.14000000000001,77.34,147.0,140.86,203.24,179.5,120.67999999999999,105.9,102.3,98.03999999999999,90.78,89.14,62.459999999999994,60.06,22.1,21.9,67.05,0.12,22.6,34.0,34.0,34.0,34.0,34.0,34.0,34.0,34.0,34.0,34.0,34.0,34.0,34.0,34.0,34.0,34.0,34.0,34.0,34.0,34.0,34.0,34.0,34.0,77.2,76.73999999999998,22.44,42.779999999999994,45.42,54.739999999999995,59.080000000000005,80.52000000000001,57.82000000000001,67.2,76.85999999999999,84.47999999999999,100.32000000000001,130.2,113.38,83.66,87.14000000000001,105.25999999999999,107.72,91.48,96.32,66.32000000000001,66.28
10,Standing fan (DeLonghi),Mid,270.0,150.0,22,TskControl34,2025-02-22 17:38:00,2025-02-22_ID0_NoPCS_Ta22_TskControl34.csv,2025-02-22_ID10_Standing fan (DeLonghi)_Mid_Angle270_Distance150_Ta22_TskControl34.csv,10.819999999999993,55.400000000000034,18.959999999999997,2.420000000000009,0.5599999999999952,41.08000000000001,25.440000000000005,16.019999999999982,-2.140000000000015,17.060000000000002,16.040000000000006,16.74000000000001,25.279999999999987,23.340000000000032,25.620000000000005,8.939999999999998,8.839999999999975,-6.299999999999997,-9.52000000000001,-0.7399999999999949,-1.6599999999999824,-6.340000000000003,-1.7000000000000028,22.3,22.2,62.92,0.07,22.71,34.0,34.0,34.0,34.0,34.0,34.0,34.0,34.0,34.0,34.0,34.0,34.0,34.0,34.0,34.0,34.0,34.0,34.0,34.0,34.0,34.0,34.0,34.0,88.02,132.14000000000001,41.4,45.2,45.98,95.82000000000001,84.52000000000001,96.53999999999999,55.67999999999999,84.26,92.89999999999999,101.22,125.6,153.54000000000002,139.0,92.6,95.97999999999999,98.96,98.19999999999999,90.74000000000001,94.66000000000001,59.980000000000004,64.58,22.1,21.9,67.05,0.12,22.6,34.0,34.0,34.0,34.0,34.0,34.0,34.0,34.0,34.0,34.0,34.0,34.0,34.0,34.0,34.0,34.0,34.0,34.0,34.0,34.0,34.0,34.0,34.0,77.2,76.73999999999998,22.44,42.779999999999994,45.42,54.739999999999995,59.080000000000005,80.52000000000001,57.82000000000001,67.2,76.85999999999999,84.47999999999999,100.32000000000001,130.2,113.38,83.66,87.14000000000001,105.25999999999999,107.72,91.48,96.32,66.32000000000001,66.28
11,Midiam evaporative cooler (purple),Level1,135.0,60.0,22,TskControl34,2025-02-24 11:19:21,2025-02-24_ID0_NoPCS_Ta22_TskControl34.csv,2025-02-24_ID11_Midiam evaporative cooler (purple)_Level1_Angle135_Distance60_Ta22_TskControl34.csv,-0.8999999999999915,15.480000000000018,-1.2399999999999984,-0.9200000000000017,-1.4199999999999946,-4.280000000000001,-3.6000000000000014,-4.300000000000011,-5.939999999999998,0.28000000000001535,-4.060000000000002,2.760000000000005,-3.1199999999999903,9.620000000000019,-1.7999999999999972,0.23999999999999488,-4.260000000000005,-1.460000000000008,-0.3599999999999852,0.519999999999996,-0.3800000000000239,1.0600000000000023,-0.21999999999998465,22.3,22.3,21.42,0.17,21.89,34.0,34.0,34.0,34.0,34.0,34.0,34.0,34.0,34.0,34.0,34.0,34.0,34.0,34.0,34.0,34.0,34.0,34.0,34.0,34.0,34.0,34.0,34.0,75.4,91.52000000000001,20.080000000000002,41.12,43.480000000000004,48.42,54.620000000000005,74.6,50.9,65.84,70.88,85.1,102.34,130.94,121.25999999999999,81.5,82.61999999999999,103.32000000000001,104.5,92.18,95.67999999999999,65.46000000000001,65.22,22.4,22.4,22.88,0.13,22.0,34.0,34.0,34.0,34.0,34.0,34.0,34.0,34.0,34.0,34.0,34.0,34.0,34.0,34.0,34.0,34.0,34.0,34.0,34.0,34.0,34.0,34.0,34.0,76.3,76.03999999999999,21.32,42.04,44.9,52.7,58.220000000000006,78.9,56.839999999999996,65.55999999999999,74.94,82.33999999999999,105.46,121.31999999999998,123.05999999999999,81.26,86.88,104.78000000000002,104.85999999999999,91.66000000000001,96.06000000000002,64.4,65.43999999999998
11,Midiam evaporative cooler (purple),Level3,135.0,60.0,25,TskControl34,2025-02-10 17:50:59,2025-02-10_ID0_NoPCS_Ta25_TskControl34.csv,2025-02-10_ID11_Midiam evaporative cooler (purple)_Level3_Angle135_Distance60_Ta25_TskControl34.csv,0.30000000000001137,24.219999999999985,2.099999999999998,-0.060000000000002274,-4.720000000000002,-0.17999999999999972,-3.6000000000000085,-4.280000000000001,-4.319999999999997,0.9199999999999946,-5.679999999999993,9.61999999999999,-3.799999999999983,13.019999999999996,1.200000000000017,2.5600000000000023,-3.1600000000000037,1.5,-2.5999999999999943,2.200000000000003,-0.9999999999999858,-0.3400000000000034,-0.6800000000000068,24.8,25.0,66.77,0.12,25.75,34.0,34.0,34.0,34.0,34.0,34.0,34.0,34.0,34.0,34.0,34.0,34.0,34.0,34.0,34.0,34.0,34.0,34.0,34.0,34.0,34.0,34.0,34.0,55.92,74.35999999999999,19.919999999999998,28.54,27.859999999999996,36.74,36.739999999999995,52.980000000000004,29.26,50.62,49.34000000000001,72.74,72.2,107.1,83.24000000000001,63.56,62.9,75.46000000000001,72.48,72.24,70.96000000000001,49.339999999999996,47.879999999999995,25.1,25.1,69.38,0.17,26.15,34.0,34.0,34.0,34.0,34.0,34.0,34.0,34.0,34.0,34.0,34.0,34.0,34.0,34.0,34.0,34.0,34.0,34.0,34.0,34.0,34.0,34.0,34.0,55.61999999999999,50.14,17.82,28.6,32.58,36.92,40.34,57.260000000000005,33.58,49.7,55.02,63.120000000000005,75.99999999999999,94.08,82.03999999999999,61.0,66.06,73.96000000000001,75.08,70.03999999999999,71.96,49.68,48.56
11,Midiam evaporative cooler (purple),Level2,135.0,60.0,25,TskControl34,2025-02-10 17:38:29,2025-02-10_ID0_NoPCS_Ta25_TskControl34.csv,2025-02-10_ID11_Midiam evaporative cooler (purple)_Level2_Angle135_Distance60_Ta25_TskControl34.csv,-0.5699999999999861,15.693333333333328,0.38000000000000256,-0.6666666666666679,-5.396666666666661,-0.10333333333333883,-5.190000000000005,-6.526666666666678,-6.529999999999998,0.5499999999999972,-5.95333333333334,8.74666666666667,-4.0166666666666515,11.053333333333327,2.3766666666666794,1.0,-2.5600000000000023,2.3066666666666578,-4.079999999999998,3.460000000000008,-1.2433333333333252,-1.1466666666666683,-1.3600000000000136,24.9,25.0,66.79,0.0,25.87,34.0,34.0,34.0,34.0,34.0,34.0,34.0,34.0,34.0,34.0,34.0,34.0,34.0,34.0,34.0,34.0,34.0,34.0,34.0,34.0,34.0,34.0,34.0,55.050000000000004,65.83333333333333,18.200000000000003,27.933333333333334,27.183333333333337,36.81666666666666,35.15,50.73333333333333,27.05,50.25,49.06666666666666,71.86666666666667,71.98333333333333,105.13333333333333,84.41666666666667,62.0,63.5,76.26666666666667,71.0,73.5,70.71666666666667,48.53333333333333,47.19999999999999,25.1,25.1,69.38,0.17,26.15,34.0,34.0,34.0,34.0,34.0,34.0,34.0,34.0,34.0,34.0,34.0,34.0,34.0,34.0,34.0,34.0,34.0,34.0,34.0,34.0,34.0,34.0,34.0,55.61999999999999,50.14,17.82,28.6,32.58,36.92,40.34,57.260000000000005,33.58,49.7,55.02,63.120000000000005,75.99999999999999,94.08,82.03999999999999,61.0,66.06,73.96000000000001,75.08,70.03999999999999,71.96,49.68,48.56
11,Midiam evaporative cooler (purple),Level1,135.0,60.0,25,TskControl34,2025-02-10 17:25:59,2025-02-10_ID0_NoPCS_Ta25_TskControl34.csv,2025-02-10_ID11_Midiam evaporative cooler (purple)_Level1_Angle135_Distance60_Ta25_TskControl34.csv,-1.539999999999992,8.199999999999996,-0.9200000000000017,-0.860000000000003,-5.899999999999999,0.3999999999999986,-6.980000000000004,-8.680000000000007,-7.859999999999999,0.7800000000000011,-7.299999999999997,7.219999999999999,-5.459999999999994,9.379999999999995,0.0,0.8799999999999955,-4.300000000000011,3.5,-3.4599999999999937,2.920000000000016,-1.559999999999988,-1.6799999999999997,-1.8599999999999994,24.9,25.1,67.63,0.19,25.91,34.0,34.0,34.0,34.0,34.0,34.0,34.0,34.0,34.0,34.0,34.0,34.0,34.0,34.0,34.0,34.0,34.0,34.0,34.0,34.0,34.0,34.0,34.0,54.08,58.339999999999996,16.9,27.74,26.68,37.32,33.36,48.58,25.72,50.480000000000004,47.720000000000006,70.34,70.53999999999999,103.46,82.03999999999999,61.879999999999995,61.75999999999999,77.46000000000001,71.62,72.96000000000001,70.4,48.0,46.7,25.1,25.1,69.38,0.17,26.15,34.0,34.0,34.0,34.0,34.0,34.0,34.0,34.0,34.0,34.0,34.0,34.0,34.0,34.0,34.0,34.0,34.0,34.0,34.0,34.0,34.0,34.0,34.0,55.61999999999999,50.14,17.82,28.6,32.58,36.92,40.34,57.260000000000005,33.58,49.7,55.02,63.120000000000005,75.99999999999999,94.08,82.03999999999999,61.0,66.06,73.96000000000001,75.08,70.03999999999999,71.96,49.68,48.56
11,Midiam evaporative cooler (purple),Level4,135.0,60.0,25,TskControl34,2025-02-10 18:05:59,2025-02-10_ID0_NoPCS_Ta25_TskControl34.csv,2025-02-10_ID11_Midiam evaporative cooler (purple)_Level4_Angle135_Distance60_Ta25_TskControl34.csv,0.5200000000000102,24.219999999999985,2.9200000000000017,-0.6600000000000037,-4.759999999999998,0.6799999999999997,-3.6199999999999974,-2.920000000000009,-3.6999999999999957,1.0200000000000031,-6.299999999999997,9.299999999999997,-5.319999999999993,12.700000000000003,2.7800000000000153,2.3399999999999963,-2.9399999999999977,2.3599999999999994,-3.819999999999993,3.740000000000009,-0.5799999999999841,-0.5600000000000023,-0.35999999999999943,24.8,24.9,67.19,0.02,25.77,34.0,34.0,34.0,34.0,34.0,34.0,34.0,34.0,34.0,34.0,34.0,34.0,34.0,34.0,34.0,34.0,34.0,34.0,34.0,34.0,34.0,34.0,34.0,56.14,74.35999999999999,20.740000000000002,27.939999999999998,27.82,37.6,36.720000000000006,54.339999999999996,29.880000000000003,50.720000000000006,48.720000000000006,72.42,70.67999999999999,106.78,84.82000000000001,63.339999999999996,63.120000000000005,76.32000000000001,71.26,73.78,71.38000000000001,49.12,48.2,25.1,25.1,69.38,0.17,26.15,34.0,34.0,34.0,34.0,34.0,34.0,34.0,34.0,34.0,34.0,34.0,34.0,34.0,34.0,34.0,34.0,34.0,34.0,34.0,34.0,34.0,34.0,34.0,55.61999999999999,50.14,17.82,28.6,32.58,36.92,40.34,57.260000000000005,33.58,49.7,55.02,63.120000000000005,75.99999999999999,94.08,82.03999999999999,61.0,66.06,73.96000000000001,75.08,70.03999999999999,71.96,49.68,48.56
11,Midiam evaporative cooler (purple),Level4,135.0,60.0,22,TskControl34,2025-02-24 12:02:16,2025-02-24_ID0_NoPCS_Ta22_TskControl34.csv,2025-02-24_ID11_Midiam evaporative cooler (purple)_Level4_Angle135_Distance60_Ta22_TskControl34.csv,0.46000000000000796,72.94,3.8399999999999963,0.3399999999999963,1.2600000000000051,-2.4000000000000057,-2.920000000000009,-6.339999999999989,-10.079999999999991,0.6800000000000068,-1.1800000000000068,4.940000000000012,1.1400000000000006,8.300000000000026,-3.359999999999985,-3.0400000000000063,-0.7599999999999909,-7.28000000000003,-8.759999999999991,-1.920000000000016,-1.3800000000000239,-0.12000000000000455,-0.2599999999999909,22.2,22.2,23.0,0.15,21.91,34.0,34.0,34.0,34.0,34.0,34.0,34.0,34.0,34.0,34.0,34.0,34.0,34.0,34.0,34.0,34.0,34.0,34.0,34.0,34.0,34.0,34.0,34.0,76.76,148.98,25.159999999999997,42.379999999999995,46.160000000000004,50.3,55.3,72.56000000000002,46.760000000000005,66.24,73.75999999999999,87.28,106.6,129.62,119.7,78.22,86.12,97.49999999999999,96.1,89.74,94.67999999999999,64.28,65.17999999999999,22.4,22.4,22.88,0.13,22.0,34.0,34.0,34.0,34.0,34.0,34.0,34.0,34.0,34.0,34.0,34.0,34.0,34.0,34.0,34.0,34.0,34.0,34.0,34.0,34.0,34.0,34.0,34.0,76.3,76.03999999999999,21.32,42.04,44.9,52.7,58.220000000000006,78.9,56.839999999999996,65.55999999999999,74.94,82.33999999999999,105.46,121.31999999999998,123.05999999999999,81.26,86.88,104.78000000000002,104.85999999999999,91.66000000000001,96.06000000000002,64.4,65.43999999999998
11,Midiam evaporative cooler (purple),Level3,135.0,60.0,22,TskControl34,2025-02-24 11:44:51,2025-02-24_ID0_NoPCS_Ta22_TskControl34.csv,2025-02-24_ID11_Midiam evaporative cooler (purple)_Level3_Angle135_Distance60_Ta22_TskControl34.csv,0.3400000000000034,56.24000000000001,2.16,0.12000000000000455,0.6600000000000037,-2.5600000000000023,-2.6200000000000045,-4.500000000000014,-7.8999999999999915,-1.059999999999988,-1.8599999999999994,4.420000000000002,1.2199999999999989,4.5600000000000165,1.3000000000000256,-1.3400000000000176,-3.0200000000000102,-3.6200000000000188,-5.939999999999998,0.05999999999998806,-1.120000000000033,-0.1600000000000108,-0.4999999999999858,22.2,22.3,22.64,0.06,21.9,34.0,34.0,34.0,34.0,34.0,34.0,34.0,34.0,34.0,34.0,34.0,34.0,34.0,34.0,34.0,34.0,34.0,34.0,34.0,34.0,34.0,34.0,34.0,76.64,132.28,23.48,42.160000000000004,45.56,50.14,55.6,74.39999999999999,48.940000000000005,64.5,73.08,86.75999999999999,106.67999999999999,125.88,124.36000000000001,79.91999999999999,83.85999999999999,101.16,98.91999999999999,91.72,94.93999999999998,64.24,64.94,22.4,22.4,22.88,0.13,22.0,34.0,34.0,34.0,34.0,34.0,34.0,34.0,34.0,34.0,34.0,34.0,34.0,34.0,34.0,34.0,34.0,34.0,34.0,34.0,34.0,34.0,34.0,34.0,76.3,76.03999999999999,21.32,42.04,44.9,52.7,58.220000000000006,78.9,56.839999999999996,65.55999999999999,74.94,82.33999999999999,105.46,121.31999999999998,123.05999999999999,81.26,86.88,104.78000000000002,104.85999999999999,91.66000000000001,96.06000000000002,64.4,65.43999999999998
11,Midiam evaporative cooler (purple),Level2,135.0,60.0,22,TskControl34,2025-02-24 11:31:31,2025-02-24_ID0_NoPCS_Ta22_TskControl34.csv,2025-02-24_ID11_Midiam evaporative cooler (purple)_Level2_Angle135_Distance60_Ta22_TskControl34.csv,0.4000000000000057,37.760000000000005,0.26000000000000156,0.01999999999999602,2.6799999999999997,-2.6600000000000037,-3.420000000000009,-3.980000000000004,-6.8799999999999955,-0.7199999999999847,-2.1999999999999886,3.740000000000009,0.9000000000000199,5.660000000000039,1.740000000000009,0.2799999999999869,-2.799999999999983,-1.4200000000000301,-0.45999999999997954,0.4399999999999835,-0.680000000000021,-0.30000000000001137,-0.11999999999997613,22.2,22.4,22.27,0.12,21.9,34.0,34.0,34.0,34.0,34.0,34.0,34.0,34.0,34.0,34.0,34.0,34.0,34.0,34.0,34.0,34.0,34.0,34.0,34.0,34.0,34.0,34.0,34.0,76.7,113.8,21.580000000000002,42.059999999999995,47.58,50.04,54.8,74.92,49.96,64.84,72.74000000000001,86.08,106.36000000000001,126.98000000000002,124.8,81.53999999999999,84.08000000000001,103.35999999999999,104.4,92.1,95.38,64.1,65.32000000000001,22.4,22.4,22.88,0.13,22.0,34.0,34.0,34.0,34.0,34.0,34.0,34.0,34.0,34.0,34.0,34.0,34.0,34.0,34.0,34.0,34.0,34.0,34.0,34.0,34.0,34.0,34.0,34.0,76.3,76.03999999999999,21.32,42.04,44.9,52.7,58.220000000000006,78.9,56.839999999999996,65.55999999999999,74.94,82.33999999999999,105.46,121.31999999999998,123.05999999999999,81.26,86.88,104.78000000000002,104.85999999999999,91.66000000000001,96.06000000000002,64.4,65.43999999999998
12,Midiam evaporative cooler (white),High,135.0,60.0,22,TskControl34,2025-02-24 13:23:51,2025-02-24_ID0_NoPCS_Ta22_TskControl34.csv,2025-02-24_ID12_Midiam evaporative cooler (white)_High_Angle135_Distance60_Ta22_TskControl34.csv,6.980000000000004,118.78,17.36,7.479999999999997,4.140000000000001,8.46,0.29999999999999005,-1.6800000000000068,-9.82,6.660000000000011,2.140000000000015,14.600000000000009,7.780000000000015,22.340000000000018,-0.5,1.240000000000009,3.3800000000000097,-1.5800000000000125,-1.2399999999999807,0.5599999999999881,1.1999999999999886,-0.28000000000001535,-0.9199999999999875,21.4,21.8,37.98,0.03,21.68,33.980000000000004,32.599999999999994,34.0,34.0,34.0,34.0,34.0,34.0,34.0,34.0,34.0,34.0,34.0,34.0,34.0,34.0,34.0,34.0,34.0,34.0,34.0,34.0,34.0,83.28,194.82,38.68,49.519999999999996,49.04,61.160000000000004,58.519999999999996,77.22,47.019999999999996,72.22,77.08000000000001,96.94,113.24000000000001,143.66,122.55999999999999,82.50000000000001,90.26,103.2,103.62,92.22,97.26,64.11999999999999,64.52,22.4,22.4,22.88,0.13,22.0,34.0,34.0,34.0,34.0,34.0,34.0,34.0,34.0,34.0,34.0,34.0,34.0,34.0,34.0,34.0,34.0,34.0,34.0,34.0,34.0,34.0,34.0,34.0,76.3,76.03999999999999,21.32,42.04,44.9,52.7,58.220000000000006,78.9,56.839999999999996,65.55999999999999,74.94,82.33999999999999,105.46,121.31999999999998,123.05999999999999,81.26,86.88,104.78000000000002,104.85999999999999,91.66000000000001,96.06000000000002,64.4,65.43999999999998
12,Midiam evaporative cooler (white),Mid,135.0,60.0,25,TskControl34,2025-02-11 11:11:01,2025-02-11_ID0_NoPCS_Ta25_TskControl34.csv,2025-02-11_ID12_Midiam evaporative cooler (white)_Mid_Angle135_Distance60_Ta25_TskControl34.csv,2.8399999999999963,61.44000000000001,6.280000000000001,2.0599999999999987,0.9199999999999946,0.6000000000000014,-0.720000000000006,-2.059999999999988,-3.700000000000003,2.1399999999999935,-0.3999999999999986,7.960000000000008,5.160000000000011,16.419999999999987,5.500000000000014,-1.5200000000000031,0.45999999999999375,-1.3400000000000034,-2.1200000000000045,0.21999999999998465,0.45999999999999375,-1.2800000000000011,-2.520000000000003,24.9,25.2,66.79,0.11,26.05,34.0,34.0,34.0,34.0,34.0,34.0,34.0,34.0,34.0,34.0,34.0,34.0,34.0,34.0,34.0,34.0,34.0,34.0,34.0,34.0,34.0,34.0,34.0,58.94,116.02000000000001,22.54,32.48,34.81999999999999,39.92,41.019999999999996,56.94000000000001,37.3,50.86,53.28000000000001,68.9,75.64,106.85999999999999,89.56000000000002,60.5,68.03999999999999,75.16,74.22,71.36,68.52,47.82,44.54,25.3,25.3,62.41,0.07,26.08,34.0,34.0,34.0,34.0,34.0,34.0,34.0,34.0,34.0,34.0,34.0,34.0,34.0,34.0,34.0,34.0,34.0,34.0,34.0,34.0,34.0,34.0,34.0,56.1,54.58,16.259999999999998,30.419999999999998,33.9,39.32,41.74,59.0,41.0,48.720000000000006,53.68000000000001,60.94,70.47999999999999,90.44,84.06,62.02,67.58,76.5,76.34,71.14000000000001,68.06,49.1,47.06
12,Midiam evaporative cooler (white),Low,135.0,60.0,25,TskControl34,2025-02-11 10:59:01,2025-02-11_ID0_NoPCS_Ta25_TskControl34.csv,2025-02-11_ID12_Midiam evaporative cooler (white)_Low_Angle135_Distance60_Ta25_TskControl34.csv,1.7399999999999949,52.14,4.98,2.120000000000001,0.740000000000002,0.23999999999999488,-1.0399999999999991,-2.3999999999999986,-3.8999999999999986,-0.12000000000000455,-0.0800000000000054,1.8599999999999994,3.8599999999999994,4.179999999999993,7.700000000000003,-1.5400000000000063,1.3200000000000074,-1.9200000000000017,-2.079999999999984,-0.5800000000000267,-0.539999999999992,-1.2000000000000028,-1.7199999999999989,25.3,25.3,64.0,0.08,26.17,34.0,34.0,34.0,34.0,34.0,34.0,34.0,34.0,34.0,34.0,34.0,34.0,34.0,34.0,34.0,34.0,34.0,34.0,34.0,34.0,34.0,34.0,34.0,57.839999999999996,106.72,21.24,32.54,34.64,39.559999999999995,40.7,56.6,37.1,48.6,53.6,62.8,74.33999999999999,94.61999999999999,91.76,60.48,68.9,74.58,74.26000000000002,70.55999999999999,67.52000000000001,47.9,45.34,25.3,25.3,62.41,0.07,26.08,34.0,34.0,34.0,34.0,34.0,34.0,34.0,34.0,34.0,34.0,34.0,34.0,34.0,34.0,34.0,34.0,34.0,34.0,34.0,34.0,34.0,34.0,34.0,56.1,54.58,16.259999999999998,30.419999999999998,33.9,39.32,41.74,59.0,41.0,48.720000000000006,53.68000000000001,60.94,70.47999999999999,90.44,84.06,62.02,67.58,76.5,76.34,71.14000000000001,68.06,49.1,47.06
12,Midiam evaporative cooler (white),High,135.0,60.0,25,TskControl34,2025-02-11 11:25:01,2025-02-11_ID0_NoPCS_Ta25_TskControl34.csv,2025-02-11_ID12_Midiam evaporative cooler (white)_High_Angle135_Distance60_Ta25_TskControl34.csv,2.979999999999997,62.34,8.16,1.6600000000000001,0.060000000000002274,1.4400000000000048,-0.0799999999999983,-2.6200000000000045,-4.220000000000006,2.9200000000000017,0.3199999999999932,9.5,5.980000000000018,16.019999999999996,4.88000000000001,-0.5200000000000031,-1.059999999999988,-2.0400000000000063,-2.9399999999999977,-0.6800000000000068,1.1400000000000006,-0.3400000000000034,-1.1799999999999997,24.6,25.1,69.72,0.17,25.86,34.0,34.0,34.0,34.0,34.0,34.0,34.0,34.0,34.0,34.0,34.0,34.0,34.0,34.0,34.0,34.0,34.0,34.0,34.0,34.0,34.0,34.0,34.0,59.08,116.92,24.419999999999998,32.08,33.96,40.760000000000005,41.660000000000004,56.379999999999995,36.779999999999994,51.64000000000001,54.0,70.44,76.46000000000001,106.46,88.94000000000001,61.5,66.52000000000001,74.46,73.4,70.46000000000001,69.2,48.76,45.88,25.3,25.3,62.41,0.07,26.08,34.0,34.0,34.0,34.0,34.0,34.0,34.0,34.0,34.0,34.0,34.0,34.0,34.0,34.0,34.0,34.0,34.0,34.0,34.0,34.0,34.0,34.0,34.0,56.1,54.58,16.259999999999998,30.419999999999998,33.9,39.32,41.74,59.0,41.0,48.720000000000006,53.68000000000001,60.94,70.47999999999999,90.44,84.06,62.02,67.58,76.5,76.34,71.14000000000001,68.06,49.1,47.06
12,Midiam evaporative cooler (white),Low,135.0,60.0,22,TskControl34,2025-02-24 12:19:06,2025-02-24_ID0_NoPCS_Ta22_TskControl34.csv,2025-02-24_ID12_Midiam evaporative cooler (white)_Low_Angle135_Distance60_Ta22_TskControl34.csv,1.2399999999999949,101.57999999999998,1.7800000000000011,5.5,0.5200000000000031,3.680000000000007,-3.000000000000014,-6.820000000000007,-11.100000000000001,1.6800000000000068,-3.1400000000000006,6.140000000000001,-1.4399999999999835,14.440000000000012,-1.6199999999999761,-2.960000000000008,-3.4199999999999875,-6.260000000000005,-13.839999999999975,-2.1200000000000188,-2.3400000000000176,0.01999999999999602,-0.4999999999999716,22.2,22.2,23.5,0.14,21.83,34.0,34.0,34.0,34.0,34.0,34.0,34.0,34.0,34.0,34.0,34.0,34.0,34.0,34.0,34.0,34.0,34.0,34.0,34.0,34.0,34.0,34.0,34.0,77.53999999999999,177.61999999999998,23.1,47.54,45.42,56.38000000000001,55.21999999999999,72.08,45.739999999999995,67.24,71.8,88.47999999999999,104.02000000000001,135.76,121.44000000000001,78.3,83.46000000000001,98.52000000000001,91.02000000000001,89.53999999999999,93.72,64.42,64.94000000000001,22.4,22.4,22.88,0.13,22.0,34.0,34.0,34.0,34.0,34.0,34.0,34.0,34.0,34.0,34.0,34.0,34.0,34.0,34.0,34.0,34.0,34.0,34.0,34.0,34.0,34.0,34.0,34.0,76.3,76.03999999999999,21.32,42.04,44.9,52.7,58.220000000000006,78.9,56.839999999999996,65.55999999999999,74.94,82.33999999999999,105.46,121.31999999999998,123.05999999999999,81.26,86.88,104.78000000000002,104.85999999999999,91.66000000000001,96.06000000000002,64.4,65.43999999999998
12,Midiam evaporative cooler (white),Mid,135.0,60.0,22,TskControl34,2025-02-24 13:02:11,2025-02-24_ID0_NoPCS_Ta22_TskControl34.csv,2025-02-24_ID12_Midiam evaporative cooler (white)_Mid_Angle135_Distance60_Ta22_TskControl34.csv,5.159999999999997,118.68000000000004,11.899999999999999,10.0,5.140000000000008,8.239999999999995,1.9399999999999977,-4.079999999999998,-11.139999999999993,6.460000000000022,0.21999999999999886,10.180000000000007,4.219999999999999,18.540000000000006,0.7000000000000028,-0.9399999999999977,-1.059999999999988,-4.0400000000000205,-9.139999999999986,-0.6000000000000227,-0.040000000000020464,0.15999999999998238,-0.29999999999998295,21.8,21.9,20.83,0.05,21.62,34.0,32.81999999999999,34.0,34.0,34.0,34.0,34.0,34.0,34.0,34.0,34.0,34.0,34.0,34.0,34.0,34.0,34.0,34.0,34.0,34.0,34.0,34.0,34.0,81.46,194.72000000000003,33.22,52.04,50.040000000000006,60.94,60.160000000000004,74.82000000000001,45.7,72.02000000000001,75.16,92.52,109.67999999999999,139.85999999999999,123.75999999999999,80.32000000000001,85.82000000000001,100.74,95.72,91.05999999999999,96.02,64.55999999999999,65.14,22.4,22.4,22.88,0.13,22.0,34.0,34.0,34.0,34.0,34.0,34.0,34.0,34.0,34.0,34.0,34.0,34.0,34.0,34.0,34.0,34.0,34.0,34.0,34.0,34.0,34.0,34.0,34.0,76.3,76.03999999999999,21.32,42.04,44.9,52.7,58.220000000000006,78.9,56.839999999999996,65.55999999999999,74.94,82.33999999999999,105.46,121.31999999999998,123.05999999999999,81.26,86.88,104.78000000000002,104.85999999999999,91.66000000000001,96.06000000000002,64.4,65.43999999999998
13,Standing evaporative cooler (DeLonghi),High,225.0,150.0,25,TskControl34,2025-02-11 13:41:01,2025-02-11_ID0_NoPCS_Ta25_TskControl34.csv,2025-02-11_ID13_Standing evaporative cooler (DeLonghi)_High_Angle225_Distance150_Ta25_TskControl34.csv,19.119999999999997,52.67999999999999,7.060000000000002,18.259999999999994,3.8200000000000074,37.63999999999999,18.36,15.519999999999996,7.980000000000004,43.46,8.279999999999994,49.96000000000001,34.160000000000025,68.80000000000001,64.68,35.68,17.08,7.099999999999994,2.0799999999999983,2.059999999999988,2.4199999999999875,-0.30000000000000426,-1.3000000000000043,25.0,25.2,64.74,0.12,25.96,34.0,34.0,34.0,34.0,34.0,34.0,34.0,34.0,34.0,34.0,34.0,34.0,34.0,34.0,34.0,34.0,34.0,34.0,34.0,34.0,34.0,34.0,34.0,75.22,107.25999999999999,23.32,48.67999999999999,37.720000000000006,76.96,60.1,74.52,48.980000000000004,92.18,61.96,110.9,104.64000000000001,159.24,148.74,97.7,84.66,83.6,78.42,73.2,70.47999999999999,48.8,45.76,25.3,25.3,62.41,0.07,26.08,34.0,34.0,34.0,34.0,34.0,34.0,34.0,34.0,34.0,34.0,34.0,34.0,34.0,34.0,34.0,34.0,34.0,34.0,34.0,34.0,34.0,34.0,34.0,56.1,54.58,16.259999999999998,30.419999999999998,33.9,39.32,41.74,59.0,41.0,48.720000000000006,53.68000000000001,60.94,70.47999999999999,90.44,84.06,62.02,67.58,76.5,76.34,71.14000000000001,68.06,49.1,47.06
13,Standing evaporative cooler (DeLonghi),Low,180.0,150.0,25,TskControl34,2025-02-11 13:58:01,2025-02-11_ID0_NoPCS_Ta25_TskControl34.csv,2025-02-11_ID13_Standing evaporative cooler (DeLonghi)_Low_Angle180_Distance150_Ta25_TskControl34.csv,10.199999999999996,45.519999999999996,4.240000000000002,17.040000000000003,8.54,24.08,7.899999999999999,3.799999999999997,6.060000000000002,33.79999999999999,3.019999999999996,38.46000000000001,16.200000000000003,34.89999999999999,19.039999999999992,20.540000000000013,5.980000000000004,-3.6200000000000045,-6.720000000000013,-2.720000000000013,-0.5600000000000023,-0.9400000000000048,-1.4200000000000017,25.0,25.1,64.74,0.07,25.96,34.0,34.0,34.0,34.0,34.0,34.0,34.0,34.0,34.0,34.0,34.0,34.0,34.0,34.0,34.0,34.0,34.0,34.0,34.0,34.0,34.0,34.0,34.0,66.3,100.1,20.5,47.46,42.44,63.4,49.64,62.8,47.06,82.52,56.7,99.4,86.67999999999999,125.33999999999999,103.1,82.56000000000002,73.56,72.88,69.61999999999999,68.42,67.5,48.16,45.64,25.3,25.3,62.41,0.07,26.08,34.0,34.0,34.0,34.0,34.0,34.0,34.0,34.0,34.0,34.0,34.0,34.0,34.0,34.0,34.0,34.0,34.0,34.0,34.0,34.0,34.0,34.0,34.0,56.1,54.58,16.259999999999998,30.419999999999998,33.9,39.32,41.74,59.0,41.0,48.720000000000006,53.68000000000001,60.94,70.47999999999999,90.44,84.06,62.02,67.58,76.5,76.34,71.14000000000001,68.06,49.1,47.06
13,Standing evaporative cooler (DeLonghi),Mid,225.0,150.0,25,TskControl34,2025-02-11 13:26:01,2025-02-11_ID0_NoPCS_Ta25_TskControl34.csv,2025-02-11_ID13_Standing evaporative cooler (DeLonghi)_Mid_Angle225_Distance150_Ta25_TskControl34.csv,16.959999999999987,40.38000000000001,5.420000000000002,16.720000000000002,2.3999999999999986,34.339999999999996,14.420000000000002,11.539999999999992,6.720000000000006,39.34000000000001,6.019999999999996,54.06,34.16,80.96000000000004,63.02000000000001,32.02,15.740000000000009,3.4399999999999835,-1.1200000000000045,0.9999999999999858,-0.5800000000000125,-1.4200000000000017,-1.8000000000000043,25.1,25.2,64.36,0.06,25.96,34.0,34.0,34.0,34.0,34.0,34.0,34.0,34.0,34.0,34.0,34.0,34.0,34.0,34.0,34.0,34.0,34.0,34.0,34.0,34.0,34.0,34.0,34.0,73.05999999999999,94.96000000000001,21.68,47.14,36.3,73.66,56.160000000000004,70.53999999999999,47.720000000000006,88.06000000000002,59.7,115.0,104.63999999999999,171.40000000000003,147.08,94.04,83.32000000000001,79.93999999999998,75.22,72.14,67.47999999999999,47.68,45.26,25.3,25.3,62.41,0.07,26.08,34.0,34.0,34.0,34.0,34.0,34.0,34.0,34.0,34.0,34.0,34.0,34.0,34.0,34.0,34.0,34.0,34.0,34.0,34.0,34.0,34.0,34.0,34.0,56.1,54.58,16.259999999999998,30.419999999999998,33.9,39.32,41.74,59.0,41.0,48.720000000000006,53.68000000000001,60.94,70.47999999999999,90.44,84.06,62.02,67.58,76.5,76.34,71.14000000000001,68.06,49.1,47.06
13,Standing evaporative cooler (DeLonghi),High,270.0,150.0,25,TskControl34,2025-02-11 12:23:01,2025-02-11_ID0_NoPCS_Ta25_TskControl34.csv,2025-02-11_ID13_Standing evaporative cooler (DeLonghi)_High_Angle270_Distance150_Ta25_TskControl34.csv,16.160000000000004,59.96000000000001,19.699999999999996,6.300000000000001,3.8600000000000065,45.76,34.1,20.640000000000015,3.299999999999997,25.68,16.019999999999996,23.939999999999998,18.26000000000002,39.32000000000002,25.88000000000001,16.440000000000005,9.920000000000002,6.040000000000006,2.4599999999999937,4.3999999999999915,4.760000000000005,0.6999999999999957,0.6799999999999926,25.1,25.1,61.58,0.11,25.82,34.0,34.0,34.0,34.0,34.0,34.0,34.0,34.0,34.0,34.0,34.0,34.0,34.0,34.0,34.0,34.0,34.0,34.0,34.0,34.0,34.0,34.0,34.0,72.26,114.54,35.959999999999994,36.72,37.760000000000005,85.08,75.84,79.64000000000001,44.3,74.4,69.7,84.88,88.74000000000001,129.76000000000002,109.94000000000001,78.46000000000001,77.5,82.54,78.8,75.54,72.82000000000001,49.8,47.739999999999995,25.3,25.3,62.41,0.07,26.08,34.0,34.0,34.0,34.0,34.0,34.0,34.0,34.0,34.0,34.0,34.0,34.0,34.0,34.0,34.0,34.0,34.0,34.0,34.0,34.0,34.0,34.0,34.0,56.1,54.58,16.259999999999998,30.419999999999998,33.9,39.32,41.74,59.0,41.0,48.720000000000006,53.68000000000001,60.94,70.47999999999999,90.44,84.06,62.02,67.58,76.5,76.34,71.14000000000001,68.06,49.1,47.06
13,Standing evaporative cooler (DeLonghi),High,180.0,150.0,22,TskControl34,2025-02-24 16:32:37,2025-02-24_ID0_NoPCS_Ta22_TskControl34.csv,2025-02-24_ID13_Standing evaporative cooler (DeLonghi)_High_Angle180_Distance150_Ta22_TskControl34.csv,24.61999999999999,78.41999999999999,11.920000000000002,27.800000000000004,22.759999999999998,47.16,20.800000000000004,15.279999999999987,14.279999999999994,48.10000000000001,15.439999999999998,56.32000000000001,51.84000000000002,65.48,48.300000000000026,50.92,36.16000000000001,13.09999999999998,-3.9599999999999795,1.8399999999999892,-3.2000000000000313,0.03999999999999204,-4.059999999999988,22.0,22.1,31.2,0.0,21.86,34.0,34.0,34.0,34.0,34.0,34.0,34.0,34.0,34.0,34.0,34.0,34.0,34.0,34.0,34.0,34.0,34.0,34.0,34.0,34.0,34.0,34.0,34.0,100.91999999999999,154.45999999999998,33.24,69.84,67.66,99.86,79.02000000000001,94.17999999999999,71.11999999999999,113.66,90.38,138.66,157.3,186.79999999999998,171.36,132.18,123.04,117.88,100.9,93.5,92.85999999999999,64.44,61.379999999999995,22.4,22.4,22.88,0.13,22.0,34.0,34.0,34.0,34.0,34.0,34.0,34.0,34.0,34.0,34.0,34.0,34.0,34.0,34.0,34.0,34.0,34.0,34.0,34.0,34.0,34.0,34.0,34.0,76.3,76.03999999999999,21.32,42.04,44.9,52.7,58.220000000000006,78.9,56.839999999999996,65.55999999999999,74.94,82.33999999999999,105.46,121.31999999999998,123.05999999999999,81.26,86.88,104.78000000000002,104.85999999999999,91.66000000000001,96.06000000000002,64.4,65.43999999999998
13,Standing evaporative cooler (DeLonghi),High,225.0,150.0,22,TskControl34,2025-02-24 15:31:51,2025-02-24_ID0_NoPCS_Ta22_TskControl34.csv,2025-02-24_ID13_Standing evaporative cooler (DeLonghi)_High_Angle225_Distance150_Ta22_TskControl34.csv,25.42,49.81999999999999,9.319999999999997,20.739999999999995,5.719999999999992,46.5,15.959999999999987,19.219999999999985,8.580000000000005,50.74000000000001,9.38000000000001,73.32000000000001,61.84000000000002,83.62000000000002,87.52,58.11999999999999,27.900000000000006,11.999999999999986,2.7800000000000296,8.61999999999999,0.9399999999999835,0.47999999999998977,-3.519999999999982,22.0,22.0,29.7,0.0,21.75,33.9,34.0,34.0,34.0,34.0,34.0,34.0,34.0,34.0,34.0,34.0,34.0,34.0,31.520000000000003,33.980000000000004,34.0,34.0,34.0,34.0,34.0,34.0,34.0,34.0,101.72,125.85999999999999,30.639999999999997,62.779999999999994,50.61999999999999,99.2,74.17999999999999,98.11999999999999,65.42,116.3,84.32000000000001,155.66,167.3,204.94,210.57999999999998,139.38,114.78,116.78,107.64000000000001,100.28,97.0,64.88,61.92,22.4,22.4,22.88,0.13,22.0,34.0,34.0,34.0,34.0,34.0,34.0,34.0,34.0,34.0,34.0,34.0,34.0,34.0,34.0,34.0,34.0,34.0,34.0,34.0,34.0,34.0,34.0,34.0,76.3,76.03999999999999,21.32,42.04,44.9,52.7,58.220000000000006,78.9,56.839999999999996,65.55999999999999,74.94,82.33999999999999,105.46,121.31999999999998,123.05999999999999,81.26,86.88,104.78000000000002,104.85999999999999,91.66000000000001,96.06000000000002,64.4,65.43999999999998
13,Standing evaporative cooler (DeLonghi),High,270.0,150.0,22,TskControl34,2025-02-24 14:52:21,2025-02-24_ID0_NoPCS_Ta22_TskControl34.csv,2025-02-24_ID13_Standing evaporative cooler (DeLonghi)_High_Angle270_Distance150_Ta22_TskControl34.csv,20.24000000000001,72.50000000000003,22.660000000000004,5.68,4.300000000000004,59.019999999999996,35.43999999999999,27.299999999999997,0.4200000000000088,29.60000000000001,23.25999999999999,34.040000000000006,23.68000000000002,62.24000000000002,19.960000000000022,29.59999999999998,17.879999999999995,4.59999999999998,4.240000000000009,3.1199999999999903,2.9999999999999716,1.1799999999999926,0.2400000000000233,22.0,22.0,30.76,0.2,21.76,34.0,34.0,34.0,34.0,34.0,34.0,34.0,34.0,34.0,34.0,34.0,34.0,34.0,34.0,34.0,33.980000000000004,34.0,34.0,34.0,34.0,34.0,34.0,34.0,96.54,148.54000000000002,43.980000000000004,47.72,49.2,111.72,93.66,106.2,57.260000000000005,95.16,98.19999999999999,116.38,129.14000000000001,183.56,143.02,110.85999999999999,104.75999999999999,109.38,109.1,94.78,99.05999999999999,65.58,65.68,22.4,22.4,22.88,0.13,22.0,34.0,34.0,34.0,34.0,34.0,34.0,34.0,34.0,34.0,34.0,34.0,34.0,34.0,34.0,34.0,34.0,34.0,34.0,34.0,34.0,34.0,34.0,34.0,76.3,76.03999999999999,21.32,42.04,44.9,52.7,58.220000000000006,78.9,56.839999999999996,65.55999999999999,74.94,82.33999999999999,105.46,121.31999999999998,123.05999999999999,81.26,86.88,104.78000000000002,104.85999999999999,91.66000000000001,96.06000000000002,64.4,65.43999999999998
13,Standing evaporative cooler (DeLonghi),Low,180.0,150.0,22,TskControl34,2025-02-24 15:44:00,2025-02-24_ID0_NoPCS_Ta22_TskControl34.csv,2025-02-24_ID13_Standing evaporative cooler (DeLonghi)_Low_Angle180_Distance150_Ta22_TskControl34.csv,13.079999999999998,61.72,6.579999999999998,20.799999999999997,13.38000000000001,37.28,11.18,5.679999999999993,6.300000000000004,35.38000000000001,4.700000000000003,34.42,20.980000000000018,46.92000000000003,12.980000000000032,29.19999999999999,13.080000000000013,-2.980000000000004,-7.839999999999975,-0.8600000000000136,-5.6200000000000045,0.6200000000000045,-3.839999999999982,22.1,22.1,30.79,0.0,21.85,34.0,34.0,34.0,34.0,34.0,34.0,34.0,34.0,34.0,34.0,34.0,34.0,34.0,34.08,34.0,34.0,34.0,34.0,34.0,34.0,34.0,34.0,34.0,89.38,137.76,27.9,62.839999999999996,58.28000000000001,89.98,69.4,84.58,63.14,100.94,79.64,116.75999999999999,126.44000000000001,168.24,136.04000000000002,110.46,99.96000000000001,101.80000000000001,97.02000000000001,90.8,90.44000000000001,65.02000000000001,61.6,22.4,22.4,22.88,0.13,22.0,34.0,34.0,34.0,34.0,34.0,34.0,34.0,34.0,34.0,34.0,34.0,34.0,34.0,34.0,34.0,34.0,34.0,34.0,34.0,34.0,34.0,34.0,34.0,76.3,76.03999999999999,21.32,42.04,44.9,52.7,58.220000000000006,78.9,56.839999999999996,65.55999999999999,74.94,82.33999999999999,105.46,121.31999999999998,123.05999999999999,81.26,86.88,104.78000000000002,104.85999999999999,91.66000000000001,96.06000000000002,64.4,65.43999999999998
13,Standing evaporative cooler (DeLonghi),Low,225.0,150.0,22,TskControl34,2025-02-24 15:08:36,2025-02-24_ID0_NoPCS_Ta22_TskControl34.csv,2025-02-24_ID13_Standing evaporative cooler (DeLonghi)_Low_Angle225_Distance150_Ta22_TskControl34.csv,15.159999999999997,40.70000000000002,5.879999999999999,16.1,1.6600000000000037,37.22,10.13999999999998,9.120000000000005,2.6200000000000045,37.08,6.799999999999997,46.74000000000002,29.459999999999994,81.50000000000001,46.44000000000004,33.260000000000005,15.200000000000003,-2.940000000000012,-3.1599999999999824,1.7800000000000011,-2.960000000000022,0.05999999999998806,-3.1599999999999753,21.9,22.0,30.52,0.03,21.84,34.0,34.0,34.0,34.0,34.0,34.0,34.0,34.0,34.0,34.0,34.0,34.0,34.0,33.72,34.0,34.0,34.0,34.0,34.0,34.0,34.0,34.0,34.0,91.46,116.74000000000001,27.2,58.14,46.56,89.92,68.35999999999999,88.02000000000001,59.46,102.63999999999999,81.74,129.08,134.92,202.82,169.50000000000003,114.52000000000001,102.08,101.84,101.7,93.44000000000001,93.1,64.46,62.28000000000001,22.4,22.4,22.88,0.13,22.0,34.0,34.0,34.0,34.0,34.0,34.0,34.0,34.0,34.0,34.0,34.0,34.0,34.0,34.0,34.0,34.0,34.0,34.0,34.0,34.0,34.0,34.0,34.0,76.3,76.03999999999999,21.32,42.04,44.9,52.7,58.220000000000006,78.9,56.839999999999996,65.55999999999999,74.94,82.33999999999999,105.46,121.31999999999998,123.05999999999999,81.26,86.88,104.78000000000002,104.85999999999999,91.66000000000001,96.06000000000002,64.4,65.43999999999998
13,Standing evaporative cooler (DeLonghi),Low,225.0,150.0,25,TskControl34,2025-02-11 13:13:01,2025-02-11_ID0_NoPCS_Ta25_TskControl34.csv,2025-02-11_ID13_Standing evaporative cooler (DeLonghi)_Low_Angle225_Distance150_Ta25_TskControl34.csv,12.199999999999996,33.5,4.060000000000002,14.460000000000012,1.9799999999999969,29.240000000000002,10.999999999999993,6.160000000000011,3.980000000000004,33.02,3.9199999999999946,50.14,22.02000000000001,65.82,40.31999999999999,20.839999999999982,9.560000000000016,-3.200000000000003,-4.319999999999993,-0.5600000000000165,-0.6800000000000068,-0.8400000000000034,-1.3399999999999963,25.1,25.2,63.95,0.05,26.03,34.0,34.0,34.0,34.0,34.0,34.0,34.0,34.0,34.0,34.0,34.0,34.0,34.0,34.0,34.0,34.0,34.0,34.0,34.0,34.0,34.0,34.0,34.0,68.3,88.08,20.32,44.88000000000001,35.879999999999995,68.56,52.739999999999995,65.16000000000001,44.980000000000004,81.74000000000001,57.6,111.08,92.5,156.26,124.38,82.85999999999999,77.14000000000001,73.3,72.02000000000001,70.58,67.38,48.26,45.720000000000006,25.3,25.3,62.41,0.07,26.08,34.0,34.0,34.0,34.0,34.0,34.0,34.0,34.0,34.0,34.0,34.0,34.0,34.0,34.0,34.0,34.0,34.0,34.0,34.0,34.0,34.0,34.0,34.0,56.1,54.58,16.259999999999998,30.419999999999998,33.9,39.32,41.74,59.0,41.0,48.720000000000006,53.68000000000001,60.94,70.47999999999999,90.44,84.06,62.02,67.58,76.5,76.34,71.14000000000001,68.06,49.1,47.06
13,Standing evaporative cooler (DeLonghi),High,180.0,150.0,25,TskControl34,2025-02-11 15:26:01,2025-02-11_ID0_NoPCS_Ta25_TskControl34.csv,2025-02-11_ID13_Standing evaporative cooler (DeLonghi)_High_Angle180_Distance150_Ta25_TskControl34.csv,17.4,62.33999999999999,8.040000000000003,21.46000000000001,14.080000000000005,31.759999999999998,14.399999999999999,9.799999999999983,12.61999999999999,43.54000000000001,9.83999999999999,42.86,30.060000000000002,34.400000000000006,37.019999999999996,36.07999999999999,19.440000000000012,8.719999999999999,-3.259999999999991,1.1399999999999864,0.5600000000000023,-0.9200000000000017,-1.1200000000000045,24.9,25.0,68.48,0.02,26.05,34.0,34.0,34.0,34.0,34.0,34.0,34.0,34.0,34.0,34.0,34.0,34.0,34.0,34.0,34.0,34.0,34.0,34.0,34.0,34.0,34.0,34.0,34.0,73.5,116.91999999999999,24.3,51.88000000000001,47.980000000000004,71.08,56.14,68.79999999999998,53.61999999999999,92.26000000000002,63.519999999999996,103.8,100.53999999999999,124.84,121.08,98.1,87.02000000000001,85.22,73.08000000000001,72.28,68.62,48.18,45.94,25.3,25.3,62.41,0.07,26.08,34.0,34.0,34.0,34.0,34.0,34.0,34.0,34.0,34.0,34.0,34.0,34.0,34.0,34.0,34.0,34.0,34.0,34.0,34.0,34.0,34.0,34.0,34.0,56.1,54.58,16.259999999999998,30.419999999999998,33.9,39.32,41.74,59.0,41.0,48.720000000000006,53.68000000000001,60.94,70.47999999999999,90.44,84.06,62.02,67.58,76.5,76.34,71.14000000000001,68.06,49.1,47.06
13,Standing evaporative cooler (DeLonghi),Low,270.0,150.0,25,TskControl34,2025-02-11 12:59:01,2025-02-11_ID0_NoPCS_Ta25_TskControl34.csv,2025-02-11_ID13_Standing evaporative cooler (DeLonghi)_Low_Angle270_Distance150_Ta25_TskControl34.csv,8.499999999999993,40.82000000000001,13.840000000000003,1.7800000000000047,-0.3399999999999963,33.4,24.580000000000005,12.02000000000001,-0.6400000000000006,14.939999999999998,11.099999999999994,8.879999999999995,5.840000000000018,19.419999999999987,13.560000000000002,3.4199999999999946,3.6799999999999926,-1.1599999999999966,-1.1599999999999966,-0.5000000000000142,2.719999999999999,-0.20000000000000284,0.4799999999999969,25.2,25.2,62.38,0.04,25.97,34.0,34.0,34.0,34.0,34.0,34.0,34.0,34.0,34.0,34.0,34.0,34.0,34.0,34.0,34.0,34.0,34.0,34.0,34.0,34.0,34.0,34.0,34.0,64.6,95.4,30.1,32.2,33.56,72.72,66.32000000000001,71.02000000000001,40.36,63.660000000000004,64.78,69.82,76.32000000000001,109.85999999999999,97.62,65.44,71.25999999999999,75.34,75.18,70.64,70.78,48.9,47.54,25.3,25.3,62.41,0.07,26.08,34.0,34.0,34.0,34.0,34.0,34.0,34.0,34.0,34.0,34.0,34.0,34.0,34.0,34.0,34.0,34.0,34.0,34.0,34.0,34.0,34.0,34.0,34.0,56.1,54.58,16.259999999999998,30.419999999999998,33.9,39.32,41.74,59.0,41.0,48.720000000000006,53.68000000000001,60.94,70.47999999999999,90.44,84.06,62.02,67.58,76.5,76.34,71.14000000000001,68.06,49.1,47.06
13,Standing evaporative cooler (DeLonghi),Mid,180.0,150.0,25,TskControl34,2025-02-11 14:18:01,2025-02-11_ID0_NoPCS_Ta25_TskControl34.csv,2025-02-11_ID13_Standing evaporative cooler (DeLonghi)_Mid_Angle180_Distance150_Ta25_TskControl34.csv,13.419999999999995,54.08,6.740000000000002,18.720000000000002,11.480000000000011,27.1,10.080000000000005,3.8200000000000074,8.399999999999999,37.86000000000001,3.739999999999995,49.11999999999999,23.140000000000015,50.5,26.060000000000002,26.979999999999983,9.439999999999998,0.05999999999998806,-7.780000000000001,-0.4200000000000159,-0.28000000000000114,-0.5399999999999991,-0.38000000000000256,25.2,25.1,66.02,0.0,26.17,34.0,34.0,34.0,34.0,34.0,34.0,34.0,34.0,34.0,34.0,34.0,34.0,34.0,34.0,34.0,34.0,34.0,34.0,34.0,34.0,34.0,34.0,34.0,69.52,108.66,23.0,49.14,45.38000000000001,66.42,51.82000000000001,62.82000000000001,49.4,86.58000000000001,57.42,110.05999999999999,93.62,140.94,110.12,88.99999999999999,77.02,76.55999999999999,68.56,70.72,67.78,48.56,46.68,25.3,25.3,62.41,0.07,26.08,34.0,34.0,34.0,34.0,34.0,34.0,34.0,34.0,34.0,34.0,34.0,34.0,34.0,34.0,34.0,34.0,34.0,34.0,34.0,34.0,34.0,34.0,34.0,56.1,54.58,16.259999999999998,30.419999999999998,33.9,39.32,41.74,59.0,41.0,48.720000000000006,53.68000000000001,60.94,70.47999999999999,90.44,84.06,62.02,67.58,76.5,76.34,71.14000000000001,68.06,49.1,47.06
13,Standing evaporative cooler (DeLonghi),Mid,270.0,150.0,25,TskControl34,2025-11-02 12:48:00,2025-02-11_ID0_NoPCS_Ta25_TskControl34.csv,2025-02-11_ID13_Standing evaporative cooler (DeLonghi)_Mid_Angle270_Distance150_Ta25_TskControl34.csv,12.339999999999996,49.47999999999999,14.920000000000002,4.66,2.8600000000000065,40.080000000000005,28.759999999999998,16.999999999999986,-0.7800000000000011,22.699999999999996,13.319999999999993,23.36,15.820000000000022,36.70000000000002,17.599999999999994,9.279999999999994,6.8799999999999955,1.3599999999999994,-2.0799999999999983,0.5199999999999818,2.5999999999999943,-0.6199999999999974,-0.20000000000000284,,,,,,34.0,34.0,34.0,34.0,34.0,34.0,34.0,34.0,34.0,34.0,34.0,34.0,34.0,34.0,34.0,34.0,34.0,34.0,34.0,34.0,34.0,34.0,34.0,68.44,104.05999999999999,31.18,35.08,36.760000000000005,79.4,70.5,75.99999999999999,40.22,71.42,67.0,84.3,86.30000000000001,127.14000000000001,101.66,71.3,74.46,77.86,74.26,71.66,70.66,48.480000000000004,46.86,25.3,25.3,62.41,0.07,26.08,34.0,34.0,34.0,34.0,34.0,34.0,34.0,34.0,34.0,34.0,34.0,34.0,34.0,34.0,34.0,34.0,34.0,34.0,34.0,34.0,34.0,34.0,34.0,56.1,54.58,16.259999999999998,30.419999999999998,33.9,39.32,41.74,59.0,41.0,48.720000000000006,53.68000000000001,60.94,70.47999999999999,90.44,84.06,62.02,67.58,76.5,76.34,71.14000000000001,68.06,49.1,47.06
13,Standing evaporative cooler (DeLonghi),Mid,180.0,150.0,22,TskControl34,2025-02-24 16:20:27,2025-02-24_ID0_NoPCS_Ta22_TskControl34.csv,2025-02-24_ID13_Standing evaporative cooler (DeLonghi)_Mid_Angle180_Distance150_Ta22_TskControl34.csv,21.16000000000001,68.43999999999997,9.719999999999999,25.29999999999999,19.759999999999998,43.32000000000001,17.359999999999992,10.799999999999997,12.680000000000014,43.8,11.219999999999999,55.38000000000001,48.499999999999986,62.22000000000004,42.86,46.56,28.840000000000003,3.6799999999999926,-5.179999999999978,0.4399999999999835,-3.3600000000000136,0.9799999999999898,-3.059999999999974,22.0,22.0,30.12,0.03,21.84,34.0,34.0,34.0,34.0,34.0,34.0,34.0,34.0,34.0,34.0,34.0,34.0,34.0,34.0,34.0,34.0,34.0,34.0,34.0,34.0,34.0,34.0,34.0,97.46000000000001,144.47999999999996,31.04,67.33999999999999,64.66,96.02000000000001,75.58,89.7,69.52000000000001,109.35999999999999,86.16,137.72,153.95999999999998,183.54000000000002,165.92,127.82000000000001,115.72,108.46000000000001,99.68,92.1,92.7,65.38,62.38000000000001,22.4,22.4,22.88,0.13,22.0,34.0,34.0,34.0,34.0,34.0,34.0,34.0,34.0,34.0,34.0,34.0,34.0,34.0,34.0,34.0,34.0,34.0,34.0,34.0,34.0,34.0,34.0,34.0,76.3,76.03999999999999,21.32,42.04,44.9,52.7,58.220000000000006,78.9,56.839999999999996,65.55999999999999,74.94,82.33999999999999,105.46,121.31999999999998,123.05999999999999,81.26,86.88,104.78000000000002,104.85999999999999,91.66000000000001,96.06000000000002,64.4,65.43999999999998
13,Standing evaporative cooler (DeLonghi),Mid,225.0,150.0,22,TskControl34,2025-02-24 15:19:11,2025-02-24_ID0_NoPCS_Ta22_TskControl34.csv,2025-02-24_ID13_Standing evaporative cooler (DeLonghi)_Mid_Angle225_Distance150_Ta22_TskControl34.csv,20.739999999999995,45.42,7.439999999999998,18.32,3.700000000000003,43.040000000000006,13.739999999999988,15.599999999999994,5.740000000000002,44.900000000000006,8.64,64.60000000000001,49.32000000000001,82.48000000000003,69.62000000000002,45.69999999999999,22.200000000000003,4.019999999999982,0.3800000000000239,3.779999999999987,-2.180000000000021,-0.5799999999999983,-2.3799999999999812,21.9,22.2,30.09,0.0,21.84,34.0,34.0,34.0,34.0,34.0,34.0,34.0,34.0,34.0,34.0,34.0,34.0,34.0,32.72,34.0,34.0,34.0,34.0,34.0,34.0,34.0,34.0,34.0,97.03999999999999,121.46,28.759999999999998,60.36,48.6,95.74000000000001,71.96,94.5,62.58,110.46,83.58,146.94,154.78,203.8,192.68,126.96,109.08,108.8,105.24000000000001,95.44,93.88,63.82000000000001,63.06,22.4,22.4,22.88,0.13,22.0,34.0,34.0,34.0,34.0,34.0,34.0,34.0,34.0,34.0,34.0,34.0,34.0,34.0,34.0,34.0,34.0,34.0,34.0,34.0,34.0,34.0,34.0,34.0,76.3,76.03999999999999,21.32,42.04,44.9,52.7,58.220000000000006,78.9,56.839999999999996,65.55999999999999,74.94,82.33999999999999,105.46,121.31999999999998,123.05999999999999,81.26,86.88,104.78000000000002,104.85999999999999,91.66000000000001,96.06000000000002,64.4,65.43999999999998
13,Standing evaporative cooler (DeLonghi),Mid,270.0,150.0,22,TskControl34,2025-02-24 14:16:56,2025-02-24_ID0_NoPCS_Ta22_TskControl34.csv,2025-02-24_ID13_Standing evaporative cooler (DeLonghi)_Mid_Angle270_Distance150_Ta22_TskControl34.csv,14.620000000000005,61.380000000000024,20.360000000000007,3.3599999999999994,1.8200000000000003,51.17999999999999,30.37999999999999,19.779999999999987,-2.279999999999994,24.04000000000002,17.879999999999995,24.580000000000013,16.89999999999999,43.60000000000004,14.220000000000013,13.459999999999994,6.380000000000024,1.539999999999992,0.9400000000000119,2.3599999999999994,2.7199999999999847,0.47999999999998977,-0.3399999999999892,22.0,22.1,30.76,0.07,21.85,34.0,34.0,34.0,34.0,34.0,34.0,34.0,34.0,34.0,34.0,34.0,34.0,34.0,34.0,34.0,34.0,34.0,34.0,34.0,34.0,34.0,34.0,34.0,90.92,137.42000000000002,41.68000000000001,45.4,46.72,103.88,88.6,98.67999999999999,54.56,89.60000000000001,92.82,106.92,122.35999999999999,164.92000000000002,137.28,94.72,93.26000000000002,106.32000000000001,105.8,94.02000000000001,98.78,64.88,65.1,22.4,22.4,22.88,0.13,22.0,34.0,34.0,34.0,34.0,34.0,34.0,34.0,34.0,34.0,34.0,34.0,34.0,34.0,34.0,34.0,34.0,34.0,34.0,34.0,34.0,34.0,34.0,34.0,76.3,76.03999999999999,21.32,42.04,44.9,52.7,58.220000000000006,78.9,56.839999999999996,65.55999999999999,74.94,82.33999999999999,105.46,121.31999999999998,123.05999999999999,81.26,86.88,104.78000000000002,104.85999999999999,91.66000000000001,96.06000000000002,64.4,65.43999999999998
13,Standing evaporative cooler (DeLonghi),Low,270.0,150.0,22,TskControl34,2025-02-24 13:56:16,2025-02-24_ID0_NoPCS_Ta22_TskControl34.csv,2025-02-24_ID13_Standing evaporative cooler (DeLonghi)_Low_Angle270_Distance150_Ta22_TskControl34.csv,8.340000000000018,46.31999999999999,16.019999999999996,0.28000000000000824,-1.6799999999999997,39.519999999999996,20.759999999999984,9.899999999999991,-6.939999999999991,17.580000000000013,12.740000000000009,12.440000000000012,9.340000000000003,27.040000000000006,5.8999999999999915,5.339999999999989,-0.4999999999999858,-1.7600000000000051,-5.879999999999981,0.3399999999999892,1.019999999999996,1.0199999999999818,2.842170943040401e-14,22.1,22.2,32.8,0.02,21.97,34.0,34.0,34.0,34.0,34.0,34.0,34.0,34.0,34.0,34.0,34.0,34.0,34.0,34.0,34.0,34.0,34.0,34.0,34.0,34.0,34.0,34.0,34.0,84.64000000000001,122.35999999999999,37.339999999999996,42.32000000000001,43.22,92.22,78.97999999999999,88.8,49.900000000000006,83.14,87.68,94.78,114.8,148.35999999999999,128.95999999999998,86.6,86.38000000000001,103.02000000000001,98.98,92.0,97.08000000000001,65.41999999999999,65.44000000000001,22.4,22.4,22.88,0.13,22.0,34.0,34.0,34.0,34.0,34.0,34.0,34.0,34.0,34.0,34.0,34.0,34.0,34.0,34.0,34.0,34.0,34.0,34.0,34.0,34.0,34.0,34.0,34.0,76.3,76.03999999999999,21.32,42.04,44.9,52.7,58.220000000000006,78.9,56.839999999999996,65.55999999999999,74.94,82.33999999999999,105.46,121.31999999999998,123.05999999999999,81.26,86.88,104.78000000000002,104.85999999999999,91.66000000000001,96.06000000000002,64.4,65.43999999999998
14,Heating pad,Level6,,,22,TskControl34,2025-02-25 13:19:00,2025-02-25_ID0_NoPCS_Ta22_TskControl34_WinterClothing.csv,2025-02-25_ID14_Heating pad_Level6_PositionBack_Ta22_TskControl34_WinterClothing.csv,-18.54,-0.8799999999999955,-0.4399999999999977,-13.220000000000002,-11.659999999999997,-39.14,-39.98,-52.48,-39.58,-2.940000000000005,-4.18,1.6799999999999997,-1.2999999999999972,2.6400000000000006,13.33999999999999,-8.439999999999998,-8.47999999999999,-61.42000000000001,-68.34000000000002,-1.4799999999999898,-2.8799999999999955,-1.980000000000004,-0.6000000000000014,22.3,22.1,20.55,0.15,21.79,34.7,34.0,34.0,34.0,34.0,36.220000000000006,35.059999999999995,41.720000000000006,35.120000000000005,34.0,34.0,34.0,34.0,34.0,34.0,34.0,34.0,34.0,34.0,34.0,34.0,34.0,34.0,42.839999999999996,71.52000000000001,22.02,13.86,16.4,0.0,0.0,0.0,0.0,38.54,37.96,48.4,47.04,107.66000000000001,121.0,48.6,58.32000000000001,34.46,37.67999999999999,91.38000000000001,91.84,63.86,62.52,22.5,22.3,18.67,0.12,21.94,34.0,34.0,34.0,34.0,34.0,34.0,34.0,34.0,34.0,34.0,34.0,34.0,34.0,34.0,34.0,34.0,34.0,34.0,34.0,34.0,34.0,34.0,34.0,61.379999999999995,72.4,22.459999999999997,27.080000000000002,28.059999999999995,39.14,39.98,52.48,39.58,41.480000000000004,42.14,46.72,48.339999999999996,105.02000000000001,107.66000000000001,57.04,66.8,95.88000000000001,106.02000000000001,92.86,94.72,65.84,63.120000000000005
14,Heating pad,Level1,,,22,TskControl34,2025-02-25 18:29:24,2025-02-25_ID0_NoPCS_Ta22_TskControl34_WinterClothing.csv,2025-02-25_ID14_Heating pad_Level1_PositionFeet_Ta22_TskControl34_WinterClothingWithoutShoes.csv,-16.739999999999995,-4.060000000000002,3.860000000000003,-7.48,-7.299999999999997,-8.620000000000001,-10.399999999999995,-14.919999999999995,-19.099999999999998,-4.080000000000005,-3.240000000000002,8.260000000000005,4.899999999999999,-105.02000000000001,-107.66000000000001,-3.4399999999999977,-2.8599999999999994,-4.859999999999999,-10.340000000000018,-25.78,-27.040000000000006,-65.84,-63.120000000000005,22.1,21.8,22.78,0.13,21.65,33.7,34.0,34.0,34.0,34.0,34.0,34.0,34.0,34.0,34.0,34.0,34.0,34.0,24.32,23.4,34.0,34.0,34.0,34.0,34.0,34.0,36.8,38.9,44.64,68.34,26.32,19.6,20.759999999999998,30.52,29.580000000000002,37.56,20.48,37.4,38.9,54.980000000000004,53.239999999999995,0.0,0.0,53.6,63.94,91.02000000000001,95.67999999999999,67.08,67.67999999999999,0.0,0.0,22.5,22.3,18.67,0.12,21.94,34.0,34.0,34.0,34.0,34.0,34.0,34.0,34.0,34.0,34.0,34.0,34.0,34.0,34.0,34.0,34.0,34.0,34.0,34.0,34.0,34.0,34.0,34.0,61.379999999999995,72.4,22.459999999999997,27.080000000000002,28.059999999999995,39.14,39.98,52.48,39.58,41.480000000000004,42.14,46.72,48.339999999999996,105.02000000000001,107.66000000000001,57.04,66.8,95.88000000000001,106.02000000000001,92.86,94.72,65.84,63.120000000000005
14,Heating pad,Level1,,,22,TskControl34,2025-02-25 14:30:13,2025-02-25_ID0_NoPCS_Ta22_TskControl34_WinterClothing.csv,2025-02-25_ID14_Heating pad_Level1_PositionHands_Ta22_TskControl34_WinterClothing.csv,-12.059999999999988,-5.5400000000000205,3.960000000000001,-9.460000000000004,-9.099999999999994,-9.979999999999997,-11.599999999999994,-23.72,-27.299999999999997,-3.8200000000000003,-2.260000000000005,-5.68,-6.1399999999999935,-105.02000000000001,-107.66000000000001,-0.1600000000000037,-8.139999999999993,-6.0600000000000165,-13.100000000000023,-0.8800000000000097,-2.1999999999999886,-1.6599999999999966,0.15999999999998948,22.2,22.0,20.33,0.15,21.79,34.3,34.0,34.0,34.0,34.0,34.0,34.0,34.0,34.0,34.0,34.0,34.0,34.0,42.78000000000001,36.7,34.0,34.0,34.0,34.0,34.0,34.0,34.0,34.0,49.32000000000001,66.85999999999999,26.419999999999998,17.619999999999997,18.96,29.160000000000004,28.380000000000003,28.759999999999998,12.280000000000001,37.660000000000004,39.879999999999995,41.04,42.2,0.0,0.0,56.879999999999995,58.660000000000004,89.82,92.91999999999999,91.97999999999999,92.52000000000001,64.18,63.279999999999994,22.5,22.3,18.67,0.12,21.94,34.0,34.0,34.0,34.0,34.0,34.0,34.0,34.0,34.0,34.0,34.0,34.0,34.0,34.0,34.0,34.0,34.0,34.0,34.0,34.0,34.0,34.0,34.0,61.379999999999995,72.4,22.459999999999997,27.080000000000002,28.059999999999995,39.14,39.98,52.48,39.58,41.480000000000004,42.14,46.72,48.339999999999996,105.02000000000001,107.66000000000001,57.04,66.8,95.88000000000001,106.02000000000001,92.86,94.72,65.84,63.120000000000005
14,Heating pad,Level4,,,25,TskControl34,2025-02-10 16:15:59,2025-02-10_ID0_NoPCS_Ta25_TskControl34.csv,2025-02-10_ID14_Heating pad_Level4_Ta25_TskControl34.csv,-18.37999999999999,4.960000000000001,-2.099999999999998,-13.900000000000002,-17.479999999999997,-36.92,-40.34,-57.260000000000005,-29.979999999999997,-1.8799999999999955,-7.920000000000002,7.159999999999997,-3.6599999999999824,5.099999999999994,1.1000000000000227,-1.5,-6.140000000000001,-54.480000000000004,-62.4,-4.980000000000004,-7.019999999999996,-3.740000000000002,-5.439999999999998,25.3,25.3,64.0,0.05,26.17,34.6,34.0,34.0,34.0,34.0,36.7,38.36,38.7,34.0,34.0,34.0,34.0,34.0,34.0,34.0,34.0,34.0,34.0,34.0,34.0,34.0,34.0,34.0,37.24,55.1,15.720000000000002,14.7,15.1,0.0,0.0,0.0,3.6,47.82000000000001,47.1,70.28,72.34,99.17999999999999,83.14000000000001,59.5,59.92,19.48,12.680000000000001,65.05999999999999,64.94,45.94,43.120000000000005,25.1,25.1,69.38,0.17,26.15,34.0,34.0,34.0,34.0,34.0,34.0,34.0,34.0,34.0,34.0,34.0,34.0,34.0,34.0,34.0,34.0,34.0,34.0,34.0,34.0,34.0,34.0,34.0,55.61999999999999,50.14,17.82,28.6,32.58,36.92,40.34,57.260000000000005,33.58,49.7,55.02,63.120000000000005,75.99999999999999,94.08,82.03999999999999,61.0,66.06,73.96000000000001,75.08,70.03999999999999,71.96,49.68,48.56
14,Heating pad,Level6,,,25,TskControl34,2025-02-10 16:37:59,2025-02-10_ID0_NoPCS_Ta25_TskControl34.csv,2025-02-10_ID14_Heating pad_Level6_Ta25_TskControl34.csv,-17.29999999999999,7.540000000000006,-0.9200000000000017,-16.220000000000002,-18.999999999999996,-36.92,-40.34,-57.260000000000005,-32.36,-0.720000000000006,-6.399999999999999,11.299999999999983,0.20000000000001705,14.200000000000003,9.260000000000005,1.0,-4.819999999999993,-58.12000000000001,-67.76,-1.079999999999984,-2.1399999999999864,-1.7999999999999972,-3.3599999999999994,24.8,25.2,64.7,0.05,25.83,34.8,34.0,34.0,34.0,34.0,37.480000000000004,39.32,39.68000000000001,34.0,34.0,34.0,34.0,34.0,34.0,34.0,34.0,34.0,34.0,34.0,34.0,34.0,34.0,34.0,38.32,57.68000000000001,16.9,12.379999999999999,13.580000000000002,0.0,0.0,0.0,1.22,48.98,48.620000000000005,74.41999999999999,76.2,108.28,91.3,62.0,61.24000000000001,15.839999999999998,7.3199999999999985,68.96000000000001,69.82000000000001,47.88,45.2,25.1,25.1,69.38,0.17,26.15,34.0,34.0,34.0,34.0,34.0,34.0,34.0,34.0,34.0,34.0,34.0,34.0,34.0,34.0,34.0,34.0,34.0,34.0,34.0,34.0,34.0,34.0,34.0,55.61999999999999,50.14,17.82,28.6,32.58,36.92,40.34,57.260000000000005,33.58,49.7,55.02,63.120000000000005,75.99999999999999,94.08,82.03999999999999,61.0,66.06,73.96000000000001,75.08,70.03999999999999,71.96,49.68,48.56
14,Heating pad,Level3,,,25,TskControl34,2025-02-10 15:29:59,2025-02-10_ID0_NoPCS_Ta25_TskControl34.csv,2025-02-10_ID14_Heating pad_Level3_Ta25_TskControl34.csv,-17.739999999999988,4.940000000000005,-1.9800000000000004,-11.379999999999999,-14.139999999999997,-36.92,-40.34,-57.260000000000005,-23.08,-3.3000000000000043,-8.299999999999997,5.539999999999992,-3.559999999999974,5.799999999999997,2.6400000000000006,-2.3999999999999986,-6.000000000000014,-52.00000000000001,-59.64,-5.679999999999993,-6.759999999999991,-3.8800000000000026,-6.420000000000002,25.3,25.3,63.6,0.06,26.06,34.5,34.0,34.0,34.0,34.0,36.160000000000004,37.620000000000005,37.82,34.0,34.0,34.0,34.0,34.0,34.0,34.0,34.0,34.0,34.0,34.0,34.0,34.0,34.0,34.0,37.88,55.080000000000005,15.84,17.220000000000002,18.44,0.0,0.0,0.0,10.5,46.4,46.720000000000006,68.66,72.44000000000001,99.88,84.67999999999999,58.6,60.05999999999999,21.96,15.439999999999998,64.36,65.2,45.8,42.14,25.1,25.1,69.38,0.17,26.15,34.0,34.0,34.0,34.0,34.0,34.0,34.0,34.0,34.0,34.0,34.0,34.0,34.0,34.0,34.0,34.0,34.0,34.0,34.0,34.0,34.0,34.0,34.0,55.61999999999999,50.14,17.82,28.6,32.58,36.92,40.34,57.260000000000005,33.58,49.7,55.02,63.120000000000005,75.99999999999999,94.08,82.03999999999999,61.0,66.06,73.96000000000001,75.08,70.03999999999999,71.96,49.68,48.56
14,Heating pad,Level 1,,,25,TskControl34,2025-02-10 14:36:59,2025-02-10_ID0_NoPCS_Ta25_TskControl34.csv,2025-02-10_ID14_Heating pad_Level 1_Ta25_TskControl34.csv,-15.299999999999997,6.759999999999998,-2.1800000000000033,-4.0,-8.099999999999998,-36.92,-40.34,-57.260000000000005,-8.04,-1.8000000000000043,-6.780000000000008,5.259999999999991,-3.019999999999996,5.560000000000002,3.0799999999999983,-1.8799999999999955,-5.359999999999999,-42.28000000000001,-46.76,-6.519999999999996,-8.059999999999995,-6.019999999999996,-8.200000000000003,25.3,25.3,65.63,0.0,26.17,34.2,34.0,34.0,34.0,34.0,34.559999999999995,35.32,35.42,34.0,34.0,34.0,34.0,34.0,34.0,34.0,34.0,34.0,34.0,34.0,34.0,34.0,34.0,34.0,40.31999999999999,56.9,15.639999999999997,24.6,24.48,0.0,0.0,0.0,25.54,47.9,48.239999999999995,68.38,72.97999999999999,99.64,85.11999999999999,59.120000000000005,60.7,31.68,28.32,63.519999999999996,63.9,43.660000000000004,40.36,25.1,25.1,69.38,0.17,26.15,34.0,34.0,34.0,34.0,34.0,34.0,34.0,34.0,34.0,34.0,34.0,34.0,34.0,34.0,34.0,34.0,34.0,34.0,34.0,34.0,34.0,34.0,34.0,55.61999999999999,50.14,17.82,28.6,32.58,36.92,40.34,57.260000000000005,33.58,49.7,55.02,63.120000000000005,75.99999999999999,94.08,82.03999999999999,61.0,66.06,73.96000000000001,75.08,70.03999999999999,71.96,49.68,48.56
14,Heating pad,Level3,,,22,TskControl34,2025-02-25 11:45:28,2025-02-25_ID0_NoPCS_Ta22_TskControl34_WinterClothing.csv,2025-02-25_ID14_Heating pad_Level3_PositionBack_Ta22_TskControl34_WinterClothing.csv,-14.979999999999997,-1.0600000000000023,-0.05999999999999872,-4.760000000000002,-4.179999999999996,-39.14,-36.68,-52.48,-22.24,-2.3200000000000003,-3.1799999999999997,-0.6999999999999957,-0.539999999999992,0.15999999999998238,7.780000000000001,-2.260000000000005,-2.759999999999991,-49.06,-56.38000000000001,-0.2799999999999869,-2.5799999999999983,-1.240000000000009,0.5399999999999991,22.3,22.3,20.38,0.23,21.89,34.2,34.0,34.0,34.0,34.0,34.1,34.0,36.74,34.0,34.0,34.0,34.0,34.0,34.0,34.0,34.0,34.0,34.0,34.0,34.0,34.0,34.0,34.0,46.4,71.34,22.4,22.32,23.88,0.0,3.3,0.0,17.34,39.160000000000004,38.96,46.02,47.800000000000004,105.17999999999999,115.44000000000001,54.779999999999994,64.04,46.82000000000001,49.64,92.58000000000001,92.14,64.6,63.660000000000004,22.5,22.3,18.67,0.12,21.94,34.0,34.0,34.0,34.0,34.0,34.0,34.0,34.0,34.0,34.0,34.0,34.0,34.0,34.0,34.0,34.0,34.0,34.0,34.0,34.0,34.0,34.0,34.0,61.379999999999995,72.4,22.459999999999997,27.080000000000002,28.059999999999995,39.14,39.98,52.48,39.58,41.480000000000004,42.14,46.72,48.339999999999996,105.02000000000001,107.66000000000001,57.04,66.8,95.88000000000001,106.02000000000001,92.86,94.72,65.84,63.120000000000005
14,Heating pad,Level3,,,22,TskControl34,2025-02-25 18:43:54,2025-02-25_ID0_NoPCS_Ta22_TskControl34_WinterClothing.csv,2025-02-25_ID14_Heating pad_Level3_PositionFeet_Ta22_TskControl34_WinterClothingWithoutShoes.csv,-17.739999999999995,-4.6000000000000085,3.5600000000000023,-7.640000000000001,-7.539999999999996,-8.240000000000002,-10.559999999999992,-15.119999999999997,-20.16,-4.420000000000002,-3.8200000000000003,8.019999999999996,4.839999999999996,-105.02000000000001,-107.66000000000001,-3.6200000000000045,-3.1599999999999966,-5.420000000000002,-10.640000000000015,-31.580000000000005,-33.24,-65.84,-63.120000000000005,21.9,22.1,23.59,0.12,21.66,33.82,34.0,34.0,34.0,34.0,34.0,34.0,34.0,34.0,34.0,34.0,34.0,34.0,24.2,23.4,34.0,34.0,34.0,34.0,34.0,34.0,38.339999999999996,40.64,43.64,67.8,26.02,19.44,20.52,30.9,29.420000000000005,37.36,19.419999999999998,37.06,38.32,54.739999999999995,53.17999999999999,0.0,0.0,53.419999999999995,63.64,90.46000000000001,95.38,61.279999999999994,61.48,0.0,0.0,22.5,22.3,18.67,0.12,21.94,34.0,34.0,34.0,34.0,34.0,34.0,34.0,34.0,34.0,34.0,34.0,34.0,34.0,34.0,34.0,34.0,34.0,34.0,34.0,34.0,34.0,34.0,34.0,61.379999999999995,72.4,22.459999999999997,27.080000000000002,28.059999999999995,39.14,39.98,52.48,39.58,41.480000000000004,42.14,46.72,48.339999999999996,105.02000000000001,107.66000000000001,57.04,66.8,95.88000000000001,106.02000000000001,92.86,94.72,65.84,63.120000000000005
14,Heating pad,Level3,,,22,TskControl34,2025-02-25 14:48:00,2025-02-25_ID0_NoPCS_Ta22_TskControl34_WinterClothing.csv,2025-02-25_ID14_Heating pad_Level3_PositionHands_Ta22_TskControl34_WinterClothing.csv,-12.15999999999999,-4.759999999999991,4.080000000000002,-7.120000000000001,-8.539999999999996,-10.219999999999995,-12.059999999999999,-19.71999999999999,-24.699999999999996,-3.8400000000000034,-2.4000000000000057,-9.82,-8.799999999999997,-105.02000000000001,-107.66000000000001,-6.339999999999996,-7.159999999999997,-6.120000000000019,-14.360000000000014,-0.6800000000000068,-2.539999999999992,-1.8599999999999994,0.01999999999999602,22.1,22.1,20.45,0.17,21.71,34.4,34.0,34.0,34.0,34.0,34.0,34.0,34.0,34.0,34.0,34.0,34.0,34.0,44.7,40.14,34.0,34.0,34.0,34.0,34.0,34.0,34.0,34.0,49.220000000000006,67.64000000000001,26.54,19.96,19.52,28.920000000000005,27.919999999999998,32.760000000000005,14.88,37.64,39.739999999999995,36.9,39.54,0.0,0.0,50.7,59.64,89.75999999999999,91.66,92.17999999999999,92.18,63.980000000000004,63.14,22.5,22.3,18.67,0.12,21.94,34.0,34.0,34.0,34.0,34.0,34.0,34.0,34.0,34.0,34.0,34.0,34.0,34.0,34.0,34.0,34.0,34.0,34.0,34.0,34.0,34.0,34.0,34.0,61.379999999999995,72.4,22.459999999999997,27.080000000000002,28.059999999999995,39.14,39.98,52.48,39.58,41.480000000000004,42.14,46.72,48.339999999999996,105.02000000000001,107.66000000000001,57.04,66.8,95.88000000000001,106.02000000000001,92.86,94.72,65.84,63.120000000000005
14,Heating pad,Level6,,,25,TskControl34,2025-02-10 16:37:59,2025-02-10_ID0_NoPCS_Ta25_TskControl34.csv,2025-02-10_ID14_Heating pad_Level6_Ta25_TskControl34.csv,-17.29999999999999,7.540000000000006,-0.9200000000000017,-16.220000000000002,-18.999999999999996,-36.92,-40.34,-57.260000000000005,-32.36,-0.720000000000006,-6.399999999999999,11.299999999999983,0.20000000000001705,14.200000000000003,9.260000000000005,1.0,-4.819999999999993,-58.12000000000001,-67.76,-1.079999999999984,-2.1399999999999864,-1.7999999999999972,-3.3599999999999994,24.8,25.2,64.7,0.05,25.83,34.8,34.0,34.0,34.0,34.0,37.480000000000004,39.32,39.68000000000001,34.0,34.0,34.0,34.0,34.0,34.0,34.0,34.0,34.0,34.0,34.0,34.0,34.0,34.0,34.0,38.32,57.68000000000001,16.9,12.379999999999999,13.580000000000002,0.0,0.0,0.0,1.22,48.98,48.620000000000005,74.41999999999999,76.2,108.28,91.3,62.0,61.24000000000001,15.839999999999998,7.3199999999999985,68.96000000000001,69.82000000000001,47.88,45.2,25.1,25.1,69.38,0.17,26.15,34.0,34.0,34.0,34.0,34.0,34.0,34.0,34.0,34.0,34.0,34.0,34.0,34.0,34.0,34.0,34.0,34.0,34.0,34.0,34.0,34.0,34.0,34.0,55.61999999999999,50.14,17.82,28.6,32.58,36.92,40.34,57.260000000000005,33.58,49.7,55.02,63.120000000000005,75.99999999999999,94.08,82.03999999999999,61.0,66.06,73.96000000000001,75.08,70.03999999999999,71.96,49.68,48.56
14,Heating pad,Level1,,,22,TskControl34,2025-02-25 11:23:13,2025-02-25_ID0_NoPCS_Ta22_TskControl34_WinterClothing.csv,2025-02-25_ID14_Heating pad_Level1_PositionBack_Ta22_TskControl34_WinterClothing.csv,-11.839999999999996,1.259999999999991,1.4000000000000057,-3.3200000000000003,-2.239999999999995,-31.02,-27.239999999999995,-52.48,-10.46,-0.9200000000000088,-1.8000000000000043,0.3200000000000003,-0.1600000000000037,-1.0000000000000284,7.259999999999991,-0.45999999999999375,-0.6599999999999824,-38.38000000000001,-46.84,1.1000000000000085,-1.9599999999999795,-1.2600000000000051,0.7999999999999972,22.3,22.5,20.72,0.17,21.96,34.1,34.0,34.0,34.0,34.0,34.0,34.0,34.88,34.0,34.0,34.0,34.0,34.0,34.0,34.0,34.0,34.0,34.0,34.0,34.0,34.0,34.0,34.0,49.54,73.66,23.860000000000003,23.76,25.82,8.120000000000001,12.74,0.0,29.119999999999997,40.559999999999995,40.339999999999996,47.04,48.17999999999999,104.01999999999998,114.92,56.580000000000005,66.14000000000001,57.5,59.18000000000001,93.96000000000001,92.76000000000002,64.58,63.92,22.5,22.3,18.67,0.12,21.94,34.0,34.0,34.0,34.0,34.0,34.0,34.0,34.0,34.0,34.0,34.0,34.0,34.0,34.0,34.0,34.0,34.0,34.0,34.0,34.0,34.0,34.0,34.0,61.379999999999995,72.4,22.459999999999997,27.080000000000002,28.059999999999995,39.14,39.98,52.48,39.58,41.480000000000004,42.14,46.72,48.339999999999996,105.02000000000001,107.66000000000001,57.04,66.8,95.88000000000001,106.02000000000001,92.86,94.72,65.84,63.120000000000005
14,Heating pad,Level6,,,22,TskControl34,2025-02-26 12:57:54,2025-02-26_ID0_NoPCS_Ta22_TskControl34_WinterClothingWithoutShoes.csv,2025-02-26_ID14_Heating pad_Level6_PositionFeet_Ta22_TskControl34_WinterClothingWithoutShoes.csv,-1.3999999999999915,9.180000000000007,1.3800000000000026,1.5,1.120000000000001,2.3000000000000007,2.2799999999999976,-0.17999999999999972,-0.4200000000000017,4.420000000000002,5.82,4.600000000000001,4.140000000000008,14.060000000000002,29.40000000000002,3.4199999999999946,3.719999999999999,10.240000000000009,10.200000000000003,-28.58,-26.439999999999998,-35.42,-31.28,22.0,22.0,59.68,0.12,22.4,34.7,34.0,34.0,34.0,34.0,34.0,34.0,34.0,34.0,34.0,34.0,34.0,34.0,34.0,34.0,34.0,34.0,34.0,34.0,34.0,34.0,43.220000000000006,46.519999999999996,47.720000000000006,67.54,25.880000000000003,19.919999999999998,20.8,31.080000000000002,30.04,38.14,20.919999999999998,38.440000000000005,41.50000000000001,51.160000000000004,48.7,99.58000000000001,125.14000000000001,53.839999999999996,62.58,88.66000000000001,95.64000000000001,49.67999999999999,50.64,0.0,0.0,22.0,22.0,18.61,0.06,21.6,34.0,34.0,34.0,34.0,34.0,34.0,34.0,34.0,34.0,34.0,34.0,34.0,34.0,34.0,34.0,34.0,34.0,34.0,34.0,34.0,34.0,34.0,34.0,49.12,58.36,24.5,18.419999999999998,19.68,28.78,27.76,38.32,21.34,34.02,35.68000000000001,46.56,44.559999999999995,85.52000000000001,95.74,50.42,58.86,78.42,85.44000000000001,78.25999999999999,77.08,35.42,31.28
14,Heating pad,Level6,,,22,TskControl34,2025-02-25 15:41:53,2025-02-25_ID0_NoPCS_Ta22_TskControl34_WinterClothing.csv,2025-02-25_ID14_Heating pad_Level6_PositionHands_Ta22_TskControl34_WinterClothing.csv,-11.696666666666658,-6.116666666666674,3.123333333333335,-6.263333333333335,-6.5433333333333294,-9.02333333333333,-11.18,-15.629999999999995,-21.613333333333333,-3.1966666666666725,-4.373333333333335,-15.053333333333331,-14.623333333333328,-105.02000000000001,-107.66000000000001,-6.156666666666666,-7.93333333333333,-0.7800000000000011,-11.02000000000001,-1.6766666666666765,-2.7866666666666617,-1.8899999999999935,-0.903333333333336,22.0,22.2,23.45,0.19,21.74,34.5,34.0,34.0,34.0,34.0,34.0,34.0,34.0,34.0,34.0,34.0,34.0,34.0,44.699999999999996,44.800000000000004,34.0,34.0,34.0,34.0,34.0,34.0,34.0,34.0,49.68333333333334,66.28333333333333,25.583333333333332,20.816666666666666,21.516666666666666,30.11666666666667,28.799999999999997,36.85,17.966666666666665,38.28333333333333,37.766666666666666,31.666666666666668,33.71666666666667,0.0,0.0,50.88333333333333,58.86666666666667,95.10000000000001,95.0,91.18333333333332,91.93333333333334,63.95000000000001,62.21666666666667,22.5,22.3,18.67,0.12,21.94,34.0,34.0,34.0,34.0,34.0,34.0,34.0,34.0,34.0,34.0,34.0,34.0,34.0,34.0,34.0,34.0,34.0,34.0,34.0,34.0,34.0,34.0,34.0,61.379999999999995,72.4,22.459999999999997,27.080000000000002,28.059999999999995,39.14,39.98,52.48,39.58,41.480000000000004,42.14,46.72,48.339999999999996,105.02000000000001,107.66000000000001,57.04,66.8,95.88000000000001,106.02000000000001,92.86,94.72,65.84,63.120000000000005
14,Heating pad,Level3,,,22,TskControl34,2025-02-26 11:56:54,2025-02-26_ID0_NoPCS_Ta22_TskControl34_WinterClothingWithoutShoes.csv,2025-02-26_ID14_Heating pad_Level3_PositionFeet_Ta22_TskControl34_WinterClothingWithoutShoes.csv,0.5466666666666669,10.223333333333343,1.4166666666666679,6.413333333333334,2.253333333333334,3.9366666666666603,3.106666666666662,0.5300000000000011,3.026666666666671,4.496666666666663,4.786666666666655,4.539999999999999,3.3233333333333377,12.846666666666664,27.376666666666665,4.013333333333335,5.823333333333338,11.84666666666665,9.809999999999988,-17.109999999999992,-17.613333333333337,-35.42,-31.28,22.1,22.1,58.17,0.17,22.37,34.5,34.0,34.0,34.0,34.0,34.0,34.0,34.0,34.0,34.0,34.0,34.0,34.0,34.0,34.0,34.0,34.0,34.0,34.0,34.0,34.0,40.4,42.61666666666667,49.666666666666664,68.58333333333334,25.916666666666668,24.833333333333332,21.933333333333334,32.71666666666666,30.866666666666664,38.85,24.36666666666667,38.516666666666666,40.46666666666666,51.1,47.88333333333333,98.36666666666667,123.11666666666666,54.43333333333334,64.68333333333334,90.26666666666665,95.25,61.15,59.46666666666666,0.0,0.0,22.0,22.0,18.61,0.06,21.6,34.0,34.0,34.0,34.0,34.0,34.0,34.0,34.0,34.0,34.0,34.0,34.0,34.0,34.0,34.0,34.0,34.0,34.0,34.0,34.0,34.0,34.0,34.0,49.12,58.36,24.5,18.419999999999998,19.68,28.78,27.76,38.32,21.34,34.02,35.68000000000001,46.56,44.559999999999995,85.52000000000001,95.74,50.42,58.86,78.42,85.44000000000001,78.25999999999999,77.08,35.42,31.28
14,Heating pad,Level4,,,22,TskControl34,2025-02-26 12:15:09,2025-02-26_ID0_NoPCS_Ta22_TskControl34_WinterClothingWithoutShoes.csv,2025-02-26_ID14_Heating pad_Level4_PositionFeet_Ta22_TskControl34_WinterClothingWithoutShoes.csv,-0.15333333333332888,9.08999999999999,1.4500000000000028,2.613333333333337,2.236666666666668,3.6033333333333317,2.6566666666666663,0.14666666666666828,1.0266666666666637,4.346666666666664,4.153333333333329,4.056666666666665,4.123333333333342,12.379999999999981,27.476666666666688,3.846666666666657,5.473333333333329,11.063333333333347,10.243333333333325,-20.676666666666655,-18.14666666666666,-35.42,-31.28,22.0,22.2,61.65,0.09,22.45,34.5,34.0,34.0,34.0,34.0,34.0,34.0,34.0,34.0,34.0,34.0,34.0,34.0,34.0,34.0,34.0,34.0,34.0,34.0,34.0,34.0,40.5,43.18333333333334,48.96666666666667,67.44999999999999,25.950000000000003,21.033333333333335,21.916666666666668,32.38333333333333,30.416666666666668,38.46666666666667,22.366666666666664,38.36666666666667,39.833333333333336,50.61666666666667,48.68333333333334,97.89999999999999,123.21666666666668,54.26666666666666,64.33333333333333,89.48333333333335,95.68333333333334,57.583333333333336,58.93333333333334,0.0,0.0,22.0,22.0,18.61,0.06,21.6,34.0,34.0,34.0,34.0,34.0,34.0,34.0,34.0,34.0,34.0,34.0,34.0,34.0,34.0,34.0,34.0,34.0,34.0,34.0,34.0,34.0,34.0,34.0,49.12,58.36,24.5,18.419999999999998,19.68,28.78,27.76,38.32,21.34,34.02,35.68000000000001,46.56,44.559999999999995,85.52000000000001,95.74,50.42,58.86,78.42,85.44000000000001,78.25999999999999,77.08,35.42,31.28
14,Heating pad (Koreal),Level6,,,25,TskControl34,2025-03-01 19:44:20,2025-03-01_ID0_NoPCS_Ta22_TskControl34_WinterClothing.csv,2025-03-01_ID14_Heating pad (Koreal)_Level6_Position_Back_Ta25_TskControl34_WinterClothing.csv,-17.68,-4.260000000000005,-2.4399999999999977,-21.34,-19.5,-30.54,-30.660000000000004,-39.67999999999999,-32.96,-8.240000000000002,-5.5,-1.8799999999999955,-1.7199999999999989,-5.639999999999986,-3.440000000000012,-10.720000000000006,-8.060000000000002,-59.25999999999999,-41.78,-5.060000000000002,-6.360000000000014,-4.420000000000002,-4.719999999999999,25.3,25.1,47.05,0.18,25.27,34.9,34.0,34.0,34.0,34.0,38.519999999999996,37.220000000000006,40.86,35.339999999999996,34.0,34.0,34.0,34.0,34.0,34.0,34.0,34.0,34.0,34.0,34.0,34.0,34.0,34.0,29.78,48.56,17.880000000000003,0.24,3.5200000000000005,0.0,0.0,0.0,0.0,24.380000000000003,28.78,37.06,37.019999999999996,69.14000000000001,79.1,34.46,47.08,10.84,34.67999999999999,67.22,67.67999999999999,46.0,43.440000000000005,24.9,24.7,44.25,0.12,24.77,34.0,34.0,34.0,34.0,34.0,34.0,34.0,34.0,34.0,34.0,34.0,34.0,34.0,34.0,34.0,34.0,34.0,34.0,34.0,34.0,34.0,34.0,34.0,47.46,52.82000000000001,20.32,21.58,23.02,30.54,30.660000000000004,39.67999999999999,32.96,32.620000000000005,34.28,38.94,38.739999999999995,74.78,82.54,45.18000000000001,55.14,70.1,76.46,72.28,74.04,50.42,48.160000000000004
14,Heating pad (Koreal),Level4,,,25,TskControl34,2025-03-01 19:03:43,2025-03-01_ID0_NoPCS_Ta22_TskControl34_WinterClothing.csv,2025-03-01_ID14_Heating pad (Koreal)_Level4_Position_Back_Ta25_TskControl34_WinterClothing.csv,-15.419999999999995,-2.440000000000012,-2.240000000000002,-17.159999999999997,-15.719999999999999,-30.54,-30.660000000000004,-39.67999999999999,-32.96,-7.380000000000003,-4.860000000000003,-2.539999999999999,-1.6799999999999926,-5.1200000000000045,-1.5400000000000063,-8.780000000000008,-6.0,-44.16,-31.519999999999996,-5.359999999999999,-5.640000000000001,-4.180000000000007,-4.660000000000004,25.2,25.2,43.18,0.13,25.1,34.660000000000004,34.0,34.0,34.0,34.0,37.44,36.279999999999994,39.18,34.760000000000005,34.0,34.0,34.0,34.0,34.0,34.0,34.0,34.0,34.0,34.0,34.0,34.0,34.0,34.0,32.040000000000006,50.379999999999995,18.08,4.42,7.3,0.0,0.0,0.0,0.0,25.240000000000002,29.419999999999998,36.4,37.06,69.66,81.0,36.4,49.14,25.939999999999998,44.94,66.92,68.4,46.239999999999995,43.5,24.9,24.7,44.25,0.12,24.77,34.0,34.0,34.0,34.0,34.0,34.0,34.0,34.0,34.0,34.0,34.0,34.0,34.0,34.0,34.0,34.0,34.0,34.0,34.0,34.0,34.0,34.0,34.0,47.46,52.82000000000001,20.32,21.58,23.02,30.54,30.660000000000004,39.67999999999999,32.96,32.620000000000005,34.28,38.94,38.739999999999995,74.78,82.54,45.18000000000001,55.14,70.1,76.46,72.28,74.04,50.42,48.160000000000004
14,Heating pad,Level4,,,22,TskControl34,2025-02-25 12:19:28,2025-02-25_ID0_NoPCS_Ta22_TskControl34_WinterClothing.csv,2025-02-25_ID14_Heating pad_Level4_PositionBack_Ta22_TskControl34_WinterClothing.csv,-16.61999999999999,-0.4200000000000159,1.2200000000000024,-7.639999999999997,-6.299999999999994,-39.14,-39.98,-52.48,-37.46,-3.0600000000000023,-4.119999999999997,-0.6599999999999966,-0.9599999999999866,-1.3599999999999994,9.879999999999981,-4.999999999999993,-4.960000000000001,-52.10000000000001,-60.36000000000001,-0.5600000000000023,-2.9599999999999937,-1.3600000000000136,-0.020000000000003126,22.4,22.2,20.94,0.17,21.88,34.4,34.0,34.0,34.0,34.0,34.720000000000006,34.059999999999995,38.68000000000001,34.0,34.0,34.0,34.0,34.0,34.0,34.0,34.0,34.0,34.0,34.0,34.0,34.0,34.0,34.0,44.760000000000005,71.97999999999999,23.68,19.440000000000005,21.76,0.0,0.0,0.0,2.12,38.42,38.02,46.06,47.38000000000001,103.66000000000001,117.53999999999999,52.040000000000006,61.839999999999996,43.78,45.660000000000004,92.3,91.76,64.47999999999999,63.1,22.5,22.3,18.67,0.12,21.94,34.0,34.0,34.0,34.0,34.0,34.0,34.0,34.0,34.0,34.0,34.0,34.0,34.0,34.0,34.0,34.0,34.0,34.0,34.0,34.0,34.0,34.0,34.0,61.379999999999995,72.4,22.459999999999997,27.080000000000002,28.059999999999995,39.14,39.98,52.48,39.58,41.480000000000004,42.14,46.72,48.339999999999996,105.02000000000001,107.66000000000001,57.04,66.8,95.88000000000001,106.02000000000001,92.86,94.72,65.84,63.120000000000005
14,Heating pad,Level4,,,22,TskControl34,2025-02-25 15:19:43,2025-02-25_ID0_NoPCS_Ta22_TskControl34_WinterClothing.csv,2025-02-25_ID14_Heating pad_Level4_PositionHands_Ta22_TskControl34_WinterClothing.csv,-11.83999999999999,-4.360000000000014,2.8400000000000034,-8.540000000000003,-8.659999999999997,-9.479999999999997,-10.02,-16.059999999999995,-21.88,-3.8599999999999994,-2.3799999999999955,-11.86,-12.439999999999998,-105.02000000000001,-107.66000000000001,-6.140000000000001,-7.179999999999993,-4.140000000000001,-12.360000000000014,-1.440000000000012,-3.0200000000000102,-2.499999999999993,0.4799999999999969,22.0,22.1,18.93,0.06,21.68,34.5,34.0,34.0,34.0,34.0,34.0,34.0,34.0,34.0,34.0,34.0,34.0,34.0,44.7,43.42,34.0,34.0,34.0,34.0,34.0,34.0,34.0,34.0,49.540000000000006,68.03999999999999,25.3,18.54,19.4,29.660000000000004,29.959999999999997,36.42,17.7,37.620000000000005,39.760000000000005,34.86,35.9,0.0,0.0,50.9,59.620000000000005,91.74000000000001,93.66,91.41999999999999,91.69999999999999,63.34000000000001,63.6,22.5,22.3,18.67,0.12,21.94,34.0,34.0,34.0,34.0,34.0,34.0,34.0,34.0,34.0,34.0,34.0,34.0,34.0,34.0,34.0,34.0,34.0,34.0,34.0,34.0,34.0,34.0,34.0,61.379999999999995,72.4,22.459999999999997,27.080000000000002,28.059999999999995,39.14,39.98,52.48,39.58,41.480000000000004,42.14,46.72,48.339999999999996,105.02000000000001,107.66000000000001,57.04,66.8,95.88000000000001,106.02000000000001,92.86,94.72,65.84,63.120000000000005
14,Heating pad (Koreal),Level3,,,22,TskControl34,2025-03-01 18:41:13,2025-03-01_ID0_NoPCS_Ta22_TskControl34_WinterClothing.csv,2025-03-01_ID14_Heating pad (Koreal)_Level3_Position_Back_Ta22_TskControl34_WinterClothing.csv,-16.28,-3.140000000000015,-2.2399999999999984,-15.379999999999999,-14.079999999999998,-30.54,-30.660000000000004,-39.67999999999999,-32.96,-7.280000000000001,-5.899999999999999,-2.739999999999995,-2.9399999999999906,-6.200000000000003,-5.860000000000014,-8.320000000000007,-6.859999999999992,-49.699999999999996,-36.41999999999999,-6.280000000000001,-6.920000000000016,-4.280000000000001,-3.8200000000000074,25.3,25.3,30.23,0.09,24.65,34.6,34.0,34.0,34.0,34.0,37.14,36.1,38.760000000000005,34.4,34.0,34.0,34.0,34.0,34.0,34.0,34.0,34.0,34.0,34.0,34.0,34.0,34.0,34.0,31.18,49.67999999999999,18.080000000000002,6.2,8.940000000000001,0.0,0.0,0.0,0.0,25.340000000000003,28.380000000000003,36.2,35.800000000000004,68.58,76.67999999999999,36.86,48.28000000000001,20.4,40.040000000000006,66.0,67.11999999999999,46.14,44.339999999999996,24.9,24.7,44.25,0.12,24.77,34.0,34.0,34.0,34.0,34.0,34.0,34.0,34.0,34.0,34.0,34.0,34.0,34.0,34.0,34.0,34.0,34.0,34.0,34.0,34.0,34.0,34.0,34.0,47.46,52.82000000000001,20.32,21.58,23.02,30.54,30.660000000000004,39.67999999999999,32.96,32.620000000000005,34.28,38.94,38.739999999999995,74.78,82.54,45.18000000000001,55.14,70.1,76.46,72.28,74.04,50.42,48.160000000000004
14,Heating pad (Koreal),Level1,,,22,TskControl34,2025-03-01 17:17:48,2025-03-01_ID0_NoPCS_Ta22_TskControl34_WinterClothing.csv,2025-03-01_ID14_Heating pad (Koreal)_Level1_Position_Back_Ta22_TskControl34_WinterClothing.csv,-10.160000000000004,0.8799999999999955,-1.6600000000000037,-3.4599999999999973,-3.280000000000001,-30.54,-27.460000000000004,-39.67999999999999,-11.0,-3.320000000000004,-1.7999999999999972,-1.2999999999999972,-0.9600000000000009,-3.519999999999982,2.1999999999999886,-1.4399999999999977,2.020000000000003,-33.4,-24.340000000000003,-2.039999999999992,-2.500000000000014,-1.740000000000009,-1.2000000000000028,25.0,24.8,35.04,0.13,24.54,34.0,34.0,34.0,34.0,34.0,34.08,34.0,34.54,34.0,34.0,34.0,34.0,34.0,34.0,34.0,34.0,34.0,34.0,34.0,34.0,34.0,34.0,34.0,37.3,53.7,18.659999999999997,18.12,19.74,0.0,3.1999999999999997,0.0,21.96,29.3,32.480000000000004,37.64,37.779999999999994,71.26000000000002,84.74,43.74000000000001,57.160000000000004,36.699999999999996,52.11999999999999,70.24000000000001,71.53999999999999,48.67999999999999,46.96,24.9,24.7,44.25,0.12,24.77,34.0,34.0,34.0,34.0,34.0,34.0,34.0,34.0,34.0,34.0,34.0,34.0,34.0,34.0,34.0,34.0,34.0,34.0,34.0,34.0,34.0,34.0,34.0,47.46,52.82000000000001,20.32,21.58,23.02,30.54,30.660000000000004,39.67999999999999,32.96,32.620000000000005,34.28,38.94,38.739999999999995,74.78,82.54,45.18000000000001,55.14,70.1,76.46,72.28,74.04,50.42,48.160000000000004
15,Foot warmer (Essuntial),Level8,90.0,100.0,25,TskControl34,2025-03-03 13:53:00,2025-03-03_ID0_NoPCS_Ta25_TskControl34_WinterClothing.csv,2025-03-03_ID15_Foot warmer (Essuntial)_Level8_Angle90_Distance100_Ta25_TskControl34_WinterClothing.csv,-4.680000000000007,-2.8400000000000034,-0.09999999999999787,-2.480000000000002,-2.4000000000000004,-2.480000000000004,-2.8599999999999994,-2.9800000000000004,-5.5,-1.8200000000000003,-2.219999999999999,-0.8600000000000065,-0.38000000000000256,-1.0999999999999943,0.020000000000010232,-3.680000000000007,-4.299999999999997,-3.9799999999999898,-1.1200000000000045,-16.400000000000006,-15.620000000000005,-12.840000000000003,-10.559999999999995,25.3,25.0,46.44,0.05,25.15,34.0,34.0,34.0,34.0,34.0,34.0,34.0,34.0,34.0,34.0,34.0,34.0,34.0,34.0,34.0,34.0,34.0,34.0,34.0,34.0,34.0,34.0,34.0,38.86,49.84,19.04,14.040000000000001,15.819999999999999,21.54,21.36,28.7,16.139999999999997,27.560000000000002,29.540000000000003,36.839999999999996,36.279999999999994,68.02000000000001,81.32000000000001,37.519999999999996,52.620000000000005,60.760000000000005,70.14,52.760000000000005,55.0,34.62,35.2,25.1,25.1,48.87,0.18,25.15,34.0,34.0,34.0,34.0,34.0,34.0,34.0,34.0,34.0,34.0,34.0,34.0,34.0,34.0,34.0,34.0,34.0,34.0,34.0,34.0,34.0,34.0,34.0,43.540000000000006,52.68000000000001,19.139999999999997,16.520000000000003,18.22,24.020000000000003,24.22,31.68,21.639999999999997,29.380000000000003,31.76,37.7,36.66,69.12,81.3,41.2,56.92,64.74,71.26,69.16000000000001,70.62,47.46,45.76
15,Foot warmer (Essuntial),Level5,90.0,100.0,25,TskControl34,2025-03-03 13:24:40,2025-03-03_ID0_NoPCS_Ta25_TskControl34_WinterClothing.csv,2025-03-03_ID15_Foot warmer (Essuntial)_Level5_Angle90_Distance100_Ta25_TskControl34_WinterClothing.csv,-2.8400000000000034,-1.420000000000016,-0.899999999999995,-1.9400000000000013,-1.9799999999999969,-2.0600000000000023,-2.1000000000000014,-1.8599999999999994,-4.739999999999998,-1.7000000000000028,-1.879999999999999,-0.6400000000000077,-0.11999999999999744,-0.5200000000000102,2.4000000000000057,-2.740000000000002,-2.8999999999999986,-0.9199999999999875,1.2000000000000028,-10.100000000000009,-9.620000000000005,-6.980000000000004,-6.780000000000001,25.3,24.9,47.36,0.19,25.19,34.0,34.0,34.0,34.0,34.0,34.0,34.0,34.0,34.0,34.0,34.0,34.0,34.0,34.0,34.0,34.0,34.0,34.0,34.0,34.0,34.0,34.0,34.0,40.7,51.25999999999999,18.240000000000002,14.580000000000002,16.240000000000002,21.96,22.119999999999997,29.82,16.9,27.68,29.880000000000003,37.059999999999995,36.54,68.6,83.7,38.46,54.02,63.82000000000001,72.46000000000001,59.06,61.0,40.48,38.98,25.1,25.1,48.87,0.18,25.15,34.0,34.0,34.0,34.0,34.0,34.0,34.0,34.0,34.0,34.0,34.0,34.0,34.0,34.0,34.0,34.0,34.0,34.0,34.0,34.0,34.0,34.0,34.0,43.540000000000006,52.68000000000001,19.139999999999997,16.520000000000003,18.22,24.020000000000003,24.22,31.68,21.639999999999997,29.380000000000003,31.76,37.7,36.66,69.12,81.3,41.2,56.92,64.74,71.26,69.16000000000001,70.62,47.46,45.76
15,Foot warmer (Essuntial),Level8,,,22,TskControl34,2025-02-28 12:18:39,2025-02-28_ID0_NoPCS_Ta22_TskControl34_WinterClothing.csv,2025-02-28_ID15_Foot warmer (Essuntial)_Level8_Ta22_TskControl34_WinterClothing.csv,-18.58,-7.0,-1.1400000000000041,-13.099999999999994,-13.579999999999998,-15.099999999999994,-14.879999999999999,-23.4,-31.900000000000002,-8.899999999999991,-8.34000000000001,-4.760000000000012,-6.259999999999998,-13.559999999999988,-7.180000000000007,-16.980000000000004,-19.780000000000015,-25.659999999999997,-29.74000000000001,-32.259999999999984,-37.800000000000004,-27.419999999999987,-23.680000000000007,22.4,22.4,59.78,0.11,22.73,34.0,34.0,34.0,34.0,34.0,34.0,34.0,34.0,34.0,34.0,34.0,34.0,34.0,34.0,34.0,34.0,34.0,34.0,34.0,34.0,34.0,34.0,34.0,47.760000000000005,64.72,24.52,19.240000000000002,20.46,30.72,30.320000000000004,38.6,21.459999999999997,36.32,37.48,47.18,44.18,92.16,102.32,47.08,54.11999999999999,76.0,83.16,62.660000000000004,57.52,44.7,40.279999999999994,22.2,22.4,53.45,0.09,22.47,34.0,34.0,34.0,34.0,34.0,34.0,34.0,34.0,34.0,34.0,34.0,34.0,34.0,34.0,34.0,34.0,34.0,34.0,34.0,34.0,34.0,34.0,34.0,66.34,71.72,25.660000000000004,32.339999999999996,34.04,45.81999999999999,45.2,62.0,53.36,45.21999999999999,45.82000000000001,51.94000000000001,50.44,105.71999999999998,109.5,64.06,73.9,101.66,112.9,94.91999999999999,95.32000000000001,72.11999999999999,63.96
15,Foot warmer (foldable),Level1,,,25,TskControl34,2025-02-10 12:42:59,2025-02-10_ID0_NoPCS_Ta25_TskControl34.csv,2025-02-10_ID15_Foot warmer (foldable)_Level1_Ta25_TskControl34.csv,1.720000000000006,1.8800000000000026,1.0399999999999991,1.6599999999999966,-0.4199999999999946,3.819999999999993,0.13999999999999346,1.1399999999999935,1.740000000000002,2.3200000000000003,0.8799999999999955,6.579999999999998,1.3400000000000176,12.779999999999987,9.200000000000017,-0.1600000000000037,0.8799999999999955,1.1199999999999903,2.5,1.8000000000000114,-0.9599999999999937,0.240000000000002,-0.8599999999999994,24.9,25.0,68.05,0.07,25.93,34.0,34.0,34.0,34.0,34.0,34.0,34.0,34.0,34.0,34.0,34.0,34.0,34.0,34.0,34.0,34.0,34.0,34.0,34.0,34.0,34.0,34.0,34.0,57.339999999999996,52.02,18.86,30.259999999999998,32.160000000000004,40.739999999999995,40.48,58.4,35.32,52.02,55.9,69.7,77.34,106.85999999999999,91.24000000000001,60.839999999999996,66.94,75.08,77.58,71.84,71.0,49.92,47.7,25.1,25.1,69.38,0.17,26.15,34.0,34.0,34.0,34.0,34.0,34.0,34.0,34.0,34.0,34.0,34.0,34.0,34.0,34.0,34.0,34.0,34.0,34.0,34.0,34.0,34.0,34.0,34.0,55.61999999999999,50.14,17.82,28.6,32.58,36.92,40.34,57.260000000000005,33.58,49.7,55.02,63.120000000000005,75.99999999999999,94.08,82.03999999999999,61.0,66.06,73.96000000000001,75.08,70.03999999999999,71.96,49.68,48.56
15,Foot warmer (Essuntial),Level4,90.0,100.0,25,TskControl34,2025-03-03 12:47:15,2025-03-03_ID0_NoPCS_Ta25_TskControl34_WinterClothing.csv,2025-03-03_ID15_Foot warmer (Essuntial)_Level4_Angle90_Distance100_Ta25_TskControl34_WinterClothing.csv,-2.240000000000009,-0.6400000000000077,0.860000000000003,-1.5000000000000018,-1.3599999999999959,-1.600000000000005,-1.5199999999999996,-0.7600000000000016,-3.5,-0.9600000000000044,-1.0999999999999979,-0.2600000000000051,0.3200000000000074,-1.3200000000000074,2.4000000000000057,-1.1000000000000014,-4.0,-5.3799999999999955,0.18000000000000682,-7.660000000000011,-7.000000000000014,-4.299999999999997,-4.140000000000001,25.2,25.0,47.96,0.16,25.21,34.0,34.0,34.0,34.0,34.0,34.0,34.0,34.0,34.0,34.0,34.0,34.0,34.0,34.0,34.0,34.0,34.0,34.0,34.0,34.0,34.0,34.0,34.0,41.3,52.04,20.0,15.020000000000001,16.860000000000003,22.419999999999998,22.7,30.919999999999998,18.139999999999997,28.419999999999998,30.660000000000004,37.44,36.980000000000004,67.8,83.7,40.1,52.92,59.36,71.44000000000001,61.5,63.61999999999999,43.160000000000004,41.62,25.1,25.1,48.87,0.18,25.15,34.0,34.0,34.0,34.0,34.0,34.0,34.0,34.0,34.0,34.0,34.0,34.0,34.0,34.0,34.0,34.0,34.0,34.0,34.0,34.0,34.0,34.0,34.0,43.540000000000006,52.68000000000001,19.139999999999997,16.520000000000003,18.22,24.020000000000003,24.22,31.68,21.639999999999997,29.380000000000003,31.76,37.7,36.66,69.12,81.3,41.2,56.92,64.74,71.26,69.16000000000001,70.62,47.46,45.76
15,Foot warmer (Essuntial),Level1,90.0,100.0,25,TskControl34,2025-03-03 12:35:50,2025-03-03_ID0_NoPCS_Ta25_TskControl34_WinterClothing.csv,2025-03-03_ID15_Foot warmer (Essuntial)_Level1_Angle90_Distance100_Ta25_TskControl34_WinterClothing.csv,-1.2800000000000011,-0.46000000000001506,0.360000000000003,-0.8800000000000026,-0.759999999999998,-0.7999999999999972,-0.6600000000000001,-0.5999999999999979,-1.9799999999999933,-1.1000000000000014,-0.6400000000000041,-0.5600000000000023,-1.7399999999999949,1.3399999999999892,0.960000000000008,-3.200000000000003,-3.1400000000000077,-1.1599999999999966,0.29999999999998295,-3.5600000000000165,-3.6200000000000045,-1.6600000000000037,-1.2000000000000028,25.1,25.1,47.93,0.13,25.19,34.0,34.0,34.0,34.0,34.0,34.0,34.0,34.0,34.0,34.0,34.0,34.0,34.0,34.0,34.0,34.0,34.0,34.0,34.0,34.0,34.0,34.0,34.0,42.260000000000005,52.21999999999999,19.5,15.64,17.46,23.220000000000006,23.56,31.080000000000002,19.660000000000004,28.28,31.119999999999997,37.14,34.92,70.46,82.26,38.0,53.779999999999994,63.58,71.55999999999999,65.6,67.0,45.8,44.559999999999995,25.1,25.1,48.87,0.18,25.15,34.0,34.0,34.0,34.0,34.0,34.0,34.0,34.0,34.0,34.0,34.0,34.0,34.0,34.0,34.0,34.0,34.0,34.0,34.0,34.0,34.0,34.0,34.0,43.540000000000006,52.68000000000001,19.139999999999997,16.520000000000003,18.22,24.020000000000003,24.22,31.68,21.639999999999997,29.380000000000003,31.76,37.7,36.66,69.12,81.3,41.2,56.92,64.74,71.26,69.16000000000001,70.62,47.46,45.76
15,Foot warmer (Essuntial),Level5,,,22,TskControl34,2025-02-28 11:50:09,2025-02-28_ID0_NoPCS_Ta22_TskControl34_WinterClothing.csv,2025-02-28_ID15_Foot warmer (Essuntial)_Level5_Ta22_TskControl34_WinterClothing.csv,-14.219999999999999,-5.340000000000003,-1.000000000000007,-10.759999999999998,-12.299999999999997,-14.04,-13.600000000000001,-22.58,-28.5,-6.29999999999999,-7.400000000000006,-3.1000000000000156,-5.059999999999995,-8.780000000000001,-3.559999999999988,-13.619999999999997,-15.920000000000002,-24.439999999999998,-23.940000000000012,-21.560000000000002,-17.179999999999993,-19.599999999999994,-12.420000000000002,22.2,22.4,58.2,0.16,22.58,34.0,34.0,34.0,34.0,34.0,34.0,34.0,34.0,34.0,34.0,34.0,34.0,34.0,34.0,34.0,34.0,34.0,34.0,34.0,34.0,34.0,34.0,34.0,52.120000000000005,66.38,24.659999999999997,21.58,21.740000000000002,31.779999999999994,31.6,39.42,24.86,38.92,38.42,48.839999999999996,45.38,96.93999999999998,105.94000000000001,50.440000000000005,57.980000000000004,77.22,88.96,73.35999999999999,78.14000000000001,52.519999999999996,51.54,22.2,22.4,53.45,0.09,22.47,34.0,34.0,34.0,34.0,34.0,34.0,34.0,34.0,34.0,34.0,34.0,34.0,34.0,34.0,34.0,34.0,34.0,34.0,34.0,34.0,34.0,34.0,34.0,66.34,71.72,25.660000000000004,32.339999999999996,34.04,45.81999999999999,45.2,62.0,53.36,45.21999999999999,45.82000000000001,51.94000000000001,50.44,105.71999999999998,109.5,64.06,73.9,101.66,112.9,94.91999999999999,95.32000000000001,72.11999999999999,63.96
15,Foot warmer (Essuntial),Level1,,,22,TskControl34,2025-02-28 11:04:29,2025-02-28_ID0_NoPCS_Ta22_TskControl34_WinterClothing.csv,2025-02-28_ID15_Foot warmer (Essuntial)_Level1_Ta22_TskControl34_WinterClothing.csv,-9.040000000000006,-4.819999999999993,-1.2600000000000051,-7.599999999999994,-9.920000000000002,-10.479999999999997,-10.160000000000004,-16.36,-19.72,-4.339999999999982,-4.340000000000003,-1.8400000000000105,-2.0799999999999983,-6.619999999999976,-2.9399999999999835,-7.960000000000001,-9.54000000000002,-13.980000000000004,-16.900000000000006,-9.719999999999985,-8.739999999999995,-10.920000000000002,-6.079999999999991,22.2,22.5,58.2,0.08,22.67,34.0,34.0,34.0,34.0,34.0,34.0,34.0,34.0,34.0,34.0,34.0,34.0,34.0,34.0,34.0,34.0,34.0,34.0,34.0,34.0,34.0,34.0,34.0,57.3,66.9,24.4,24.740000000000002,24.119999999999997,35.339999999999996,35.04,45.64,33.64,40.88000000000001,41.480000000000004,50.1,48.36,99.10000000000001,106.56000000000002,56.1,64.35999999999999,87.67999999999999,96.0,85.2,86.58000000000001,61.19999999999999,57.88000000000001,22.2,22.4,53.45,0.09,22.47,34.0,34.0,34.0,34.0,34.0,34.0,34.0,34.0,34.0,34.0,34.0,34.0,34.0,34.0,34.0,34.0,34.0,34.0,34.0,34.0,34.0,34.0,34.0,66.34,71.72,25.660000000000004,32.339999999999996,34.04,45.81999999999999,45.2,62.0,53.36,45.21999999999999,45.82000000000001,51.94000000000001,50.44,105.71999999999998,109.5,64.06,73.9,101.66,112.9,94.91999999999999,95.32000000000001,72.11999999999999,63.96
15,Foot warmer (Essuntial),Level4,,,22,TskControl34,2025-02-28 11:30:34,2025-02-28_ID0_NoPCS_Ta22_TskControl34_WinterClothing.csv,2025-02-28_ID15_Foot warmer (Essuntial)_Level4_Ta22_TskControl34_WinterClothing.csv,-12.399999999999991,-5.0,-0.6600000000000072,-9.959999999999997,-10.7,-12.479999999999997,-12.5,-20.439999999999998,-25.400000000000002,-5.999999999999993,-5.740000000000009,-2.3400000000000105,-3.299999999999997,-8.719999999999985,-3.0,-11.799999999999997,-13.18,-20.079999999999984,-22.5,-18.579999999999984,-13.88000000000001,-17.339999999999996,-10.419999999999995,22.3,22.5,55.62,0.11,22.62,34.0,34.0,34.0,34.0,34.0,34.0,34.0,34.0,34.0,34.0,34.0,34.0,34.0,34.0,34.0,34.0,34.0,34.0,34.0,34.0,34.0,34.0,34.0,53.94000000000001,66.72,24.999999999999996,22.38,23.34,33.339999999999996,32.7,41.56,27.959999999999997,39.22,40.08,49.6,47.14,97.0,106.5,52.260000000000005,60.720000000000006,81.58000000000001,90.4,76.34,81.44,54.779999999999994,53.540000000000006,22.2,22.4,53.45,0.09,22.47,34.0,34.0,34.0,34.0,34.0,34.0,34.0,34.0,34.0,34.0,34.0,34.0,34.0,34.0,34.0,34.0,34.0,34.0,34.0,34.0,34.0,34.0,34.0,66.34,71.72,25.660000000000004,32.339999999999996,34.04,45.81999999999999,45.2,62.0,53.36,45.21999999999999,45.82000000000001,51.94000000000001,50.44,105.71999999999998,109.5,64.06,73.9,101.66,112.9,94.91999999999999,95.32000000000001,72.11999999999999,63.96
16,Halogen heater (Goldair),Low,90.0,100.0,22,TskControl34,2025-02-28 13:57:29,2025-02-28_ID0_NoPCS_Ta22_TskControl34_WinterClothing.csv,2025-02-28_ID16_Halogen heater (Goldair)_Low_Angle90_Distance100_Ta22_TskControl34_WinterClothing.csv,-19.22,-6.980000000000004,-1.1400000000000041,-13.559999999999995,-14.32,-17.55999999999999,-15.560000000000006,-24.96,-37.3,-8.779999999999987,-8.780000000000001,-3.660000000000018,-5.359999999999999,-11.939999999999984,-6.700000000000003,-16.660000000000004,-19.08,-20.980000000000004,-23.459999999999994,-42.819999999999986,-38.82000000000001,-33.599999999999994,-24.560000000000002,22.4,22.6,61.34,0.13,22.87,34.0,34.0,34.0,34.0,34.0,34.0,34.0,34.0,34.0,34.0,34.0,34.0,34.0,34.0,34.0,34.0,34.0,34.0,34.0,34.0,34.0,34.0,34.0,47.120000000000005,64.74,24.52,18.78,19.72,28.26,29.639999999999997,37.04,16.06,36.440000000000005,37.040000000000006,48.279999999999994,45.08,93.78,102.8,47.4,54.82000000000001,80.67999999999999,89.44000000000001,52.1,56.5,38.519999999999996,39.4,22.2,22.4,53.45,0.09,22.47,34.0,34.0,34.0,34.0,34.0,34.0,34.0,34.0,34.0,34.0,34.0,34.0,34.0,34.0,34.0,34.0,34.0,34.0,34.0,34.0,34.0,34.0,34.0,66.34,71.72,25.660000000000004,32.339999999999996,34.04,45.81999999999999,45.2,62.0,53.36,45.21999999999999,45.82000000000001,51.94000000000001,50.44,105.71999999999998,109.5,64.06,73.9,101.66,112.9,94.91999999999999,95.32000000000001,72.11999999999999,63.96
16,Foot warmer (halogen heater),Low,,,25,TskControl34,2025-02-10 13:22:59,2025-02-10_ID0_NoPCS_Ta25_TskControl34.csv,2025-02-10_ID16_Foot warmer (halogen heater)_Low_Ta25_TskControl34.csv,-8.359999999999985,1.0200000000000031,0.1999999999999993,-0.03999999999999915,-2.6799999999999997,2.719999999999999,-2.039999999999999,-1.1199999999999974,-4.539999999999999,1.0799999999999983,-2.8000000000000114,4.4199999999999875,-3.1599999999999824,9.5,2.7800000000000153,-4.899999999999999,-11.939999999999998,-10.860000000000007,-8.519999999999982,-36.239999999999995,-39.959999999999994,-23.44,-25.000000000000004,25.0,25.2,67.23,0.08,26.0,34.0,34.0,34.0,34.0,34.0,34.0,34.0,34.0,34.0,34.0,34.0,34.0,34.0,34.0,34.0,34.0,34.0,34.0,34.0,34.0,34.0,34.0,34.0,47.260000000000005,51.160000000000004,18.02,28.560000000000002,29.9,39.64,38.300000000000004,56.14000000000001,29.04,50.78,52.21999999999999,67.53999999999999,72.84,103.58,84.82000000000001,56.1,54.120000000000005,63.1,66.56000000000002,33.8,32.0,26.24,23.56,25.1,25.1,69.38,0.17,26.15,34.0,34.0,34.0,34.0,34.0,34.0,34.0,34.0,34.0,34.0,34.0,34.0,34.0,34.0,34.0,34.0,34.0,34.0,34.0,34.0,34.0,34.0,34.0,55.61999999999999,50.14,17.82,28.6,32.58,36.92,40.34,57.260000000000005,33.58,49.7,55.02,63.120000000000005,75.99999999999999,94.08,82.03999999999999,61.0,66.06,73.96000000000001,75.08,70.03999999999999,71.96,49.68,48.56
16,Halogen heater (Goldair),High,90.0,100.0,22,TskControl34,2025-02-28 14:18:24,2025-02-28_ID0_NoPCS_Ta22_TskControl34_WinterClothing.csv,2025-02-28_ID16_Halogen heater (Goldair)_High_Angle90_Distance100_Ta22_TskControl34_WinterClothing.csv,-27.220000000000006,-6.260000000000005,-2.860000000000003,-14.939999999999998,-14.959999999999997,-17.619999999999994,-15.96,-26.08,-41.04,-11.999999999999986,-7.820000000000007,-6.540000000000013,-5.619999999999997,-12.659999999999968,0.44000000000001194,-24.28000000000001,-19.60000000000001,-30.039999999999992,-36.24000000000001,-82.32,-77.20000000000002,-50.579999999999984,-39.260000000000005,22.7,22.7,61.02,0.05,23.09,34.0,34.0,34.019999999999996,34.0,34.0,34.0,34.0,34.0,34.0,34.0,34.0,34.0,34.0,34.0,34.0,34.0,34.0,34.0,34.0,34.0,34.0,34.0,34.0,39.12,65.46,22.8,17.4,19.080000000000002,28.2,29.240000000000002,35.92,12.319999999999999,33.220000000000006,38.0,45.4,44.82,93.06000000000002,109.94000000000001,39.779999999999994,54.3,71.62,76.66,12.6,18.119999999999997,21.540000000000003,24.7,22.2,22.4,53.45,0.09,22.47,34.0,34.0,34.0,34.0,34.0,34.0,34.0,34.0,34.0,34.0,34.0,34.0,34.0,34.0,34.0,34.0,34.0,34.0,34.0,34.0,34.0,34.0,34.0,66.34,71.72,25.660000000000004,32.339999999999996,34.04,45.81999999999999,45.2,62.0,53.36,45.21999999999999,45.82000000000001,51.94000000000001,50.44,105.71999999999998,109.5,64.06,73.9,101.66,112.9,94.91999999999999,95.32000000000001,72.11999999999999,63.96
16,Halogen heater (Goldair),Low,90.0,100.0,25,TskControl34,2025-03-03 14:19:10,2025-03-03_ID0_NoPCS_Ta25_TskControl34_WinterClothing.csv,2025-03-03_ID16_Halogen heater (Goldair)_Low_Angle90_Distance100_Ta25_TskControl34_WinterClothing.csv,-8.780000000000001,-2.6600000000000037,-0.17999999999999616,-2.560000000000004,-3.179999999999998,-2.9000000000000057,-3.9399999999999977,-3.8999999999999986,-8.399999999999997,-2.1400000000000006,-2.240000000000002,-0.9799999999999969,-2.299999999999997,3.8800000000000097,-2.4200000000000017,-11.560000000000006,-8.899999999999999,-8.179999999999993,-3.799999999999997,-32.96000000000001,-33.28,-20.840000000000003,-20.36,25.4,25.1,46.17,0.07,25.24,34.0,34.0,34.0,34.0,34.0,34.0,34.0,34.0,34.0,34.0,34.0,34.0,34.0,34.0,34.0,34.019999999999996,34.0,34.0,34.0,34.0,34.0,34.0,34.0,34.760000000000005,50.02,18.96,13.959999999999999,15.040000000000001,21.119999999999997,20.28,27.78,13.24,27.240000000000002,29.52,36.720000000000006,34.36,73.00000000000001,78.88,29.639999999999997,48.02,56.56,67.46000000000001,36.2,37.34,26.619999999999997,25.4,25.1,25.1,48.87,0.18,25.15,34.0,34.0,34.0,34.0,34.0,34.0,34.0,34.0,34.0,34.0,34.0,34.0,34.0,34.0,34.0,34.0,34.0,34.0,34.0,34.0,34.0,34.0,34.0,43.540000000000006,52.68000000000001,19.139999999999997,16.520000000000003,18.22,24.020000000000003,24.22,31.68,21.639999999999997,29.380000000000003,31.76,37.7,36.66,69.12,81.3,41.2,56.92,64.74,71.26,69.16000000000001,70.62,47.46,45.76
16,Foot warmer (halogen heater),High,,,25,TskControl34,2025-02-10 13:42:59,2025-02-10_ID0_NoPCS_Ta25_TskControl34.csv,2025-02-10_ID16_Foot warmer (halogen heater)_High_Ta25_TskControl34.csv,-17.059999999999988,-1.2199999999999989,0.28000000000000114,-2.200000000000003,-4.099999999999998,-0.12000000000000455,-4.420000000000002,-4.560000000000002,-8.519999999999996,-1.8800000000000026,-6.180000000000007,-0.8200000000000074,-3.6999999999999886,-2.5999999999999943,2.8999999999999915,-12.100000000000001,-19.46,-19.92000000000001,-18.160000000000004,-70.03999999999999,-71.96,-39.72,-41.56,25.3,25.3,65.63,0.1,26.17,34.1,34.0,34.0,34.0,34.0,34.0,34.0,34.0,34.0,34.0,34.0,34.0,34.0,34.0,34.0,34.0,34.0,34.0,34.0,34.42,34.7,34.0,34.0,38.56,48.92,18.1,26.4,28.48,36.8,35.92,52.7,25.060000000000002,47.82,48.839999999999996,62.3,72.3,91.48,84.93999999999998,48.9,46.6,54.04,56.919999999999995,0.0,0.0,9.96,7.0,25.1,25.1,69.38,0.17,26.15,34.0,34.0,34.0,34.0,34.0,34.0,34.0,34.0,34.0,34.0,34.0,34.0,34.0,34.0,34.0,34.0,34.0,34.0,34.0,34.0,34.0,34.0,34.0,55.61999999999999,50.14,17.82,28.6,32.58,36.92,40.34,57.260000000000005,33.58,49.7,55.02,63.120000000000005,75.99999999999999,94.08,82.03999999999999,61.0,66.06,73.96000000000001,75.08,70.03999999999999,71.96,49.68,48.56
16,Halogen heater (Goldair),High,90.0,100.0,25,TskControl34,2025-03-03 14:42:50,2025-03-03_ID0_NoPCS_Ta25_TskControl34_WinterClothing.csv,2025-03-03_ID16_Halogen heater (Goldair)_High_Angle90_Distance100_Ta25_TskControl34_WinterClothing.csv,-15.880000000000003,-4.3600000000000065,-0.49999999999999645,-3.4400000000000013,-3.3199999999999985,-3.520000000000003,-3.8799999999999955,-4.940000000000001,-10.959999999999996,-2.9600000000000044,-4.300000000000001,-1.8799999999999955,-2.539999999999992,0.20000000000000284,0.7999999999999972,-10.200000000000003,-15.599999999999994,-16.04,-10.860000000000007,-69.16000000000001,-70.62,-34.519999999999996,-33.72,25.5,25.2,45.0,0.0,25.29,34.0,34.0,34.0,34.0,34.0,34.0,34.0,34.0,34.0,34.0,34.0,34.0,34.0,34.0,34.0,34.0,34.0,34.0,34.0,34.160000000000004,34.120000000000005,34.0,34.0,27.660000000000004,48.32,18.64,13.080000000000002,14.9,20.5,20.340000000000003,26.74,10.680000000000001,26.419999999999998,27.46,35.82000000000001,34.120000000000005,69.32000000000001,82.1,31.0,41.32000000000001,48.699999999999996,60.4,0.0,0.0,12.940000000000001,12.040000000000001,25.1,25.1,48.87,0.18,25.15,34.0,34.0,34.0,34.0,34.0,34.0,34.0,34.0,34.0,34.0,34.0,34.0,34.0,34.0,34.0,34.0,34.0,34.0,34.0,34.0,34.0,34.0,34.0,43.540000000000006,52.68000000000001,19.139999999999997,16.520000000000003,18.22,24.020000000000003,24.22,31.68,21.639999999999997,29.380000000000003,31.76,37.7,36.66,69.12,81.3,41.2,56.92,64.74,71.26,69.16000000000001,70.62,47.46,45.76
17,Foot warmer (Hodeamy),Level4,,,22,TskControl34,2025-02-27 17:52:38,2025-02-27_ID0_NoPCS_Ta22_TskControl34_WinterClothingWithoutShoes.csv,2025-02-27_ID17_Foot warmer (Hodeamy)_Level4_Ta22_TskControl34_WinterClothingWithoutShoes.csv,-3.039999999999985,-0.7800000000000011,-0.21999999999999886,-1.0800000000000018,-1.2399999999999984,-0.3000000000000007,-0.08000000000000185,-1.5799999999999983,-2.979999999999997,-0.29999999999999716,-0.539999999999992,-0.3999999999999915,0.6399999999999935,-1.6600000000000108,-0.7199999999999847,-2.760000000000005,0.12000000000000455,-3.4399999999999977,-4.040000000000006,-5.060000000000002,-5.179999999999993,-27.880000000000003,-17.66,21.9,22.1,22.5,0.16,21.73,34.0,34.0,34.0,34.0,34.0,34.0,34.0,34.0,34.0,34.0,34.0,34.0,34.0,34.0,34.0,34.0,34.0,34.0,34.0,34.0,34.0,34.0,34.0,52.68000000000001,66.56,25.32,19.38,20.1,30.920000000000005,30.619999999999997,37.42,18.660000000000004,38.5,38.760000000000005,50.36,48.64,99.47999999999999,125.24000000000001,51.36,63.98,89.78,94.72,86.29999999999998,86.42,11.24,16.2,22.1,21.9,19.13,0.11,21.61,34.0,34.0,34.0,34.0,34.0,34.0,34.0,34.0,34.0,34.0,34.0,34.0,34.0,34.0,34.0,34.0,34.0,34.0,34.0,34.0,34.0,34.0,34.0,55.71999999999999,67.34,25.54,20.46,21.34,31.220000000000006,30.7,39.0,21.64,38.8,39.3,50.75999999999999,48.00000000000001,101.14,125.96,54.120000000000005,63.85999999999999,93.22,98.76,91.35999999999999,91.6,39.120000000000005,33.86
17,Foot warmer (lomitech),Low,,,25,TskControl34,2025-03-04 13:02:31,2025-03-04_ID0_NoPCS_Ta25_TskControl34_WinterClothingWithoutShoes.csv,2025-03-04_ID17_Foot warmer (lomitech)_Low_Ta25_TskControl34_WinterClothingWithoutShoes.csv,-11.659999999999997,-3.240000000000002,-0.21999999999999886,-8.299999999999999,-8.52,-7.920000000000005,-9.32,-13.399999999999999,-19.599999999999994,-4.9999999999999964,-5.059999999999999,-1.6799999999999926,-2.5,-4.359999999999999,-4.300000000000026,-5.339999999999996,-8.399999999999999,-8.019999999999982,-4.160000000000011,-13.019999999999996,-12.52000000000001,-73.4,-70.44000000000001,25.2,24.9,53.88,0.0,25.29,34.6,34.0,34.0,34.0,34.0,34.0,34.0,34.0,34.0,34.0,34.0,34.0,34.0,34.0,34.0,34.0,34.0,34.0,34.0,34.0,34.0,45.18000000000001,43.86,38.940000000000005,50.92,18.9,15.180000000000001,16.66,23.859999999999996,22.48,29.04,17.880000000000003,29.179999999999996,31.359999999999996,37.900000000000006,37.16,70.22,77.46,42.7,54.48,65.56000000000002,75.92,59.3,59.61999999999999,0.0,0.0,25.1,25.0,63.95,0.05,25.76,34.0,34.0,34.0,34.0,34.0,34.0,34.0,34.0,34.0,34.0,34.0,34.0,34.0,34.0,34.0,34.0,34.0,34.0,34.0,34.0,34.0,34.0,34.0,50.6,54.160000000000004,19.119999999999997,23.48,25.18,31.78,31.8,42.44,37.48,34.17999999999999,36.419999999999995,39.58,39.66,74.58,81.76000000000002,48.04,62.879999999999995,73.58,80.08000000000001,72.32,72.14,73.4,70.44000000000001
17,Foot warmer (lomitech),High,,,22,TskControl34,2025-02-27 16:42:00,2025-02-27_ID0_NoPCS_Ta22_TskControl34_WinterClothingWithoutShoes.csv,2025-02-27_ID17_Foot warmer (lomitech)_High_Ta22_TskControl34_WinterClothingWithoutShoes.csv,-3.8399999999999963,1.1399999999999864,0.35999999999999943,-0.28000000000000114,-0.019999999999999574,-1.080000000000009,-1.1999999999999993,0.35999999999999943,-1.2799999999999976,-1.519999999999996,0.6800000000000068,-0.11999999999999034,1.039999999999992,-0.3999999999999915,-7.900000000000006,-0.22000000000000597,0.28000000000000824,-1.3400000000000034,-1.8200000000000074,-8.920000000000002,-9.439999999999998,-39.120000000000005,-33.86,21.9,22.0,20.88,0.05,21.63,34.8,34.0,34.0,34.0,34.0,34.0,34.0,34.0,34.0,34.0,34.0,34.0,34.0,34.0,34.0,34.0,34.0,34.0,34.0,34.0,34.0,45.08,48.0,51.879999999999995,68.47999999999999,25.9,20.18,21.32,30.139999999999997,29.5,39.36,20.360000000000003,37.28,39.980000000000004,50.64,49.04,100.74000000000001,118.05999999999999,53.9,64.14,91.88,96.94,82.43999999999998,82.16,0.0,0.0,22.1,21.9,19.13,0.11,21.61,34.0,34.0,34.0,34.0,34.0,34.0,34.0,34.0,34.0,34.0,34.0,34.0,34.0,34.0,34.0,34.0,34.0,34.0,34.0,34.0,34.0,34.0,34.0,55.71999999999999,67.34,25.54,20.46,21.34,31.220000000000006,30.7,39.0,21.64,38.8,39.3,50.75999999999999,48.00000000000001,101.14,125.96,54.120000000000005,63.85999999999999,93.22,98.76,91.35999999999999,91.6,39.120000000000005,33.86
17,Foot warmer (Hodeamy),Level1,,,22,TskControl34,2025-02-27 17:31:28,2025-02-27_ID0_NoPCS_Ta22_TskControl34_WinterClothingWithoutShoes.csv,2025-02-27_ID17_Foot warmer (Hodeamy)_Level1_Ta22_TskControl34_WinterClothingWithoutShoes.csv,1.5200000000000173,0.12000000000000455,0.6600000000000001,-1.1400000000000006,-1.3000000000000007,-0.7000000000000064,-0.21999999999999886,-1.6799999999999926,-1.5599999999999987,-0.23999999999999488,0.9000000000000057,0.22000000000000597,1.039999999999992,-2.6400000000000006,-1.740000000000009,-0.6200000000000045,-0.09999999999998721,-4.779999999999987,-4.200000000000017,-4.119999999999976,-3.1199999999999903,44.8,46.900000000000006,21.8,22.1,21.54,0.12,21.63,34.0,34.0,34.0,34.0,34.0,34.0,34.0,34.0,34.0,34.0,34.0,34.0,34.0,34.0,34.0,34.0,34.0,34.0,34.0,34.0,34.0,34.0,34.0,57.24000000000001,67.46000000000001,26.2,19.32,20.04,30.52,30.48,37.32000000000001,20.080000000000002,38.56,40.2,50.98,49.04,98.5,124.21999999999998,53.5,63.760000000000005,88.44000000000001,94.55999999999999,87.24000000000001,88.48,83.92,80.76,22.1,21.9,19.13,0.11,21.61,34.0,34.0,34.0,34.0,34.0,34.0,34.0,34.0,34.0,34.0,34.0,34.0,34.0,34.0,34.0,34.0,34.0,34.0,34.0,34.0,34.0,34.0,34.0,55.71999999999999,67.34,25.54,20.46,21.34,31.220000000000006,30.7,39.0,21.64,38.8,39.3,50.75999999999999,48.00000000000001,101.14,125.96,54.120000000000005,63.85999999999999,93.22,98.76,91.35999999999999,91.6,39.120000000000005,33.86
17,Foot warmer (lomitech),Mid,,,22,TskControl34,2025-02-26 16:19:50,2025-02-26_ID0_NoPCS_Ta22_TskControl34_WinterClothingWithoutShoes.csv,2025-02-26_ID17_Foot warmer (lomitech)_Mid_Ta22_TskControl34_WinterClothingWithoutShoes.csv,3.3000000000000043,9.620000000000005,1.1599999999999966,1.2600000000000016,1.2600000000000016,1.7199999999999989,2.0,-0.1599999999999966,-1.4400000000000013,3.8799999999999955,3.6399999999999935,3.8399999999999963,4.059999999999995,11.019999999999982,24.40000000000002,3.780000000000001,5.060000000000002,13.980000000000004,9.379999999999995,10.940000000000012,12.11999999999999,-35.42,-31.28,22.0,21.8,19.74,0.1,21.53,34.279999999999994,34.0,34.0,34.0,34.0,34.0,34.0,34.0,34.0,34.0,34.0,34.0,34.0,34.0,34.0,34.0,34.0,34.0,34.0,34.0,34.0,38.1,39.3,52.42,67.98,25.659999999999997,19.68,20.94,30.5,29.76,38.160000000000004,19.9,37.9,39.32,50.4,48.61999999999999,96.53999999999999,120.14000000000001,54.2,63.92,92.4,94.82000000000001,89.2,89.19999999999999,0.0,0.0,22.0,22.0,18.61,0.06,21.6,34.0,34.0,34.0,34.0,34.0,34.0,34.0,34.0,34.0,34.0,34.0,34.0,34.0,34.0,34.0,34.0,34.0,34.0,34.0,34.0,34.0,34.0,34.0,49.12,58.36,24.5,18.419999999999998,19.68,28.78,27.76,38.32,21.34,34.02,35.68000000000001,46.56,44.559999999999995,85.52000000000001,95.74,50.42,58.86,78.42,85.44000000000001,78.25999999999999,77.08,35.42,31.28
17,Foot warmer (lomitech),Mid,,,22,TskControl34,2025-02-27 15:05:00,2025-02-27_ID0_NoPCS_Ta22_TskControl34_WinterClothingWithoutShoes.csv,2025-02-27_ID17_Foot warmer (lomitech)_Mid_Ta22_TskControl34_WinterClothingWithoutShoes.csv,-3.4399999999999835,1.1599999999999966,0.0400000000000027,-0.5,-0.16000000000000014,-0.9200000000000053,-0.039999999999995595,-0.759999999999998,-1.9400000000000013,-1.0399999999999991,0.46000000000000085,-0.2799999999999869,0.779999999999994,-1.4399999999999977,-3.980000000000004,0.0,0.8600000000000065,-2.4000000000000057,-1.2800000000000011,-4.639999999999986,-7.47999999999999,-39.120000000000005,-33.86,22.0,22.0,18.61,0.17,21.68,34.6,34.0,34.0,34.0,34.0,34.0,34.0,34.0,34.0,34.0,34.0,34.0,34.0,34.0,34.0,34.0,34.0,34.0,34.0,34.0,34.0,41.96,46.32000000000001,52.28000000000001,68.5,25.580000000000002,19.96,21.18,30.3,30.660000000000004,38.24,19.7,37.76,39.76,50.480000000000004,48.78,99.7,121.97999999999999,54.120000000000005,64.72,90.82,97.48,86.72,84.12,0.0,0.0,22.1,21.9,19.13,0.11,21.61,34.0,34.0,34.0,34.0,34.0,34.0,34.0,34.0,34.0,34.0,34.0,34.0,34.0,34.0,34.0,34.0,34.0,34.0,34.0,34.0,34.0,34.0,34.0,55.71999999999999,67.34,25.54,20.46,21.34,31.220000000000006,30.7,39.0,21.64,38.8,39.3,50.75999999999999,48.00000000000001,101.14,125.96,54.120000000000005,63.85999999999999,93.22,98.76,91.35999999999999,91.6,39.120000000000005,33.86
17,Foot warmer (lomitech),Low,,,22,TskControl34,2025-02-26 13:58:00,2025-02-26_ID0_NoPCS_Ta22_TskControl34_WinterClothingWithoutShoes.csv,2025-02-26_ID17_Foot warmer (lomitech)_Low_Ta22_TskControl34_WinterClothingWithoutShoes.csv,3.780000000000001,8.199999999999989,1.7600000000000016,1.4600000000000044,1.1400000000000006,1.9399999999999977,2.039999999999999,0.12000000000000455,-0.5,3.4199999999999946,3.599999999999987,4.100000000000001,5.020000000000003,12.699999999999989,28.260000000000005,3.0799999999999983,5.199999999999989,13.86,11.73999999999998,12.320000000000022,13.060000000000016,-35.42,-31.28,22.0,22.0,55.91,0.15,22.22,34.3,34.0,34.0,34.0,34.0,34.0,34.0,34.0,34.0,34.0,34.0,34.0,34.0,34.0,34.0,34.0,34.0,34.0,34.0,34.0,34.0,38.12,39.82000000000001,52.9,66.55999999999999,26.26,19.880000000000003,20.82,30.72,29.8,38.440000000000005,20.84,37.44,39.279999999999994,50.660000000000004,49.58,98.22,124.0,53.5,64.05999999999999,92.28,97.17999999999999,90.58000000000001,90.14000000000001,0.0,0.0,22.0,22.0,18.61,0.06,21.6,34.0,34.0,34.0,34.0,34.0,34.0,34.0,34.0,34.0,34.0,34.0,34.0,34.0,34.0,34.0,34.0,34.0,34.0,34.0,34.0,34.0,34.0,34.0,49.12,58.36,24.5,18.419999999999998,19.68,28.78,27.76,38.32,21.34,34.02,35.68000000000001,46.56,44.559999999999995,85.52000000000001,95.74,50.42,58.86,78.42,85.44000000000001,78.25999999999999,77.08,35.42,31.28
17,Foot warmer (lomitech),Mid,,,25,TskControl34,2025-03-04 14:27:21,2025-03-04_ID0_NoPCS_Ta25_TskControl34_WinterClothingWithoutShoes.csv,2025-03-04_ID17_Foot warmer (lomitech)_Mid_Ta25_TskControl34_WinterClothingWithoutShoes.csv,-12.260000000000005,-3.980000000000011,-0.7600000000000016,-8.920000000000002,-8.439999999999998,-10.96,-8.7,-13.68,-20.82,-5.499999999999993,-6.039999999999999,-1.7800000000000011,-2.059999999999995,-6.039999999999992,-2.980000000000018,-5.939999999999998,-8.859999999999992,-6.819999999999993,-5.300000000000011,-15.679999999999993,-14.14,-73.4,-70.44000000000001,25.1,24.8,51.48,0.04,25.08,34.8,34.0,34.0,34.0,34.0,34.0,34.0,34.0,34.0,34.0,34.0,34.0,34.0,34.0,34.0,34.0,34.0,34.0,34.0,34.0,34.0,47.6,46.38,38.339999999999996,50.17999999999999,18.359999999999996,14.559999999999999,16.740000000000002,20.82,23.1,28.759999999999998,16.659999999999997,28.68,30.379999999999995,37.8,37.6,68.54,78.78,42.1,54.02,66.76,74.78,56.64,58.0,0.0,0.0,25.1,25.0,63.95,0.05,25.76,34.0,34.0,34.0,34.0,34.0,34.0,34.0,34.0,34.0,34.0,34.0,34.0,34.0,34.0,34.0,34.0,34.0,34.0,34.0,34.0,34.0,34.0,34.0,50.6,54.160000000000004,19.119999999999997,23.48,25.18,31.78,31.8,42.44,37.48,34.17999999999999,36.419999999999995,39.58,39.66,74.58,81.76000000000002,48.04,62.879999999999995,73.58,80.08000000000001,72.32,72.14,73.4,70.44000000000001
17,Foot warmer (lomitech),BACKUP,,,22,TskControl34,2025-02-27 15:58:41,2025-02-27_ID0_NoPCS_Ta22_TskControl34_WinterClothingWithoutShoes.csv,2025-02-27_ID17_Foot warmer (lomitech)_BACKUP_High_Ta22_TskControl34_WinterClothingWithoutShoes.csv,-4.199999999999989,2.039999999999992,0.4200000000000017,-0.8000000000000007,-1.5799999999999983,-0.6400000000000041,-0.7199999999999989,-0.35999999999999943,-2.020000000000003,-0.8399999999999963,-3.460000000000001,-0.15999999999998948,1.4799999999999969,-2.660000000000011,-2.559999999999988,-1.0000000000000142,0.020000000000003126,-3.519999999999996,-2.5800000000000267,-7.759999999999991,-9.799999999999997,-39.120000000000005,-33.86,21.9,22.0,18.26,0.01,21.59,34.660000000000004,34.0,34.0,34.0,34.0,34.0,34.0,34.0,34.0,34.0,34.0,34.0,34.0,34.0,34.0,34.0,34.0,34.0,34.0,34.0,34.0,43.059999999999995,47.0,51.52,69.38,25.96,19.66,19.76,30.580000000000002,29.98,38.64,19.619999999999997,37.96,35.839999999999996,50.6,49.480000000000004,98.47999999999999,123.4,53.11999999999999,63.879999999999995,89.7,96.17999999999998,83.6,81.8,0.0,0.0,22.1,21.9,19.13,0.11,21.61,34.0,34.0,34.0,34.0,34.0,34.0,34.0,34.0,34.0,34.0,34.0,34.0,34.0,34.0,34.0,34.0,34.0,34.0,34.0,34.0,34.0,34.0,34.0,55.71999999999999,67.34,25.54,20.46,21.34,31.220000000000006,30.7,39.0,21.64,38.8,39.3,50.75999999999999,48.00000000000001,101.14,125.96,54.120000000000005,63.85999999999999,93.22,98.76,91.35999999999999,91.6,39.120000000000005,33.86
17,Foot warmer (Hodeamy),Level5,,,22,TskControl34,2025-02-27 18:59:43,2025-02-27_ID0_NoPCS_Ta22_TskControl34_WinterClothingWithoutShoes.csv,2025-02-27_ID17_Foot warmer (Hodeamy)_Level5_Ta22_TskControl34_WinterClothingWithoutShoes.csv,-4.0,-0.960000000000008,0.22000000000000242,-1.4200000000000017,-1.2199999999999989,-0.4000000000000057,-0.019999999999999574,-2.1199999999999903,-1.1400000000000006,-0.8599999999999923,-0.29999999999999716,-1.0999999999999943,0.79999999999999,-1.8799999999999955,-5.739999999999995,-0.20000000000000284,-1.5399999999999991,1.1800000000000068,-4.61999999999999,-7.499999999999986,-6.300000000000011,-39.120000000000005,-33.86,21.9,22.1,23.06,0.12,21.65,34.1,34.0,34.0,34.0,34.0,34.0,34.0,34.0,34.0,34.0,34.0,34.0,34.0,34.0,34.0,34.0,34.0,34.0,34.0,34.0,34.0,36.92,35.94,51.71999999999999,66.38,25.76,19.04,20.12,30.82,30.68,36.88000000000001,20.5,37.940000000000005,39.0,49.66,48.8,99.26,120.22,53.92,62.31999999999999,94.4,94.14000000000001,83.86,85.29999999999998,0.0,0.0,22.1,21.9,19.13,0.11,21.61,34.0,34.0,34.0,34.0,34.0,34.0,34.0,34.0,34.0,34.0,34.0,34.0,34.0,34.0,34.0,34.0,34.0,34.0,34.0,34.0,34.0,34.0,34.0,55.71999999999999,67.34,25.54,20.46,21.34,31.220000000000006,30.7,39.0,21.64,38.8,39.3,50.75999999999999,48.00000000000001,101.14,125.96,54.120000000000005,63.85999999999999,93.22,98.76,91.35999999999999,91.6,39.120000000000005,33.86
17,Foot warmer (lomitech),High,,,25,TskControl34,2025-04-03 16:48:00,2025-03-04_ID0_NoPCS_Ta25_TskControl34_WinterClothingWithoutShoes.csv,2025-03-04_ID17_Foot warmer (lomitech)_High_Ta25_TskControl34_WinterClothingWithoutShoes.csv,-12.399999999999999,-3.160000000000011,-0.05999999999999872,-9.5,-10.259999999999998,-9.66,-8.86,-14.119999999999997,-22.679999999999996,-6.219999999999992,-5.839999999999993,-1.6999999999999957,-2.259999999999998,-5.640000000000001,0.7399999999999807,-6.700000000000003,-6.140000000000001,-9.100000000000009,-7.220000000000027,-16.65999999999999,-12.959999999999994,-73.4,-70.44000000000001,,,,,,34.8,34.0,34.0,34.0,34.0,34.0,34.0,34.0,34.0,34.0,34.0,34.0,34.0,34.0,34.0,34.0,34.0,34.0,34.0,34.0,34.0,47.6,45.279999999999994,38.2,50.99999999999999,19.06,13.98,14.920000000000002,22.12,22.94,28.32,14.8,27.96,30.580000000000002,37.88,37.4,68.94,82.5,41.339999999999996,56.739999999999995,64.47999999999999,72.85999999999999,55.660000000000004,59.18000000000001,0.0,0.0,25.1,25.0,63.95,0.05,25.76,34.0,34.0,34.0,34.0,34.0,34.0,34.0,34.0,34.0,34.0,34.0,34.0,34.0,34.0,34.0,34.0,34.0,34.0,34.0,34.0,34.0,34.0,34.0,50.6,54.160000000000004,19.119999999999997,23.48,25.18,31.78,31.8,42.44,37.48,34.17999999999999,36.419999999999995,39.58,39.66,74.58,81.76000000000002,48.04,62.879999999999995,73.58,80.08000000000001,72.32,72.14,73.4,70.44000000000001
18,Foot warmer (Hodeamy),Level8,,,25,TskControl34,2025-05-03 15:05:00,2025-03-05_ID0_NoPCS_Ta25_TskControl34_WinterClothingWithoutShoes.csv,2025-03-05_ID18_Foot warmer (Hodeamy)_Level8_Ta25_TskControl34_WinterClothingWithoutShoes.csv,-8.320000000000007,-0.6600000000000037,-4.739999999999997,-3.0600000000000005,-0.9999999999999964,-4.0,-0.32000000000000384,-3.8999999999999986,-7.039999999999999,-2.239999999999995,-3.039999999999999,-0.6200000000000045,0.4000000000000057,-3.700000000000017,-2.09999999999998,-3.020000000000003,-3.8600000000000065,-6.879999999999988,-6.61999999999999,-9.480000000000018,-7.619999999999997,-71.98,-72.78,,,,,,34.3,34.0,34.019999999999996,34.0,34.0,34.0,34.0,34.0,34.0,34.0,34.0,34.0,34.0,34.0,34.0,34.0,34.0,34.0,34.0,34.0,34.0,39.3,38.36,37.879999999999995,51.4,14.680000000000001,14.76,16.78,22.4,26.02,29.379999999999995,17.18,28.1,30.939999999999998,37.739999999999995,37.220000000000006,71.11999999999999,79.7,40.9,55.4,59.220000000000006,67.62,58.75999999999999,59.660000000000004,0.0,0.0,24.9,24.9,56.64,0.11,25.28,34.0,34.0,34.0,34.0,34.0,34.0,34.0,34.0,34.0,34.0,34.0,34.0,34.0,34.0,34.0,34.0,34.0,34.0,34.0,34.0,34.0,34.0,34.0,46.2,52.06,19.419999999999998,17.82,17.779999999999998,26.4,26.340000000000003,33.279999999999994,24.22,30.339999999999996,33.98,38.36,36.82,74.82000000000001,81.79999999999998,43.92,59.260000000000005,66.1,74.24,68.24000000000001,67.28,71.98,72.78
18,Foot warmer (Hodeamy),Level1,,,25,TskControl34,2025-03-05 12:19:23,2025-03-05_ID0_NoPCS_Ta25_TskControl34_WinterClothingWithoutShoes.csv,2025-03-05_ID18_Foot warmer (Hodeamy)_Level1_Ta25_TskControl34_WinterClothingWithoutShoes.csv,-1.1200000000000045,-0.7800000000000082,-0.37999999999999545,-1.0600000000000023,2.200000000000003,-1.6199999999999974,-1.3800000000000026,-1.4599999999999902,-3.2399999999999984,-0.8999999999999986,-0.3199999999999932,-0.46000000000000085,1.5599999999999952,-1.6800000000000068,2.8800000000000097,-1.5,-1.3000000000000114,-1.2399999999999949,-1.5600000000000023,-1.5600000000000023,0.2400000000000091,-6.240000000000023,-5.759999999999991,25.0,24.8,54.88,0.12,25.21,34.0,34.0,34.0,34.0,34.0,34.0,34.0,34.0,34.0,34.0,34.0,34.0,34.0,34.0,34.0,34.0,34.0,34.0,34.0,34.0,34.0,34.0,34.0,45.08,51.279999999999994,19.040000000000003,16.759999999999998,19.98,24.78,24.96,31.820000000000004,20.98,29.439999999999998,33.660000000000004,37.9,38.379999999999995,73.14,84.67999999999999,42.42,57.959999999999994,64.86,72.67999999999999,66.68,67.52000000000001,65.73999999999998,67.02000000000001,24.9,24.9,56.64,0.11,25.28,34.0,34.0,34.0,34.0,34.0,34.0,34.0,34.0,34.0,34.0,34.0,34.0,34.0,34.0,34.0,34.0,34.0,34.0,34.0,34.0,34.0,34.0,34.0,46.2,52.06,19.419999999999998,17.82,17.779999999999998,26.4,26.340000000000003,33.279999999999994,24.22,30.339999999999996,33.98,38.36,36.82,74.82000000000001,81.79999999999998,43.92,59.260000000000005,66.1,74.24,68.24000000000001,67.28,71.98,72.78
18,Foot warmer (Hodeamy),Level4,,,25,TskControl34,2025-03-05 13:00:23,2025-03-05_ID0_NoPCS_Ta25_TskControl34_WinterClothingWithoutShoes.csv,2025-03-05_ID18_Foot warmer (Hodeamy)_Level4_Ta25_TskControl34_WinterClothingWithoutShoes.csv,-6.700000000000003,-1.1200000000000045,-0.3599999999999959,-2.8000000000000007,-0.5599999999999987,2.700000000000003,-2.9800000000000004,-2.919999999999991,-5.719999999999999,-1.7199999999999989,-3.539999999999999,-0.4799999999999969,0.10000000000000142,-3.9000000000000057,-1.1599999999999824,-2.020000000000003,-5.420000000000009,-4.239999999999995,-4.079999999999998,-4.760000000000012,-2.1200000000000045,-70.48,-69.5,25.1,24.9,54.2,0.17,25.29,34.0,34.0,34.0,34.0,34.0,34.0,34.0,34.0,34.0,34.0,34.0,34.0,34.0,34.0,34.0,34.0,34.0,34.0,34.0,34.0,34.0,34.0,34.0,39.5,50.94,19.060000000000002,15.02,17.22,29.1,23.360000000000003,30.360000000000003,18.5,28.619999999999997,30.439999999999998,37.88,36.92,70.92,80.64,41.9,53.839999999999996,61.86,70.16,63.48,65.16,1.5,3.28,24.9,24.9,56.64,0.11,25.28,34.0,34.0,34.0,34.0,34.0,34.0,34.0,34.0,34.0,34.0,34.0,34.0,34.0,34.0,34.0,34.0,34.0,34.0,34.0,34.0,34.0,34.0,34.0,46.2,52.06,19.419999999999998,17.82,17.779999999999998,26.4,26.340000000000003,33.279999999999994,24.22,30.339999999999996,33.98,38.36,36.82,74.82000000000001,81.79999999999998,43.92,59.260000000000005,66.1,74.24,68.24000000000001,67.28,71.98,72.78
18,Foot warmer (Hodeamy),Level5,,,25,TskControl34,2025-03-05 14:06:23,2025-03-05_ID0_NoPCS_Ta25_TskControl34_WinterClothingWithoutShoes.csv,2025-03-05_ID18_Foot warmer (Hodeamy)_Level5_Ta25_TskControl34_WinterClothingWithoutShoes.csv,-7.840000000000003,-0.7800000000000082,-2.0799999999999983,-3.1000000000000014,-1.819999999999995,-3.8199999999999967,-3.4600000000000044,-3.839999999999989,-8.36,-2.1799999999999926,-3.039999999999999,-1.2999999999999972,0.6800000000000068,-4.420000000000002,-2.2199999999999847,-3.219999999999999,-4.420000000000009,-5.299999999999997,-5.959999999999994,-5.480000000000004,-4.18,-71.98,-72.78,25.0,25.0,51.12,0.07,25.14,34.1,34.0,34.0,34.0,34.0,34.0,34.0,34.0,34.0,34.0,34.0,34.0,34.0,34.0,34.0,34.0,34.0,34.0,34.0,34.0,34.0,35.7,35.1,38.36,51.279999999999994,17.34,14.719999999999999,15.960000000000003,22.580000000000002,22.88,29.440000000000005,15.86,28.160000000000004,30.939999999999998,37.06,37.50000000000001,70.4,79.58,40.7,54.839999999999996,60.8,68.28,62.760000000000005,63.1,0.0,0.0,24.9,24.9,56.64,0.11,25.28,34.0,34.0,34.0,34.0,34.0,34.0,34.0,34.0,34.0,34.0,34.0,34.0,34.0,34.0,34.0,34.0,34.0,34.0,34.0,34.0,34.0,34.0,34.0,46.2,52.06,19.419999999999998,17.82,17.779999999999998,26.4,26.340000000000003,33.279999999999994,24.22,30.339999999999996,33.98,38.36,36.82,74.82000000000001,81.79999999999998,43.92,59.260000000000005,66.1,74.24,68.24000000000001,67.28,71.98,72.78
19,Hand warmer (desk mat),Level1,,,25,TskControl34,2025-02-07 16:23:54,2025-02-07_ID0_NoPCS_Ta25_TskControl34.csv,2025-02-07_ID19_Hand warmer (desk mat)_Level1_Ta25_TskControl34.csv,-6.18,-0.8399999999999963,0.5,-1.779999999999994,-0.7199999999999989,1.2800000000000082,-0.4399999999999977,-0.5,-0.17999999999999972,0.19999999999999574,1.6200000000000045,-27.519999999999992,-62.78000000000001,-68.26,-64.32,-0.30000000000000426,-1.1600000000000037,-0.22000000000001307,-0.18000000000000682,1.440000000000012,-0.4200000000000017,0.6599999999999966,0.11999999999999744,24.9,25.0,71.09,0.07,26.2,34.0,34.0,34.0,34.0,34.0,34.0,34.0,34.0,34.0,34.0,34.0,34.0,34.9,34.3,34.059999999999995,34.0,34.0,34.0,34.0,34.0,34.0,34.0,34.0,44.339999999999996,48.54,18.56,25.3,31.0,35.720000000000006,38.9,55.160000000000004,29.880000000000003,46.14,56.8,26.2,0.0,0.0,0.0,42.8,50.86,69.55999999999999,73.66,68.32000000000001,70.22,46.279999999999994,46.38,24.9,25.1,71.54,0.08,26.32,34.0,34.0,34.0,34.0,34.0,34.0,34.0,34.0,34.0,34.0,34.0,34.0,34.0,34.0,34.0,34.0,34.0,34.0,34.0,34.0,34.0,34.0,34.0,50.519999999999996,49.379999999999995,18.06,27.079999999999995,31.72,34.44,39.339999999999996,55.660000000000004,30.060000000000002,45.940000000000005,55.17999999999999,53.71999999999999,62.78000000000001,68.26,64.32,43.1,52.02,69.78,73.84,66.88,70.64,45.62,46.260000000000005
19,Hand warmer (desk mat),Level5,,,25,TskControl34,2025-02-07 16:09:54,2025-02-07_ID0_NoPCS_Ta25_TskControl34.csv,2025-02-07_ID19_Hand warmer (desk mat)_Level5_Ta25_TskControl34.csv,-5.699999999999996,-2.319999999999993,0.5799999999999983,-1.0,-1.0399999999999991,1.6400000000000006,-0.539999999999992,-0.37999999999999545,0.11999999999999744,0.6199999999999974,1.6600000000000037,-19.65999999999999,-62.78000000000001,-68.26,-63.379999999999995,0.7999999999999972,-0.04000000000000625,-0.01999999999999602,-0.4800000000000182,0.6400000000000148,0.9200000000000017,0.7000000000000028,0.21999999999999176,24.9,25.0,71.09,0.06,26.29,34.0,34.0,34.0,34.0,34.0,34.0,34.0,34.0,34.0,34.0,34.0,34.0,34.660000000000004,34.379999999999995,34.0,34.0,34.0,34.0,34.0,34.0,34.0,34.0,34.0,44.82,47.06,18.639999999999997,26.079999999999995,30.68,36.08,38.800000000000004,55.28000000000001,30.18,46.56,56.839999999999996,34.06,0.0,0.0,0.9399999999999998,43.9,51.98,69.76,73.35999999999999,67.52000000000001,71.56,46.32,46.48,24.9,25.1,71.54,0.08,26.32,34.0,34.0,34.0,34.0,34.0,34.0,34.0,34.0,34.0,34.0,34.0,34.0,34.0,34.0,34.0,34.0,34.0,34.0,34.0,34.0,34.0,34.0,34.0,50.519999999999996,49.379999999999995,18.06,27.079999999999995,31.72,34.44,39.339999999999996,55.660000000000004,30.060000000000002,45.940000000000005,55.17999999999999,53.71999999999999,62.78000000000001,68.26,64.32,43.1,52.02,69.78,73.84,66.88,70.64,45.62,46.260000000000005
19,Hand warmer (desk mat),Level3,,,25,TskControl34,2025-02-07 15:51:54,2025-02-07_ID0_NoPCS_Ta25_TskControl34.csv,2025-02-07_ID19_Hand warmer (desk mat)_Level3_Ta25_TskControl34.csv,-6.559999999999995,-2.519999999999996,3.552713678800501e-15,-1.7999999999999936,-1.0599999999999952,0.1600000000000037,-1.259999999999998,-1.0200000000000031,-1.1199999999999974,0.4199999999999946,0.38000000000000966,-25.819999999999993,-62.78000000000001,-68.26,-61.67999999999999,2.8200000000000003,-7.105427357601002e-15,-0.6999999999999886,-2.219999999999999,-1.9399999999999835,-1.6199999999999903,0.259999999999998,-0.21999999999999886,25.2,25.2,68.97,0.23,26.32,34.0,34.0,34.0,34.0,34.0,34.0,34.0,34.0,34.0,34.0,34.0,34.0,34.4,34.3,33.980000000000004,34.0,34.0,34.0,34.0,34.0,34.0,34.0,34.0,43.96,46.86,18.060000000000002,25.28,30.660000000000004,34.6,38.08,54.64,28.940000000000005,46.36,55.56,27.9,0.0,0.0,2.64,45.92,52.019999999999996,69.08000000000001,71.62,64.94000000000001,69.02000000000001,45.879999999999995,46.040000000000006,24.9,25.1,71.54,0.08,26.32,34.0,34.0,34.0,34.0,34.0,34.0,34.0,34.0,34.0,34.0,34.0,34.0,34.0,34.0,34.0,34.0,34.0,34.0,34.0,34.0,34.0,34.0,34.0,50.519999999999996,49.379999999999995,18.06,27.079999999999995,31.72,34.44,39.339999999999996,55.660000000000004,30.060000000000002,45.940000000000005,55.17999999999999,53.71999999999999,62.78000000000001,68.26,64.32,43.1,52.02,69.78,73.84,66.88,70.64,45.62,46.260000000000005
19,Hand warmer (desk mat),Mid,,,25,TskControl34,2025-03-03 15:20:10,2025-03-03_ID0_NoPCS_Ta25_TskControl34_WinterClothing.csv,2025-03-03_ID19_Hand warmer (desk mat)_Mid_Ta25_TskControl34_WinterClothing.csv,-7.88000000000001,-3.1200000000000045,-0.019999999999999574,-3.240000000000002,-3.1800000000000015,-3.3000000000000043,-2.0600000000000023,-2.9800000000000004,-6.539999999999997,-1.7800000000000011,-2.240000000000002,-13.840000000000003,-27.099999999999998,-69.12,-70.3,-4.040000000000006,-8.780000000000001,-2.1399999999999935,-0.3400000000000034,-4.800000000000026,-6.040000000000006,-5.699999999999996,-6.839999999999996,25.3,24.9,45.24,0.21,25.11,34.0,34.0,34.0,34.0,34.0,34.0,34.0,34.0,34.0,34.0,34.0,34.0,34.0,34.96,34.0,34.0,34.0,34.0,34.0,34.0,34.0,34.0,34.0,35.66,49.56,19.119999999999997,13.280000000000001,15.039999999999997,20.72,22.159999999999997,28.7,15.1,27.6,29.52,23.86,9.559999999999999,0.0,11.0,37.16,48.14,62.6,70.92,64.35999999999999,64.58,41.760000000000005,38.92,25.1,25.1,48.87,0.18,25.15,34.0,34.0,34.0,34.0,34.0,34.0,34.0,34.0,34.0,34.0,34.0,34.0,34.0,34.0,34.0,34.0,34.0,34.0,34.0,34.0,34.0,34.0,34.0,43.540000000000006,52.68000000000001,19.139999999999997,16.520000000000003,18.22,24.020000000000003,24.22,31.68,21.639999999999997,29.380000000000003,31.76,37.7,36.66,69.12,81.3,41.2,56.92,64.74,71.26,69.16000000000001,70.62,47.46,45.76
19,Hand wamer (desk mat),Mid,,,22,TskControl34,2025-02-24 17:49:02,2025-02-24_ID0_NoPCS_Ta22_TskControl34.csv,2025-02-24_ID19_Hand wamer (desk mat)_Mid_Ta22_TskControl34_WinterClothing.csv,-26.36,-6.060000000000002,0.5400000000000027,-18.54,-22.22,-19.78,-24.04,-38.50000000000001,-34.3,-27.679999999999986,-34.5,-51.41999999999999,-86.88,-107.15999999999998,-85.88,-32.1,-27.679999999999993,-20.480000000000004,-11.559999999999974,-5.120000000000019,-7.840000000000018,-2.40000000000002,-4.9399999999999835,22.3,22.3,29.58,0.13,22.1,34.0,34.0,34.0,34.0,34.0,34.0,34.0,34.0,34.0,34.0,34.0,34.0,34.0,34.0,34.0,34.0,34.0,34.0,34.0,34.0,34.0,34.0,34.0,49.94,69.97999999999999,21.860000000000003,23.5,22.68,32.92,34.18000000000001,40.4,22.54,37.88,40.44,30.919999999999998,18.580000000000002,14.160000000000002,37.17999999999999,49.160000000000004,59.2,84.30000000000001,93.30000000000001,86.53999999999999,88.22,61.999999999999986,60.5,22.4,22.4,22.88,0.13,22.0,34.0,34.0,34.0,34.0,34.0,34.0,34.0,34.0,34.0,34.0,34.0,34.0,34.0,34.0,34.0,34.0,34.0,34.0,34.0,34.0,34.0,34.0,34.0,76.3,76.03999999999999,21.32,42.04,44.9,52.7,58.220000000000006,78.9,56.839999999999996,65.55999999999999,74.94,82.33999999999999,105.46,121.31999999999998,123.05999999999999,81.26,86.88,104.78000000000002,104.85999999999999,91.66000000000001,96.06000000000002,64.4,65.43999999999998
20,Desk fan heater,High,125.0,90.0,22,TskControl34,2025-02-28 16:17:14,2025-02-28_ID0_NoPCS_Ta22_TskControl34_WinterClothing.csv,2025-02-28_ID20_Desk fan heater_High_Angle125_Distance90_Ta22_TskControl34_WinterClothing.csv,-15.620000000000005,-10.420000000000002,-2.640000000000004,-15.659999999999997,-14.620000000000001,-18.759999999999998,-16.200000000000003,-25.04,-34.7,-12.599999999999994,-9.040000000000006,-5.880000000000017,-5.640000000000001,-19.699999999999974,3.440000000000012,-17.660000000000004,-13.280000000000001,-25.620000000000005,-29.879999999999995,-14.719999999999985,-12.720000000000013,-14.839999999999982,-8.96,22.9,22.9,56.14,0.16,23.16,34.0,34.0,34.0,34.0,34.0,34.0,34.0,34.0,34.0,34.0,34.0,34.0,34.0,34.0,34.0,34.0,34.0,34.0,34.0,34.0,34.0,34.0,34.0,50.72,61.3,23.02,16.68,19.419999999999998,27.059999999999995,29.0,36.96,18.66,32.62,36.78,46.059999999999995,44.8,86.02000000000001,112.94000000000001,46.4,60.620000000000005,76.03999999999999,83.02000000000001,80.2,82.6,57.28000000000001,55.0,22.2,22.4,53.45,0.09,22.47,34.0,34.0,34.0,34.0,34.0,34.0,34.0,34.0,34.0,34.0,34.0,34.0,34.0,34.0,34.0,34.0,34.0,34.0,34.0,34.0,34.0,34.0,34.0,66.34,71.72,25.660000000000004,32.339999999999996,34.04,45.81999999999999,45.2,62.0,53.36,45.21999999999999,45.82000000000001,51.94000000000001,50.44,105.71999999999998,109.5,64.06,73.9,101.66,112.9,94.91999999999999,95.32000000000001,72.11999999999999,63.96
20,Desk fan heater,Low,125.0,90.0,25,TskControl34,2025-03-03 15:49:35,2025-03-03_ID0_NoPCS_Ta25_TskControl34_WinterClothing.csv,2025-03-03_ID20_Desk fan heater_Low_Angle125_Distance90_Ta25_TskControl34_WinterClothing.csv,-7.3600000000000065,-4.440000000000012,-1.2599999999999945,-4.8000000000000025,-3.9000000000000004,-3.820000000000004,-2.5,-5.0,-7.339999999999996,-4.900000000000002,-3.280000000000001,-8.800000000000004,-10.139999999999997,-22.340000000000003,-11.519999999999996,-9.600000000000001,-15.880000000000003,-6.339999999999996,-6.960000000000008,-9.980000000000018,-11.439999999999998,-7.660000000000004,-7.359999999999999,25.7,25.3,44.47,0.0,25.37,34.0,34.0,34.0,34.0,34.0,34.0,34.0,34.0,34.0,34.0,34.0,34.0,34.0,34.0,34.0,34.0,34.0,34.0,34.0,34.0,34.0,34.0,34.0,36.18,48.239999999999995,17.880000000000003,11.72,14.319999999999999,20.2,21.72,26.68,14.3,24.48,28.48,28.9,26.52,46.78,69.78,31.6,41.04,58.4,64.3,59.17999999999999,59.18000000000001,39.8,38.4,25.1,25.1,48.87,0.18,25.15,34.0,34.0,34.0,34.0,34.0,34.0,34.0,34.0,34.0,34.0,34.0,34.0,34.0,34.0,34.0,34.0,34.0,34.0,34.0,34.0,34.0,34.0,34.0,43.540000000000006,52.68000000000001,19.139999999999997,16.520000000000003,18.22,24.020000000000003,24.22,31.68,21.639999999999997,29.380000000000003,31.76,37.7,36.66,69.12,81.3,41.2,56.92,64.74,71.26,69.16000000000001,70.62,47.46,45.76
20,Desk fan heater,Low,125.0,90.0,22,TskControl34,2025-02-28 16:04:39,2025-02-28_ID0_NoPCS_Ta22_TskControl34_WinterClothing.csv,2025-02-28_ID20_Desk fan heater_Low_Angle125_Distance90_Ta22_TskControl34_WinterClothing.csv,-14.420000000000002,-8.059999999999995,-2.020000000000003,-14.299999999999997,-14.259999999999998,-18.199999999999996,-15.46,-25.0,-33.379999999999995,-11.679999999999993,-7.980000000000011,-5.380000000000017,-4.979999999999997,-18.279999999999987,7.459999999999994,-13.080000000000005,-13.220000000000013,-23.78,-28.720000000000013,-13.36,-11.440000000000012,-14.019999999999989,-8.259999999999998,22.8,23.0,56.11,0.18,23.06,34.0,34.0,34.0,34.0,34.0,34.0,34.0,34.0,34.0,34.0,34.0,34.0,34.0,34.0,34.0,34.0,34.0,34.0,34.0,34.0,34.0,34.0,34.0,51.92,63.660000000000004,23.64,18.04,19.78,27.619999999999997,29.740000000000002,37.0,19.98,33.54,37.839999999999996,46.559999999999995,45.46,87.44,116.96,50.98,60.67999999999999,77.88,84.17999999999999,81.55999999999999,83.88,58.1,55.7,22.2,22.4,53.45,0.09,22.47,34.0,34.0,34.0,34.0,34.0,34.0,34.0,34.0,34.0,34.0,34.0,34.0,34.0,34.0,34.0,34.0,34.0,34.0,34.0,34.0,34.0,34.0,34.0,66.34,71.72,25.660000000000004,32.339999999999996,34.04,45.81999999999999,45.2,62.0,53.36,45.21999999999999,45.82000000000001,51.94000000000001,50.44,105.71999999999998,109.5,64.06,73.9,101.66,112.9,94.91999999999999,95.32000000000001,72.11999999999999,63.96
20,Desk fan heater,High,125.0,90.0,25,TskControl34,2025-03-03 16:39:45,2025-03-03_ID0_NoPCS_Ta25_TskControl34_WinterClothing.csv,2025-03-03_ID20_Desk fan heater_High_Angle125_Distance90_Ta25_TskControl34_WinterClothing.csv,-6.3600000000000065,-4.960000000000001,-2.019999999999996,-4.260000000000003,-4.479999999999999,-4.020000000000003,-2.240000000000002,-4.719999999999999,-6.939999999999998,-5.360000000000003,-4.460000000000001,-6.060000000000006,-6.279999999999994,-12.580000000000005,-1.3400000000000034,-5.8799999999999955,-12.199999999999996,-6.679999999999993,-9.319999999999993,-10.460000000000008,-10.920000000000002,-4.800000000000004,-6.18,25.8,25.2,44.21,0.05,25.37,34.0,34.0,34.0,34.0,34.0,34.0,34.0,34.0,34.0,34.0,34.0,34.0,34.0,34.0,34.0,34.0,34.0,34.0,34.0,34.0,34.0,34.0,34.0,37.18,47.720000000000006,17.12,12.26,13.74,20.0,21.979999999999997,26.96,14.7,24.02,27.3,31.639999999999997,30.380000000000003,56.54,79.96,35.32000000000001,44.720000000000006,58.06,61.94000000000001,58.7,59.7,42.66,39.58,25.1,25.1,48.87,0.18,25.15,34.0,34.0,34.0,34.0,34.0,34.0,34.0,34.0,34.0,34.0,34.0,34.0,34.0,34.0,34.0,34.0,34.0,34.0,34.0,34.0,34.0,34.0,34.0,43.540000000000006,52.68000000000001,19.139999999999997,16.520000000000003,18.22,24.020000000000003,24.22,31.68,21.639999999999997,29.380000000000003,31.76,37.7,36.66,69.12,81.3,41.2,56.92,64.74,71.26,69.16000000000001,70.62,47.46,45.76
21,"Big desk fan (daison, short)",Mid,125.0,90.0,22,TskControl34,2025-02-28 17:32:59,2025-02-28_ID0_NoPCS_Ta22_TskControl34_WinterClothing.csv,"2025-02-28_ID21_Big desk fan (daison, short)_Mid_Angle125_Distance90_Ta22_TskControl34_WinterClothing.csv",-18.340000000000003,-31.759999999999998,-11.980000000000002,-14.039999999999996,-15.600000000000001,-20.05999999999999,-19.160000000000004,-28.519999999999996,-34.54,-12.5,-12.120000000000005,-5.200000000000017,-7.939999999999991,-22.279999999999973,-10.060000000000002,-14.86,-15.260000000000005,-27.19999999999999,-35.879999999999995,-13.419999999999987,-15.080000000000013,-14.439999999999984,-11.380000000000003,23.7,23.4,52.12,0.11,23.68,34.0,34.0,34.0,34.0,34.0,34.0,34.0,34.0,34.0,34.0,34.0,34.0,34.0,34.0,34.0,34.0,34.0,34.0,34.0,34.0,34.0,34.0,34.0,48.0,39.96,13.680000000000001,18.3,18.439999999999998,25.76,26.04,33.480000000000004,18.82,32.71999999999999,33.7,46.739999999999995,42.50000000000001,83.44000000000001,99.44,49.2,58.64,74.46000000000001,77.02000000000001,81.5,80.24,57.68000000000001,52.58,22.2,22.4,53.45,0.09,22.47,34.0,34.0,34.0,34.0,34.0,34.0,34.0,34.0,34.0,34.0,34.0,34.0,34.0,34.0,34.0,34.0,34.0,34.0,34.0,34.0,34.0,34.0,34.0,66.34,71.72,25.660000000000004,32.339999999999996,34.04,45.81999999999999,45.2,62.0,53.36,45.21999999999999,45.82000000000001,51.94000000000001,50.44,105.71999999999998,109.5,64.06,73.9,101.66,112.9,94.91999999999999,95.32000000000001,72.11999999999999,63.96
21,"Big desk fan (daison, short)",High,125.0,90.0,22,TskControl34,2025-02-28 17:45:49,2025-02-28_ID0_NoPCS_Ta22_TskControl34_WinterClothing.csv,"2025-02-28_ID21_Big desk fan (daison, short)_High_Angle125_Distance90_Ta22_TskControl34_WinterClothing.csv",-19.340000000000003,-50.26,-16.740000000000006,-16.199999999999996,-17.959999999999997,-19.979999999999997,-19.740000000000002,-29.760000000000005,-34.839999999999996,-12.93999999999999,-12.700000000000003,-8.080000000000013,-8.04,-18.47999999999999,-2.280000000000001,-15.400000000000006,-16.140000000000015,-28.299999999999983,-30.25999999999999,-14.079999999999984,-15.280000000000015,-16.51999999999999,-11.86,24.1,23.6,50.88,0.08,23.95,34.0,34.0,34.0,34.0,34.0,34.0,34.0,34.0,34.0,34.0,34.0,34.0,34.0,34.0,34.0,34.0,34.0,34.0,34.0,34.0,34.0,34.0,34.0,47.0,21.46,8.919999999999998,16.14,16.080000000000002,25.839999999999996,25.46,32.239999999999995,18.520000000000003,32.28,33.120000000000005,43.86,42.4,87.24,107.22,48.66,57.75999999999999,73.36000000000001,82.64000000000001,80.84,80.03999999999999,55.6,52.1,22.2,22.4,53.45,0.09,22.47,34.0,34.0,34.0,34.0,34.0,34.0,34.0,34.0,34.0,34.0,34.0,34.0,34.0,34.0,34.0,34.0,34.0,34.0,34.0,34.0,34.0,34.0,34.0,66.34,71.72,25.660000000000004,32.339999999999996,34.04,45.81999999999999,45.2,62.0,53.36,45.21999999999999,45.82000000000001,51.94000000000001,50.44,105.71999999999998,109.5,64.06,73.9,101.66,112.9,94.91999999999999,95.32000000000001,72.11999999999999,63.96
21,"Big desk fan (daison, short)",Low,125.0,90.0,22,TskControl34,2025-02-28 17:18:59,2025-02-28_ID0_NoPCS_Ta22_TskControl34_WinterClothing.csv,"2025-02-28_ID21_Big desk fan (daison, short)_Low_Angle125_Distance90_Ta22_TskControl34_WinterClothing.csv",-15.200000000000003,-19.059999999999995,-6.440000000000001,-14.239999999999995,-15.040000000000003,-17.65999999999999,-17.12,-26.96,-34.28,-10.919999999999995,-10.860000000000007,-6.120000000000012,-5.559999999999995,-17.379999999999995,0.8399999999999892,-12.520000000000003,-12.820000000000007,-24.560000000000002,-25.260000000000005,-10.519999999999982,-11.600000000000009,-12.699999999999996,-9.579999999999991,23.3,23.2,52.01,0.04,23.27,34.0,34.0,34.0,34.0,34.0,34.0,34.0,34.0,34.0,34.0,34.0,34.0,34.0,34.0,34.0,34.0,34.0,34.0,34.0,34.0,34.0,34.0,34.0,51.14,52.660000000000004,19.220000000000002,18.1,18.999999999999996,28.160000000000004,28.080000000000002,35.04,19.080000000000002,34.3,34.96,45.82,44.88,88.33999999999999,110.33999999999999,51.54,61.08,77.1,87.64,84.4,83.72,59.419999999999995,54.38000000000001,22.2,22.4,53.45,0.09,22.47,34.0,34.0,34.0,34.0,34.0,34.0,34.0,34.0,34.0,34.0,34.0,34.0,34.0,34.0,34.0,34.0,34.0,34.0,34.0,34.0,34.0,34.0,34.0,66.34,71.72,25.660000000000004,32.339999999999996,34.04,45.81999999999999,45.2,62.0,53.36,45.21999999999999,45.82000000000001,51.94000000000001,50.44,105.71999999999998,109.5,64.06,73.9,101.66,112.9,94.91999999999999,95.32000000000001,72.11999999999999,63.96
