ID,PCS_name,Level,Angle,Distance,Tset,Control method,Reference_time,Condition_without_PCS,Condition_with_PCS,Delta_P_All,Delta_P_Crown,Delta_P_Head,Delta_P_Left Chest,Delta_P_Right Chest,Delta_P_Left Back,Delta_P_Right Back,Delta_P_Abdomen,Delta_P_Buttocks,Delta_P_Left Upper Arm,Delta_P_Right Upper Arm,Delta_P_Left Forearm,Delta_P_Right Forearm,Delta_P_Left Hand,Delta_P_Right Hand,Delta_P_Left Front Thigh,Delta_P_Right Front Thigh,Delta_P_Left Back Thigh,Delta_P_Right Back Thigh,Delta_P_Left Lower Leg,Delta_P_Right Lower Leg,Delta_P_Left Foot,Delta_P_Right Foot,PCS_Ta,PCS_MRT,PCS_RH,PCS_V,PCS_To,PCS_ET,PCS_Tsk_All,PCS_Tsk_Crown,PCS_Tsk_Head,PCS_Tsk_Left Chest,PCS_Tsk_Right Chest,PCS_Tsk_Left Back,PCS_Tsk_Right Back,PCS_Tsk_Abdomen,PCS_Tsk_Buttocks,PCS_Tsk_Left Upper Arm,PCS_Tsk_Right Upper Arm,PCS_Tsk_Left Forearm,PCS_Tsk_Right Forearm,PCS_Tsk_Left Hand,PCS_Tsk_Right Hand,PCS_Tsk_Left Front Thigh,PCS_Tsk_Right Front Thigh,PCS_Tsk_Left Back Thigh,PCS_Tsk_Right Back Thigh,PCS_Tsk_Left Lower Leg,PCS_Tsk_Right Lower Leg,PCS_Tsk_Left Foot,PCS_Tsk_Right Foot,PCS_P_All,PCS_P_Crown,PCS_P_Head,PCS_P_Left Chest,PCS_P_Right Chest,PCS_P_Left Back,PCS_P_Right Back,PCS_P_Abdomen,PCS_P_Buttocks,PCS_P_Left Upper Arm,PCS_P_Right Upper Arm,PCS_P_Left Forearm,PCS_P_Right Forearm,PCS_P_Left Hand,PCS_P_Right Hand,PCS_P_Left Front Thigh,PCS_P_Right Front Thigh,PCS_P_Left Back Thigh,PCS_P_Right Back Thigh,PCS_P_Left Lower Leg,PCS_P_Right Lower Leg,PCS_P_Left Foot,PCS_P_Right Foot,Baseline_Ta,Baseline_MRT,Baseline_RH,Baseline_V,Baseline_To,Baseline_ET,Baseline_Tsk_All,Baseline_Tsk_Crown,Baseline_Tsk_Head,Baseline_Tsk_Left Chest,Baseline_Tsk_Right Chest,Baseline_Tsk_Left Back,Baseline_Tsk_Right Back,Baseline_Tsk_Abdomen,Baseline_Tsk_Buttocks,Baseline_Tsk_Left Upper Arm,Baseline_Tsk_Right Upper Arm,Baseline_Tsk_Left Forearm,Baseline_Tsk_Right Forearm,Baseline_Tsk_Left Hand,Baseline_Tsk_Right Hand,Baseline_Tsk_Left Front Thigh,Baseline_Tsk_Right Front Thigh,Baseline_Tsk_Left Back Thigh,Baseline_Tsk_Right Back Thigh,Baseline_Tsk_Left Lower Leg,Baseline_Tsk_Right Lower Leg,Baseline_Tsk_Left Foot,Baseline_Tsk_Right Foot,Baseline_P_All,Baseline_P_Crown,Baseline_P_Head,Baseline_P_Left Chest,Baseline_P_Right Chest,Baseline_P_Left Back,Baseline_P_Right Back,Baseline_P_Abdomen,Baseline_P_Buttocks,Baseline_P_Left Upper Arm,Baseline_P_Right Upper Arm,Baseline_P_Left Forearm,Baseline_P_Right Forearm,Baseline_P_Left Hand,Baseline_P_Right Hand,Baseline_P_Left Front Thigh,Baseline_P_Right Front Thigh,Baseline_P_Left Back Thigh,Baseline_P_Right Back Thigh,Baseline_P_Left Lower Leg,Baseline_P_Right Lower Leg,Baseline_P_Left Foot,Baseline_P_Right Foot,PCS_ht_Crown,Baseline_ht_Crown,Delta_ht_Crown,PCS_Teq_Crown,Baseline_Teq_Crown,Delta_Teq_Crown,PCS_ht_Head,Baseline_ht_Head,Delta_ht_Head,PCS_Teq_Head,Baseline_Teq_Head,Delta_Teq_Head,PCS_ht_Left Chest,Baseline_ht_Left Chest,Delta_ht_Left Chest,PCS_Teq_Left Chest,Baseline_Teq_Left Chest,Delta_Teq_Left Chest,PCS_ht_Right Chest,Baseline_ht_Right Chest,Delta_ht_Right Chest,PCS_Teq_Right Chest,Baseline_Teq_Right Chest,Delta_Teq_Right Chest,PCS_ht_Left Back,Baseline_ht_Left Back,Delta_ht_Left Back,PCS_Teq_Left Back,Baseline_Teq_Left Back,Delta_Teq_Left Back,PCS_ht_Right Back,Baseline_ht_Right Back,Delta_ht_Right Back,PCS_Teq_Right Back,Baseline_Teq_Right Back,Delta_Teq_Right Back,PCS_ht_Abdomen,Baseline_ht_Abdomen,Delta_ht_Abdomen,PCS_Teq_Abdomen,Baseline_Teq_Abdomen,Delta_Teq_Abdomen,PCS_ht_Buttocks,Baseline_ht_Buttocks,Delta_ht_Buttocks,PCS_Teq_Buttocks,Baseline_Teq_Buttocks,Delta_Teq_Buttocks,PCS_ht_Left Upper Arm,Baseline_ht_Left Upper Arm,Delta_ht_Left Upper Arm,PCS_Teq_Left Upper Arm,Baseline_Teq_Left Upper Arm,Delta_Teq_Left Upper Arm,PCS_ht_Right Upper Arm,Baseline_ht_Right Upper Arm,Delta_ht_Right Upper Arm,PCS_Teq_Right Upper Arm,Baseline_Teq_Right Upper Arm,Delta_Teq_Right Upper Arm,PCS_ht_Left Forearm,Baseline_ht_Left Forearm,Delta_ht_Left Forearm,PCS_Teq_Left Forearm,Baseline_Teq_Left Forearm,Delta_Teq_Left Forearm,PCS_ht_Right Forearm,Baseline_ht_Right Forearm,Delta_ht_Right Forearm,PCS_Teq_Right Forearm,Baseline_Teq_Right Forearm,Delta_Teq_Right Forearm,PCS_ht_Left Hand,Baseline_ht_Left Hand,Delta_ht_Left Hand,PCS_Teq_Left Hand,Baseline_Teq_Left Hand,Delta_Teq_Left Hand,PCS_ht_Right Hand,Baseline_ht_Right Hand,Delta_ht_Right Hand,PCS_Teq_Right Hand,Baseline_Teq_Right Hand,Delta_Teq_Right Hand,PCS_ht_Left Front Thigh,Baseline_ht_Left Front Thigh,Delta_ht_Left Front Thigh,PCS_Teq_Left Front Thigh,Baseline_Teq_Left Front Thigh,Delta_Teq_Left Front Thigh,PCS_ht_Right Front Thigh,Baseline_ht_Right Front Thigh,Delta_ht_Right Front Thigh,PCS_Teq_Right Front Thigh,Baseline_Teq_Right Front Thigh,Delta_Teq_Right Front Thigh,PCS_ht_Left Back Thigh,Baseline_ht_Left Back Thigh,Delta_ht_Left Back Thigh,PCS_Teq_Left Back Thigh,Baseline_Teq_Left Back Thigh,Delta_Teq_Left Back Thigh,PCS_ht_Right Back Thigh,Baseline_ht_Right Back Thigh,Delta_ht_Right Back Thigh,PCS_Teq_Right Back Thigh,Baseline_Teq_Right Back Thigh,Delta_Teq_Right Back Thigh,PCS_ht_Left Lower Leg,Baseline_ht_Left Lower Leg,Delta_ht_Left Lower Leg,PCS_Teq_Left Lower Leg,Baseline_Teq_Left Lower Leg,Delta_Teq_Left Lower Leg,PCS_ht_Right Lower Leg,Baseline_ht_Right Lower Leg,Delta_ht_Right Lower Leg,PCS_Teq_Right Lower Leg,Baseline_Teq_Right Lower Leg,Delta_Teq_Right Lower Leg,PCS_ht_Left Foot,Baseline_ht_Left Foot,Delta_ht_Left Foot,PCS_Teq_Left Foot,Baseline_Teq_Left Foot,Delta_Teq_Left Foot,PCS_ht_Right Foot,Baseline_ht_Right Foot,Delta_ht_Right Foot,PCS_Teq_Right Foot,Baseline_Teq_Right Foot,Delta_Teq_Right Foot
1,Small desk fan (grey),Mid,135.0,60.0,25,TskControl34,2025-02-01 16:59:14,2025-02-01_ID0_NoPCS_Ta25_TskControl34.csv,2025-02-01_ID1_Small desk fan (grey)_Mid_Angle135_Distance60_Ta25_TskControl34.csv,0.19666666666667965,13.333333333333343,1.2866666666666653,-0.39666666666666117,-0.93333333333333,0.5033333333333303,0.6666666666666785,-0.8133333333333326,-1.9533333333333402,-0.10000000000000142,-0.4366666666666674,6.273333333333326,2.219999999999999,11.179999999999993,1.9866666666666788,-2.1199999999999974,-2.229999999999997,0.3900000000000148,1.4833333333333485,-4.236666666666686,-3.153333333333343,-3.9299999999999926,-0.8333333333333286,25.0,25.3,62.34,0.04,25.18,25.93,34.0,34.0,34.0,34.0,34.0,34.0,34.0,34.0,34.0,34.0,34.0,34.0,34.0,34.0,34.0,34.0,34.0,34.0,34.0,34.0,34.0,34.0,34.0,53.616666666666674,62.23333333333334,19.366666666666667,26.983333333333334,30.16666666666667,37.083333333333336,41.66666666666667,55.666666666666664,32.36666666666667,44.6,54.083333333333336,64.63333333333333,76.5,109.0,88.96666666666668,55.300000000000004,60.15,68.45,71.18333333333335,62.58333333333332,62.76666666666666,44.85,44.46666666666667,24.8,25.4,62.29,0.26,25.03,25.78,34.0,34.0,34.0,34.0,34.0,34.0,34.0,34.0,34.0,34.0,34.0,34.0,34.0,34.0,34.0,34.0,34.0,34.0,34.0,34.0,34.0,34.0,34.0,53.419999999999995,48.9,18.080000000000002,27.379999999999995,31.1,36.580000000000005,40.99999999999999,56.48,34.32000000000001,44.7,54.52,58.36,74.28,97.82000000000001,86.98,57.42,62.379999999999995,68.05999999999999,69.7,66.82000000000001,65.92,48.779999999999994,45.3,7.055933484504914,5.451505016722408,1.6044284677825056,25.18,25.03,0.14999999999999858,2.195767195767196,2.0156075808249727,0.1801596149422231,25.18,25.03,0.14999999999999858,3.059334845049131,3.052396878483835,0.006937966565295994,25.18,25.03,0.14999999999999858,3.4202569916855636,3.4671125975473807,-0.04685560586181703,25.18,25.03,0.14999999999999858,4.204459561602419,4.078037904124861,0.1264216574775574,25.18,25.03,0.14999999999999858,4.72411186696901,4.570791527313267,0.15332033965574343,25.18,25.03,0.14999999999999858,6.311413454270597,6.296544035674471,0.014869418596125783,25.18,25.03,0.14999999999999858,3.6696900982615266,3.8260869565217406,-0.156396858260214,25.18,25.03,0.14999999999999858,5.0566893424036286,4.983277591973245,0.07341175043038373,25.18,25.03,0.14999999999999858,6.131897203325775,6.078037904124861,0.053859299200913924,25.18,25.03,0.14999999999999858,7.328042328042327,6.506131549609811,0.8219107784325157,25.18,25.03,0.14999999999999858,8.673469387755102,8.280936454849499,0.39253293290560265,25.18,25.03,0.14999999999999858,12.35827664399093,10.905239687848386,1.4530369561425438,25.18,25.03,0.14999999999999858,10.086923658352232,9.696767001114829,0.39015665723740334,25.18,25.03,0.14999999999999858,6.26984126984127,6.401337792642141,-0.13149652280087132,25.18,25.03,0.14999999999999858,6.819727891156462,6.954292084726868,-0.13456419357040605,25.18,25.03,0.14999999999999858,7.76077097505669,7.587513935340022,0.17325703971666773,25.18,25.03,0.14999999999999858,8.070672713529857,7.770345596432554,0.30032711709730364,25.18,25.03,0.14999999999999858,7.095616024187451,7.449275362318843,-0.3536593381313917,25.18,25.03,0.14999999999999858,7.116402116402115,7.348940914158306,-0.2325387977561908,25.18,25.03,0.14999999999999858,5.085034013605442,5.438127090301004,-0.35309307669556134,25.18,25.03,0.14999999999999858,5.041572184429327,5.050167224080268,-0.008595039650940883,25.18,25.03,0.14999999999999858
1,Small desk fan (grey),High,135.0,60.0,25,TskControl34,2025-02-01 17:18:14,2025-02-01_ID0_NoPCS_Ta25_TskControl34.csv,2025-02-01_ID1_Small desk fan (grey)_High_Angle135_Distance60_Ta25_TskControl34.csv,1.0466666666666669,39.93333333333333,2.1533333333333324,1.503333333333341,0.26666666666666217,0.5033333333333303,2.2333333333333343,-3.029999999999987,-3.136666666666674,1.4499999999999957,-2.4866666666666717,7.7733333333333405,0.7533333333333303,11.329999999999984,1.5533333333333132,-0.9200000000000017,-3.829999999999991,1.006666666666689,0.06666666666666288,-4.5033333333333445,-1.9533333333333331,-3.8633333333333297,-0.4833333333333343,25.2,25.2,62.78,0.18,25.2,25.99,34.0,34.0,34.0,34.0,34.0,34.0,34.0,34.0,34.0,34.0,34.0,34.0,34.0,34.0,34.0,34.0,34.0,34.0,34.0,34.0,34.0,34.0,34.0,54.46666666666666,88.83333333333333,20.233333333333334,28.883333333333336,31.366666666666664,37.083333333333336,43.23333333333333,53.45000000000001,31.183333333333334,46.15,52.03333333333333,66.13333333333334,75.03333333333333,109.14999999999999,88.53333333333332,56.5,58.550000000000004,69.06666666666668,69.76666666666667,62.31666666666666,63.96666666666667,44.916666666666664,44.81666666666666,24.8,25.4,62.29,0.26,25.03,25.78,34.0,34.0,34.0,34.0,34.0,34.0,34.0,34.0,34.0,34.0,34.0,34.0,34.0,34.0,34.0,34.0,34.0,34.0,34.0,34.0,34.0,34.0,34.0,53.419999999999995,48.9,18.080000000000002,27.379999999999995,31.1,36.580000000000005,40.99999999999999,56.48,34.32000000000001,44.7,54.52,58.36,74.28,97.82000000000001,86.98,57.42,62.379999999999995,68.05999999999999,69.7,66.82000000000001,65.92,48.779999999999994,45.3,10.094696969696969,5.451505016722408,4.64319195297456,25.2,25.03,0.16999999999999815,2.2992424242424243,2.0156075808249727,0.2836348434174516,25.2,25.03,0.16999999999999815,3.2821969696969697,3.052396878483835,0.22980009121313483,25.2,25.03,0.16999999999999815,3.5643939393939386,3.4671125975473807,0.0972813418465579,25.2,25.03,0.16999999999999815,4.214015151515151,4.078037904124861,0.13597724739029005,25.2,25.03,0.16999999999999815,4.912878787878787,4.570791527313267,0.3420872605655205,25.2,25.03,0.16999999999999815,6.073863636363637,6.296544035674471,-0.2226803993108346,25.2,25.03,0.16999999999999815,3.543560606060606,3.8260869565217406,-0.2825263504611346,25.2,25.03,0.16999999999999815,5.244318181818182,4.983277591973245,0.26104058984493683,25.2,25.03,0.16999999999999815,5.912878787878787,6.078037904124861,-0.16515911624607416,25.2,25.03,0.16999999999999815,7.515151515151516,6.506131549609811,1.0090199655417047,25.2,25.03,0.16999999999999815,8.52651515151515,8.280936454849499,0.24557869666565146,25.2,25.03,0.16999999999999815,12.403409090909088,10.905239687848386,1.498169403060702,25.2,25.03,0.16999999999999815,10.060606060606059,9.696767001114829,0.3638390594912302,25.2,25.03,0.16999999999999815,6.420454545454545,6.401337792642141,0.01911675281240388,25.2,25.03,0.16999999999999815,6.653409090909091,6.954292084726868,-0.30088299381777706,25.2,25.03,0.16999999999999815,7.848484848484849,7.587513935340022,0.2609709131448268,25.2,25.03,0.16999999999999815,7.928030303030302,7.770345596432554,0.15768470659774803,25.2,25.03,0.16999999999999815,7.081439393939393,7.449275362318843,-0.3678359683794499,25.2,25.03,0.16999999999999815,7.268939393939394,7.348940914158306,-0.0800015202189126,25.2,25.03,0.16999999999999815,5.104166666666666,5.438127090301004,-0.33396042363433764,25.2,25.03,0.16999999999999815,5.092803030303029,5.050167224080268,0.0426358062227612,25.2,25.03,0.16999999999999815
1,Small desk fan (grey),Low,135.0,60.0,25,TskControl34,2025-02-01 16:44:44,2025-02-01_ID0_NoPCS_Ta25_TskControl34.csv,2025-02-01_ID1_Small desk fan (grey)_Low_Angle135_Distance60_Ta25_TskControl34.csv,0.44000000000000483,9.839999999999996,1.1599999999999966,-0.1599999999999966,0.01999999999999602,0.8599999999999923,0.8600000000000065,0.020000000000003126,-0.18000000000000682,-0.759999999999998,-0.480000000000004,5.260000000000005,-0.6000000000000085,8.119999999999976,3.4200000000000017,-1.5999999999999943,0.10000000000000142,0.6200000000000045,1.3199999999999932,-4.160000000000004,-1.4599999999999937,-2.6599999999999966,0.12000000000000455,25.0,25.1,60.78,0.03,25.06,25.76,34.0,34.0,34.0,34.0,34.0,34.0,34.0,34.0,34.0,34.0,34.0,34.0,34.0,34.0,34.0,34.0,34.0,34.0,34.0,34.0,34.0,34.0,34.0,53.86,58.739999999999995,19.24,27.22,31.119999999999997,37.44,41.86,56.5,34.14,43.940000000000005,54.04,63.620000000000005,73.67999999999999,105.93999999999998,90.4,55.82000000000001,62.48,68.67999999999999,71.02,62.660000000000004,64.46000000000001,46.12,45.42,24.8,25.4,62.29,0.26,25.03,25.78,34.0,34.0,34.0,34.0,34.0,34.0,34.0,34.0,34.0,34.0,34.0,34.0,34.0,34.0,34.0,34.0,34.0,34.0,34.0,34.0,34.0,34.0,34.0,53.419999999999995,48.9,18.080000000000002,27.379999999999995,31.1,36.580000000000005,40.99999999999999,56.48,34.32000000000001,44.7,54.52,58.36,74.28,97.82000000000001,86.98,57.42,62.379999999999995,68.05999999999999,69.7,66.82000000000001,65.92,48.779999999999994,45.3,6.570469798657717,5.451505016722408,1.1189647819353086,25.06,25.03,0.029999999999997584,2.152125279642058,2.0156075808249727,0.1365176988170851,25.06,25.03,0.029999999999997584,3.044742729306487,3.052396878483835,-0.007654149177347858,25.06,25.03,0.029999999999997584,3.480984340044742,3.4671125975473807,0.013871742497361339,25.06,25.03,0.029999999999997584,4.187919463087248,4.078037904124861,0.10988155896238627,25.06,25.03,0.029999999999997584,4.682326621923937,4.570791527313267,0.11153509461067035,25.06,25.03,0.029999999999997584,6.3199105145413865,6.296544035674471,0.02336647886691523,25.06,25.03,0.029999999999997584,3.8187919463087243,3.8260869565217406,-0.007295010213016262,25.06,25.03,0.029999999999997584,4.914988814317673,4.983277591973245,-0.06828877765557184,25.06,25.03,0.029999999999997584,6.044742729306487,6.078037904124861,-0.03329517481837474,25.06,25.03,0.029999999999997584,7.116331096196867,6.506131549609811,0.6101995465870562,25.06,25.03,0.029999999999997584,8.241610738255032,8.280936454849499,-0.03932571659446715,25.06,25.03,0.029999999999997584,11.850111856823263,10.905239687848386,0.9448721689748769,25.06,25.03,0.029999999999997584,10.11185682326622,9.696767001114829,0.41508982215139056,25.06,25.03,0.029999999999997584,6.243847874720358,6.401337792642141,-0.15748991792178302,25.06,25.03,0.029999999999997584,6.988814317673377,6.954292084726868,0.034522232946509135,25.06,25.03,0.029999999999997584,7.682326621923935,7.587513935340022,0.0948126865839134,25.06,25.03,0.029999999999997584,7.944071588366889,7.770345596432554,0.1737259919343348,25.06,25.03,0.029999999999997584,7.008948545861297,7.449275362318843,-0.4403268164575458,25.06,25.03,0.029999999999997584,7.210290827740492,7.348940914158306,-0.1386500864178144,25.06,25.03,0.029999999999997584,5.15883668903803,5.438127090301004,-0.27929040126297355,25.06,25.03,0.029999999999997584,5.080536912751677,5.050167224080268,0.0303696886714091,25.06,25.03,0.029999999999997584
1,Small desk fan (grey),Mid,135.0,60.0,22,TskControl34,2025-02-19 14:25:28,2025-02-19_ID0_NoPCS_Ta22_TskControl34.csv,2025-02-19_ID1_Small desk fan (grey)_Mid_Angle135_Distance60_Ta22_TskControl34.csv,0.7399999999999949,31.580000000000013,2.8799999999999955,-0.03999999999999204,-1.779999999999994,-0.5399999999999991,-0.6400000000000077,0.0,-0.9999999999999929,0.020000000000010232,-1.7999999999999972,3.299999999999997,1.9599999999999937,9.060000000000016,7.359999999999985,-2.239999999999995,-5.159999999999997,-1.5,-1.3000000000000114,-0.7799999999999727,-1.2199999999999847,-0.8400000000000034,0.0800000000000125,22.3,22.3,12.88,0.08,22.3,21.77,34.0,34.0,34.0,34.0,34.0,34.0,34.0,34.0,34.0,34.0,34.0,34.0,34.0,34.0,34.0,34.0,34.0,34.0,34.0,34.0,34.0,34.0,34.0,74.16,104.32000000000001,23.419999999999998,38.50000000000001,42.64,47.44,51.059999999999995,72.7,45.24,64.88,70.0,87.82000000000001,98.08,134.24,120.88,77.56,84.88000000000001,99.1,97.82,90.08000000000001,93.84,63.239999999999995,64.34,22.1,22.3,9.94,0.1,22.2,21.74,34.0,34.0,34.0,34.0,34.0,34.0,34.0,34.0,34.0,34.0,34.0,34.0,34.0,34.0,34.0,34.0,34.0,34.0,34.0,34.0,34.0,34.0,34.0,73.42,72.74,20.540000000000003,38.54,44.419999999999995,47.98,51.7,72.7,46.239999999999995,64.85999999999999,71.8,84.52000000000001,96.12,125.17999999999999,113.52000000000001,79.8,90.04,100.6,99.12,90.85999999999999,95.05999999999999,64.08,64.25999999999999,8.916239316239317,6.164406779661016,2.7518325365783003,22.299999999999997,22.2,0.09999999999999787,2.0017094017094017,1.7406779661016951,0.2610314356077066,22.3,22.2,0.10000000000000142,3.2905982905982913,3.266101694915254,0.024496595683037192,22.3,22.2,0.10000000000000142,3.644444444444445,3.7644067796610163,-0.11996233521657151,22.3,22.2,0.10000000000000142,4.0547008547008545,4.066101694915254,-0.011400840214399466,22.3,22.2,0.10000000000000142,4.364102564102564,4.38135593220339,-0.01725336810082645,22.3,22.200000000000003,0.09999999999999787,6.213675213675215,6.161016949152542,0.052658264522672305,22.3,22.2,0.10000000000000142,3.866666666666667,3.9186440677966097,-0.051977401129942535,22.3,22.2,0.10000000000000142,5.545299145299145,5.4966101694915235,0.04868897580762166,22.3,22.2,0.10000000000000142,5.982905982905983,6.084745762711864,-0.10183977980588121,22.3,22.2,0.10000000000000142,7.505982905982907,7.16271186440678,0.3432710415761271,22.3,22.2,0.10000000000000142,8.382905982905983,8.145762711864407,0.2371432710415764,22.3,22.2,0.10000000000000142,11.473504273504275,10.608474576271185,0.8650296972330906,22.3,22.2,0.10000000000000142,10.331623931623932,9.620338983050848,0.7112849485730841,22.3,22.2,0.10000000000000142,6.6290598290598295,6.762711864406779,-0.13365203534694992,22.3,22.2,0.10000000000000142,7.254700854700856,7.6305084745762715,-0.3758076198754159,22.3,22.2,0.10000000000000142,8.47008547008547,8.525423728813559,-0.05533825872808862,22.3,22.2,0.10000000000000142,8.360683760683761,8.4,-0.03931623931623918,22.3,22.2,0.10000000000000142,7.699145299145301,7.699999999999998,-0.000854700854697299,22.3,22.2,0.10000000000000142,8.02051282051282,8.05593220338983,-0.0354193828770093,22.299999999999997,22.200000000000003,0.09999999999999432,5.405128205128205,5.43050847457627,-0.025380269448065818,22.299999999999997,22.2,0.09999999999999787,5.4991452991453,5.445762711864406,0.05338258728089418,22.3,22.2,0.10000000000000142
1,Small desk fan (grey),High,135.0,60.0,22,TskControl34,2025-02-19 14:44:08,2025-02-19_ID0_NoPCS_Ta22_TskControl34.csv,2025-02-19_ID1_Small desk fan (grey)_High_Angle135_Distance60_Ta22_TskControl34.csv,0.7999999999999972,42.42,3.719999999999999,0.9399999999999977,-2.1400000000000006,-0.38000000000000256,-0.4799999999999969,-0.23999999999999488,-1.039999999999992,-0.07999999999998408,-3.6799999999999926,4.679999999999978,3.799999999999983,16.019999999999996,10.879999999999995,-1.6799999999999926,-6.700000000000003,-3.4200000000000017,-4.719999999999999,-3.359999999999971,-2.4599999999999937,-1.2800000000000011,-0.8999999999999986,22.2,22.3,25.63,0.06,22.26,21.95,34.0,34.0,34.0,34.0,34.0,34.0,34.0,34.0,34.0,34.0,34.0,34.0,34.0,34.0,34.0,34.0,34.0,34.0,34.0,34.0,34.0,34.0,34.0,74.22,115.16,24.26,39.48,42.279999999999994,47.599999999999994,51.220000000000006,72.46000000000001,45.2,64.78,68.12,89.19999999999999,99.91999999999999,141.2,124.4,78.12,83.34,97.17999999999999,94.4,87.50000000000001,92.6,62.8,63.35999999999999,22.1,22.3,9.94,0.1,22.2,21.74,34.0,34.0,34.0,34.0,34.0,34.0,34.0,34.0,34.0,34.0,34.0,34.0,34.0,34.0,34.0,34.0,34.0,34.0,34.0,34.0,34.0,34.0,34.0,73.42,72.74,20.540000000000003,38.54,44.419999999999995,47.98,51.7,72.7,46.239999999999995,64.85999999999999,71.8,84.52000000000001,96.12,125.17999999999999,113.52000000000001,79.8,90.04,100.6,99.12,90.85999999999999,95.05999999999999,64.08,64.25999999999999,9.809199318568997,6.164406779661016,3.6447925389079803,22.26,22.2,0.060000000000002274,2.066439522998297,1.7406779661016951,0.3257615568966019,22.260000000000005,22.2,0.060000000000005826,3.3628620102214652,3.266101694915254,0.0967603153062111,22.26,22.2,0.060000000000002274,3.6013628620102214,3.7644067796610163,-0.16304391765079496,22.26,22.2,0.060000000000002274,4.054514480408859,4.066101694915254,-0.011587214506395327,22.26,22.2,0.060000000000002274,4.362862010221466,4.38135593220339,-0.01849392198192401,22.26,22.200000000000003,0.05999999999999872,6.172061328790462,6.161016949152542,0.011044379637919377,22.26,22.2,0.060000000000002274,3.8500851788756396,3.9186440677966097,-0.06855888892097006,22.26,22.2,0.060000000000002274,5.517887563884157,5.4966101694915235,0.021277394392633653,22.259999999999998,22.2,0.05999999999999872,5.802385008517889,6.084745762711864,-0.28236075419397544,22.26,22.2,0.060000000000002274,7.597955706984668,7.16271186440678,0.4352438425778882,22.26,22.2,0.060000000000002274,8.51107325383305,8.145762711864407,0.3653105419686433,22.260000000000005,22.2,0.060000000000005826,12.02725724020443,10.608474576271185,1.4187826639332446,22.26,22.2,0.060000000000002274,10.596252129471893,9.620338983050848,0.9759131464210444,22.26,22.2,0.060000000000002274,6.654173764906305,6.762711864406779,-0.10853809950047477,22.26,22.2,0.060000000000002274,7.098807495741058,7.6305084745762715,-0.5317009788352136,22.26,22.2,0.060000000000002274,8.277683134582624,8.525423728813559,-0.24774059423093497,22.26,22.2,0.060000000000002274,8.040885860306645,8.4,-0.3591141396933555,22.259999999999998,22.2,0.05999999999999872,7.453151618398639,7.699999999999998,-0.24684838160135936,22.26,22.2,0.060000000000002274,7.887563884156729,8.05593220338983,-0.16836831923310047,22.26,22.200000000000003,0.05999999999999872,5.349233390119251,5.43050847457627,-0.08127508445701981,22.26,22.2,0.060000000000002274,5.3969335604770015,5.445762711864406,-0.0488291513874044,22.26,22.2,0.060000000000002274
1,Small desk fan (grey),Low,135.0,60.0,22,TskControl34,2025-02-19 14:06:18,2025-02-19_ID0_NoPCS_Ta22_TskControl34.csv,2025-02-19_ID1_Small desk fan (grey)_Low_Angle135_Distance60_Ta22_TskControl34.csv,1.4599999999999937,26.080000000000013,2.419999999999998,0.5799999999999983,-0.6400000000000006,-0.09999999999999432,0.6999999999999957,1.1200000000000045,0.960000000000008,0.020000000000010232,-0.6400000000000006,2.759999999999991,1.4200000000000017,12.000000000000014,2.4399999999999977,0.6400000000000148,-1.1200000000000045,-0.1799999999999926,0.0799999999999983,-0.6599999999999682,-0.37999999999998124,-0.3399999999999892,-0.21999999999999886,22.1,22.2,22.97,0.0,22.2,21.82,34.0,34.0,34.0,34.0,34.0,34.0,34.0,34.0,34.0,34.0,34.0,34.0,34.0,34.0,34.0,34.0,34.0,34.0,34.0,34.0,34.0,34.0,34.0,74.88,98.82000000000001,22.96,39.12,43.779999999999994,47.88,52.4,73.82000000000001,47.2,64.88,71.16,87.28,97.54,137.18,115.96000000000001,80.44000000000001,88.92,100.42,99.2,90.20000000000002,94.68,63.74000000000001,64.03999999999999,22.1,22.3,9.94,0.1,22.2,21.74,34.0,34.0,34.0,34.0,34.0,34.0,34.0,34.0,34.0,34.0,34.0,34.0,34.0,34.0,34.0,34.0,34.0,34.0,34.0,34.0,34.0,34.0,34.0,73.42,72.74,20.540000000000003,38.54,44.419999999999995,47.98,51.7,72.7,46.239999999999995,64.85999999999999,71.8,84.52000000000001,96.12,125.17999999999999,113.52000000000001,79.8,90.04,100.6,99.12,90.85999999999999,95.05999999999999,64.08,64.25999999999999,8.374576271186442,6.164406779661016,2.2101694915254253,22.200000000000003,22.2,3.552713678800501e-15,1.9457627118644067,1.7406779661016951,0.20508474576271163,22.2,22.2,0.0,3.3152542372881353,3.266101694915254,0.049152542372881136,22.2,22.2,0.0,3.710169491525423,3.7644067796610163,-0.05423728813559325,22.2,22.2,0.0,4.057627118644068,4.066101694915254,-0.008474576271185974,22.2,22.2,0.0,4.440677966101695,4.38135593220339,0.05932203389830448,22.2,22.200000000000003,-3.552713678800501e-15,6.255932203389831,6.161016949152542,0.09491525423728842,22.2,22.2,0.0,4.0,3.9186440677966097,0.08135593220339032,22.2,22.2,0.0,5.498305084745762,5.4966101694915235,0.0016949152542382606,22.2,22.2,0.0,6.030508474576271,6.084745762711864,-0.05423728813559325,22.2,22.2,0.0,7.396610169491525,7.16271186440678,0.23389830508474496,22.2,22.2,0.0,8.266101694915255,8.145762711864407,0.12033898305084811,22.200000000000003,22.2,3.552713678800501e-15,11.625423728813558,10.608474576271185,1.0169491525423737,22.2,22.2,0.0,9.827118644067797,9.620338983050848,0.20677966101694878,22.2,22.2,0.0,6.8169491525423735,6.762711864406779,0.05423728813559414,22.2,22.2,0.0,7.535593220338983,7.6305084745762715,-0.09491525423728842,22.2,22.2,0.0,8.510169491525424,8.525423728813559,-0.015254237288134576,22.200000000000003,22.2,3.552713678800501e-15,8.406779661016948,8.4,0.006779661016947713,22.199999999999996,22.2,-3.552713678800501e-15,7.64406779661017,7.699999999999998,-0.05593220338982796,22.2,22.2,0.0,8.023728813559321,8.05593220338983,-0.0322033898305083,22.199999999999996,22.200000000000003,-7.105427357601002e-15,5.401694915254238,5.43050847457627,-0.028813559322032667,22.2,22.2,0.0,5.427118644067796,5.445762711864406,-0.01864406779661021,22.2,22.2,0.0
2,Small desk fan (black),Mid (On-Off),135.0,60.0,22,TskControl34,2025-02-19 15:36:03,2025-02-19_ID0_NoPCS_Ta22_TskControl34.csv,2025-02-19_ID2_Small desk fan (black)_Mid (On-Off)_Angle135_Distance60_Ta22_TskControl34.csv,-0.480000000000004,22.019999999999996,-0.879999999999999,0.46000000000000085,-0.4399999999999977,-1.0599999999999952,-3.1600000000000037,-3.480000000000004,-2.259999999999998,0.14000000000001478,-2.6799999999999926,6.060000000000002,5.3799999999999955,12.980000000000032,11.299999999999969,-3.0,-1.9800000000000182,-6.219999999999999,-10.300000000000011,-3.239999999999995,0.05999999999998806,-0.6000000000000014,0.09999999999999432,22.2,22.4,32.6,0.13,22.29,22.06,34.0,34.0,34.0,34.0,34.0,34.0,34.0,34.0,34.0,34.0,34.0,34.0,34.0,34.0,34.0,34.0,34.0,34.0,34.0,34.0,34.0,34.0,34.0,72.94,94.75999999999999,19.660000000000004,39.0,43.98,46.92,48.54,69.22,43.98,65.0,69.12,90.58000000000001,101.5,138.16000000000003,124.81999999999998,76.8,88.05999999999999,94.38,88.82,87.61999999999999,95.11999999999998,63.48,64.35999999999999,22.1,22.3,9.94,0.1,22.2,21.74,34.0,34.0,34.0,34.0,34.0,34.0,34.0,34.0,34.0,34.0,34.0,34.0,34.0,34.0,34.0,34.0,34.0,34.0,34.0,34.0,34.0,34.0,34.0,73.42,72.74,20.540000000000003,38.54,44.419999999999995,47.98,51.7,72.7,46.239999999999995,64.85999999999999,71.8,84.52000000000001,96.12,125.17999999999999,113.52000000000001,79.8,90.04,100.6,99.12,90.85999999999999,95.05999999999999,64.08,64.25999999999999,8.092228864218615,6.164406779661016,1.927822084557599,22.29,22.2,0.08999999999999986,1.6789069171648165,1.7406779661016951,-0.06177104893687857,22.29,22.2,0.08999999999999986,3.3304867634500424,3.266101694915254,0.0643850685347882,22.29,22.2,0.08999999999999986,3.755764304013663,3.7644067796610163,-0.008642475647353542,22.29,22.2,0.08999999999999986,4.0068317677198975,4.066101694915254,-0.05926992719535651,22.29,22.2,0.08999999999999986,4.145175064047822,4.38135593220339,-0.23618086815556794,22.29,22.200000000000003,0.0899999999999963,5.911187019641332,6.161016949152542,-0.2498299295112103,22.29,22.2,0.08999999999999986,3.755764304013663,3.9186440677966097,-0.16287976378294688,22.29,22.2,0.08999999999999986,5.5508112724167376,5.4966101694915235,0.05420110292521407,22.29,22.2,0.08999999999999986,5.90264730999146,6.084745762711864,-0.18209845272040415,22.29,22.2,0.08999999999999986,7.735269000853972,7.16271186440678,0.572557136447192,22.29,22.2,0.08999999999999986,8.667805294619983,8.145762711864407,0.5220425827555761,22.29,22.2,0.08999999999999986,11.798462852263023,10.608474576271185,1.1899882759918388,22.29,22.2,0.08999999999999986,10.65926558497011,9.620338983050848,1.0389266019192611,22.29,22.2,0.08999999999999986,6.558497011101622,6.762711864406779,-0.20421485330515754,22.29,22.2,0.08999999999999986,7.520068317677198,7.6305084745762715,-0.11044015689907383,22.29,22.2,0.08999999999999986,8.059777967549103,8.525423728813559,-0.4656457612644562,22.29,22.2,0.08999999999999986,7.584970111016224,8.4,-0.8150298889837764,22.29,22.2,0.08999999999999986,7.482493595217761,7.699999999999998,-0.21750640478223726,22.29,22.2,0.08999999999999986,8.122971818958153,8.05593220338983,0.06703961556832283,22.29,22.200000000000003,0.0899999999999963,5.421007685738684,5.43050847457627,-0.009500788837586427,22.29,22.2,0.08999999999999986,5.496157130657556,5.445762711864406,0.05039441879315021,22.29,22.2,0.08999999999999986
2,Small desk fan (black),Mid (On-Off),135.0,60.0,25,TskControl34,2025-02-01 17:37:44,2025-02-01_ID0_NoPCS_Ta25_TskControl34.csv,2025-02-01_ID2_Small desk fan (black)_Mid (On-Off)_Angle135_Distance60_Ta25_TskControl34.csv,0.9000000000000128,12.600000000000001,-2.6400000000000006,1.0800000000000054,3.1000000000000014,0.8799999999999955,0.6000000000000085,-1.5999999999999872,-2.9000000000000092,0.3999999999999915,1.279999999999994,9.540000000000006,8.039999999999992,18.459999999999994,13.420000000000002,-2.020000000000003,-1.6999999999999886,1.720000000000013,0.5399999999999778,-5.160000000000004,-2.940000000000005,-5.579999999999998,-1.29999999999999,25.1,25.4,64.76,0.08,25.26,26.08,34.0,34.0,34.0,34.0,34.0,34.0,34.0,34.0,34.0,34.0,34.0,34.0,34.0,34.0,34.0,34.0,34.0,34.0,34.0,34.0,34.0,34.0,34.0,54.32000000000001,61.5,15.440000000000001,28.46,34.2,37.46,41.6,54.88000000000001,31.419999999999998,45.099999999999994,55.8,67.9,82.32,116.28,100.4,55.4,60.68000000000001,69.78,70.23999999999998,61.660000000000004,62.98,43.199999999999996,44.00000000000001,24.8,25.4,62.29,0.26,25.03,25.78,34.0,34.0,34.0,34.0,34.0,34.0,34.0,34.0,34.0,34.0,34.0,34.0,34.0,34.0,34.0,34.0,34.0,34.0,34.0,34.0,34.0,34.0,34.0,53.419999999999995,48.9,18.080000000000002,27.379999999999995,31.1,36.580000000000005,40.99999999999999,56.48,34.32000000000001,44.7,54.52,58.36,74.28,97.82000000000001,86.98,57.42,62.379999999999995,68.05999999999999,69.7,66.82000000000001,65.92,48.779999999999994,45.3,7.0366132723112145,5.451505016722408,1.585108255588806,25.26,25.03,0.23000000000000043,1.7665903890160188,2.0156075808249727,-0.24901719180895387,25.26,25.03,0.23000000000000043,3.25629290617849,3.052396878483835,0.2038960276946553,25.26,25.03,0.23000000000000043,3.9130434782608705,3.4671125975473807,0.44593088071348985,25.26,25.03,0.23000000000000043,4.286041189931351,4.078037904124861,0.2080032858064893,25.26,25.03,0.23000000000000043,4.759725400457667,4.570791527313267,0.1889338731443999,25.26,25.03,0.23000000000000043,6.279176201373,6.296544035674471,-0.017367834301471596,25.26,25.03,0.23000000000000043,3.5949656750572085,3.8260869565217406,-0.23112128146453204,25.26,25.03,0.23000000000000043,5.160183066361556,4.983277591973245,0.1769054743883114,25.26,25.03,0.23000000000000043,6.384439359267735,6.078037904124861,0.30640145514287376,25.26,25.03,0.23000000000000043,7.768878718535471,6.506131549609811,1.2627471689256602,25.26,25.03,0.23000000000000043,9.418764302059497,8.280936454849499,1.1378278472099979,25.26,25.03,0.23000000000000043,13.304347826086959,10.905239687848386,2.3991081382385726,25.26,25.03,0.23000000000000043,11.487414187643024,9.696767001114829,1.7906471865281954,25.26,25.03,0.23000000000000043,6.33867276887872,6.401337792642141,-0.06266502376342142,25.26,25.03,0.23000000000000043,6.942791762013732,6.954292084726868,-0.011500322713136057,25.26,25.03,0.23000000000000043,7.983981693363846,7.587513935340022,0.3964677580238245,25.26,25.03,0.23000000000000043,8.036613272311213,7.770345596432554,0.26626767587865885,25.26,25.03,0.23000000000000043,7.054919908466821,7.449275362318843,-0.39435545385202175,25.26,25.03,0.23000000000000043,7.205949656750573,7.348940914158306,-0.14299125740773277,25.26,25.03,0.23000000000000043,4.94279176201373,5.438127090301004,-0.49533532828727367,25.26,25.03,0.23000000000000043,5.034324942791764,5.050167224080268,-0.015842281288504623,25.26,25.03,0.23000000000000043
3,Midiam evaporative cooler (purple),Level3,135.0,60.0,22,TskControl34,2025-02-19 18:42:23,2025-02-19_ID0_NoPCS_Ta22_TskControl34.csv,2025-02-19_ID3_Midiam evaporative cooler (purple)_Level3_Angle135_Distance60_Ta22_TskControl34.csv,-0.6400000000000006,55.079999999999984,0.4799999999999969,0.7999999999999972,-1.999999999999993,-1.4199999999999946,-2.1799999999999997,-3.940000000000012,-2.3999999999999986,-1.1199999999999903,-4.240000000000009,0.3199999999999932,2.519999999999996,0.7600000000000193,7.5800000000000125,-2.8200000000000074,-3.260000000000005,-7.280000000000001,-13.38000000000001,-3.6399999999999864,-1.1799999999999926,-0.8599999999999923,-0.4199999999999804,22.2,22.2,34.7,0.07,22.2,22.09,34.0,34.0,34.0,34.0,34.0,34.0,34.0,34.0,34.0,34.0,34.0,34.0,34.0,34.0,34.0,34.0,34.0,34.0,34.0,34.0,34.0,34.0,34.0,72.78,127.81999999999998,21.02,39.339999999999996,42.42,46.56,49.52,68.75999999999999,43.839999999999996,63.739999999999995,67.55999999999999,84.84,98.64,125.94000000000001,121.10000000000002,76.97999999999999,86.78,93.32,85.74,87.22,93.88,63.220000000000006,63.84000000000001,22.1,22.3,9.94,0.1,22.2,21.74,34.0,34.0,34.0,34.0,34.0,34.0,34.0,34.0,34.0,34.0,34.0,34.0,34.0,34.0,34.0,34.0,34.0,34.0,34.0,34.0,34.0,34.0,34.0,73.42,72.74,20.540000000000003,38.54,44.419999999999995,47.98,51.7,72.7,46.239999999999995,64.85999999999999,71.8,84.52000000000001,96.12,125.17999999999999,113.52000000000001,79.8,90.04,100.6,99.12,90.85999999999999,95.05999999999999,64.08,64.25999999999999,10.832203389830505,6.164406779661016,4.667796610169489,22.2,22.2,0.0,1.7813559322033896,1.7406779661016951,0.040677966101694496,22.2,22.2,0.0,3.333898305084745,3.266101694915254,0.0677966101694909,22.2,22.2,0.0,3.594915254237288,3.7644067796610163,-0.16949152542372836,22.2,22.2,0.0,3.9457627118644067,4.066101694915254,-0.12033898305084723,22.2,22.2,0.0,4.196610169491525,4.38135593220339,-0.18474576271186471,22.2,22.200000000000003,-3.552713678800501e-15,5.827118644067795,6.161016949152542,-0.33389830508474727,22.2,22.2,0.0,3.715254237288135,3.9186440677966097,-0.20338983050847448,22.2,22.2,0.0,5.401694915254237,5.4966101694915235,-0.09491525423728664,22.2,22.2,0.0,5.725423728813558,6.084745762711864,-0.3593220338983061,22.2,22.2,0.0,7.189830508474576,7.16271186440678,0.027118644067796183,22.2,22.2,0.0,8.359322033898305,8.145762711864407,0.21355932203389827,22.2,22.2,0.0,10.672881355932203,10.608474576271185,0.06440677966101838,22.2,22.2,0.0,10.26271186440678,9.620338983050848,0.6423728813559322,22.2,22.2,0.0,6.5237288135593205,6.762711864406779,-0.23898305084745886,22.2,22.2,0.0,7.354237288135593,7.6305084745762715,-0.2762711864406784,22.2,22.2,0.0,7.908474576271185,8.525423728813559,-0.6169491525423734,22.2,22.2,0.0,7.266101694915253,8.4,-1.133898305084747,22.2,22.2,0.0,7.391525423728813,7.699999999999998,-0.3084745762711858,22.2,22.2,0.0,7.955932203389829,8.05593220338983,-0.10000000000000053,22.2,22.200000000000003,-3.552713678800501e-15,5.357627118644068,5.43050847457627,-0.07288135593220257,22.2,22.2,0.0,5.410169491525425,5.445762711864406,-0.03559322033898127,22.2,22.2,0.0
3,Midiam evaporative cooler (purple),Level2,135.0,60.0,22,TskControl34,2025-02-19 16:44:58,2025-02-19_ID0_NoPCS_Ta22_TskControl34.csv,2025-02-19_ID3_Midiam evaporative cooler (purple)_Level2_Angle135_Distance60_Ta22_TskControl34.csv,-1.279999999999987,39.520000000000024,-1.2800000000000047,0.36000000000000654,-1.759999999999991,-1.29999999999999,-2.0,-3.5,-1.6399999999999935,-0.8999999999999844,-3.6399999999999864,0.47999999999998977,0.29999999999999716,-0.12000000000000455,2.1999999999999886,-1.7999999999999972,-5.180000000000007,-12.739999999999995,-7.640000000000015,-2.819999999999979,-1.4399999999999835,1.8399999999999892,-0.5399999999999849,22.2,22.4,10.7,0.1,22.3,21.82,34.0,34.0,34.0,34.0,34.0,34.0,34.0,34.0,34.0,34.0,34.0,34.0,34.0,34.0,34.0,34.0,34.0,34.0,34.0,34.0,34.0,34.0,34.0,72.14000000000001,112.26000000000002,19.259999999999998,38.900000000000006,42.660000000000004,46.68000000000001,49.7,69.2,44.6,63.96,68.16000000000001,85.0,96.42,125.05999999999999,115.72,78.0,84.86,87.86,91.47999999999999,88.04,93.62,65.91999999999999,63.720000000000006,22.1,22.3,9.94,0.1,22.2,21.74,34.0,34.0,34.0,34.0,34.0,34.0,34.0,34.0,34.0,34.0,34.0,34.0,34.0,34.0,34.0,34.0,34.0,34.0,34.0,34.0,34.0,34.0,34.0,73.42,72.74,20.540000000000003,38.54,44.419999999999995,47.98,51.7,72.7,46.239999999999995,64.85999999999999,71.8,84.52000000000001,96.12,125.17999999999999,113.52000000000001,79.8,90.04,100.6,99.12,90.85999999999999,95.05999999999999,64.08,64.25999999999999,9.594871794871796,6.164406779661016,3.43046501521078,22.299999999999997,22.2,0.09999999999999787,1.646153846153846,1.7406779661016951,-0.09452411994784904,22.3,22.2,0.10000000000000142,3.3247863247863254,3.266101694915254,0.05868462987107126,22.3,22.2,0.10000000000000142,3.6461538461538465,3.7644067796610163,-0.11825293350716981,22.3,22.2,0.10000000000000142,3.9897435897435907,4.066101694915254,-0.0763581051716633,22.3,22.2,0.10000000000000142,4.247863247863249,4.38135593220339,-0.1334926843401414,22.300000000000004,22.200000000000003,0.10000000000000142,5.914529914529915,6.161016949152542,-0.24648703462262755,22.3,22.2,0.10000000000000142,3.811965811965812,3.9186440677966097,-0.10667825583079749,22.3,22.2,0.10000000000000142,5.466666666666667,5.4966101694915235,-0.029943502824856694,22.3,22.2,0.10000000000000142,5.825641025641027,6.084745762711864,-0.25910473707083703,22.3,22.2,0.10000000000000142,7.264957264957266,7.16271186440678,0.10224540055048603,22.3,22.2,0.10000000000000142,8.241025641025642,8.145762711864407,0.09526292916123502,22.3,22.2,0.10000000000000142,10.688888888888888,10.608474576271185,0.08041431261770349,22.3,22.2,0.10000000000000142,9.890598290598291,9.620338983050848,0.2702593075474429,22.3,22.2,0.10000000000000142,6.666666666666667,6.762711864406779,-0.09604519774011244,22.3,22.2,0.10000000000000142,7.252991452991453,7.6305084745762715,-0.3775170215848185,22.3,22.2,0.10000000000000142,7.509401709401709,8.525423728813559,-1.0160220194118494,22.3,22.2,0.10000000000000142,7.818803418803419,8.4,-0.5811965811965818,22.3,22.2,0.10000000000000142,7.524786324786326,7.699999999999998,-0.17521367521367281,22.3,22.2,0.10000000000000142,8.001709401709402,8.05593220338983,-0.054222801680428034,22.299999999999997,22.200000000000003,0.09999999999999432,5.634188034188034,5.43050847457627,0.20367955961176332,22.3,22.2,0.10000000000000142,5.446153846153847,5.445762711864406,0.00039113428944137496,22.3,22.2,0.10000000000000142
3,Midiam evaporative cooler (purple),Level1,135.0,60.0,22,TskControl34,2025-02-19 15:56:03,2025-02-19_ID0_NoPCS_Ta22_TskControl34.csv,2025-02-19_ID3_Midiam evaporative cooler (purple)_Level1_Angle135_Distance60_Ta22_TskControl34.csv,-1.6400000000000006,13.700000000000003,-0.740000000000002,-1.4399999999999906,-2.999999999999993,-0.6199999999999974,-1.8400000000000034,-3.660000000000011,-1.759999999999991,-1.319999999999986,-3.519999999999996,0.7199999999999989,-0.020000000000010232,1.6400000000000148,2.019999999999996,-2.8799999999999955,-3.4599999999999937,-2.480000000000004,-8.719999999999999,-2.079999999999984,-2.319999999999979,-0.21999999999999886,-0.79999999999999,22.1,22.5,13.97,0.15,22.28,21.79,34.0,34.0,34.0,34.0,34.0,34.0,34.0,34.0,34.0,34.0,34.0,34.0,34.0,34.0,34.0,34.0,34.0,34.0,34.0,34.0,34.0,34.0,34.0,71.78,86.44,19.8,37.10000000000001,41.42,47.36,49.86,69.03999999999999,44.480000000000004,63.54,68.28,85.24000000000001,96.1,126.82000000000001,115.54,76.92,86.58000000000001,98.11999999999999,90.4,88.78,92.74000000000001,63.86,63.46,22.1,22.3,9.94,0.1,22.2,21.74,34.0,34.0,34.0,34.0,34.0,34.0,34.0,34.0,34.0,34.0,34.0,34.0,34.0,34.0,34.0,34.0,34.0,34.0,34.0,34.0,34.0,34.0,34.0,73.42,72.74,20.540000000000003,38.54,44.419999999999995,47.98,51.7,72.7,46.239999999999995,64.85999999999999,71.8,84.52000000000001,96.12,125.17999999999999,113.52000000000001,79.8,90.04,100.6,99.12,90.85999999999999,95.05999999999999,64.08,64.25999999999999,7.37542662116041,6.164406779661016,1.211019841499394,22.28,22.2,0.08000000000000185,1.6894197952218433,1.7406779661016951,-0.05125817087985185,22.28,22.2,0.08000000000000185,3.165529010238909,3.266101694915254,-0.10057268467634506,22.28,22.2,0.08000000000000185,3.534129692832765,3.7644067796610163,-0.23027708682825132,22.28,22.2,0.08000000000000185,4.040955631399318,4.066101694915254,-0.025146063515935957,22.28,22.2,0.08000000000000185,4.254266211604096,4.38135593220339,-0.1270897205992938,22.28,22.200000000000003,0.0799999999999983,5.890784982935154,6.161016949152542,-0.27023196621738865,22.28,22.2,0.08000000000000185,3.7952218430034135,3.9186440677966097,-0.1234222247931962,22.28,22.2,0.08000000000000185,5.4215017064846425,5.4966101694915235,-0.07510846300688101,22.28,22.2,0.08000000000000185,5.825938566552901,6.084745762711864,-0.25880719615896286,22.28,22.2,0.08000000000000185,7.273037542662117,7.16271186440678,0.11032567825533768,22.28,22.2,0.08000000000000185,8.199658703071673,8.145762711864407,0.05389599120726629,22.28,22.2,0.08000000000000185,10.820819112627989,10.608474576271185,0.21234453635680417,22.28,22.2,0.08000000000000185,9.85836177474403,9.620338983050848,0.2380227916931812,22.28,22.2,0.08000000000000185,6.563139931740615,6.762711864406779,-0.19957193266616446,22.28,22.2,0.08000000000000185,7.387372013651879,7.6305084745762715,-0.24313646092439267,22.28,22.2,0.08000000000000185,8.372013651877133,8.525423728813559,-0.15341007693642617,22.28,22.2,0.08000000000000185,7.713310580204779,8.4,-0.6866894197952211,22.28,22.2,0.08000000000000185,7.575085324232083,7.699999999999998,-0.12491467576791582,22.28,22.2,0.08000000000000185,7.912969283276452,8.05593220338983,-0.1429629201133773,22.28,22.200000000000003,0.0799999999999983,5.448805460750854,5.43050847457627,0.018296986174583196,22.28,22.2,0.08000000000000185,5.414675767918089,5.445762711864406,-0.031086943946316836,22.28,22.2,0.08000000000000185
3,Midiam evaporative cooler (purple),Level4,135.0,60.0,22,TskControl34,2025-02-19 19:01:43,2025-02-19_ID0_NoPCS_Ta22_TskControl34.csv,2025-02-19_ID3_Midiam evaporative cooler (purple)_Level4_Angle135_Distance60_Ta22_TskControl34.csv,-0.7400000000000091,70.90000000000002,2.1999999999999957,1.4799999999999969,-1.7199999999999918,-0.4399999999999977,-2.979999999999997,-4.52000000000001,-3.4399999999999977,-1.7199999999999847,-6.140000000000001,-0.8000000000000114,1.460000000000008,-0.5,12.059999999999988,-4.099999999999994,-6.019999999999996,-8.719999999999999,-13.0,-4.839999999999989,-3.539999999999978,-0.8999999999999915,-1.4999999999999858,22.2,22.3,29.55,0.02,22.27,22.01,34.0,34.0,34.0,34.0,34.0,34.0,34.0,34.0,34.0,34.0,34.0,34.0,34.0,34.0,34.0,34.0,34.0,34.0,34.0,34.0,34.0,34.0,34.0,72.67999999999999,143.64000000000001,22.74,40.019999999999996,42.7,47.54,48.720000000000006,68.17999999999999,42.8,63.14,65.66,83.72,97.58000000000001,124.67999999999999,125.58,75.7,84.02000000000001,91.88,86.12,86.02,91.52000000000001,63.18000000000001,62.760000000000005,22.1,22.3,9.94,0.1,22.2,21.74,34.0,34.0,34.0,34.0,34.0,34.0,34.0,34.0,34.0,34.0,34.0,34.0,34.0,34.0,34.0,34.0,34.0,34.0,34.0,34.0,34.0,34.0,34.0,73.42,72.74,20.540000000000003,38.54,44.419999999999995,47.98,51.7,72.7,46.239999999999995,64.85999999999999,71.8,84.52000000000001,96.12,125.17999999999999,113.52000000000001,79.8,90.04,100.6,99.12,90.85999999999999,95.05999999999999,64.08,64.25999999999999,12.245524296675192,6.164406779661016,6.081117517014176,22.27,22.2,0.07000000000000028,1.9386189258312019,1.7406779661016951,0.19794095972950676,22.27,22.2,0.07000000000000028,3.4117647058823524,3.266101694915254,0.14566301096709822,22.27,22.2,0.07000000000000028,3.640238704177323,3.7644067796610163,-0.12416807548369313,22.27,22.2,0.07000000000000028,4.052855924978687,4.066101694915254,-0.013245769936567342,22.27,22.2,0.07000000000000028,4.153452685421995,4.38135593220339,-0.22790324678139484,22.27,22.200000000000003,0.06999999999999673,5.812446717817561,6.161016949152542,-0.348570231334981,22.27,22.2,0.07000000000000028,3.6487638533674334,3.9186440677966097,-0.2698802144291763,22.27,22.2,0.07000000000000028,5.382779198635976,5.4966101694915235,-0.11383097085554716,22.27,22.2,0.07000000000000028,5.597612958226769,6.084745762711864,-0.4871328044850953,22.27,22.2,0.07000000000000028,7.137254901960784,7.16271186440678,-0.025456962445995934,22.27,22.2,0.07000000000000028,8.318840579710146,8.145762711864407,0.17307786784573942,22.270000000000003,22.2,0.07000000000000384,10.629156010230178,10.608474576271185,0.020681433958992912,22.27,22.2,0.07000000000000028,10.705882352941176,9.620338983050848,1.0855433698903276,22.27,22.2,0.07000000000000028,6.453537936913896,6.762711864406779,-0.30917392749288375,22.27,22.2,0.07000000000000028,7.162830349531117,7.6305084745762715,-0.46767812504515405,22.27,22.2,0.07000000000000028,7.832907075873827,8.525423728813559,-0.692516652939732,22.27,22.2,0.07000000000000028,7.3418584825234445,8.4,-1.0581415174765558,22.27,22.2,0.07000000000000028,7.333333333333333,7.699999999999998,-0.36666666666666536,22.27,22.2,0.07000000000000028,7.80221653878943,8.05593220338983,-0.2537156646004002,22.27,22.200000000000003,0.06999999999999673,5.3861892583120206,5.43050847457627,-0.04431921626424984,22.27,22.2,0.07000000000000028,5.350383631713555,5.445762711864406,-0.09537908015085073,22.27,22.2,0.07000000000000028
3,Midiam evaporative cooler (purple),Level4,135.0,60.0,25,TskControl34,2025-02-01 18:46:45,2025-02-01_ID0_NoPCS_Ta25_TskControl34.csv,2025-02-01_ID3_Midiam evaporative cooler (purple)_Level4_Angle135_Distance60_Ta25_TskControl34.csv,2.940000000000005,69.85999999999999,1.3000000000000007,5.560000000000002,2.219999999999999,4.019999999999996,-1.019999999999996,-1.5999999999999872,-3.0600000000000094,2.979999999999997,-0.9200000000000017,8.179999999999993,-0.3400000000000034,5.959999999999994,0.14000000000000057,-1.2999999999999972,-1.720000000000006,2.240000000000009,1.980000000000004,-2.2800000000000153,0.5,-2.780000000000001,0.740000000000002,25.0,25.3,63.13,0.11,25.15,25.97,34.0,34.0,34.0,34.0,34.0,34.0,34.0,34.0,34.0,34.0,34.0,34.0,34.0,34.0,34.0,34.0,34.0,34.0,34.0,34.0,34.0,34.0,34.0,56.36,118.75999999999999,19.380000000000003,32.94,33.32,40.6,39.98,54.88000000000001,31.259999999999998,47.68,53.6,66.53999999999999,73.94,103.78,87.12,56.120000000000005,60.65999999999999,70.3,71.68,64.53999999999999,66.42,45.99999999999999,46.04,24.8,25.4,62.29,0.26,25.03,25.78,34.0,34.0,34.0,34.0,34.0,34.0,34.0,34.0,34.0,34.0,34.0,34.0,34.0,34.0,34.0,34.0,34.0,34.0,34.0,34.0,34.0,34.0,34.0,53.419999999999995,48.9,18.080000000000002,27.379999999999995,31.1,36.580000000000005,40.99999999999999,56.48,34.32000000000001,44.7,54.52,58.36,74.28,97.82000000000001,86.98,57.42,62.379999999999995,68.05999999999999,69.7,66.82000000000001,65.92,48.779999999999994,45.3,13.419209039548019,5.451505016722408,7.96770402282561,25.15,25.03,0.11999999999999744,2.1898305084745764,2.0156075808249727,0.17422292764960368,25.15,25.03,0.11999999999999744,3.722033898305084,3.052396878483835,0.6696370198212489,25.15,25.03,0.11999999999999744,3.764971751412429,3.4671125975473807,0.29785915386504813,25.15,25.03,0.11999999999999744,4.587570621468926,4.078037904124861,0.5095327173440642,25.15,25.03,0.11999999999999744,4.517514124293784,4.570791527313267,-0.05327740301948225,25.15,25.03,0.11999999999999744,6.201129943502825,6.296544035674471,-0.0954140921716462,25.15,25.03,0.11999999999999744,3.532203389830508,3.8260869565217406,-0.2938835666912327,25.15,25.03,0.11999999999999744,5.387570621468925,4.983277591973245,0.4042930294956806,25.15,25.03,0.11999999999999744,6.056497175141242,6.078037904124861,-0.02154072898361914,25.15,25.03,0.11999999999999744,7.518644067796608,6.506131549609811,1.0125125181867975,25.15,25.03,0.11999999999999744,8.354802259887004,8.280936454849499,0.07386580503750473,25.15,25.03,0.11999999999999744,11.726553672316383,10.905239687848386,0.8213139844679969,25.15,25.03,0.11999999999999744,9.844067796610169,9.696767001114829,0.14730079549534025,25.15,25.03,0.11999999999999744,6.3412429378531066,6.401337792642141,-0.060094854789034535,25.15,25.03,0.11999999999999744,6.854237288135591,6.954292084726868,-0.10005479659127658,25.15,25.03,0.11999999999999744,7.943502824858755,7.587513935340022,0.3559888895187333,25.15,25.03,0.11999999999999744,8.099435028248587,7.770345596432554,0.32908943181603334,25.15,25.03,0.11999999999999744,7.292655367231636,7.449275362318843,-0.15661999508720648,25.15,25.03,0.11999999999999744,7.505084745762711,7.348940914158306,0.15614383160440504,25.15,25.03,0.11999999999999744,5.197740112994349,5.438127090301004,-0.24038697730665515,25.15,25.03,0.11999999999999744,5.202259887005649,5.050167224080268,0.15209266292538093,25.15,25.03,0.11999999999999744
3,Midiam evaporative cooler (purple),Level3,135.0,60.0,25,TskControl34,2025-02-01 18:36:45,2025-02-01_ID0_NoPCS_Ta25_TskControl34.csv,2025-02-01_ID3_Midiam evaporative cooler (purple)_Level3_Angle135_Distance60_Ta25_TskControl34.csv,3.20000000000001,58.059999999999995,0.5600000000000023,6.240000000000002,3.460000000000001,2.0799999999999983,-0.019999999999988916,-0.5799999999999983,-0.9200000000000088,3.3999999999999986,-0.480000000000004,9.11999999999999,2.519999999999996,12.33999999999999,3.9399999999999977,-1.3200000000000003,-1.1999999999999886,2.1200000000000045,2.3400000000000034,-1.5,0.4399999999999977,-2.259999999999991,0.8200000000000003,24.8,25.3,64.7,0.15,25.02,25.92,34.0,34.0,34.0,34.0,34.0,34.0,34.0,34.0,34.0,34.0,34.0,34.0,34.0,34.0,34.0,34.0,34.0,34.0,34.0,34.0,34.0,34.0,34.0,56.620000000000005,106.96,18.640000000000004,33.62,34.56,38.660000000000004,40.980000000000004,55.9,33.4,48.1,54.04,67.47999999999999,76.8,110.16,90.92,56.1,61.18000000000001,70.17999999999999,72.04,65.32000000000001,66.36,46.52,46.12,24.8,25.4,62.29,0.26,25.03,25.78,34.0,34.0,34.0,34.0,34.0,34.0,34.0,34.0,34.0,34.0,34.0,34.0,34.0,34.0,34.0,34.0,34.0,34.0,34.0,34.0,34.0,34.0,34.0,53.419999999999995,48.9,18.080000000000002,27.379999999999995,31.1,36.580000000000005,40.99999999999999,56.48,34.32000000000001,44.7,54.52,58.36,74.28,97.82000000000001,86.98,57.42,62.379999999999995,68.05999999999999,69.7,66.82000000000001,65.92,48.779999999999994,45.3,11.910913140311802,5.451505016722408,6.459408123589394,25.02,25.03,-0.010000000000001563,2.075723830734967,2.0156075808249727,0.06011624990999431,25.02,25.03,-0.010000000000001563,3.743875278396436,3.052396878483835,0.6914783999126013,25.02,25.03,-0.010000000000001563,3.848552338530067,3.4671125975473807,0.3814397409826862,25.02,25.03,-0.010000000000001563,4.305122494432071,4.078037904124861,0.22708459030720984,25.02,25.03,-0.010000000000001563,4.56347438752784,4.570791527313267,-0.007317139785426363,25.02,25.03,-0.010000000000001563,6.224944320712694,6.296544035674471,-0.07159971496177686,25.02,25.03,-0.010000000000001563,3.7193763919821823,3.8260869565217406,-0.1067105645395583,25.02,25.03,-0.010000000000001563,5.356347438752784,4.983277591973245,0.373069846779539,25.02,25.03,-0.010000000000001563,6.017817371937639,6.078037904124861,-0.06022053218722245,25.02,25.03,-0.010000000000001563,7.514476614699331,6.506131549609811,1.0083450650895198,25.02,25.03,-0.010000000000001563,8.552338530066814,8.280936454849499,0.2714020752173152,25.02,25.03,-0.010000000000001563,12.267260579064587,10.905239687848386,1.3620208912162006,25.02,25.03,-0.010000000000001563,10.124721603563474,9.696767001114829,0.42795460244864536,25.02,25.03,-0.010000000000001563,6.247216035634744,6.401337792642141,-0.15412175700739716,25.02,25.03,-0.010000000000001563,6.812917594654789,6.954292084726868,-0.1413744900720788,25.02,25.03,-0.010000000000001563,7.815144766146992,7.587513935340022,0.22763083080697033,25.02,25.03,-0.010000000000001563,8.022271714922049,7.770345596432554,0.25192611848949475,25.02,25.03,-0.010000000000001563,7.273942093541203,7.449275362318843,-0.17533326877763944,25.02,25.03,-0.010000000000001563,7.389755011135857,7.348940914158306,0.04081409697755056,25.02,25.03,-0.010000000000001563,5.180400890868597,5.438127090301004,-0.2577261994324065,25.02,25.03,-0.010000000000001563,5.135857461024498,5.050167224080268,0.08569023694423006,25.02,25.03,-0.010000000000001563
3,Midiam evaporative cooler (purple),Level2,135.0,60.0,25,TskControl34,2025-02-01 18:27:45,2025-02-01_ID0_NoPCS_Ta25_TskControl34.csv,2025-02-01_ID3_Midiam evaporative cooler (purple)_Level2_Angle135_Distance60_Ta25_TskControl34.csv,3.1600000000000037,42.88,-0.5800000000000018,7.120000000000012,2.739999999999995,0.47999999999998977,0.2600000000000122,0.29999999999999716,-1.1600000000000037,3.520000000000003,0.0,9.320000000000007,5.840000000000003,12.879999999999995,6.480000000000004,-1.2199999999999989,1.2600000000000122,1.6400000000000148,3.5999999999999943,-1.0800000000000125,1.559999999999988,-2.6399999999999935,0.3400000000000034,24.9,25.2,64.72,0.09,25.05,25.94,34.0,34.0,34.0,34.0,34.0,34.0,34.0,34.0,34.0,34.0,34.0,34.0,34.0,34.0,34.0,34.0,34.0,34.0,34.0,34.0,34.0,34.0,34.0,56.58,91.78,17.5,34.50000000000001,33.839999999999996,37.059999999999995,41.260000000000005,56.779999999999994,33.160000000000004,48.220000000000006,54.52,67.68,80.12,110.7,93.46000000000001,56.2,63.64000000000001,69.7,73.3,65.74,67.47999999999999,46.14,45.64,24.8,25.4,62.29,0.26,25.03,25.78,34.0,34.0,34.0,34.0,34.0,34.0,34.0,34.0,34.0,34.0,34.0,34.0,34.0,34.0,34.0,34.0,34.0,34.0,34.0,34.0,34.0,34.0,34.0,53.419999999999995,48.9,18.080000000000002,27.379999999999995,31.1,36.580000000000005,40.99999999999999,56.48,34.32000000000001,44.7,54.52,58.36,74.28,97.82000000000001,86.98,57.42,62.379999999999995,68.05999999999999,69.7,66.82000000000001,65.92,48.779999999999994,45.3,10.254748603351956,5.451505016722408,4.803243586629548,25.05,25.03,0.019999999999999574,1.9553072625698324,2.0156075808249727,-0.06030031825514026,25.05,25.03,0.019999999999999574,3.8547486033519562,3.052396878483835,0.8023517248681213,25.05,25.03,0.019999999999999574,3.781005586592179,3.4671125975473807,0.3138929890447981,25.05,25.03,0.019999999999999574,4.140782122905028,4.078037904124861,0.06274421878016678,25.05,25.03,0.019999999999999574,4.6100558659217885,4.570791527313267,0.039264338608521854,25.05,25.03,0.019999999999999574,6.34413407821229,6.296544035674471,0.047590042537819066,25.05,25.03,0.019999999999999574,3.7050279329608946,3.8260869565217406,-0.12105902356084597,25.05,25.03,0.019999999999999574,5.387709497206705,4.983277591973245,0.4044319052334604,25.05,25.03,0.019999999999999574,6.091620111731844,6.078037904124861,0.0135822076069827,25.05,25.03,0.019999999999999574,7.562011173184359,6.506131549609811,1.0558796235745485,25.05,25.03,0.019999999999999574,8.95195530726257,8.280936454849499,0.6710188524130718,25.05,25.03,0.019999999999999574,12.368715083798884,10.905239687848386,1.463475395950498,25.05,25.03,0.019999999999999574,10.44245810055866,9.696767001114829,0.7456910994438317,25.05,25.03,0.019999999999999574,6.279329608938548,6.401337792642141,-0.1220081837035929,25.05,25.03,0.019999999999999574,7.110614525139666,6.954292084726868,0.15632244041279808,25.05,25.03,0.019999999999999574,7.787709497206705,7.587513935340022,0.20019556186668286,25.05,25.03,0.019999999999999574,8.189944134078212,7.770345596432554,0.41959853764565835,25.05,25.03,0.019999999999999574,7.345251396648044,7.449275362318843,-0.10402396567079819,25.05,25.03,0.019999999999999574,7.539664804469274,7.348940914158306,0.19072389031096737,25.05,25.03,0.019999999999999574,5.155307262569833,5.438127090301004,-0.28281982773117065,25.05,25.03,0.019999999999999574,5.099441340782123,5.050167224080268,0.049274116701854886,25.05,25.03,0.019999999999999574
3,Midiam evaporative cooler (purple),Level1,135.0,60.0,25,TskControl34,2025-02-01 17:54:14,2025-02-01_ID0_NoPCS_Ta25_TskControl34.csv,2025-02-01_ID3_Midiam evaporative cooler (purple)_Level1_Angle135_Distance60_Ta25_TskControl34.csv,0.3133333333333326,15.18333333333333,-1.6466666666666683,2.936666666666671,1.1666666666666714,-1.913333333333334,-2.2833333333333243,-2.030000000000001,-2.4700000000000024,2.43333333333333,-3.086666666666673,10.123333333333335,3.3866666666666703,9.413333333333327,8.570000000000007,-3.3200000000000003,-1.846666666666664,-1.2099999999999795,2.0333333333333314,-3.1366666666666703,-0.9700000000000131,-3.663333333333327,-0.8333333333333286,24.9,25.2,65.95,0.06,25.07,26.01,34.0,34.0,34.0,34.0,34.0,34.0,34.0,34.0,34.0,34.0,34.0,34.0,34.0,34.0,34.0,34.0,34.0,34.0,34.0,34.0,34.0,34.0,34.0,53.73333333333333,64.08333333333333,16.433333333333334,30.316666666666666,32.26666666666667,34.66666666666667,38.71666666666667,54.449999999999996,31.850000000000005,47.13333333333333,51.43333333333333,68.48333333333333,77.66666666666667,107.23333333333333,95.55000000000001,54.1,60.53333333333333,66.85000000000001,71.73333333333333,63.68333333333334,64.94999999999999,45.11666666666667,44.46666666666667,24.8,25.4,62.29,0.26,25.03,25.78,34.0,34.0,34.0,34.0,34.0,34.0,34.0,34.0,34.0,34.0,34.0,34.0,34.0,34.0,34.0,34.0,34.0,34.0,34.0,34.0,34.0,34.0,34.0,53.419999999999995,48.9,18.080000000000002,27.379999999999995,31.1,36.580000000000005,40.99999999999999,56.48,34.32000000000001,44.7,54.52,58.36,74.28,97.82000000000001,86.98,57.42,62.379999999999995,68.05999999999999,69.7,66.82000000000001,65.92,48.779999999999994,45.3,7.176185143710339,5.451505016722408,1.7246801269879306,25.07,25.03,0.03999999999999915,1.8402388951101158,2.0156075808249727,-0.17536868571485686,25.07,25.03,0.03999999999999915,3.3949234789100413,3.052396878483835,0.3425266004262064,25.07,25.03,0.03999999999999915,3.6132885405001876,3.4671125975473807,0.1461759429528069,25.07,25.03,0.03999999999999915,3.8820455393803663,4.078037904124861,-0.195992364744495,25.07,25.03,0.03999999999999915,4.335572974990669,4.570791527313267,-0.23521855232259803,25.07,25.03,0.03999999999999915,6.097424412094065,6.296544035674471,-0.19911962358040647,25.07,25.03,0.03999999999999915,3.566629339305712,3.8260869565217406,-0.2594576172160288,25.07,25.03,0.03999999999999915,5.278088839119074,4.983277591973245,0.2948112471458293,25.07,25.03,0.03999999999999915,5.7596117954460615,6.078037904124861,-0.31842610867879984,25.07,25.03,0.03999999999999915,7.668906308324002,6.506131549609811,1.1627747587141908,25.07,25.03,0.03999999999999915,8.697275102650243,8.280936454849499,0.41633864780074425,25.07,25.03,0.03999999999999915,12.008212019410228,10.905239687848386,1.1029723315618423,25.07,25.03,0.03999999999999915,10.699888017917134,9.696767001114829,1.0031210168023055,25.07,25.03,0.03999999999999915,6.058230683090706,6.401337792642141,-0.3431071095514353,25.07,25.03,0.03999999999999915,6.778648749533408,6.954292084726868,-0.17564333519345965,25.07,25.03,0.03999999999999915,7.486002239641659,7.587513935340022,-0.10151169569836327,25.07,25.03,0.03999999999999915,8.032848077640912,7.770345596432554,0.26250248120835806,25.07,25.03,0.03999999999999915,7.131392310563644,7.449275362318843,-0.3178830517551985,25.07,25.03,0.03999999999999915,7.273236282194848,7.348940914158306,-0.07570463196345845,25.07,25.03,0.03999999999999915,5.052258305337813,5.438127090301004,-0.38586878496319077,25.07,25.03,0.03999999999999915,4.979469951474431,5.050167224080268,-0.07069727260583747,25.07,25.03,0.03999999999999915
4,Midiam evaporative cooler (white),Low,135.0,60.0,25,TskControl34,2025-02-04 10:23:49,2025-02-04_ID0_NoPCS_Ta25_TskControl34.csv,2025-02-04_ID4_Midiam evaporative cooler (white)_Low_Angle135_Distance60_Ta25_TskControl34.csv,1.6199999999999903,61.82000000000001,5.02,4.359999999999999,-0.30000000000000426,0.5000000000000071,0.3599999999999852,-1.8999999999999986,-4.219999999999999,2.5,-0.5800000000000125,3.0999999999999943,0.23999999999999488,9.460000000000008,0.9399999999999977,-3.020000000000003,-3.779999999999987,-3.280000000000001,-1.940000000000012,-3.0,-0.7799999999999869,-1.440000000000012,-0.2600000000000051,25.5,25.4,56.79,0.0,25.4,25.83,34.0,34.0,34.0,34.0,34.0,34.0,34.0,34.0,34.0,34.0,34.0,34.0,34.0,34.0,34.0,34.0,34.0,34.0,34.0,34.0,34.0,34.0,34.0,57.44,112.9,22.18,35.019999999999996,33.4,40.120000000000005,43.61999999999999,59.379999999999995,39.04,51.4,53.67999999999999,62.8,69.35999999999999,94.72,84.16,58.660000000000004,62.38000000000001,72.78,72.08,65.4,67.58000000000001,48.21999999999999,48.0,25.4,25.2,56.77,0.08,25.29,25.72,34.0,34.0,34.0,34.0,34.0,34.0,34.0,34.0,34.0,34.0,34.0,34.0,34.0,34.0,34.0,34.0,34.0,34.0,34.0,34.0,34.0,34.0,34.0,55.82000000000001,51.08,17.16,30.659999999999997,33.7,39.62,43.260000000000005,61.279999999999994,43.26,48.9,54.260000000000005,59.7,69.11999999999999,85.25999999999999,83.22,61.68000000000001,66.16,76.06,74.02000000000001,68.4,68.36,49.660000000000004,48.260000000000005,13.127906976744185,5.8645235361653265,7.263383440578859,25.4,25.29,0.10999999999999943,2.57906976744186,1.9701492537313432,0.6089205137105167,25.4,25.29,0.10999999999999943,4.072093023255813,3.5200918484500567,0.5520011748057563,25.4,25.29,0.10999999999999943,3.8837209302325575,3.8691159586681976,0.014604971564359914,25.4,25.29,0.10999999999999943,4.665116279069768,4.548794489092995,0.11632178997677212,25.4,25.29,0.10999999999999943,5.072093023255812,4.966704936854191,0.10538808640162145,25.4,25.29,0.10999999999999943,6.904651162790696,7.035591274397243,-0.13094011160654695,25.4,25.29,0.10999999999999943,4.539534883720929,4.96670493685419,-0.42717005313326073,25.4,25.29,0.10999999999999943,5.976744186046511,5.614236509758897,0.3625076762876134,25.4,25.29,0.10999999999999943,6.241860465116277,6.229621125143513,0.01223933997276383,25.4,25.29,0.10999999999999943,7.302325581395348,6.8541905855338685,0.4481349958614791,25.4,25.29,0.10999999999999943,8.065116279069764,7.935706084959814,0.12941019410995036,25.4,25.29,0.10999999999999943,11.01395348837209,9.788748564867966,1.2252049235041245,25.4,25.29,0.10999999999999943,9.786046511627905,9.554535017221584,0.23151149440632146,25.4,25.29,0.10999999999999943,6.820930232558139,7.081515499425947,-0.2605852668678086,25.4,25.29,0.10999999999999943,7.253488372093023,7.595866819747416,-0.34237844765439274,25.4,25.29,0.10999999999999943,8.462790697674418,8.732491389207807,-0.26970069153338905,25.4,25.29,0.10999999999999943,8.381395348837207,8.498277841561425,-0.11688249272421736,25.4,25.29,0.10999999999999943,7.604651162790697,7.853042479908152,-0.24839131711745477,25.4,25.29,0.10999999999999943,7.858139534883721,7.84845005740528,0.009689477478440622,25.4,25.29,0.10999999999999943,5.606976744186045,5.701492537313433,-0.09451579312738811,25.4,25.29,0.10999999999999943,5.581395348837209,5.540757749712974,0.040637599124234924,25.4,25.29,0.10999999999999943
4,Midiam evaporative cooler (white),Mid,135.0,60.0,25,TskControl34,2025-02-04 10:40:49,2025-02-04_ID0_NoPCS_Ta25_TskControl34.csv,2025-02-04_ID4_Midiam evaporative cooler (white)_Mid_Angle135_Distance60_Ta25_TskControl34.csv,0.7999999999999972,68.50000000000001,5.52,3.3600000000000065,0.7599999999999909,-0.1599999999999966,-1.7199999999999989,-3.8399999999999963,-6.940000000000005,0.5799999999999983,-1.480000000000011,2.059999999999988,-1.299999999999983,7.360000000000014,3.0799999999999983,-3.480000000000004,-6.579999999999991,-5.920000000000002,-2.980000000000004,-2.9000000000000057,-1.5400000000000063,-1.5200000000000031,-1.7800000000000011,25.6,25.4,56.1,0.09,25.5,25.9,34.0,34.0,34.0,34.0,34.0,34.0,34.0,34.0,34.0,34.0,34.0,34.0,34.0,34.0,34.0,34.0,34.0,34.0,34.0,34.0,34.0,34.0,34.0,56.620000000000005,119.58000000000001,22.68,34.02,34.459999999999994,39.46,41.540000000000006,57.44,36.31999999999999,49.48,52.779999999999994,61.75999999999999,67.82000000000001,92.62,86.3,58.2,59.580000000000005,70.14,71.04,65.5,66.82,48.14,46.480000000000004,25.4,25.2,56.77,0.08,25.29,25.72,34.0,34.0,34.0,34.0,34.0,34.0,34.0,34.0,34.0,34.0,34.0,34.0,34.0,34.0,34.0,34.0,34.0,34.0,34.0,34.0,34.0,34.0,34.0,55.82000000000001,51.08,17.16,30.659999999999997,33.7,39.62,43.260000000000005,61.279999999999994,43.26,48.9,54.260000000000005,59.7,69.11999999999999,85.25999999999999,83.22,61.68000000000001,66.16,76.06,74.02000000000001,68.4,68.36,49.660000000000004,48.260000000000005,14.068235294117649,5.8645235361653265,8.203711757952323,25.5,25.29,0.21000000000000085,2.668235294117647,1.9701492537313432,0.6980860403863036,25.5,25.29,0.21000000000000085,4.002352941176471,3.5200918484500567,0.4822610927264144,25.5,25.29,0.21000000000000085,4.054117647058823,3.8691159586681976,0.18500168839062558,25.5,25.29,0.21000000000000085,4.642352941176471,4.548794489092995,0.09355845208347535,25.5,25.29,0.21000000000000085,4.887058823529412,4.966704936854191,-0.07964611332477833,25.5,25.29,0.21000000000000085,6.75764705882353,7.035591274397243,-0.2779442155737133,25.5,25.29,0.21000000000000085,4.272941176470588,4.96670493685419,-0.693763760383602,25.5,25.29,0.21000000000000085,5.8211764705882345,5.614236509758897,0.2069399608293372,25.5,25.29,0.21000000000000085,6.209411764705882,6.229621125143513,-0.02020936043763122,25.5,25.29,0.21000000000000085,7.265882352941175,6.8541905855338685,0.41169176740730684,25.5,25.29,0.21000000000000085,7.978823529411765,7.935706084959814,0.043117444451951314,25.5,25.29,0.21000000000000085,10.896470588235294,9.788748564867966,1.1077220233673284,25.5,25.29,0.21000000000000085,10.152941176470588,9.554535017221584,0.598406159249004,25.5,25.29,0.21000000000000085,6.847058823529412,7.081515499425947,-0.23445667589653496,25.5,25.29,0.21000000000000085,7.009411764705883,7.595866819747416,-0.5864550550415331,25.5,25.29,0.21000000000000085,8.251764705882353,8.732491389207807,-0.48072668332545376,25.5,25.29,0.21000000000000085,8.357647058823531,8.498277841561425,-0.14063078273789387,25.5,25.29,0.21000000000000085,7.705882352941177,7.853042479908152,-0.1471601269669751,25.5,25.29,0.21000000000000085,7.8611764705882345,7.84845005740528,0.01272641318295431,25.5,25.29,0.21000000000000085,5.663529411764706,5.701492537313433,-0.037963125548726495,25.5,25.29,0.21000000000000085,5.4682352941176475,5.540757749712974,-0.07252245559532611,25.5,25.29,0.21000000000000085
4,Midiam evaporative cooler (white),High,135.0,60.0,25,TskControl34,2025-02-04 10:54:49,2025-02-04_ID0_NoPCS_Ta25_TskControl34.csv,2025-02-04_ID4_Midiam evaporative cooler (white)_High_Angle135_Distance60_Ta25_TskControl34.csv,1.059999999999988,75.22,7.620000000000001,3.6199999999999974,-0.3400000000000034,-0.259999999999998,-2.8400000000000034,-5.779999999999994,-7.219999999999999,0.5600000000000023,-2.7800000000000082,4.959999999999994,-0.3399999999999892,12.219999999999999,3.3000000000000114,-4.1200000000000045,-4.939999999999991,-5.0,-7.220000000000013,-2.240000000000009,-1.279999999999987,-1.1200000000000045,-0.38000000000000256,25.4,25.4,53.93,0.02,25.4,25.67,34.0,34.0,34.0,34.0,34.0,34.0,34.0,34.0,34.0,34.0,34.0,34.0,34.0,34.0,34.0,34.0,34.0,34.0,34.0,34.0,34.0,34.0,34.0,56.879999999999995,126.3,24.78,34.279999999999994,33.36,39.36,40.42,55.5,36.04,49.46,51.48,64.66,68.78,97.47999999999999,86.52000000000001,57.56,61.220000000000006,71.06,66.8,66.16,67.08000000000001,48.54,47.88,25.4,25.2,56.77,0.08,25.29,25.72,34.0,34.0,34.0,34.0,34.0,34.0,34.0,34.0,34.0,34.0,34.0,34.0,34.0,34.0,34.0,34.0,34.0,34.0,34.0,34.0,34.0,34.0,34.0,55.82000000000001,51.08,17.16,30.659999999999997,33.7,39.62,43.260000000000005,61.279999999999994,43.26,48.9,54.260000000000005,59.7,69.11999999999999,85.25999999999999,83.22,61.68000000000001,66.16,76.06,74.02000000000001,68.4,68.36,49.660000000000004,48.260000000000005,14.686046511627904,5.8645235361653265,8.821522975462578,25.4,25.29,0.10999999999999943,2.881395348837209,1.9701492537313432,0.9112460951058656,25.4,25.29,0.10999999999999943,3.986046511627906,3.5200918484500567,0.46595466317784906,25.4,25.29,0.10999999999999943,3.8790697674418597,3.8691159586681976,0.009953808773662143,25.4,25.29,0.10999999999999943,4.576744186046511,4.548794489092995,0.02794969695351579,25.4,25.29,0.10999999999999943,4.699999999999999,4.966704936854191,-0.2667049368541914,25.4,25.29,0.10999999999999943,6.453488372093022,7.035591274397243,-0.5821029023042206,25.4,25.29,0.10999999999999943,4.190697674418604,4.96670493685419,-0.776007262435586,25.4,25.29,0.10999999999999943,5.751162790697673,5.614236509758897,0.13692628093877612,25.4,25.29,0.10999999999999943,5.986046511627905,6.229621125143513,-0.24357461351560783,25.4,25.29,0.10999999999999943,7.518604651162789,6.8541905855338685,0.6644140656289208,25.4,25.29,0.10999999999999943,7.99767441860465,7.935706084959814,0.06196833364483556,25.4,25.29,0.10999999999999943,11.334883720930229,9.788748564867966,1.5461351560622631,25.4,25.29,0.10999999999999943,10.060465116279069,9.554535017221584,0.5059300990574851,25.4,25.29,0.10999999999999943,6.693023255813952,7.081515499425947,-0.38849224361199486,25.4,25.29,0.10999999999999943,7.11860465116279,7.595866819747416,-0.4772621685846259,25.4,25.29,0.10999999999999943,8.262790697674417,8.732491389207807,-0.4697006915333901,25.4,25.29,0.10999999999999943,7.767441860465115,8.498277841561425,-0.7308359810963099,25.4,25.29,0.10999999999999943,7.6930232558139515,7.853042479908152,-0.16001922409420022,25.4,25.29,0.10999999999999943,7.8,7.84845005740528,-0.04845005740528041,25.4,25.29,0.10999999999999943,5.644186046511627,5.701492537313433,-0.05730649080180594,25.4,25.29,0.10999999999999943,5.567441860465116,5.540757749712974,0.026684110752142054,25.4,25.29,0.10999999999999943
4,Midiam evaporative cooler (white),High,135.0,60.0,22,TskControl34,2025-02-20 11:55:09,2025-02-20_ID0_NoPCS_Ta22_TskControl34.csv,2025-02-20_ID4_Midiam evaporative cooler (white)_High_Angle135_Distance60_Ta22_TskControl34.csv,1.039999999999992,111.88,-9.120000000000001,6.759999999999998,0.35999999999999943,1.6200000000000045,-3.5800000000000054,-6.039999999999992,-12.29999999999999,1.4399999999999977,-3.3400000000000034,11.700000000000003,4.280000000000001,20.319999999999993,7.680000000000007,-3.1799999999999926,-8.899999999999991,-9.579999999999998,-7.680000000000007,-5.459999999999994,-3.7399999999999807,-2.3400000000000034,-1.8400000000000034,22.2,22.2,52.06,0.23,22.2,22.34,34.0,34.0,34.0,34.0,34.0,34.0,34.0,34.0,34.0,34.0,34.0,34.0,34.0,34.0,34.0,34.0,34.0,34.0,34.0,34.0,34.0,34.0,34.0,77.75999999999999,184.16,25.7,49.32,47.8,54.580000000000005,51.879999999999995,70.58,45.36,70.28,68.8,95.75999999999999,100.46,142.84,121.28,79.62,84.66,93.62,89.0,88.34,94.82000000000001,64.56,65.03999999999999,22.1,22.3,49.02,0.15,22.19,22.27,34.0,34.0,33.980000000000004,34.0,34.0,34.0,34.0,34.0,34.0,34.0,34.0,34.0,34.0,34.0,34.0,34.0,34.0,34.0,34.0,34.0,34.0,34.0,34.0,76.72,72.28,34.82,42.56,47.44,52.96,55.46,76.61999999999999,57.65999999999999,68.84,72.14,84.05999999999999,96.17999999999999,122.52000000000001,113.6,82.8,93.55999999999999,103.2,96.68,93.8,98.55999999999999,66.9,66.88,15.606779661016947,6.120237087214226,9.486542573802721,22.2,22.19,0.00999999999999801,2.1779661016949152,2.9533502968617467,-0.7753841951668314,22.2,22.19,0.00999999999999801,4.179661016949153,3.60372565622354,0.5759353607256128,22.2,22.19,0.00999999999999801,4.0508474576271185,4.016934801016088,0.03391265661103038,22.200000000000003,22.19,0.010000000000001563,4.625423728813559,4.4843353090601195,0.1410884197534399,22.2,22.190000000000005,0.009999999999994458,4.396610169491525,4.69602032176122,-0.2994101522696955,22.2,22.19,0.00999999999999801,5.981355932203389,6.487722269263336,-0.5063663370599469,22.2,22.19,0.00999999999999801,3.8440677966101693,4.882303132938188,-1.0382353363280186,22.2,22.19,0.00999999999999801,5.95593220338983,5.828958509737512,0.12697369365231825,22.2,22.19,0.00999999999999801,5.830508474576271,6.108382726502964,-0.27787425192669346,22.2,22.19,0.00999999999999801,8.115254237288134,7.117696867061812,0.9975573702263221,22.2,22.19,0.00999999999999801,8.513559322033897,8.143945808636749,0.3696135133971481,22.2,22.19,0.00999999999999801,12.105084745762712,10.374259102455548,1.7308256433071634,22.2,22.19,0.00999999999999801,10.277966101694915,9.618966977138019,0.658999124556896,22.2,22.19,0.00999999999999801,6.747457627118644,7.0110076206604575,-0.2635499935418135,22.2,22.19,0.00999999999999801,7.17457627118644,7.922099915325995,-0.7475236441395552,22.2,22.19,0.00999999999999801,7.933898305084746,8.738357324301441,-0.8044590192166954,22.2,22.190000000000005,0.009999999999994458,7.542372881355932,8.18628281117697,-0.6439099298210378,22.2,22.189999999999998,0.010000000000001563,7.486440677966102,7.942421676545301,-0.45598099857919916,22.2,22.19,0.00999999999999801,8.035593220338983,8.345469940728197,-0.3098767203892141,22.2,22.190000000000005,0.009999999999994458,5.471186440677966,5.664690939881457,-0.19350449920349178,22.2,22.19,0.00999999999999801,5.51186440677966,5.662997459779848,-0.15113305300018798,22.2,22.19,0.00999999999999801
4,Midiam evaporative cooler (white),Mid,135.0,60.0,22,TskControl34,2025-02-20 11:46:44,2025-02-20_ID0_NoPCS_Ta22_TskControl34.csv,2025-02-20_ID4_Midiam evaporative cooler (white)_Mid_Angle135_Distance60_Ta22_TskControl34.csv,0.6599999999999966,104.29999999999998,-10.060000000000002,6.140000000000001,-0.35999999999999943,1.6200000000000045,-3.3599999999999994,-5.239999999999995,-11.419999999999987,2.279999999999987,-3.299999999999997,7.260000000000019,3.660000000000011,20.25999999999999,8.180000000000007,-3.4200000000000017,-8.379999999999995,-8.340000000000018,-11.740000000000009,-4.820000000000007,-2.779999999999987,-1.5400000000000205,-2.1599999999999966,22.1,22.3,48.7,0.16,22.19,22.26,34.0,34.0,34.0,34.0,34.0,34.0,34.0,34.0,34.0,34.0,34.0,34.0,34.0,34.0,34.0,34.0,34.0,34.0,34.0,34.0,34.0,34.0,34.0,77.38,176.57999999999998,24.759999999999998,48.7,47.08,54.580000000000005,52.1,71.38,46.24,71.11999999999999,68.84,91.32000000000001,99.84,142.78,121.78,79.38,85.17999999999999,94.85999999999999,84.94,88.97999999999999,95.78,65.35999999999999,64.72,22.1,22.3,49.02,0.15,22.19,22.27,34.0,34.0,33.980000000000004,34.0,34.0,34.0,34.0,34.0,34.0,34.0,34.0,34.0,34.0,34.0,34.0,34.0,34.0,34.0,34.0,34.0,34.0,34.0,34.0,76.72,72.28,34.82,42.56,47.44,52.96,55.46,76.61999999999999,57.65999999999999,68.84,72.14,84.05999999999999,96.17999999999999,122.52000000000001,113.6,82.8,93.55999999999999,103.2,96.68,93.8,98.55999999999999,66.9,66.88,14.951735817104149,6.120237087214226,8.831498729889923,22.19,22.19,0.0,2.096528365791702,2.9533502968617467,-0.8568219310700447,22.19,22.19,0.0,4.123624047417444,3.60372565622354,0.5198983911939039,22.19,22.19,0.0,3.98645215918713,4.016934801016088,-0.0304826418289581,22.19,22.19,0.0,4.621507197290433,4.4843353090601195,0.13717188823031368,22.19,22.190000000000005,-3.552713678800501e-15,4.41151566469094,4.69602032176122,-0.28450465707028005,22.189999999999998,22.19,-3.552713678800501e-15,6.044030482641829,6.487722269263336,-0.4436917866215069,22.19,22.19,0.0,3.9153259949195602,4.882303132938188,-0.9669771380186276,22.19,22.19,0.0,6.022015241320914,5.828958509737512,0.1930567315834022,22.19,22.19,0.0,5.828958509737512,6.108382726502964,-0.27942421676545237,22.19,22.19,0.0,7.73243014394581,7.117696867061812,0.6147332768839977,22.19,22.19,0.0,8.45385266723116,8.143945808636749,0.30990685859441136,22.189999999999998,22.19,-3.552713678800501e-15,12.089754445385267,10.374259102455548,1.715495342929719,22.19,22.19,0.0,10.31160033869602,9.618966977138019,0.692633361558002,22.19,22.19,0.0,6.7214225232853515,7.0110076206604575,-0.28958509737510596,22.19,22.19,0.0,7.2125317527519055,7.922099915325995,-0.7095681625740893,22.19,22.19,0.0,8.032176121930567,8.738357324301441,-0.7061812023708747,22.19,22.190000000000005,-3.552713678800501e-15,7.1922099915326,8.18628281117697,-0.9940728196443693,22.19,22.189999999999998,3.552713678800501e-15,7.534292972057578,7.942421676545301,-0.40812870448772287,22.19,22.19,0.0,8.110076206604573,8.345469940728197,-0.2353937341236243,22.19,22.190000000000005,-3.552713678800501e-15,5.534292972057577,5.664690939881457,-0.13039796782388002,22.19,22.19,0.0,5.480101608806097,5.662997459779848,-0.18289585097375038,22.19,22.19,0.0
4,Midiam evaporative cooler (white),Low,135.0,60.0,22,TskControl34,2025-02-20 11:20:29,2025-02-20_ID0_NoPCS_Ta22_TskControl34.csv,2025-02-20_ID4_Midiam evaporative cooler (white)_Low_Angle135_Distance60_Ta22_TskControl34.csv,0.7800000000000011,92.82,-8.900000000000002,5.82,-0.11999999999999744,1.279999999999994,-3.460000000000001,-3.339999999999989,-9.959999999999987,0.4000000000000057,-3.8799999999999955,6.420000000000002,0.04000000000000625,15.039999999999992,8.319999999999993,-2.5799999999999983,-8.679999999999978,-7.400000000000006,-5.0800000000000125,-4.680000000000007,-1.059999999999988,-2.0600000000000023,-0.9799999999999898,22.1,22.2,48.05,0.01,22.18,22.25,34.0,34.0,34.0,34.0,34.0,34.0,34.0,34.0,34.0,34.0,34.0,34.0,34.0,34.0,34.0,34.0,34.0,34.0,34.0,34.0,34.0,34.0,34.0,77.5,165.1,25.919999999999998,48.38,47.32,54.239999999999995,52.0,73.28,47.7,69.24000000000001,68.26,90.47999999999999,96.22,137.56,121.91999999999999,80.22,84.88000000000001,95.8,91.6,89.11999999999999,97.5,64.84,65.9,22.1,22.3,49.02,0.15,22.19,22.27,34.0,34.0,33.980000000000004,34.0,34.0,34.0,34.0,34.0,34.0,34.0,34.0,34.0,34.0,34.0,34.0,34.0,34.0,34.0,34.0,34.0,34.0,34.0,34.0,76.72,72.28,34.82,42.56,47.44,52.96,55.46,76.61999999999999,57.65999999999999,68.84,72.14,84.05999999999999,96.17999999999999,122.52000000000001,113.6,82.8,93.55999999999999,103.2,96.68,93.8,98.55999999999999,66.9,66.88,13.967851099830794,6.120237087214226,7.847614012616567,22.18,22.19,-0.010000000000001563,2.1928934010152283,2.9533502968617467,-0.7604568958465183,22.18,22.19,-0.010000000000001563,4.093062605752961,3.60372565622354,0.4893369495294215,22.18,22.19,-0.010000000000001563,4.003384094754653,4.016934801016088,-0.013550706261435508,22.18,22.19,-0.010000000000001563,4.588832487309644,4.4843353090601195,0.10449717824952476,22.18,22.190000000000005,-0.010000000000005116,4.399323181049069,4.69602032176122,-0.29669714071215125,22.18,22.19,-0.010000000000001563,6.199661590524535,6.487722269263336,-0.2880606787388009,22.18,22.19,-0.010000000000001563,4.035532994923858,4.882303132938188,-0.84677013801433,22.18,22.19,-0.010000000000001563,5.857868020304569,5.828958509737512,0.028909510567057595,22.18,22.19,-0.010000000000001563,5.774957698815567,6.108382726502964,-0.33342502768739735,22.18,22.19,-0.010000000000001563,7.654822335025379,7.117696867061812,0.5371254679635671,22.18,22.19,-0.010000000000001563,8.140439932318104,8.143945808636749,-0.0035058763186448516,22.18,22.19,-0.010000000000001563,11.637901861252114,10.374259102455548,1.263642758796566,22.18,22.19,-0.010000000000001563,10.31472081218274,9.618966977138019,0.6957538350447212,22.18,22.19,-0.010000000000001563,6.786802030456853,7.0110076206604575,-0.22420559020360464,22.18,22.19,-0.010000000000001563,7.181049069373943,7.922099915325995,-0.741050845952052,22.18,22.19,-0.010000000000001563,8.104906937394247,8.738357324301441,-0.6334503869071941,22.18,22.190000000000005,-0.010000000000005116,7.749576988155668,8.18628281117697,-0.4367058230213017,22.18,22.189999999999998,-0.00999999999999801,7.539763113367173,7.942421676545301,-0.40265856317812787,22.18,22.19,-0.010000000000001563,8.248730964467004,8.345469940728197,-0.09673897626119299,22.18,22.190000000000005,-0.010000000000005116,5.485617597292724,5.664690939881457,-0.1790733425887332,22.18,22.19,-0.010000000000001563,5.575296108291033,5.662997459779848,-0.08770135148881497,22.18,22.19,-0.010000000000001563
5,"Big desk fan (daison, short)",Level8,135.0,90.0,22,TskControl34,2025-02-20 13:38:39,2025-02-20_ID0_NoPCS_Ta22_TskControl34.csv,"2025-02-20_ID5_Big desk fan (daison, short)_Level8_Angle135_Distance90_Ta22_TskControl34.csv",3.519999999999982,108.52000000000001,4.440000000000005,6.339999999999996,3.4000000000000057,4.899999999999999,-1.3200000000000003,-5.519999999999996,-12.77999999999998,3.1999999999999886,1.1000000000000085,9.540000000000006,6.280000000000001,22.45999999999998,16.180000000000035,-2.9599999999999937,-2.019999999999996,-8.340000000000018,-4.960000000000008,-4.559999999999988,-0.6199999999999903,-3.160000000000011,-2.719999999999999,22.2,22.4,36.17,0.18,22.29,22.12,34.0,34.0,34.0,34.0,34.0,34.0,34.0,34.0,34.0,34.0,34.0,34.0,34.0,34.0,34.0,34.0,34.0,34.0,34.0,34.0,34.0,34.0,34.0,80.23999999999998,180.8,39.260000000000005,48.9,50.84,57.86,54.14,71.1,44.88000000000001,72.03999999999999,73.24000000000001,93.6,102.46,144.98,129.78000000000003,79.84,91.53999999999999,94.85999999999999,91.72,89.24000000000001,97.94,63.739999999999995,64.16,22.1,22.3,49.02,0.15,22.19,22.27,34.0,34.0,33.980000000000004,34.0,34.0,34.0,34.0,34.0,34.0,34.0,34.0,34.0,34.0,34.0,34.0,34.0,34.0,34.0,34.0,34.0,34.0,34.0,34.0,76.72,72.28,34.82,42.56,47.44,52.96,55.46,76.61999999999999,57.65999999999999,68.84,72.14,84.05999999999999,96.17999999999999,122.52000000000001,113.6,82.8,93.55999999999999,103.2,96.68,93.8,98.55999999999999,66.9,66.88,15.439795046968403,6.120237087214226,9.319557959754176,22.29,22.19,0.09999999999999787,3.3526900085397098,2.9533502968617467,0.3993397116779631,22.29,22.19,0.09999999999999787,4.175918018787361,3.60372565622354,0.5721923625638214,22.29,22.19,0.09999999999999787,4.341588385994876,4.016934801016088,0.3246535849787877,22.29,22.19,0.09999999999999787,4.941076003415883,4.4843353090601195,0.4567406943557639,22.29,22.190000000000005,0.09999999999999432,4.623398804440649,4.69602032176122,-0.0726215173205711,22.29,22.19,0.09999999999999787,6.071733561058923,6.487722269263336,-0.4159887082044129,22.29,22.19,0.09999999999999787,3.8326216908625113,4.882303132938188,-1.0496814420756766,22.29,22.19,0.09999999999999787,6.152006831767719,5.828958509737512,0.32304832203020695,22.29,22.19,0.09999999999999787,6.254483347566183,6.108382726502964,0.1461006210632192,22.29,22.19,0.09999999999999787,7.993168232280102,7.117696867061812,0.8754713652182895,22.29,22.19,0.09999999999999787,8.749786507258753,8.143945808636749,0.6058406986220035,22.29,22.19,0.09999999999999787,12.380871050384286,10.374259102455548,2.0066119479287376,22.29,22.19,0.09999999999999787,11.082835183603759,9.618966977138019,1.4638682064657402,22.29,22.19,0.09999999999999787,6.818104184457728,7.0110076206604575,-0.19290343620272932,22.29,22.19,0.09999999999999787,7.81725021349274,7.922099915325995,-0.10484970183325437,22.29,22.19,0.09999999999999787,8.100768573868487,8.738357324301441,-0.637588750432954,22.29,22.190000000000005,0.09999999999999432,7.83262169086251,8.18628281117697,-0.3536611203144595,22.29,22.189999999999998,0.10000000000000142,7.620836891545688,7.942421676545301,-0.3215847849996134,22.29,22.19,0.09999999999999787,8.363791631084542,8.345469940728197,0.01832169035634479,22.29,22.190000000000005,0.09999999999999432,5.443210930828351,5.664690939881457,-0.22148000905310639,22.29,22.19,0.09999999999999787,5.479077711357813,5.662997459779848,-0.18391974842203496,22.29,22.19,0.09999999999999787
5,"Big desk fan (daison, short)",Level5,135.0,90.0,22,TskControl34,2025-02-20 13:28:59,2025-02-20_ID0_NoPCS_Ta22_TskControl34.csv,"2025-02-20_ID5_Big desk fan (daison, short)_Level5_Angle135_Distance90_Ta22_TskControl34.csv",0.980000000000004,91.34,-2.0400000000000063,4.6399999999999935,2.4399999999999977,2.279999999999994,-3.720000000000006,-9.11999999999999,-13.159999999999982,0.7399999999999949,-0.519999999999996,5.460000000000022,5.800000000000011,14.159999999999997,12.640000000000015,-5.219999999999999,-3.279999999999987,-9.060000000000002,-6.1000000000000085,-4.540000000000006,-1.3199999999999932,-4.019999999999996,-2.6200000000000045,22.2,22.3,41.47,0.07,22.25,22.22,34.0,34.0,34.0,34.0,34.0,34.0,34.0,34.0,34.0,34.0,34.0,34.0,34.0,34.0,34.0,34.0,34.0,34.0,34.0,34.0,34.0,34.0,34.0,77.7,163.62,32.779999999999994,47.199999999999996,49.879999999999995,55.239999999999995,51.739999999999995,67.5,44.50000000000001,69.58,71.62,89.52000000000001,101.98,136.68,126.24000000000001,77.58,90.28,94.14,90.58,89.25999999999999,97.24,62.88000000000001,64.25999999999999,22.1,22.3,49.02,0.15,22.19,22.27,34.0,34.0,33.980000000000004,34.0,34.0,34.0,34.0,34.0,34.0,34.0,34.0,34.0,34.0,34.0,34.0,34.0,34.0,34.0,34.0,34.0,34.0,34.0,34.0,76.72,72.28,34.82,42.56,47.44,52.96,55.46,76.61999999999999,57.65999999999999,68.84,72.14,84.05999999999999,96.17999999999999,122.52000000000001,113.6,82.8,93.55999999999999,103.2,96.68,93.8,98.55999999999999,66.9,66.88,13.925106382978724,6.120237087214226,7.804869295764497,22.25,22.19,0.05999999999999872,2.7897872340425525,2.9533502968617467,-0.1635630628191942,22.25,22.19,0.05999999999999872,4.017021276595744,3.60372565622354,0.41329562037220446,22.25,22.19,0.05999999999999872,4.245106382978723,4.016934801016088,0.2281715819626351,22.25,22.19,0.05999999999999872,4.70127659574468,4.4843353090601195,0.2169412866845608,22.25,22.190000000000005,0.05999999999999517,4.403404255319148,4.69602032176122,-0.29261606644207205,22.25,22.19,0.05999999999999872,5.74468085106383,6.487722269263336,-0.743041418199506,22.25,22.19,0.05999999999999872,3.7872340425531923,4.882303132938188,-1.0950690903849956,22.25,22.19,0.05999999999999872,5.921702127659574,5.828958509737512,0.09274361792206243,22.25,22.19,0.05999999999999872,6.095319148936171,6.108382726502964,-0.013063577566793327,22.25,22.19,0.05999999999999872,7.61872340425532,7.117696867061812,0.5010265371935079,22.25,22.19,0.05999999999999872,8.679148936170213,8.143945808636749,0.5352031275334639,22.25,22.19,0.05999999999999872,11.632340425531915,10.374259102455548,1.2580813230763663,22.25,22.19,0.05999999999999872,10.743829787234043,9.618966977138019,1.1248628100960243,22.25,22.19,0.05999999999999872,6.602553191489362,7.0110076206604575,-0.40845442917109587,22.25,22.19,0.05999999999999872,7.683404255319149,7.922099915325995,-0.2386956600068455,22.25,22.19,0.05999999999999872,8.011914893617021,8.738357324301441,-0.7264424306844202,22.25,22.190000000000005,0.05999999999999517,7.708936170212766,8.18628281117697,-0.4773466409642033,22.25,22.189999999999998,0.060000000000002274,7.59659574468085,7.942421676545301,-0.345825931864451,22.25,22.19,0.05999999999999872,8.275744680851064,8.345469940728197,-0.06972525987713318,22.25,22.190000000000005,0.05999999999999517,5.351489361702129,5.664690939881457,-0.3132015781793287,22.25,22.19,0.05999999999999872,5.468936170212765,5.662997459779848,-0.1940612895670828,22.25,22.19,0.05999999999999872
5,"Big desk fan (daison, short)",Level10,135.0,90.0,22,TskControl34,2025-02-20 14:10:39,2025-02-20_ID0_NoPCS_Ta22_TskControl34.csv,"2025-02-20_ID5_Big desk fan (daison, short)_Level10_Angle135_Distance90_Ta22_TskControl34.csv",4.240000000000009,121.32,-0.8599999999999994,8.519999999999996,5.560000000000002,8.019999999999996,1.0,-5.999999999999986,-12.479999999999997,4.840000000000003,3.500000000000014,9.940000000000012,7.160000000000011,24.78,17.440000000000026,-4.039999999999992,-2.359999999999985,-7.679999999999993,-4.560000000000002,-4.440000000000012,-0.8199999999999932,-4.000000000000007,-4.279999999999994,22.2,22.3,39.54,0.0,22.3,22.18,34.0,33.940000000000005,34.0,34.0,34.0,34.0,34.0,34.0,34.0,34.0,34.0,34.0,34.0,34.0,34.0,34.0,34.0,34.0,34.0,34.0,34.0,34.0,34.0,80.96000000000001,193.6,33.96,51.08,53.0,60.98,56.46,70.62,45.17999999999999,73.68,75.64000000000001,94.0,103.34,147.3,131.04000000000002,78.76,91.2,95.52000000000001,92.12,89.35999999999999,97.74,62.9,62.6,22.1,22.3,49.02,0.15,22.19,22.27,34.0,34.0,33.980000000000004,34.0,34.0,34.0,34.0,34.0,34.0,34.0,34.0,34.0,34.0,34.0,34.0,34.0,34.0,34.0,34.0,34.0,34.0,34.0,34.0,76.72,72.28,34.82,42.56,47.44,52.96,55.46,76.61999999999999,57.65999999999999,68.84,72.14,84.05999999999999,96.17999999999999,122.52000000000001,113.6,82.8,93.55999999999999,103.2,96.68,93.8,98.55999999999999,66.9,66.88,16.632302405498276,6.120237087214226,10.51206531828405,22.3,22.19,0.10999999999999943,2.902564102564103,2.9533502968617467,-0.05078619429764375,22.3,22.19,0.10999999999999943,4.365811965811966,3.60372565622354,0.7620863095884265,22.300000000000004,22.19,0.11000000000000298,4.52991452991453,4.016934801016088,0.5129797288984417,22.299999999999997,22.19,0.10999999999999588,5.211965811965812,4.4843353090601195,0.7276305029056926,22.3,22.190000000000005,0.10999999999999588,4.825641025641026,4.69602032176122,0.12962070387980607,22.3,22.19,0.10999999999999943,6.035897435897437,6.487722269263336,-0.4518248333658992,22.3,22.19,0.10999999999999943,3.861538461538461,4.882303132938188,-1.0207646713997267,22.3,22.19,0.10999999999999943,6.297435897435898,5.828958509737512,0.4684773876983863,22.3,22.19,0.10999999999999943,6.464957264957267,6.108382726502964,0.35657453845430265,22.3,22.19,0.10999999999999943,8.034188034188034,7.117696867061812,0.9164911671262219,22.3,22.19,0.10999999999999943,8.832478632478633,8.143945808636749,0.688532823841884,22.3,22.19,0.10999999999999943,12.589743589743591,10.374259102455548,2.215484487288043,22.3,22.19,0.10999999999999943,11.200000000000003,9.618966977138019,1.581033022861984,22.3,22.19,0.10999999999999943,6.731623931623933,7.0110076206604575,-0.2793836890365249,22.3,22.19,0.10999999999999943,7.794871794871796,7.922099915325995,-0.12722812045419918,22.3,22.19,0.10999999999999943,8.164102564102565,8.738357324301441,-0.5742547601988761,22.3,22.190000000000005,0.10999999999999588,7.873504273504274,8.18628281117697,-0.3127785376726955,22.3,22.189999999999998,0.11000000000000298,7.637606837606837,7.942421676545301,-0.30481483893846395,22.3,22.19,0.10999999999999943,8.353846153846154,8.345469940728197,0.00837621311795722,22.3,22.190000000000005,0.10999999999999588,5.3760683760683765,5.664690939881457,-0.2886225638130808,22.3,22.19,0.10999999999999943,5.350427350427351,5.662997459779848,-0.31257010935249685,22.3,22.19,0.10999999999999943
5,"Big desk fan (daison, short)",Level1,135.0,90.0,22,TskControl34,2025-02-20 12:39:24,2025-02-20_ID0_NoPCS_Ta22_TskControl34.csv,"2025-02-20_ID5_Big desk fan (daison, short)_Level1_Angle135_Distance90_Ta22_TskControl34.csv",-2.0999999999999943,54.579999999999984,-12.02,0.8799999999999955,-2.019999999999996,-3.0800000000000054,-3.6000000000000014,-6.579999999999998,-12.839999999999982,-1.6200000000000045,-2.3400000000000034,2.9200000000000017,1.5200000000000244,10.45999999999998,7.140000000000015,-5.159999999999982,-5.700000000000003,-9.200000000000003,-7.260000000000005,-5.019999999999996,-3.2999999999999687,-2.420000000000016,-2.5600000000000023,22.3,22.3,40.39,0.11,22.3,22.2,34.0,34.0,34.0,34.0,34.0,34.0,34.0,34.0,34.0,34.0,34.0,34.0,34.0,34.0,34.0,34.0,34.0,34.0,34.0,34.0,34.0,34.0,34.0,74.62,126.85999999999999,22.8,43.44,45.42,49.879999999999995,51.86,70.03999999999999,44.82000000000001,67.22,69.8,86.97999999999999,97.70000000000002,132.98,120.74000000000001,77.64000000000001,87.85999999999999,94.0,89.42,88.78,95.26000000000002,64.47999999999999,64.32,22.1,22.3,49.02,0.15,22.19,22.27,34.0,34.0,33.980000000000004,34.0,34.0,34.0,34.0,34.0,34.0,34.0,34.0,34.0,34.0,34.0,34.0,34.0,34.0,34.0,34.0,34.0,34.0,34.0,34.0,76.72,72.28,34.82,42.56,47.44,52.96,55.46,76.61999999999999,57.65999999999999,68.84,72.14,84.05999999999999,96.17999999999999,122.52000000000001,113.6,82.8,93.55999999999999,103.2,96.68,93.8,98.55999999999999,66.9,66.88,10.842735042735042,6.120237087214226,4.722497955520815,22.3,22.19,0.10999999999999943,1.948717948717949,2.9533502968617467,-1.0046323481437978,22.3,22.19,0.10999999999999943,3.712820512820513,3.60372565622354,0.10909485659697316,22.3,22.19,0.10999999999999943,3.8820512820512825,4.016934801016088,-0.13488351896480566,22.3,22.19,0.10999999999999943,4.263247863247863,4.4843353090601195,-0.22108744581225626,22.3,22.190000000000005,0.10999999999999588,4.432478632478633,4.69602032176122,-0.2635416892825875,22.3,22.19,0.10999999999999943,5.986324786324786,6.487722269263336,-0.5013974829385495,22.3,22.19,0.10999999999999943,3.830769230769232,4.882303132938188,-1.051533902168956,22.3,22.19,0.10999999999999943,5.745299145299145,5.828958509737512,-0.08365936443836652,22.3,22.19,0.10999999999999943,5.965811965811966,6.108382726502964,-0.14257076069099828,22.3,22.19,0.10999999999999943,7.4341880341880335,7.117696867061812,0.3164911671262214,22.3,22.19,0.10999999999999943,8.350427350427353,8.143945808636749,0.20648154179060363,22.3,22.19,0.10999999999999943,11.365811965811966,10.374259102455548,0.9915528633564179,22.3,22.19,0.10999999999999943,10.31965811965812,9.618966977138019,0.7006911425201015,22.3,22.19,0.10999999999999943,6.635897435897437,7.0110076206604575,-0.37511018476302027,22.3,22.19,0.10999999999999943,7.5094017094017085,7.922099915325995,-0.4126982059242863,22.3,22.19,0.10999999999999943,8.034188034188034,8.738357324301441,-0.7041692901134073,22.3,22.190000000000005,0.10999999999999588,7.642735042735043,8.18628281117697,-0.5435477684419263,22.3,22.189999999999998,0.11000000000000298,7.588034188034189,7.942421676545301,-0.35438748851111246,22.3,22.19,0.10999999999999943,8.141880341880343,8.345469940728197,-0.203589598847854,22.299999999999997,22.190000000000005,0.10999999999999233,5.51111111111111,5.664690939881457,-0.15357982877034715,22.3,22.19,0.10999999999999943,5.4974358974358974,5.662997459779848,-0.16556156234395036,22.3,22.19,0.10999999999999943
5,"Big desk fan (daison, short)",Level3,135.0,90.0,22,TskControl34,2025-02-20 13:09:14,2025-02-20_ID0_NoPCS_Ta22_TskControl34.csv,"2025-02-20_ID5_Big desk fan (daison, short)_Level3_Angle135_Distance90_Ta22_TskControl34.csv",-0.6800000000000068,70.97999999999999,-10.14,3.1000000000000014,0.8200000000000003,1.6800000000000068,-4.419999999999995,-5.9399999999999835,-13.29999999999999,0.35999999999999943,-2.5400000000000063,4.340000000000018,2.0400000000000063,14.859999999999985,10.199999999999989,-4.5,-4.339999999999989,-8.820000000000007,-8.47999999999999,-5.759999999999991,-2.779999999999987,-3.3000000000000043,-1.9999999999999858,22.2,22.3,37.18,0.0,22.3,22.14,34.0,34.0,34.0,34.0,34.0,34.0,34.0,34.0,34.0,34.0,34.0,34.0,34.0,34.0,34.0,34.0,34.0,34.0,34.0,34.0,34.0,34.0,34.0,76.03999999999999,143.26,24.68,45.660000000000004,48.26,54.64000000000001,51.040000000000006,70.68,44.36,69.2,69.6,88.4,98.22,137.38,123.79999999999998,78.3,89.22,94.38,88.20000000000002,88.04,95.78,63.6,64.88000000000001,22.1,22.3,49.02,0.15,22.19,22.27,34.0,34.0,33.980000000000004,34.0,34.0,34.0,34.0,34.0,34.0,34.0,34.0,34.0,34.0,34.0,34.0,34.0,34.0,34.0,34.0,34.0,34.0,34.0,34.0,76.72,72.28,34.82,42.56,47.44,52.96,55.46,76.61999999999999,57.65999999999999,68.84,72.14,84.05999999999999,96.17999999999999,122.52000000000001,113.6,82.8,93.55999999999999,103.2,96.68,93.8,98.55999999999999,66.9,66.88,12.244444444444444,6.120237087214226,6.124207357230217,22.3,22.19,0.10999999999999943,2.1094017094017095,2.9533502968617467,-0.8439485874600372,22.3,22.19,0.10999999999999943,3.902564102564103,3.60372565622354,0.2988384463405631,22.3,22.19,0.10999999999999943,4.124786324786325,4.016934801016088,0.1078515237702371,22.300000000000004,22.19,0.11000000000000298,4.670085470085471,4.4843353090601195,0.1857501610253518,22.3,22.190000000000005,0.10999999999999588,4.362393162393163,4.69602032176122,-0.3336271593680573,22.3,22.19,0.10999999999999943,6.041025641025642,6.487722269263336,-0.44669662823769407,22.3,22.19,0.10999999999999943,3.7914529914529917,4.882303132938188,-1.090850141485196,22.3,22.19,0.10999999999999943,5.914529914529915,5.828958509737512,0.085571404792403,22.3,22.19,0.10999999999999943,5.948717948717949,6.108382726502964,-0.1596647777850153,22.3,22.19,0.10999999999999943,7.555555555555556,7.117696867061812,0.4378586884937441,22.3,22.19,0.10999999999999943,8.394871794871795,8.143945808636749,0.25092598623504614,22.3,22.19,0.10999999999999943,11.741880341880343,10.374259102455548,1.3676212394247944,22.3,22.19,0.10999999999999943,10.581196581196581,9.618966977138019,0.9622296040585621,22.3,22.19,0.10999999999999943,6.6923076923076925,7.0110076206604575,-0.31869992835276495,22.3,22.19,0.10999999999999943,7.625641025641026,7.922099915325995,-0.2964588896849687,22.3,22.19,0.10999999999999943,8.066666666666666,8.738357324301441,-0.671690657634775,22.3,22.190000000000005,0.10999999999999588,7.53846153846154,8.18628281117697,-0.6478212727154293,22.3,22.189999999999998,0.11000000000000298,7.524786324786326,7.942421676545301,-0.4176353517589755,22.3,22.19,0.10999999999999943,8.186324786324787,8.345469940728197,-0.1591451544034097,22.3,22.190000000000005,0.10999999999999588,5.435897435897436,5.664690939881457,-0.2287935039840212,22.3,22.19,0.10999999999999943,5.545299145299146,5.662997459779848,-0.11769831448070178,22.299999999999997,22.19,0.10999999999999588
5,"Big desk fan (daison, short)",Level10,135.0,90.0,25,TskControl34,2025-02-04 12:34:49,2025-02-04_ID0_NoPCS_Ta25_TskControl34.csv,"2025-02-04_ID5_Big desk fan (daison, short)_Level10_Angle135_Distance90_Ta25_TskControl34.csv",3.3999999999999986,89.08,7.940000000000001,6.580000000000005,5.539999999999992,1.1799999999999997,0.519999999999996,-6.739999999999988,-11.219999999999999,5.600000000000001,2.6199999999999903,9.200000000000003,6.160000000000011,25.08,13.099999999999994,-2.6000000000000085,-5.8999999999999915,-3.5800000000000125,-3.240000000000009,-3.3000000000000114,-2.4399999999999977,-2.260000000000005,-2.680000000000007,25.4,25.2,52.56,0.18,25.31,25.61,34.0,34.0,34.0,34.0,34.0,34.0,34.0,34.0,34.0,34.0,34.0,34.0,34.0,34.0,34.0,34.0,34.0,34.0,34.0,34.0,34.0,34.0,34.0,59.220000000000006,140.16,25.1,37.24,39.239999999999995,40.8,43.78,54.540000000000006,32.04,54.5,56.879999999999995,68.9,75.28,110.33999999999999,96.32,59.08,60.260000000000005,72.47999999999999,70.78,65.1,65.92,47.4,45.58,25.4,25.2,56.77,0.08,25.29,25.72,34.0,34.0,34.0,34.0,34.0,34.0,34.0,34.0,34.0,34.0,34.0,34.0,34.0,34.0,34.0,34.0,34.0,34.0,34.0,34.0,34.0,34.0,34.0,55.82000000000001,51.08,17.16,30.659999999999997,33.7,39.62,43.260000000000005,61.279999999999994,43.26,48.9,54.260000000000005,59.7,69.11999999999999,85.25999999999999,83.22,61.68000000000001,66.16,76.06,74.02000000000001,68.4,68.36,49.660000000000004,48.260000000000005,16.128883774453392,5.8645235361653265,10.264360238288067,25.31,25.29,0.019999999999999574,2.8883774453394704,1.9701492537313432,0.9182281916081272,25.31,25.29,0.019999999999999574,4.285385500575374,3.5200918484500567,0.7652936521253171,25.31,25.29,0.019999999999999574,4.5155350978135775,3.8691159586681976,0.64641913914538,25.31,25.29,0.019999999999999574,4.695051783659378,4.548794489092995,0.14625729456638226,25.31,25.29,0.019999999999999574,5.037974683544303,4.966704936854191,0.07126974669011243,25.31,25.29,0.019999999999999574,6.276179516685845,7.035591274397243,-0.7594117577113977,25.31,25.29,0.019999999999999574,3.6869965477560407,4.96670493685419,-1.279708389098149,25.31,25.29,0.019999999999999574,6.27157652474108,5.614236509758897,0.6573400149821831,25.31,25.29,0.019999999999999574,6.545454545454544,6.229621125143513,0.3158334203110309,25.31,25.29,0.019999999999999574,7.928653624856156,6.8541905855338685,1.0744630393222874,25.31,25.29,0.019999999999999574,8.662830840046029,7.935706084959814,0.7271247550862148,25.31,25.29,0.019999999999999574,12.697353279631757,9.788748564867966,2.9086047147637917,25.31,25.29,0.019999999999999574,11.084004602991943,9.554535017221584,1.529469585770359,25.31,25.29,0.019999999999999574,6.79861910241657,7.081515499425947,-0.2828963970093774,25.31,25.29,0.019999999999999574,6.934407364787111,7.595866819747416,-0.6614594549603048,25.31,25.29,0.019999999999999574,8.340621403912541,8.732491389207807,-0.3918699852952656,25.31,25.29,0.019999999999999574,8.144994246260069,8.498277841561425,-0.353283595301356,25.310000000000002,25.29,0.020000000000003126,7.491369390103565,7.853042479908152,-0.36167308980458657,25.31,25.29,0.019999999999999574,7.5857307249712305,7.84845005740528,-0.26271933243404977,25.31,25.29,0.019999999999999574,5.454545454545453,5.701492537313433,-0.2469470827679796,25.31,25.29,0.019999999999999574,5.245109321058687,5.540757749712974,-0.2956484286542862,25.31,25.29,0.019999999999999574
5,"Big desk fan (daison, short)",Level8,135.0,90.0,25,TskControl34,2025-02-04 12:19:49,2025-02-04_ID0_NoPCS_Ta25_TskControl34.csv,"2025-02-04_ID5_Big desk fan (daison, short)_Level8_Angle135_Distance90_Ta25_TskControl34.csv",3.2199999999999918,81.98,6.319999999999997,7.079999999999998,5.18,0.8600000000000065,0.539999999999992,-5.019999999999989,-10.499999999999993,5.100000000000001,2.779999999999994,8.760000000000005,0.9200000000000159,23.42,13.64,-3.0800000000000054,-5.679999999999993,-1.960000000000008,-3.0400000000000205,-2.740000000000009,-1.4599999999999937,-2.3600000000000065,-1.6000000000000085,25.3,25.3,52.54,0.05,25.3,25.59,34.0,34.0,34.0,34.0,34.0,34.0,34.0,34.0,34.0,34.0,34.0,34.0,34.0,34.0,34.0,34.0,34.0,34.0,34.0,34.0,34.0,34.0,34.0,59.04,133.06,23.479999999999997,37.739999999999995,38.88,40.480000000000004,43.8,56.260000000000005,32.760000000000005,54.0,57.04,68.46000000000001,70.04,108.67999999999999,96.86,58.6,60.480000000000004,74.1,70.97999999999999,65.66,66.9,47.3,46.66,25.4,25.2,56.77,0.08,25.29,25.72,34.0,34.0,34.0,34.0,34.0,34.0,34.0,34.0,34.0,34.0,34.0,34.0,34.0,34.0,34.0,34.0,34.0,34.0,34.0,34.0,34.0,34.0,34.0,55.82000000000001,51.08,17.16,30.659999999999997,33.7,39.62,43.260000000000005,61.279999999999994,43.26,48.9,54.260000000000005,59.7,69.11999999999999,85.25999999999999,83.22,61.68000000000001,66.16,76.06,74.02000000000001,68.4,68.36,49.660000000000004,48.260000000000005,15.29425287356322,5.8645235361653265,9.429729337397895,25.3,25.29,0.010000000000001563,2.6988505747126434,1.9701492537313432,0.7287013209813002,25.3,25.29,0.010000000000001563,4.337931034482758,3.5200918484500567,0.8178391860327014,25.3,25.29,0.010000000000001563,4.46896551724138,3.8691159586681976,0.5998495585731827,25.3,25.29,0.010000000000001563,4.6528735632183915,4.548794489092995,0.10407907412539608,25.3,25.29,0.010000000000001563,5.0344827586206895,4.966704936854191,0.06777782176649882,25.3,25.29,0.010000000000001563,6.466666666666668,7.035591274397243,-0.5689246077305752,25.3,25.29,0.010000000000001563,3.765517241379311,4.96670493685419,-1.2011876954748786,25.3,25.29,0.010000000000001563,6.206896551724139,5.614236509758897,0.5926600419652415,25.3,25.29,0.010000000000001563,6.55632183908046,6.229621125143513,0.32670071393694666,25.3,25.29,0.010000000000001563,7.868965517241381,6.8541905855338685,1.014774931707512,25.3,25.29,0.010000000000001563,8.05057471264368,7.935706084959814,0.11486862768386619,25.3,25.29,0.010000000000001563,12.491954022988505,9.788748564867966,2.7032054581205394,25.3,25.29,0.010000000000001563,11.133333333333335,9.554535017221584,1.578798316111751,25.3,25.29,0.010000000000001563,6.735632183908047,7.081515499425947,-0.3458833155179004,25.3,25.29,0.010000000000001563,6.951724137931036,7.595866819747416,-0.6441426818163798,25.3,25.29,0.010000000000001563,8.517241379310345,8.732491389207807,-0.21525000989746168,25.3,25.29,0.010000000000001563,8.158620689655171,8.498277841561425,-0.3396571519062537,25.3,25.29,0.010000000000001563,7.5471264367816095,7.853042479908152,-0.3059160431265422,25.3,25.29,0.010000000000001563,7.6896551724137945,7.84845005740528,-0.15879488499148575,25.3,25.29,0.010000000000001563,5.436781609195402,5.701492537313433,-0.26471092811803043,25.3,25.29,0.010000000000001563,5.363218390804597,5.540757749712974,-0.17753935890837624,25.3,25.29,0.010000000000001563
5,"Big desk fan (daison, short)",Level5,135.0,90.0,25,TskControl34,2025-02-04 12:01:49,2025-02-04_ID0_NoPCS_Ta25_TskControl34.csv,"2025-02-04_ID5_Big desk fan (daison, short)_Level5_Angle135_Distance90_Ta25_TskControl34.csv",2.319999999999993,69.12,4.620000000000001,6.019999999999996,4.239999999999995,0.4000000000000057,-0.4200000000000017,-4.160000000000004,-9.96,4.440000000000012,1.2199999999999918,6.1200000000000045,2.460000000000008,19.66000000000001,8.240000000000009,-2.799999999999997,-7.259999999999998,-2.8599999999999994,-1.2800000000000296,-2.480000000000004,-0.7400000000000091,-2.5600000000000094,-0.9800000000000111,25.2,25.2,53.19,0.13,25.2,25.52,34.0,34.0,34.0,34.0,34.0,34.0,34.0,34.0,34.0,34.0,34.0,34.0,34.0,34.0,34.0,34.0,34.0,34.0,34.0,34.0,34.0,34.0,34.0,58.14,120.2,21.78,36.67999999999999,37.94,40.02,42.84,57.11999999999999,33.3,53.34000000000001,55.48,65.82000000000001,71.58,104.92,91.46000000000001,58.88000000000001,58.9,73.2,72.73999999999998,65.92,67.61999999999999,47.099999999999994,47.279999999999994,25.4,25.2,56.77,0.08,25.29,25.72,34.0,34.0,34.0,34.0,34.0,34.0,34.0,34.0,34.0,34.0,34.0,34.0,34.0,34.0,34.0,34.0,34.0,34.0,34.0,34.0,34.0,34.0,34.0,55.82000000000001,51.08,17.16,30.659999999999997,33.7,39.62,43.260000000000005,61.279999999999994,43.26,48.9,54.260000000000005,59.7,69.11999999999999,85.25999999999999,83.22,61.68000000000001,66.16,76.06,74.02000000000001,68.4,68.36,49.660000000000004,48.260000000000005,13.659090909090908,5.8645235361653265,7.794567372925582,25.2,25.29,-0.08999999999999986,2.475,1.9701492537313432,0.5048507462686569,25.2,25.29,-0.08999999999999986,4.168181818181817,3.5200918484500567,0.6480899697317604,25.2,25.29,-0.08999999999999986,4.311363636363636,3.8691159586681976,0.44224767769543805,25.2,25.29,-0.08999999999999986,4.547727272727273,4.548794489092995,-0.0010672163657226008,25.2,25.29,-0.08999999999999986,4.868181818181818,4.966704936854191,-0.09852311867237251,25.2,25.29,-0.08999999999999986,6.490909090909089,7.035591274397243,-0.5446821834881534,25.2,25.29,-0.08999999999999986,3.7840909090909083,4.96670493685419,-1.1826140277632815,25.2,25.29,-0.08999999999999986,6.061363636363637,5.614236509758897,0.4471271266047401,25.2,25.29,-0.08999999999999986,6.304545454545454,6.229621125143513,0.0749243294019406,25.2,25.29,-0.08999999999999986,7.4795454545454545,6.8541905855338685,0.625354869011586,25.2,25.29,-0.08999999999999986,8.134090909090908,7.935706084959814,0.19838482413109393,25.2,25.29,-0.08999999999999986,11.922727272727272,9.788748564867966,2.133978707859306,25.2,25.29,-0.08999999999999986,10.393181818181818,9.554535017221584,0.8386468009602339,25.2,25.29,-0.08999999999999986,6.690909090909091,7.081515499425947,-0.3906064085168559,25.2,25.29,-0.08999999999999986,6.6931818181818175,7.595866819747416,-0.9026850015655983,25.2,25.29,-0.08999999999999986,8.318181818181818,8.732491389207807,-0.41430957102598853,25.2,25.29,-0.08999999999999986,8.265909090909089,8.498277841561425,-0.23236875065233598,25.2,25.29,-0.08999999999999986,7.49090909090909,7.853042479908152,-0.36213338899906145,25.2,25.29,-0.08999999999999986,7.684090909090908,7.84845005740528,-0.16435914831437248,25.2,25.29,-0.08999999999999986,5.352272727272727,5.701492537313433,-0.34921981004070624,25.2,25.29,-0.08999999999999986,5.372727272727271,5.540757749712974,-0.1680304769857024,25.2,25.29,-0.08999999999999986
5,"Big desk fan (daison, short)",Level3,135.0,90.0,25,TskControl34,2025-02-04 11:26:49,2025-02-04_ID0_NoPCS_Ta25_TskControl34.csv,"2025-02-04_ID5_Big desk fan (daison, short)_Level3_Angle135_Distance90_Ta25_TskControl34.csv",2.0999999999999943,55.05999999999999,3.3999999999999986,6.3400000000000105,4.0,0.10000000000000853,0.2599999999999909,-2.039999999999999,-7.859999999999999,5.060000000000002,2.6999999999999957,8.64,4.020000000000024,17.92,6.859999999999999,-7.600000000000001,-4.079999999999998,-5.280000000000001,-0.7000000000000028,-2.4000000000000057,-0.38000000000000966,-1.3000000000000043,-0.9399999999999977,25.2,25.2,53.54,0.17,25.2,25.54,34.0,34.0,34.0,34.0,34.0,34.0,34.0,34.0,34.0,34.0,34.0,34.0,34.0,34.0,34.0,34.0,34.0,34.0,34.0,34.0,34.0,34.0,34.0,57.92,106.13999999999999,20.56,37.00000000000001,37.7,39.720000000000006,43.519999999999996,59.239999999999995,35.4,53.96,56.96,68.34,73.14000000000001,103.17999999999999,90.08,54.080000000000005,62.08,70.78,73.32000000000001,66.0,67.97999999999999,48.36,47.32000000000001,25.4,25.2,56.77,0.08,25.29,25.72,34.0,34.0,34.0,34.0,34.0,34.0,34.0,34.0,34.0,34.0,34.0,34.0,34.0,34.0,34.0,34.0,34.0,34.0,34.0,34.0,34.0,34.0,34.0,55.82000000000001,51.08,17.16,30.659999999999997,33.7,39.62,43.260000000000005,61.279999999999994,43.26,48.9,54.260000000000005,59.7,69.11999999999999,85.25999999999999,83.22,61.68000000000001,66.16,76.06,74.02000000000001,68.4,68.36,49.660000000000004,48.260000000000005,12.061363636363634,5.8645235361653265,6.196840100198307,25.2,25.29,-0.08999999999999986,2.336363636363636,1.9701492537313432,0.3662143826322928,25.2,25.29,-0.08999999999999986,4.204545454545455,3.5200918484500567,0.6844536060953983,25.2,25.29,-0.08999999999999986,4.284090909090909,3.8691159586681976,0.4149749504227116,25.2,25.29,-0.08999999999999986,4.513636363636364,4.548794489092995,-0.03515812545663177,25.2,25.29,-0.08999999999999986,4.945454545454544,4.966704936854191,-0.02125039139964624,25.2,25.29,-0.08999999999999986,6.731818181818181,7.035591274397243,-0.30377309257906226,25.2,25.29,-0.08999999999999986,4.0227272727272725,4.96670493685419,-0.9439776641269173,25.2,25.29,-0.08999999999999986,6.131818181818182,5.614236509758897,0.5175816720592845,25.2,25.29,-0.08999999999999986,6.472727272727273,6.229621125143513,0.24310614758375948,25.2,25.29,-0.08999999999999986,7.765909090909091,6.8541905855338685,0.9117185053752221,25.2,25.29,-0.08999999999999986,8.311363636363637,7.935706084959814,0.3756575514038234,25.2,25.29,-0.08999999999999986,11.724999999999998,9.788748564867966,1.9362514351320321,25.2,25.29,-0.08999999999999986,10.236363636363635,9.554535017221584,0.6818286191420508,25.2,25.29,-0.08999999999999986,6.1454545454545455,7.081515499425947,-0.9360609539714018,25.2,25.29,-0.08999999999999986,7.054545454545454,7.595866819747416,-0.541321365201962,25.2,25.29,-0.08999999999999986,8.043181818181818,8.732491389207807,-0.6893095710259889,25.2,25.29,-0.08999999999999986,8.331818181818182,8.498277841561425,-0.16645965974324284,25.2,25.29,-0.08999999999999986,7.499999999999999,7.853042479908152,-0.35304247990815263,25.2,25.29,-0.08999999999999986,7.724999999999998,7.84845005740528,-0.12345005740528237,25.2,25.29,-0.08999999999999986,5.495454545454545,5.701492537313433,-0.20603799185888771,25.2,25.29,-0.08999999999999986,5.377272727272728,5.540757749712974,-0.16348502244024576,25.2,25.29,-0.08999999999999986
5,"Big desk fan (daison, short)",Level1,135.0,90.0,25,TskControl34,2025-02-04 11:10:49,2025-02-04_ID0_NoPCS_Ta25_TskControl34.csv,"2025-02-04_ID5_Big desk fan (daison, short)_Level1_Angle135_Distance90_Ta25_TskControl34.csv",0.27999999999999403,41.2,1.2800000000000047,3.219999999999999,1.9600000000000009,-1.4799999999999969,-2.8600000000000065,-5.1399999999999935,-10.499999999999993,-0.259999999999998,-0.8799999999999955,2.259999999999991,0.8599999999999994,7.360000000000014,2.9399999999999977,-3.70000000000001,2.780000000000001,-4.939999999999998,-2.0,-1.3000000000000114,-0.8999999999999915,-1.5,-1.0200000000000102,25.4,25.4,53.59,0.09,25.4,25.66,34.0,34.0,34.0,34.0,34.0,34.0,34.0,34.0,34.0,34.0,34.0,34.0,34.0,34.0,34.0,34.0,34.0,34.0,34.0,34.0,34.0,34.0,34.0,56.1,92.28,18.440000000000005,33.879999999999995,35.660000000000004,38.14,40.4,56.14,32.760000000000005,48.64,53.38000000000001,61.959999999999994,69.97999999999999,92.62,86.16,57.98,68.94,71.12,72.02000000000001,67.1,67.46000000000001,48.160000000000004,47.239999999999995,25.4,25.2,56.77,0.08,25.29,25.72,34.0,34.0,34.0,34.0,34.0,34.0,34.0,34.0,34.0,34.0,34.0,34.0,34.0,34.0,34.0,34.0,34.0,34.0,34.0,34.0,34.0,34.0,34.0,55.82000000000001,51.08,17.16,30.659999999999997,33.7,39.62,43.260000000000005,61.279999999999994,43.26,48.9,54.260000000000005,59.7,69.11999999999999,85.25999999999999,83.22,61.68000000000001,66.16,76.06,74.02000000000001,68.4,68.36,49.660000000000004,48.260000000000005,10.730232558139534,5.8645235361653265,4.865709021974207,25.4,25.29,0.10999999999999943,2.1441860465116283,1.9701492537313432,0.17403679278028505,25.4,25.29,0.10999999999999943,3.939534883720929,3.5200918484500567,0.41944303527087223,25.4,25.29,0.10999999999999943,4.1465116279069765,3.8691159586681976,0.2773956692387789,25.4,25.29,0.10999999999999943,4.434883720930232,4.548794489092995,-0.11391076816276335,25.4,25.29,0.10999999999999943,4.697674418604651,4.966704936854191,-0.26903051824954005,25.4,25.29,0.10999999999999943,6.527906976744185,7.035591274397243,-0.507684297653058,25.4,25.29,0.10999999999999943,3.8093023255813954,4.96670493685419,-1.1574026112727944,25.4,25.29,0.10999999999999943,5.655813953488371,5.614236509758897,0.041577443729473806,25.4,25.29,0.10999999999999943,6.206976744186046,6.229621125143513,-0.022644380957467014,25.4,25.29,0.10999999999999943,7.204651162790696,6.8541905855338685,0.3504605772568272,25.4,25.29,0.10999999999999943,8.137209302325578,7.935706084959814,0.20150321736576426,25.4,25.29,0.10999999999999943,10.769767441860465,9.788748564867966,0.9810188769924988,25.4,25.29,0.10999999999999943,10.01860465116279,9.554535017221584,0.4640696339412056,25.4,25.29,0.10999999999999943,6.741860465116278,7.081515499425947,-0.33965503430966937,25.4,25.29,0.10999999999999943,8.01627906976744,7.595866819747416,0.4204122500200249,25.4,25.29,0.10999999999999943,8.269767441860465,8.732491389207807,-0.46272394734734235,25.4,25.29,0.10999999999999943,8.374418604651163,8.498277841561425,-0.12385923691026157,25.4,25.29,0.10999999999999943,7.802325581395347,7.853042479908152,-0.05071689851280503,25.4,25.29,0.10999999999999943,7.844186046511627,7.84845005740528,-0.004264010893653136,25.4,25.29,0.10999999999999943,5.6,5.701492537313433,-0.10149253731343322,25.4,25.29,0.10999999999999943,5.493023255813952,5.540757749712974,-0.0477344938990214,25.4,25.29,0.10999999999999943
6,Neck fan,Level1,,,25,TskControl34,2025-02-04 14:23:49,2025-02-04_ID0_NoPCS_Ta25_TskControl34.csv,2025-02-04_ID6_Neck fan_Level1_Ta25_TskControl34.csv,0.5199999999999889,63.379999999999995,-0.4399999999999977,0.44000000000000483,-0.28000000000000114,-1.759999999999998,-1.1200000000000045,-2.1999999999999886,-6.839999999999996,-1.8800000000000026,-1.6199999999999974,3.239999999999995,3.40000000000002,12.000000000000014,5.259999999999991,-4.180000000000007,-2.6599999999999966,-6.040000000000006,-5.780000000000001,-2.1000000000000085,-1.1200000000000045,-2.3200000000000145,-1.3400000000000034,25.3,25.3,52.88,0.05,25.3,25.61,34.0,34.0,34.0,34.0,34.0,34.0,34.0,34.0,34.0,34.0,34.0,34.0,34.0,34.0,34.0,34.0,34.0,34.0,34.0,34.0,34.0,34.0,34.0,56.339999999999996,114.46,16.720000000000002,31.1,33.42,37.86,42.14,59.080000000000005,36.42,47.019999999999996,52.64000000000001,62.94,72.52000000000001,97.26,88.47999999999999,57.5,63.5,70.02,68.24000000000001,66.3,67.24,47.33999999999999,46.92,25.4,25.2,56.77,0.08,25.29,25.72,34.0,34.0,34.0,34.0,34.0,34.0,34.0,34.0,34.0,34.0,34.0,34.0,34.0,34.0,34.0,34.0,34.0,34.0,34.0,34.0,34.0,34.0,34.0,55.82000000000001,51.08,17.16,30.659999999999997,33.7,39.62,43.260000000000005,61.279999999999994,43.26,48.9,54.260000000000005,59.7,69.11999999999999,85.25999999999999,83.22,61.68000000000001,66.16,76.06,74.02000000000001,68.4,68.36,49.660000000000004,48.260000000000005,13.15632183908046,5.8645235361653265,7.291798302915134,25.3,25.29,0.010000000000001563,1.9218390804597705,1.9701492537313432,-0.04831017327157272,25.3,25.29,0.010000000000001563,3.5747126436781613,3.5200918484500567,0.05462079522810459,25.3,25.29,0.010000000000001563,3.841379310344828,3.8691159586681976,-0.02773664832336964,25.3,25.29,0.010000000000001563,4.3517241379310345,4.548794489092995,-0.19707035116196092,25.3,25.29,0.010000000000001563,4.8436781609195405,4.966704936854191,-0.12302677593465017,25.3,25.29,0.010000000000001563,6.79080459770115,7.035591274397243,-0.24478667669609244,25.3,25.29,0.010000000000001563,4.186206896551725,4.96670493685419,-0.7804980403024651,25.3,25.29,0.010000000000001563,5.4045977011494255,5.614236509758897,-0.20963880860947182,25.3,25.29,0.010000000000001563,6.050574712643679,6.229621125143513,-0.17904641249983388,25.3,25.29,0.010000000000001563,7.23448275862069,6.8541905855338685,0.3802921730868212,25.3,25.29,0.010000000000001563,8.335632183908048,7.935706084959814,0.3999260989482343,25.3,25.29,0.010000000000001563,11.179310344827588,9.788748564867966,1.3905617799596222,25.3,25.29,0.010000000000001563,10.170114942528736,9.554535017221584,0.6155799253071521,25.3,25.29,0.010000000000001563,6.609195402298851,7.081515499425947,-0.47232009712709644,25.3,25.29,0.010000000000001563,7.298850574712644,7.595866819747416,-0.2970162450347713,25.3,25.29,0.010000000000001563,8.048275862068966,8.732491389207807,-0.684215527138841,25.3,25.29,0.010000000000001563,7.843678160919542,8.498277841561425,-0.6545996806418826,25.3,25.29,0.010000000000001563,7.620689655172414,7.853042479908152,-0.23235282473573804,25.3,25.29,0.010000000000001563,7.728735632183908,7.84845005740528,-0.11971442522137199,25.3,25.29,0.010000000000001563,5.441379310344827,5.701492537313433,-0.26011322696860617,25.3,25.29,0.010000000000001563,5.393103448275863,5.540757749712974,-0.147654301437111,25.3,25.29,0.010000000000001563
6,Neck fan,Level3,,,25,TskControl34,2025-02-04 14:56:49,2025-02-04_ID0_NoPCS_Ta25_TskControl34.csv,2025-02-04_ID6_Neck fan_Level3_Ta25_TskControl34.csv,0.4199999999999875,83.96000000000002,1.259999999999998,0.600000000000005,-0.4399999999999977,-2.839999999999989,-3.1200000000000045,-6.019999999999989,-10.119999999999997,-1.8399999999999963,-0.8400000000000034,0.759999999999998,1.1800000000000068,5.880000000000024,5.579999999999998,-4.359999999999999,-3.4399999999999906,-5.539999999999992,-6.140000000000015,-1.6600000000000108,-1.4599999999999937,-2.6600000000000037,-1.7600000000000051,25.3,25.2,52.2,0.0,25.2,25.58,34.0,34.0,34.0,34.0,34.0,34.0,34.0,34.0,34.0,34.0,34.0,34.0,34.0,34.0,34.0,34.0,34.0,34.0,34.0,34.0,34.0,34.0,34.0,56.239999999999995,135.04000000000002,18.419999999999998,31.26,33.260000000000005,36.78000000000001,40.14,55.260000000000005,33.14,47.06,53.42,60.46,70.3,91.14000000000001,88.8,57.32000000000001,62.720000000000006,70.52000000000001,67.88,66.74,66.9,47.0,46.5,25.4,25.2,56.77,0.08,25.29,25.72,34.0,34.0,34.0,34.0,34.0,34.0,34.0,34.0,34.0,34.0,34.0,34.0,34.0,34.0,34.0,34.0,34.0,34.0,34.0,34.0,34.0,34.0,34.0,55.82000000000001,51.08,17.16,30.659999999999997,33.7,39.62,43.260000000000005,61.279999999999994,43.26,48.9,54.260000000000005,59.7,69.11999999999999,85.25999999999999,83.22,61.68000000000001,66.16,76.06,74.02000000000001,68.4,68.36,49.660000000000004,48.260000000000005,15.345454545454546,5.8645235361653265,9.480931009289218,25.2,25.29,-0.08999999999999986,2.093181818181818,1.9701492537313432,0.12303256445047461,25.2,25.29,-0.08999999999999986,3.5522727272727272,3.5200918484500567,0.03218087882267051,25.2,25.29,-0.08999999999999986,3.7795454545454548,3.8691159586681976,-0.08957050412274281,25.2,25.29,-0.08999999999999986,4.179545454545456,4.548794489092995,-0.3692490345475399,25.2,25.29,-0.08999999999999986,4.561363636363636,4.966704936854191,-0.40534130049055506,25.2,25.29,-0.08999999999999986,6.279545454545454,7.035591274397243,-0.7560458198517885,25.2,25.29,-0.08999999999999986,3.7659090909090907,4.96670493685419,-1.2007958459450991,25.2,25.29,-0.08999999999999986,5.347727272727273,5.614236509758897,-0.26650923703162466,25.2,25.29,-0.08999999999999986,6.070454545454545,6.229621125143513,-0.15916657968896786,25.2,25.29,-0.08999999999999986,6.870454545454545,6.8541905855338685,0.01626395992067664,25.2,25.29,-0.08999999999999986,7.988636363636362,7.935706084959814,0.052930278676548426,25.2,25.29,-0.08999999999999986,10.356818181818182,9.788748564867966,0.5680696169502166,25.2,25.29,-0.08999999999999986,10.09090909090909,9.554535017221584,0.5363740736875062,25.2,25.29,-0.08999999999999986,6.513636363636364,7.081515499425947,-0.5678791357895836,25.2,25.29,-0.08999999999999986,7.127272727272727,7.595866819747416,-0.46859409247468875,25.2,25.29,-0.08999999999999986,8.013636363636364,8.732491389207807,-0.7188550255714432,25.2,25.29,-0.08999999999999986,7.713636363636362,8.498277841561425,-0.7846414779250628,25.2,25.29,-0.08999999999999986,7.584090909090908,7.853042479908152,-0.26895157081724363,25.2,25.29,-0.08999999999999986,7.6022727272727275,7.84845005740528,-0.24617733013255272,25.2,25.29,-0.08999999999999986,5.340909090909091,5.701492537313433,-0.36058344640434203,25.2,25.29,-0.08999999999999986,5.284090909090908,5.540757749712974,-0.25666684062206535,25.2,25.29,-0.08999999999999986
6,Neck fan,Level5,,,25,TskControl34,2025-02-04 15:05:49,2025-02-04_ID0_NoPCS_Ta25_TskControl34.csv,2025-02-04_ID6_Neck fan_Level5_Ta25_TskControl34.csv,0.8199999999999932,95.67999999999999,2.400000000000002,1.5200000000000031,-0.2600000000000051,-4.100000000000001,-2.719999999999999,-5.679999999999993,-11.34,0.44000000000000483,-1.3600000000000065,1.5,1.8599999999999994,3.5600000000000023,4.980000000000004,-2.70000000000001,-6.359999999999999,-4.840000000000003,-4.620000000000019,-3.0600000000000023,-1.6400000000000006,-2.8200000000000074,-2.3800000000000026,25.3,25.3,52.2,0.09,25.3,25.58,34.0,34.0,34.0,34.0,34.0,34.0,34.0,34.0,34.0,34.0,34.0,34.0,34.0,34.0,34.0,34.0,34.0,34.0,34.0,34.0,34.0,34.0,34.0,56.64,146.76,19.560000000000002,32.18,33.44,35.519999999999996,40.540000000000006,55.6,31.919999999999998,49.34,52.9,61.2,70.97999999999999,88.82,88.2,58.98,59.8,71.22,69.39999999999999,65.34,66.72,46.839999999999996,45.88,25.4,25.2,56.77,0.08,25.29,25.72,34.0,34.0,34.0,34.0,34.0,34.0,34.0,34.0,34.0,34.0,34.0,34.0,34.0,34.0,34.0,34.0,34.0,34.0,34.0,34.0,34.0,34.0,34.0,55.82000000000001,51.08,17.16,30.659999999999997,33.7,39.62,43.260000000000005,61.279999999999994,43.26,48.9,54.260000000000005,59.7,69.11999999999999,85.25999999999999,83.22,61.68000000000001,66.16,76.06,74.02000000000001,68.4,68.36,49.660000000000004,48.260000000000005,16.868965517241378,5.8645235361653265,11.004441981076052,25.3,25.29,0.010000000000001563,2.248275862068966,1.9701492537313432,0.2781266083376228,25.3,25.29,0.010000000000001563,3.698850574712644,3.5200918484500567,0.17875872626258715,25.3,25.29,0.010000000000001563,3.84367816091954,3.8691159586681976,-0.02543779774865751,25.3,25.29,0.010000000000001563,4.082758620689655,4.548794489092995,-0.4660358684033401,25.3,25.29,0.010000000000001563,4.65977011494253,4.966704936854191,-0.30693482191166055,25.3,25.29,0.010000000000001563,6.39080459770115,7.035591274397243,-0.6447866766960928,25.3,25.29,0.010000000000001563,3.6689655172413795,4.96670493685419,-1.2977394196128103,25.3,25.29,0.010000000000001563,5.671264367816093,5.614236509758897,0.05702785805719568,25.3,25.29,0.010000000000001563,6.080459770114943,6.229621125143513,-0.14916135502857042,25.3,25.29,0.010000000000001563,7.03448275862069,6.8541905855338685,0.18029217308682188,25.3,25.29,0.010000000000001563,8.158620689655171,7.935706084959814,0.22291460469535718,25.3,25.29,0.010000000000001563,10.209195402298851,9.788748564867966,0.4204468374308856,25.3,25.29,0.010000000000001563,10.13793103448276,9.554535017221584,0.5833960172611761,25.3,25.29,0.010000000000001563,6.779310344827587,7.081515499425947,-0.3022051545983606,25.3,25.29,0.010000000000001563,6.873563218390805,7.595866819747416,-0.7223036013566109,25.3,25.29,0.010000000000001563,8.186206896551724,8.732491389207807,-0.546284492656083,25.3,25.29,0.010000000000001563,7.977011494252873,8.498277841561425,-0.5212663473085515,25.3,25.29,0.010000000000001563,7.5103448275862075,7.853042479908152,-0.34269765232194427,25.3,25.29,0.010000000000001563,7.6689655172413795,7.84845005740528,-0.1794845401639007,25.3,25.29,0.010000000000001563,5.3839080459770114,5.701492537313433,-0.3175844913364214,25.3,25.29,0.010000000000001563,5.273563218390805,5.540757749712974,-0.2671945313221684,25.3,25.29,0.010000000000001563
6,Neck fan,Level5,,,22,TskControl34,2025-02-20 17:33:25,2025-02-20_ID0_NoPCS_Ta22_TskControl34.csv,2025-02-20_ID6_Neck fan_Level5_Ta22_TskControl34.csv,0.20000000000000284,121.66,-8.280000000000001,3.019999999999996,-2.519999999999996,-5.239999999999995,-2.6799999999999926,-5.939999999999998,-13.219999999999985,-4.460000000000008,1.980000000000004,0.12000000000001876,8.079999999999998,1.2999999999999687,-0.5,-5.099999999999994,-6.499999999999986,-6.920000000000002,-5.6000000000000085,-4.759999999999991,-4.060000000000002,-2.280000000000001,-2.8799999999999955,22.1,22.2,37.15,0.07,22.15,22.13,34.0,33.660000000000004,34.0,34.0,34.0,34.0,34.0,34.0,34.0,34.0,34.0,34.0,34.0,34.0,34.0,34.0,34.0,34.0,34.0,34.0,34.0,34.0,34.0,76.92,193.94,26.54,45.58,44.92,47.720000000000006,52.78000000000001,70.67999999999999,44.440000000000005,64.38,74.12,84.18,104.25999999999999,123.81999999999998,113.1,77.7,87.06,96.28,91.08,89.04,94.49999999999999,64.62,64.0,22.1,22.3,49.02,0.15,22.19,22.27,34.0,34.0,33.980000000000004,34.0,34.0,34.0,34.0,34.0,34.0,34.0,34.0,34.0,34.0,34.0,34.0,34.0,34.0,34.0,34.0,34.0,34.0,34.0,34.0,76.72,72.28,34.82,42.56,47.44,52.96,55.46,76.61999999999999,57.65999999999999,68.84,72.14,84.05999999999999,96.17999999999999,122.52000000000001,113.6,82.8,93.55999999999999,103.2,96.68,93.8,98.55999999999999,66.9,66.88,16.849695916594257,6.120237087214226,10.72945882938003,22.15,22.19,-0.0400000000000027,2.2396624472573836,2.9533502968617467,-0.713687849604363,22.15,22.19,-0.0400000000000027,3.846413502109704,3.60372565622354,0.24268784588616432,22.15,22.19,-0.0400000000000027,3.7907172995780587,4.016934801016088,-0.22621750143802943,22.15,22.19,-0.0400000000000027,4.0270042194092825,4.4843353090601195,-0.4573310896508369,22.15,22.190000000000005,-0.04000000000000625,4.4540084388185655,4.69602032176122,-0.24201188294265474,22.15,22.19,-0.0400000000000027,5.964556962025315,6.487722269263336,-0.5231653072380205,22.15,22.19,-0.0400000000000027,3.750210970464135,4.882303132938188,-1.132092162474053,22.15,22.19,-0.0400000000000027,5.432911392405062,5.828958509737512,-0.3960471173324498,22.15,22.19,-0.0400000000000027,6.254852320675105,6.108382726502964,0.14646959417214056,22.15,22.19,-0.0400000000000027,7.10379746835443,7.117696867061812,-0.013899398707382105,22.15,22.19,-0.0400000000000027,8.798312236286918,8.143945808636749,0.6543664276501691,22.15,22.19,-0.0400000000000027,10.448945147679321,10.374259102455548,0.07468604522377298,22.15,22.19,-0.0400000000000027,9.544303797468352,9.618966977138019,-0.07466317966966685,22.15,22.19,-0.0400000000000027,6.556962025316455,7.0110076206604575,-0.45404559534400235,22.15,22.19,-0.0400000000000027,7.346835443037974,7.922099915325995,-0.5752644722880209,22.15,22.19,-0.0400000000000027,8.12489451476793,8.738357324301441,-0.6134628095335106,22.15,22.190000000000005,-0.04000000000000625,7.686075949367088,8.18628281117697,-0.5002068618098816,22.15,22.189999999999998,-0.03999999999999915,7.513924050632911,7.942421676545301,-0.4284976259123905,22.15,22.19,-0.0400000000000027,7.974683544303796,8.345469940728197,-0.3707863964244016,22.15,22.190000000000005,-0.04000000000000625,5.453164556962025,5.664690939881457,-0.21152638291943227,22.15,22.19,-0.0400000000000027,5.40084388185654,5.662997459779848,-0.26215357792330796,22.15,22.19,-0.0400000000000027
6,Neck fan,Level3,,,22,TskControl34,2025-02-20 17:52:15,2025-02-20_ID0_NoPCS_Ta22_TskControl34.csv,2025-02-20_ID6_Neck fan_Level3_Ta22_TskControl34.csv,-0.7400000000000091,108.34,-13.900000000000002,0.6600000000000037,-3.5600000000000023,-0.9200000000000017,-4.699999999999996,-5.9199999999999875,-13.65999999999999,-4.280000000000001,1.8000000000000114,-0.7000000000000028,5.359999999999999,2.259999999999991,-2.9799999999999898,-5.099999999999994,-6.11999999999999,-7.540000000000006,-5.240000000000023,-4.480000000000004,-3.6999999999999886,-3.460000000000008,-2.4399999999999977,22.1,22.3,39.51,0.24,22.18,22.1,34.0,34.0,34.0,34.0,34.0,34.0,34.0,34.0,34.0,34.0,34.0,34.0,34.0,34.0,34.0,34.0,34.0,34.0,34.0,34.0,34.0,34.0,34.0,75.97999999999999,180.62,20.919999999999998,43.220000000000006,43.879999999999995,52.04,50.760000000000005,70.7,44.0,64.56,73.94000000000001,83.35999999999999,101.53999999999999,124.78,110.62,77.7,87.44,95.66,91.43999999999998,89.32,94.86,63.44,64.44,22.1,22.3,49.02,0.15,22.19,22.27,34.0,34.0,33.980000000000004,34.0,34.0,34.0,34.0,34.0,34.0,34.0,34.0,34.0,34.0,34.0,34.0,34.0,34.0,34.0,34.0,34.0,34.0,34.0,34.0,76.72,72.28,34.82,42.56,47.44,52.96,55.46,76.61999999999999,57.65999999999999,68.84,72.14,84.05999999999999,96.17999999999999,122.52000000000001,113.6,82.8,93.55999999999999,103.2,96.68,93.8,98.55999999999999,66.9,66.88,15.28087986463621,6.120237087214226,9.160642777421984,22.18,22.19,-0.010000000000001563,1.769881556683587,2.9533502968617467,-1.1834687401781596,22.18,22.19,-0.010000000000001563,3.6565143824027078,3.60372565622354,0.052788726179167966,22.18,22.19,-0.010000000000001563,3.7123519458544836,4.016934801016088,-0.30458285516160455,22.18,22.19,-0.010000000000001563,4.4027072758037225,4.4843353090601195,-0.081628033256397,22.18,22.190000000000005,-0.010000000000005116,4.2944162436548226,4.69602032176122,-0.40160407810639764,22.18,22.19,-0.010000000000001563,5.981387478849408,6.487722269263336,-0.5063347904139279,22.18,22.19,-0.010000000000001563,3.7225042301184432,4.882303132938188,-1.1597989028197446,22.18,22.19,-0.010000000000001563,5.461928934010152,5.828958509737512,-0.3670295757273596,22.18,22.19,-0.010000000000001563,6.255499153976312,6.108382726502964,0.14711642747334785,22.18,22.19,-0.010000000000001563,7.052453468697122,7.117696867061812,-0.06524339836469029,22.18,22.19,-0.010000000000001563,8.59052453468697,8.143945808636749,0.4465787260502214,22.18,22.19,-0.010000000000001563,10.556683587140439,10.374259102455548,0.1824244846848906,22.18,22.19,-0.010000000000001563,9.358714043993231,9.618966977138019,-0.2602529331447876,22.18,22.19,-0.010000000000001563,6.573604060913706,7.0110076206604575,-0.4374035597467518,22.18,22.19,-0.010000000000001563,7.397631133671743,7.922099915325995,-0.5244687816542521,22.18,22.19,-0.010000000000001563,8.09306260575296,8.738357324301441,-0.645294718548481,22.18,22.190000000000005,-0.010000000000005116,7.736040609137055,8.18628281117697,-0.45024220203991483,22.18,22.189999999999998,-0.00999999999999801,7.556683587140439,7.942421676545301,-0.3857380894048621,22.18,22.19,-0.010000000000001563,8.025380710659899,8.345469940728197,-0.32008923006829804,22.18,22.190000000000005,-0.010000000000005116,5.367174280879865,5.664690939881457,-0.29751665900159274,22.18,22.19,-0.010000000000001563,5.451776649746193,5.662997459779848,-0.21122081003365523,22.18,22.19,-0.010000000000001563
6,Neck fan,Level1,,,22,TskControl34,2025-02-20 16:41:49,2025-02-20_ID0_NoPCS_Ta22_TskControl34.csv,2025-02-20_ID6_Neck fan_Level1_Ta22_TskControl34.csv,-1.5,76.02000000000001,-16.48,-0.8999999999999986,-4.199999999999996,-4.200000000000003,-2.5600000000000023,-5.159999999999997,-11.499999999999986,-3.90000000000002,3.5999999999999943,-1.1199999999999761,7.760000000000019,3.0999999999999943,1.6399999999999864,-4.760000000000005,-7.039999999999992,-6.460000000000008,-5.500000000000014,-3.799999999999997,-4.019999999999996,-0.8799999999999955,-2.6400000000000006,22.1,22.2,31.23,0.07,22.15,21.95,34.0,34.0,34.0,34.0,34.0,34.0,34.0,34.0,34.0,34.0,34.0,34.0,34.0,34.0,34.0,34.0,34.0,34.0,34.0,34.0,34.0,34.0,34.0,75.22,148.3,18.34,41.660000000000004,43.24,48.76,52.9,71.46,46.160000000000004,64.93999999999998,75.74,82.94000000000001,103.94000000000001,125.62,115.23999999999998,78.03999999999999,86.52,96.74,91.17999999999999,90.0,94.53999999999999,66.02000000000001,64.24,22.1,22.3,49.02,0.15,22.19,22.27,34.0,34.0,33.980000000000004,34.0,34.0,34.0,34.0,34.0,34.0,34.0,34.0,34.0,34.0,34.0,34.0,34.0,34.0,34.0,34.0,34.0,34.0,34.0,34.0,76.72,72.28,34.82,42.56,47.44,52.96,55.46,76.61999999999999,57.65999999999999,68.84,72.14,84.05999999999999,96.17999999999999,122.52000000000001,113.6,82.8,93.55999999999999,103.2,96.68,93.8,98.55999999999999,66.9,66.88,12.51476793248945,6.120237087214226,6.394530845275224,22.15,22.19,-0.0400000000000027,1.5476793248945147,2.9533502968617467,-1.405670971967232,22.15,22.19,-0.0400000000000027,3.5156118143459913,3.60372565622354,-0.08811384187754845,22.15,22.19,-0.0400000000000027,3.6489451476793247,4.016934801016088,-0.3679896533367635,22.15,22.19,-0.0400000000000027,4.114767932489451,4.4843353090601195,-0.36956737657066885,22.15,22.190000000000005,-0.04000000000000625,4.464135021097046,4.69602032176122,-0.23188530066417457,22.15,22.19,-0.0400000000000027,6.030379746835441,6.487722269263336,-0.4573425224278944,22.15,22.19,-0.0400000000000027,3.8953586497890296,4.882303132938188,-0.9869444831491583,22.15,22.19,-0.0400000000000027,5.480168776371306,5.828958509737512,-0.348789733366206,22.15,22.19,-0.0400000000000027,6.391561181434598,6.108382726502964,0.28317845493163407,22.15,22.19,-0.0400000000000027,6.9991561181434605,7.117696867061812,-0.11854074891835165,22.15,22.19,-0.0400000000000027,8.771308016877637,8.143945808636749,0.6273622082408874,22.15,22.19,-0.0400000000000027,10.60084388185654,10.374259102455548,0.22658477940099075,22.15,22.19,-0.0400000000000027,9.72489451476793,9.618966977138019,0.10592753762991158,22.15,22.19,-0.0400000000000027,6.5856540084388175,7.0110076206604575,-0.4253536122216399,22.15,22.19,-0.0400000000000027,7.301265822784809,7.922099915325995,-0.6208340925411857,22.15,22.19,-0.0400000000000027,8.163713080168774,8.738357324301441,-0.5746442441326671,22.15,22.190000000000005,-0.04000000000000625,7.694514767932488,8.18628281117697,-0.4917680432444813,22.15,22.189999999999998,-0.03999999999999915,7.594936708860758,7.942421676545301,-0.34748496768454284,22.15,22.19,-0.0400000000000027,7.978059071729956,8.345469940728197,-0.36741086899824094,22.15,22.190000000000005,-0.04000000000000625,5.571308016877637,5.664690939881457,-0.09338292300382012,22.15,22.19,-0.0400000000000027,5.421097046413501,5.662997459779848,-0.2419004133663467,22.15,22.19,-0.0400000000000027
7,Handheld fan,Level1,90.0,60.0,25,TskControl34,2025-02-05 10:20:51,2025-02-05_ID0_NoPCS_Ta25_TskControl34.csv,2025-02-05_ID7_Handheld fan_Level1_Angle90_Distance60_Ta25_TskControl34.csv,1.0400000000000134,71.43999999999998,5.040000000000003,-0.3400000000000034,-2.559999999999995,-1.2600000000000051,-0.7600000000000051,-3.279999999999994,-4.3600000000000065,-1.4599999999999937,-0.259999999999998,1.1000000000000085,2.8000000000000114,-1.1999999999999886,2.779999999999987,-2.460000000000008,-3.6399999999999864,-2.4399999999999977,-3.1000000000000085,-1.4599999999999937,-2.1200000000000045,-1.259999999999998,-1.0600000000000023,25.3,25.4,52.2,0.05,25.36,25.75,34.0,34.0,34.0,34.0,34.0,34.0,34.0,34.0,34.0,34.0,34.0,34.0,34.0,34.0,34.0,34.0,34.0,34.0,34.0,34.0,34.0,34.0,34.0,59.720000000000006,124.35999999999999,23.080000000000002,32.68,35.540000000000006,39.98,43.3,58.6,43.559999999999995,47.96,56.58,61.92,71.74000000000001,94.52000000000001,87.17999999999999,60.92,71.04,72.9,76.91999999999999,71.46000000000001,74.1,48.32,47.64,25.4,25.4,52.23,0.1,25.4,25.68,34.0,34.0,34.0,34.0,34.0,34.0,34.0,34.0,34.0,34.0,34.0,34.0,34.0,34.0,34.0,34.0,34.0,34.0,34.0,34.0,34.0,34.0,34.0,58.67999999999999,52.92,18.04,33.02,38.1,41.24,44.06,61.879999999999995,47.92,49.419999999999995,56.839999999999996,60.81999999999999,68.94,95.72,84.4,63.38000000000001,74.67999999999999,75.34,80.02,72.92,76.22,49.58,48.7,14.393518518518515,6.1534883720930225,8.240030146425493,25.36,25.4,-0.03999999999999915,2.6712962962962963,2.0976744186046505,0.5736218776916457,25.36,25.4,-0.03999999999999915,3.782407407407407,3.8395348837209298,-0.057127476313522774,25.36,25.4,-0.03999999999999915,4.1134259259259265,4.430232558139535,-0.3168066322136083,25.36,25.4,-0.03999999999999915,4.627314814814814,4.795348837209302,-0.16803402239448761,25.36,25.4,-0.03999999999999915,5.0115740740740735,5.123255813953488,-0.11168173987941454,25.36,25.4,-0.03999999999999915,6.782407407407407,7.1953488372093,-0.41294142980189275,25.36,25.4,-0.03999999999999915,5.041666666666666,5.572093023255813,-0.5304263565891469,25.36,25.4,-0.03999999999999915,5.550925925925926,5.746511627906975,-0.19558570198104963,25.36,25.4,-0.03999999999999915,6.548611111111111,6.609302325581393,-0.060691214470282695,25.36,25.4,-0.03999999999999915,7.166666666666666,7.072093023255812,0.09457364341085395,25.36,25.4,-0.03999999999999915,8.30324074074074,8.01627906976744,0.28696167097329983,25.36,25.4,-0.03999999999999915,10.939814814814815,11.130232558139532,-0.1904177433247174,25.36,25.4,-0.03999999999999915,10.090277777777777,9.813953488372093,0.2763242894056841,25.36,25.4,-0.03999999999999915,7.050925925925926,7.369767441860465,-0.31884151593453947,25.36,25.4,-0.03999999999999915,8.222222222222223,8.683720930232555,-0.4614987080103319,25.36,25.4,-0.03999999999999915,8.4375,8.760465116279068,-0.3229651162790681,25.36,25.4,-0.03999999999999915,8.902777777777775,9.304651162790696,-0.40187338501292125,25.36,25.4,-0.03999999999999915,8.270833333333334,8.479069767441858,-0.20823643410852455,25.36,25.4,-0.03999999999999915,8.576388888888888,8.862790697674416,-0.2864018087855289,25.36,25.4,-0.03999999999999915,5.592592592592593,5.765116279069766,-0.17252368647717375,25.36,25.4,-0.03999999999999915,5.513888888888888,5.662790697674418,-0.1489018087855296,25.36,25.4,-0.03999999999999915
7,Handheld fan,Level2,90.0,60.0,25,TskControl34,2025-02-05 10:32:51,2025-02-05_ID0_NoPCS_Ta25_TskControl34.csv,2025-02-05_ID7_Handheld fan_Level2_Angle90_Distance60_Ta25_TskControl34.csv,1.6200000000000045,86.21999999999996,8.880000000000006,-0.8000000000000043,-1.3600000000000065,-2.1600000000000037,-0.6599999999999966,-3.239999999999995,-6.960000000000001,-1.1999999999999957,-0.5599999999999881,1.440000000000012,3.0800000000000125,2.180000000000007,6.239999999999981,-3.3400000000000105,-4.47999999999999,-3.1400000000000006,-4.61999999999999,-1.460000000000008,-2.259999999999991,-0.5,-0.7000000000000028,25.2,25.4,52.17,0.13,25.29,25.56,34.0,34.0,34.0,34.0,34.0,34.0,34.0,34.0,34.0,34.0,34.0,34.0,34.0,34.0,34.0,34.0,34.0,34.0,34.0,34.0,34.0,34.0,34.0,60.3,139.13999999999996,26.920000000000005,32.22,36.739999999999995,39.08,43.400000000000006,58.64,40.96,48.22,56.28000000000001,62.260000000000005,72.02000000000001,97.9,90.63999999999999,60.04,70.2,72.2,75.4,71.46,73.96000000000001,49.08,48.0,25.4,25.4,52.23,0.1,25.4,25.68,34.0,34.0,34.0,34.0,34.0,34.0,34.0,34.0,34.0,34.0,34.0,34.0,34.0,34.0,34.0,34.0,34.0,34.0,34.0,34.0,34.0,34.0,34.0,58.67999999999999,52.92,18.04,33.02,38.1,41.24,44.06,61.879999999999995,47.92,49.419999999999995,56.839999999999996,60.81999999999999,68.94,95.72,84.4,63.38000000000001,74.67999999999999,75.34,80.02,72.92,76.22,49.58,48.7,15.974741676234206,6.1534883720930225,9.821253304141184,25.29,25.4,-0.10999999999999943,3.090700344431688,2.0976744186046505,0.9930259258270375,25.29,25.4,-0.10999999999999943,3.699196326061997,3.8395348837209298,-0.14033855765893266,25.29,25.4,-0.10999999999999943,4.218140068886337,4.430232558139535,-0.21209248925319812,25.29,25.4,-0.10999999999999943,4.486796785304247,4.795348837209302,-0.3085520519050542,25.29,25.4,-0.10999999999999943,4.982778415614237,5.123255813953488,-0.1404773983392511,25.29,25.4,-0.10999999999999943,6.732491389207807,7.1953488372093,-0.4628574480014933,25.29,25.4,-0.10999999999999943,4.70264064293915,5.572093023255813,-0.8694523803166634,25.29,25.4,-0.10999999999999943,5.536165327210103,5.746511627906975,-0.2103463006968722,25.29,25.4,-0.10999999999999943,6.461538461538462,6.609302325581393,-0.14776386404293174,25.29,25.4,-0.10999999999999943,7.148105625717566,7.072093023255812,0.07601260246175379,25.29,25.4,-0.10999999999999943,8.268656716417912,8.01627906976744,0.252377646650471,25.29,25.4,-0.10999999999999943,11.239954075774971,11.130232558139532,0.10972151763543891,25.29,25.4,-0.10999999999999943,10.406429391504016,9.813953488372093,0.5924759031319233,25.29,25.4,-0.10999999999999943,6.893226176808265,7.369767441860465,-0.47654126505219985,25.29,25.4,-0.10999999999999943,8.059701492537313,8.683720930232555,-0.6240194376952424,25.29,25.4,-0.10999999999999943,8.289322617680826,8.760465116279068,-0.4711424985982422,25.29,25.4,-0.10999999999999943,8.656716417910447,9.304651162790696,-0.6479347448802493,25.29,25.4,-0.10999999999999943,8.204362801377725,8.479069767441858,-0.2747069660641337,25.29,25.4,-0.10999999999999943,8.491389207807119,8.862790697674416,-0.3714014898672975,25.29,25.4,-0.10999999999999943,5.634902411021813,5.765116279069766,-0.13021386804795299,25.29,25.4,-0.10999999999999943,5.510907003444316,5.662790697674418,-0.15188369423010162,25.29,25.4,-0.10999999999999943
7,Handheld fan,High,90.0,60.0,22,TskControl34,2025-02-20 18:52:35,2025-02-20_ID0_NoPCS_Ta22_TskControl34.csv,2025-02-20_ID7_Handheld fan_High_Angle90_Distance60_Ta22_TskControl34.csv,0.6200000000000045,122.19999999999999,6.480000000000004,-3.4399999999999977,-6.5,-1.0200000000000031,-3.460000000000001,-6.519999999999996,-13.379999999999995,-4.38000000000001,1.4210854715202004e-14,-3.1400000000000006,7.159999999999997,-4.6200000000000045,4.060000000000002,-2.1599999999999966,-7.159999999999982,-6.140000000000001,-4.380000000000024,-4.059999999999988,-5.4599999999999795,-3.3000000000000043,-2.6399999999999864,22.3,22.3,37.98,0.09,22.3,22.16,34.0,33.08,34.0,34.0,34.0,34.0,34.0,34.0,34.0,34.0,34.0,34.0,34.0,34.0,34.0,34.0,34.0,34.0,34.0,34.0,34.0,34.0,34.0,77.34,194.48,41.300000000000004,39.120000000000005,40.94,51.94,52.0,70.1,44.279999999999994,64.46,72.14000000000001,80.91999999999999,103.33999999999999,117.9,117.66,80.64,86.4,97.06,92.29999999999998,89.74000000000001,93.10000000000001,63.6,64.24000000000001,22.1,22.3,49.02,0.15,22.19,22.27,34.0,34.0,33.980000000000004,34.0,34.0,34.0,34.0,34.0,34.0,34.0,34.0,34.0,34.0,34.0,34.0,34.0,34.0,34.0,34.0,34.0,34.0,34.0,34.0,76.72,72.28,34.82,42.56,47.44,52.96,55.46,76.61999999999999,57.65999999999999,68.84,72.14,84.05999999999999,96.17999999999999,122.52000000000001,113.6,82.8,93.55999999999999,103.2,96.68,93.8,98.55999999999999,66.9,66.88,18.040816326530614,6.120237087214226,11.920579239316387,22.299999999999997,22.19,0.10999999999999588,3.5299145299145307,2.9533502968617467,0.576564233052784,22.3,22.19,0.10999999999999943,3.343589743589744,3.60372565622354,-0.26013591263379565,22.3,22.19,0.10999999999999943,3.499145299145299,4.016934801016088,-0.517789501870789,22.3,22.19,0.10999999999999943,4.4393162393162395,4.4843353090601195,-0.045019069743879925,22.3,22.190000000000005,0.10999999999999588,4.444444444444445,4.69602032176122,-0.25157587731677555,22.3,22.19,0.10999999999999943,5.9914529914529915,6.487722269263336,-0.49626927781034436,22.3,22.19,0.10999999999999943,3.7846153846153845,4.882303132938188,-1.0976877483228034,22.3,22.19,0.10999999999999943,5.509401709401709,5.828958509737512,-0.31955680033580247,22.3,22.19,0.10999999999999943,6.165811965811968,6.108382726502964,0.05742923930900368,22.3,22.19,0.10999999999999943,6.916239316239316,7.117696867061812,-0.2014575508224965,22.3,22.19,0.10999999999999943,8.832478632478631,8.143945808636749,0.6885328238418822,22.299999999999997,22.19,0.10999999999999588,10.076923076923078,10.374259102455548,-0.29733602553246996,22.3,22.19,0.10999999999999943,10.056410256410256,9.618966977138019,0.43744327927223736,22.3,22.19,0.10999999999999943,6.892307692307693,7.0110076206604575,-0.11869992835276477,22.3,22.19,0.10999999999999943,7.384615384615386,7.922099915325995,-0.5374845307106089,22.3,22.19,0.10999999999999943,8.295726495726496,8.738357324301441,-0.44263082857494496,22.3,22.190000000000005,0.10999999999999588,7.8888888888888875,8.18628281117697,-0.2973939222880819,22.3,22.189999999999998,0.11000000000000298,7.670085470085471,7.942421676545301,-0.2723362064598298,22.3,22.19,0.10999999999999943,7.957264957264958,8.345469940728197,-0.38820498346323884,22.3,22.190000000000005,0.10999999999999588,5.435897435897436,5.664690939881457,-0.2287935039840212,22.3,22.19,0.10999999999999943,5.4905982905982915,5.662997459779848,-0.1723991691815563,22.3,22.19,0.10999999999999943
7,Handheld fan,Level3,90.0,60.0,25,TskControl34,2025-02-05 10:49:51,2025-02-05_ID0_NoPCS_Ta25_TskControl34.csv,2025-02-05_ID7_Handheld fan_Level3_Angle90_Distance60_Ta25_TskControl34.csv,1.2600000000000051,90.64,13.579999999999998,-2.4400000000000013,-2.5600000000000023,-3.200000000000003,-1.6000000000000014,-2.979999999999997,-9.759999999999998,-1.4799999999999969,-0.7399999999999949,1.5800000000000054,4.539999999999992,2.6200000000000045,6.659999999999982,-4.200000000000017,-7.079999999999998,-2.6200000000000045,-3.760000000000005,-4.260000000000005,-5.060000000000002,-2.019999999999996,-0.6600000000000037,25.2,25.3,51.5,0.07,25.25,25.62,34.0,34.0,34.0,34.0,34.0,34.0,34.0,34.0,34.0,34.0,34.0,34.0,34.0,34.0,34.0,34.0,34.0,34.0,34.0,34.0,34.0,34.0,34.0,59.94,143.56,31.619999999999997,30.580000000000002,35.54,38.04,42.46,58.9,38.160000000000004,47.94,56.1,62.4,73.47999999999999,98.34,91.05999999999999,59.17999999999999,67.6,72.72,76.25999999999999,68.66,71.16,47.56,48.04,25.4,25.4,52.23,0.1,25.4,25.68,34.0,34.0,34.0,34.0,34.0,34.0,34.0,34.0,34.0,34.0,34.0,34.0,34.0,34.0,34.0,34.0,34.0,34.0,34.0,34.0,34.0,34.0,34.0,58.67999999999999,52.92,18.04,33.02,38.1,41.24,44.06,61.879999999999995,47.92,49.419999999999995,56.839999999999996,60.81999999999999,68.94,95.72,84.4,63.38000000000001,74.67999999999999,75.34,80.02,72.92,76.22,49.58,48.7,16.40685714285714,6.1534883720930225,10.25336877076412,25.25,25.4,-0.14999999999999858,3.6137142857142854,2.0976744186046505,1.516039867109635,25.25,25.4,-0.14999999999999858,3.494857142857143,3.8395348837209298,-0.34467774086378666,25.25,25.4,-0.14999999999999858,4.061714285714285,4.430232558139535,-0.36851827242524937,25.25,25.4,-0.14999999999999858,4.347428571428571,4.795348837209302,-0.44792026578073063,25.25,25.4,-0.14999999999999858,4.852571428571428,5.123255813953488,-0.27068438538205974,25.25,25.4,-0.14999999999999858,6.731428571428571,7.1953488372093,-0.46392026578072887,25.25,25.4,-0.14999999999999858,4.361142857142857,5.572093023255813,-1.2109501661129558,25.25,25.4,-0.14999999999999858,5.478857142857143,5.746511627906975,-0.2676544850498326,25.25,25.4,-0.14999999999999858,6.411428571428572,6.609302325581393,-0.1978737541528215,25.25,25.4,-0.14999999999999858,7.131428571428572,7.072093023255812,0.059335548172759545,25.25,25.4,-0.14999999999999858,8.397714285714285,8.01627906976744,0.38143521594684415,25.25,25.4,-0.14999999999999858,11.238857142857142,11.130232558139532,0.10862458471761016,25.25,25.4,-0.14999999999999858,10.406857142857142,9.813953488372093,0.592903654485049,25.25,25.4,-0.14999999999999858,6.7634285714285705,7.369767441860465,-0.6063388704318946,25.25,25.4,-0.14999999999999858,7.725714285714285,8.683720930232555,-0.95800664451827,25.25,25.4,-0.14999999999999858,8.310857142857143,8.760465116279068,-0.4496079734219247,25.25,25.4,-0.14999999999999858,8.71542857142857,9.304651162790696,-0.5892225913621267,25.25,25.4,-0.14999999999999858,7.846857142857142,8.479069767441858,-0.6322126245847164,25.25,25.4,-0.14999999999999858,8.132571428571428,8.862790697674416,-0.7302192691029887,25.25,25.4,-0.14999999999999858,5.435428571428572,5.765116279069766,-0.32968770764119437,25.25,25.4,-0.14999999999999858,5.490285714285714,5.662790697674418,-0.1725049833887038,25.25,25.4,-0.14999999999999858
7,Handheld fan,Mid,90.0,60.0,22,TskControl34,2025-02-20 18:28:00,2025-02-20_ID0_NoPCS_Ta22_TskControl34.csv,2025-02-20_ID7_Handheld fan_Mid_Angle90_Distance60_Ta22_TskControl34.csv,-0.7599999999999909,110.95999999999998,-7.880000000000003,-4.0,-6.160000000000004,-3.9200000000000017,-4.359999999999999,-6.619999999999976,-13.79999999999999,-5.780000000000001,0.47999999999998977,-2.9199999999999733,9.640000000000015,-1.0600000000000165,6.360000000000014,-5.099999999999994,-7.879999999999981,-4.839999999999989,-4.5800000000000125,-4.440000000000012,-5.4199999999999875,-3.6199999999999974,-3.200000000000003,22.2,22.3,39.01,0.02,22.27,22.17,34.0,34.0,34.0,34.0,34.0,34.0,34.0,34.0,34.0,34.0,34.0,34.0,34.0,34.0,34.0,34.0,34.0,34.0,34.0,34.0,34.0,34.0,34.0,75.96000000000001,183.23999999999998,26.939999999999998,38.56,41.279999999999994,49.04,51.1,70.00000000000001,43.86,63.06,72.61999999999999,81.14000000000001,105.82000000000001,121.46,119.96000000000001,77.7,85.68,98.36000000000001,92.1,89.35999999999999,93.14,63.28000000000001,63.67999999999999,22.1,22.3,49.02,0.15,22.19,22.27,34.0,34.0,33.980000000000004,34.0,34.0,34.0,34.0,34.0,34.0,34.0,34.0,34.0,34.0,34.0,34.0,34.0,34.0,34.0,34.0,34.0,34.0,34.0,34.0,76.72,72.28,34.82,42.56,47.44,52.96,55.46,76.61999999999999,57.65999999999999,68.84,72.14,84.05999999999999,96.17999999999999,122.52000000000001,113.6,82.8,93.55999999999999,103.2,96.68,93.8,98.55999999999999,66.9,66.88,15.621483375959077,6.120237087214226,9.50124628874485,22.27,22.19,0.0799999999999983,2.2966751918158566,2.9533502968617467,-0.6566751050458901,22.27,22.19,0.0799999999999983,3.287297527706735,3.60372565622354,-0.3164281285168049,22.27,22.19,0.0799999999999983,3.5191815856777486,4.016934801016088,-0.4977532153383395,22.27,22.19,0.0799999999999983,4.180733162830349,4.4843353090601195,-0.3036021462297702,22.27,22.190000000000005,0.07999999999999474,4.356351236146632,4.69602032176122,-0.3396690856145881,22.269999999999996,22.19,0.07999999999999474,5.96760443307758,6.487722269263336,-0.5201178361857561,22.27,22.19,0.0799999999999983,3.7391304347826084,4.882303132938188,-1.1431726981555794,22.27,22.19,0.0799999999999983,5.375959079283888,5.828958509737512,-0.452999430453624,22.27,22.19,0.0799999999999983,6.190963341858481,6.108382726502964,0.08258061535551686,22.27,22.19,0.0799999999999983,6.917306052855926,7.117696867061812,-0.20039081420588634,22.27,22.19,0.0799999999999983,9.021312872975278,8.143945808636749,0.8773670643385287,22.27,22.19,0.0799999999999983,10.35464620630861,10.374259102455548,-0.019612896146938397,22.27,22.19,0.0799999999999983,10.226768968456948,9.618966977138019,0.6078019913189294,22.27,22.19,0.0799999999999983,6.624040920716112,7.0110076206604575,-0.3869666999443453,22.27,22.19,0.0799999999999983,7.304347826086957,7.922099915325995,-0.6177520892390378,22.27,22.19,0.0799999999999983,8.38533674339301,8.738357324301441,-0.35302058090843147,22.27,22.190000000000005,0.07999999999999474,7.851662404092071,8.18628281117697,-0.3346204070848984,22.27,22.189999999999998,0.08000000000000185,7.618073316283033,7.942421676545301,-0.32434836026226765,22.27,22.19,0.0799999999999983,7.940323955669224,8.345469940728197,-0.40514598505897315,22.27,22.190000000000005,0.07999999999999474,5.394714407502132,5.664690939881457,-0.2699765323793253,22.27,22.19,0.0799999999999983,5.428815004262574,5.662997459779848,-0.23418245551727424,22.27,22.19,0.0799999999999983
7,Handheld fan,Low,90.0,60.0,22,TskControl34,2025-02-20 18:14:20,2025-02-20_ID0_NoPCS_Ta22_TskControl34.csv,2025-02-20_ID7_Handheld fan_Low_Angle90_Distance60_Ta22_TskControl34.csv,-1.279999999999987,86.73999999999998,-12.64,-4.280000000000001,-5.700000000000003,-4.200000000000003,-4.020000000000003,-5.560000000000002,-12.499999999999986,-5.220000000000013,1.1200000000000045,-1.4599999999999937,10.120000000000005,1.339999999999975,5.900000000000006,0.5799999999999983,-8.099999999999994,-5.260000000000005,-4.52000000000001,-4.859999999999985,-6.199999999999989,-3.6799999999999997,-3.1799999999999926,22.2,22.2,42.61,0.0,22.2,22.15,34.0,34.0,34.0,34.0,34.0,34.0,34.0,34.0,34.0,34.0,34.0,34.0,34.0,34.0,34.0,34.0,34.0,34.0,34.0,34.0,34.0,34.0,34.0,75.44000000000001,159.01999999999998,22.18,38.28,41.739999999999995,48.76,51.44,71.05999999999999,45.160000000000004,63.61999999999999,73.26,82.6,106.3,123.85999999999999,119.5,83.38,85.46,97.94,92.16,88.94000000000001,92.36,63.220000000000006,63.7,22.1,22.3,49.02,0.15,22.19,22.27,34.0,34.0,33.980000000000004,34.0,34.0,34.0,34.0,34.0,34.0,34.0,34.0,34.0,34.0,34.0,34.0,34.0,34.0,34.0,34.0,34.0,34.0,34.0,34.0,76.72,72.28,34.82,42.56,47.44,52.96,55.46,76.61999999999999,57.65999999999999,68.84,72.14,84.05999999999999,96.17999999999999,122.52000000000001,113.6,82.8,93.55999999999999,103.2,96.68,93.8,98.55999999999999,66.9,66.88,13.476271186440675,6.120237087214226,7.356034099226449,22.2,22.19,0.00999999999999801,1.8796610169491523,2.9533502968617467,-1.0736892799125943,22.2,22.19,0.00999999999999801,3.244067796610169,3.60372565622354,-0.3596578596133706,22.2,22.19,0.00999999999999801,3.5372881355932195,4.016934801016088,-0.4796466654228686,22.2,22.19,0.00999999999999801,4.132203389830508,4.4843353090601195,-0.3521319192296115,22.2,22.190000000000005,0.009999999999994458,4.359322033898304,4.69602032176122,-0.3366982878629159,22.2,22.19,0.00999999999999801,6.022033898305083,6.487722269263336,-0.46568837095825266,22.2,22.19,0.00999999999999801,3.827118644067797,4.882303132938188,-1.055184488870391,22.2,22.19,0.00999999999999801,5.391525423728813,5.828958509737512,-0.43743308600869923,22.2,22.19,0.00999999999999801,6.208474576271186,6.108382726502964,0.10009184976822194,22.2,22.19,0.00999999999999801,6.999999999999999,7.117696867061812,-0.11769686706181304,22.2,22.19,0.00999999999999801,9.008474576271185,8.143945808636749,0.864528767634436,22.2,22.19,0.00999999999999801,10.496610169491523,10.374259102455548,0.12235106703597509,22.2,22.19,0.00999999999999801,10.127118644067796,9.618966977138019,0.508151666929777,22.2,22.19,0.00999999999999801,7.066101694915253,7.0110076206604575,0.05509407425479562,22.2,22.19,0.00999999999999801,7.242372881355931,7.922099915325995,-0.6797270339700638,22.2,22.19,0.00999999999999801,8.299999999999999,8.738357324301441,-0.4383573243014425,22.2,22.190000000000005,0.009999999999994458,7.810169491525423,8.18628281117697,-0.37611331965154626,22.2,22.189999999999998,0.010000000000001563,7.537288135593221,7.942421676545301,-0.40513354095207976,22.2,22.19,0.00999999999999801,7.827118644067796,8.345469940728197,-0.5183512966604011,22.2,22.190000000000005,0.009999999999994458,5.357627118644068,5.664690939881457,-0.3070638212373895,22.2,22.19,0.00999999999999801,5.398305084745763,5.662997459779848,-0.2646923750340848,22.2,22.19,0.00999999999999801
8,"Standing fan (Daison, long)",Level1,270.0,150.0,22,TskControl34,2025-02-20 14:48:44,2025-02-20_ID0_NoPCS_Ta22_TskControl34.csv,"2025-02-20_ID8_Standing fan (Daison, long)_Level1_Angle270_Distance150_Ta22_TskControl34.csv",1.980000000000004,19.960000000000008,-11.099999999999998,-4.200000000000003,-7.179999999999993,15.580000000000005,17.740000000000002,18.460000000000008,-9.539999999999985,-0.6400000000000148,8.939999999999998,0.28000000000001535,7.540000000000006,7.4199999999999875,1.7399999999999949,0.7999999999999972,-4.319999999999979,-6.660000000000011,2.019999999999996,-3.0799999999999983,-0.2799999999999869,-2.8400000000000176,-1.8400000000000034,22.1,22.2,34.67,0.07,22.15,22.09,34.0,34.0,34.0,34.0,34.0,34.0,34.0,34.0,34.0,34.0,34.0,34.0,34.0,34.0,34.0,34.0,34.0,34.0,34.0,34.0,34.0,34.0,34.0,78.7,92.24000000000001,23.720000000000002,38.36,40.260000000000005,68.54,73.2,95.08,48.120000000000005,68.19999999999999,81.08,84.34,103.72,129.94,115.33999999999999,83.6,89.24000000000001,96.53999999999999,98.7,90.72,98.28,64.05999999999999,65.03999999999999,22.1,22.3,49.02,0.15,22.19,22.27,34.0,34.0,33.980000000000004,34.0,34.0,34.0,34.0,34.0,34.0,34.0,34.0,34.0,34.0,34.0,34.0,34.0,34.0,34.0,34.0,34.0,34.0,34.0,34.0,76.72,72.28,34.82,42.56,47.44,52.96,55.46,76.61999999999999,57.65999999999999,68.84,72.14,84.05999999999999,96.17999999999999,122.52000000000001,113.6,82.8,93.55999999999999,103.2,96.68,93.8,98.55999999999999,66.9,66.88,7.783966244725738,6.120237087214226,1.6637291575115114,22.15,22.19,-0.0400000000000027,2.0016877637130803,2.9533502968617467,-0.9516625331486663,22.15,22.19,-0.0400000000000027,3.2371308016877633,3.60372565622354,-0.36659485453577645,22.15,22.19,-0.0400000000000027,3.3974683544303796,4.016934801016088,-0.6194664465857085,22.15,22.19,-0.0400000000000027,5.783966244725738,4.4843353090601195,1.2996309356656184,22.15,22.190000000000005,-0.04000000000000625,6.177215189873417,4.69602032176122,1.4811948681121967,22.15,22.19,-0.0400000000000027,8.023628691983122,6.487722269263336,1.535906422719786,22.15,22.19,-0.0400000000000027,4.060759493670886,4.882303132938188,-0.8215436392673015,22.15,22.19,-0.0400000000000027,5.755274261603374,5.828958509737512,-0.07368424813413821,22.15,22.19,-0.0400000000000027,6.842194092827003,6.108382726502964,0.7338113663240389,22.15,22.19,-0.0400000000000027,7.117299578059071,7.117696867061812,-0.00039728900274127454,22.15,22.19,-0.0400000000000027,8.752742616033753,8.143945808636749,0.6087968073970043,22.15,22.19,-0.0400000000000027,10.965400843881856,10.374259102455548,0.5911417414263074,22.15,22.19,-0.0400000000000027,9.73333333333333,9.618966977138019,0.11436635619531188,22.15,22.19,-0.0400000000000027,7.054852320675105,7.0110076206604575,0.04384470001464713,22.15,22.19,-0.0400000000000027,7.530801687763713,7.922099915325995,-0.39129822756228183,22.15,22.19,-0.0400000000000027,8.146835443037974,8.738357324301441,-0.5915218812634677,22.15,22.190000000000005,-0.04000000000000625,8.329113924050633,8.18628281117697,0.14283111287366346,22.15,22.189999999999998,-0.03999999999999915,7.655696202531645,7.942421676545301,-0.28672547401365645,22.15,22.19,-0.0400000000000027,8.29367088607595,8.345469940728197,-0.05179905465224799,22.15,22.190000000000005,-0.04000000000000625,5.405907172995779,5.664690939881457,-0.2587837668856787,22.15,22.19,-0.0400000000000027,5.488607594936708,5.662997459779848,-0.1743898648431399,22.15,22.19,-0.0400000000000027
8,"Standing fan (Daison, long)",Level10,270.0,150.0,22,TskControl34,2025-02-20 16:06:34,2025-02-20_ID0_NoPCS_Ta22_TskControl34.csv,"2025-02-20_ID8_Standing fan (Daison, long)_Level10_Angle270_Distance150_Ta22_TskControl34.csv",30.060000000000002,63.54000000000002,-4.480000000000004,7.019999999999996,3.240000000000009,39.48,39.51999999999999,66.48,6.420000000000009,20.719999999999985,35.02000000000001,24.679999999999993,32.86000000000003,35.900000000000006,24.939999999999998,36.280000000000015,19.02000000000001,41.480000000000004,47.67999999999998,37.8,40.08000000000003,2.719999999999999,3.5400000000000063,22.0,22.3,45.22,0.09,22.15,22.19,34.0,34.0,34.0,34.0,34.0,34.0,34.0,34.0,34.0,34.0,34.0,34.0,34.0,34.0,34.0,34.0,34.0,34.0,34.0,34.0,34.0,34.0,34.0,106.78,135.82000000000002,30.339999999999996,49.58,50.68000000000001,92.44,94.97999999999999,143.1,64.08,89.55999999999999,107.16000000000001,108.73999999999998,129.04000000000002,158.42000000000002,138.54,119.08000000000001,112.58,144.68,144.35999999999999,131.6,138.64000000000001,69.62,70.42,22.1,22.3,49.02,0.15,22.19,22.27,34.0,34.0,33.980000000000004,34.0,34.0,34.0,34.0,34.0,34.0,34.0,34.0,34.0,34.0,34.0,34.0,34.0,34.0,34.0,34.0,34.0,34.0,34.0,34.0,76.72,72.28,34.82,42.56,47.44,52.96,55.46,76.61999999999999,57.65999999999999,68.84,72.14,84.05999999999999,96.17999999999999,122.52000000000001,113.6,82.8,93.55999999999999,103.2,96.68,93.8,98.55999999999999,66.9,66.88,11.461603375527426,6.120237087214226,5.3413662883132,22.15,22.19,-0.0400000000000027,2.5603375527426153,2.9533502968617467,-0.39301274411913134,22.15,22.19,-0.0400000000000027,4.183966244725738,3.60372565622354,0.5802405885021984,22.15,22.19,-0.0400000000000027,4.276793248945148,4.016934801016088,0.25985844792905954,22.15,22.19,-0.0400000000000027,7.800843881856539,4.4843353090601195,3.31650857279642,22.15,22.190000000000005,-0.04000000000000625,8.01518987341772,4.69602032176122,3.3191695516564996,22.15,22.19,-0.0400000000000027,12.075949367088606,6.487722269263336,5.58822709782527,22.15,22.19,-0.0400000000000027,5.40759493670886,4.882303132938188,0.5252918037706724,22.15,22.19,-0.0400000000000027,7.557805907172994,5.828958509737512,1.7288473974354819,22.15,22.19,-0.0400000000000027,9.043037974683545,6.108382726502964,2.9346552481805803,22.15,22.19,-0.0400000000000027,9.176371308016876,7.117696867061812,2.0586744409550635,22.15,22.19,-0.0400000000000027,10.88945147679325,8.143945808636749,2.7455056681565004,22.15,22.19,-0.0400000000000027,13.368776371308016,10.374259102455548,2.9945172688524675,22.15,22.19,-0.0400000000000027,11.691139240506327,9.618966977138019,2.0721722633683086,22.15,22.19,-0.0400000000000027,10.048945147679325,7.0110076206604575,3.037937527018867,22.15,22.19,-0.0400000000000027,9.500421940928268,7.922099915325995,1.5783220256022732,22.15,22.19,-0.0400000000000027,12.20928270042194,8.738357324301441,3.4709253761204995,22.15,22.190000000000005,-0.04000000000000625,12.182278481012656,8.18628281117697,3.995995669835686,22.15,22.189999999999998,-0.03999999999999915,11.105485232067508,7.942421676545301,3.163063555522207,22.15,22.19,-0.0400000000000027,11.69957805907173,8.345469940728197,3.3541081183435324,22.15,22.190000000000005,-0.04000000000000625,5.875105485232067,5.664690939881457,0.2104145453506101,22.15,22.19,-0.0400000000000027,5.942616033755273,5.662997459779848,0.27961857397542556,22.15,22.19,-0.0400000000000027
8,"Standing fan (Daison, long)",Level5,270.0,150.0,22,TskControl34,2025-02-20 15:21:59,2025-02-20_ID0_NoPCS_Ta22_TskControl34.csv,"2025-02-20_ID8_Standing fan (Daison, long)_Level5_Angle270_Distance150_Ta22_TskControl34.csv",20.879999999999995,52.67999999999999,-4.84,5.480000000000004,1.0799999999999983,35.50000000000001,31.96,52.000000000000014,-3.3599999999999923,17.060000000000002,22.60000000000001,15.299999999999997,18.16000000000001,35.41999999999999,28.879999999999995,20.52000000000001,6.1000000000000085,27.81999999999998,36.01999999999998,22.52000000000001,23.92,-0.5,0.03999999999999204,21.9,22.2,43.1,0.12,22.04,22.05,34.0,34.0,34.0,34.0,34.0,34.0,34.0,34.0,34.0,34.0,34.0,34.0,34.0,34.0,34.0,34.0,34.0,34.0,34.0,34.0,34.0,34.0,34.0,97.6,124.96,29.98,48.040000000000006,48.519999999999996,88.46000000000001,87.42,128.62,54.3,85.9,94.74000000000001,99.35999999999999,114.34,157.94,142.48,103.32000000000001,99.66,131.01999999999998,132.7,116.32000000000001,122.47999999999999,66.4,66.91999999999999,22.1,22.3,49.02,0.15,22.19,22.27,34.0,34.0,33.980000000000004,34.0,34.0,34.0,34.0,34.0,34.0,34.0,34.0,34.0,34.0,34.0,34.0,34.0,34.0,34.0,34.0,34.0,34.0,34.0,34.0,76.72,72.28,34.82,42.56,47.44,52.96,55.46,76.61999999999999,57.65999999999999,68.84,72.14,84.05999999999999,96.17999999999999,122.52000000000001,113.6,82.8,93.55999999999999,103.2,96.68,93.8,98.55999999999999,66.9,66.88,10.448160535117056,6.120237087214226,4.32792344790283,22.04,22.19,-0.15000000000000213,2.5066889632107023,2.9533502968617467,-0.4466613336510443,22.04,22.19,-0.15000000000000213,4.016722408026756,3.60372565622354,0.41299675180321627,22.04,22.19,-0.15000000000000213,4.056856187290969,4.016934801016088,0.039921386274881066,22.04,22.19,-0.15000000000000213,7.396321070234114,4.4843353090601195,2.9119857611739945,22.04,22.190000000000005,-0.15000000000000568,7.309364548494983,4.69602032176122,2.613344226733763,22.04,22.19,-0.15000000000000213,10.754180602006688,6.487722269263336,4.266458332743352,22.04,22.19,-0.15000000000000213,4.540133779264213,4.882303132938188,-0.3421693536739747,22.04,22.19,-0.15000000000000213,7.182274247491638,5.828958509737512,1.3533157377541265,22.04,22.19,-0.15000000000000213,7.921404682274248,6.108382726502964,1.8130219557712834,22.04,22.19,-0.15000000000000213,8.307692307692307,7.117696867061812,1.1899954406304944,22.04,22.19,-0.15000000000000213,9.560200668896321,8.143945808636749,1.4162548602595724,22.04,22.19,-0.15000000000000213,13.205685618729095,10.374259102455548,2.831426516273547,22.04,22.19,-0.15000000000000213,11.913043478260867,9.618966977138019,2.2940765011228486,22.04,22.19,-0.15000000000000213,8.638795986622073,7.0110076206604575,1.6277883659616155,22.04,22.19,-0.15000000000000213,8.332775919732441,7.922099915325995,0.41067600440644636,22.04,22.19,-0.15000000000000213,10.954849498327757,8.738357324301441,2.2164921740263157,22.04,22.190000000000005,-0.15000000000000568,11.095317725752507,8.18628281117697,2.909034914575537,22.04,22.189999999999998,-0.14999999999999858,9.725752508361204,7.942421676545301,1.7833308318159027,22.04,22.19,-0.15000000000000213,10.240802675585282,8.345469940728197,1.8953327348570852,22.04,22.190000000000005,-0.15000000000000568,5.551839464882943,5.664690939881457,-0.11285147499851433,22.04,22.19,-0.15000000000000213,5.595317725752507,5.662997459779848,-0.06767973402734118,22.04,22.19,-0.15000000000000213
8,"Standing fan (Daison, long)",Level8,270.0,150.0,22,TskControl34,2025-02-20 15:40:09,2025-02-20_ID0_NoPCS_Ta22_TskControl34.csv,"2025-02-20_ID8_Standing fan (Daison, long)_Level8_Angle270_Distance150_Ta22_TskControl34.csv",31.139999999999986,61.56,-5.459999999999997,8.319999999999993,2.960000000000001,42.199999999999996,37.779999999999994,66.26,5.120000000000019,22.679999999999993,34.36,26.220000000000013,31.679999999999993,41.66,36.34,37.28,19.299999999999997,42.81999999999998,44.099999999999994,42.58,45.46000000000002,3.5,6.280000000000001,21.9,22.2,44.28,0.06,22.07,22.07,34.0,34.0,34.0,34.0,34.0,34.0,34.0,34.0,34.0,34.0,34.0,34.0,34.0,34.0,34.0,34.0,34.0,34.0,34.0,34.0,34.0,34.0,34.0,107.85999999999999,133.84,29.360000000000003,50.879999999999995,50.4,95.16,93.24,142.88,62.78000000000001,91.52,106.5,110.28,127.85999999999999,164.18,149.94,120.08,112.85999999999999,146.01999999999998,140.78,136.38,144.02,70.4,73.16,22.1,22.3,49.02,0.15,22.19,22.27,34.0,34.0,33.980000000000004,34.0,34.0,34.0,34.0,34.0,34.0,34.0,34.0,34.0,34.0,34.0,34.0,34.0,34.0,34.0,34.0,34.0,34.0,34.0,34.0,76.72,72.28,34.82,42.56,47.44,52.96,55.46,76.61999999999999,57.65999999999999,68.84,72.14,84.05999999999999,96.17999999999999,122.52000000000001,113.6,82.8,93.55999999999999,103.2,96.68,93.8,98.55999999999999,66.9,66.88,11.21877619446773,6.120237087214226,5.098539107253503,22.07,22.19,-0.120000000000001,2.461022632020118,2.9533502968617467,-0.4923276648416288,22.07,22.19,-0.120000000000001,4.26487845766974,3.60372565622354,0.6611528014462,22.07,22.19,-0.120000000000001,4.224643755238893,4.016934801016088,0.207708954222805,22.07,22.19,-0.120000000000001,7.9765297569153395,4.4843353090601195,3.49219444785522,22.07,22.190000000000005,-0.12000000000000455,7.815590947191953,4.69602032176122,3.1195706254307325,22.07,22.19,-0.120000000000001,11.976529756915339,6.487722269263336,5.488807487652003,22.07,22.19,-0.120000000000001,5.262363788767813,4.882303132938188,0.38006065582962556,22.07,22.19,-0.120000000000001,7.671416596814753,5.828958509737512,1.8424580870772411,22.07,22.19,-0.120000000000001,8.92707460184409,6.108382726502964,2.818691875341126,22.07,22.19,-0.120000000000001,9.243922883487008,7.117696867061812,2.1262260164251954,22.07,22.19,-0.120000000000001,10.717518860016764,8.143945808636749,2.5735730513800146,22.07,22.19,-0.120000000000001,13.76194467728416,10.374259102455548,3.3876855748286108,22.07,22.19,-0.120000000000001,12.568315171835708,9.618966977138019,2.9493481946976896,22.07,22.19,-0.120000000000001,10.065381391450126,7.0110076206604575,3.0543737707896685,22.07,22.19,-0.120000000000001,9.460184409052808,7.922099915325995,1.5380844937268128,22.07,22.19,-0.120000000000001,12.23973176865046,8.738357324301441,3.5013744443490182,22.07,22.190000000000005,-0.12000000000000455,11.800502933780386,8.18628281117697,3.6142201226034167,22.07,22.189999999999998,-0.11999999999999744,11.431684828164292,7.942421676545301,3.4892631516189905,22.07,22.19,-0.120000000000001,12.072087175188601,8.345469940728197,3.726617234460404,22.07,22.190000000000005,-0.12000000000000455,5.9010896898575025,5.664690939881457,0.23639874997604515,22.07,22.19,-0.120000000000001,6.13243922883487,5.662997459779848,0.4694417690550221,22.07,22.19,-0.120000000000001
8,"Standing fan (daison, long)",Level8,225.0,150.0,25,TskControl34,2025-02-04 16:11:49,2025-02-04_ID0_NoPCS_Ta25_TskControl34.csv,"2025-02-04_ID8_Standing fan (daison, long)_Level8_Angle225_Distance150_Ta25_TskControl34.csv",32.64,38.44000000000001,1.9800000000000004,15.64,9.199999999999996,34.080000000000005,14.380000000000003,34.92000000000001,10.159999999999997,38.800000000000004,13.439999999999998,62.72,55.10000000000001,117.54000000000002,108.49999999999997,57.67999999999998,34.459999999999994,48.72,37.19999999999999,26.36,25.72,-0.9000000000000057,-0.9399999999999977,24.9,24.9,54.15,0.0,24.9,25.26,34.0,34.0,34.0,34.0,34.0,34.0,34.0,34.0,34.0,34.0,34.0,34.0,34.0,33.94,34.0,34.0,34.0,34.0,34.0,34.0,34.0,34.0,34.0,88.46000000000001,89.52000000000001,19.14,46.3,42.9,73.7,57.64000000000001,96.2,53.419999999999995,87.7,67.7,122.42,124.22,202.8,191.71999999999997,119.35999999999999,100.61999999999999,124.78,111.22,94.76,94.08,48.76,47.32000000000001,25.4,25.2,56.77,0.08,25.29,25.72,34.0,34.0,34.0,34.0,34.0,34.0,34.0,34.0,34.0,34.0,34.0,34.0,34.0,34.0,34.0,34.0,34.0,34.0,34.0,34.0,34.0,34.0,34.0,55.82000000000001,51.08,17.16,30.659999999999997,33.7,39.62,43.260000000000005,61.279999999999994,43.26,48.9,54.260000000000005,59.7,69.11999999999999,85.25999999999999,83.22,61.68000000000001,66.16,76.06,74.02000000000001,68.4,68.36,49.660000000000004,48.260000000000005,9.837362637362636,5.8645235361653265,3.9728391011973097,24.9,25.29,-0.39000000000000057,2.103296703296703,1.9701492537313432,0.13314744956535973,24.9,25.29,-0.39000000000000057,5.087912087912087,3.5200918484500567,1.56782023946203,24.9,25.29,-0.39000000000000057,4.7142857142857135,3.8691159586681976,0.845169755617516,24.9,25.29,-0.39000000000000057,8.098901098901099,4.548794489092995,3.550106609808103,24.9,25.29,-0.39000000000000057,6.334065934065934,4.966704936854191,1.367360997211743,24.9,25.29,-0.39000000000000057,10.57142857142857,7.035591274397243,3.5358372970313265,24.9,25.29,-0.39000000000000057,5.870329670329669,4.96670493685419,0.9036247334754792,24.9,25.29,-0.39000000000000057,9.637362637362637,5.614236509758897,4.0231261276037396,24.9,25.29,-0.39000000000000057,7.439560439560439,6.229621125143513,1.2099393144169257,24.9,25.29,-0.39000000000000057,13.452747252747251,6.8541905855338685,6.598556667213383,24.9,25.29,-0.39000000000000057,13.650549450549448,7.935706084959814,5.714843365589634,24.9,25.29,-0.39000000000000057,22.433628318584073,9.788748564867966,12.644879753716108,24.9,25.29,-0.39000000000000057,21.06813186813186,9.554535017221584,11.513596850910277,24.9,25.29,-0.39000000000000057,13.116483516483513,7.081515499425947,6.034968017057565,24.9,25.29,-0.39000000000000057,11.057142857142855,7.595866819747416,3.4612760373954394,24.9,25.29,-0.39000000000000057,13.71208791208791,8.732491389207807,4.979596522880103,24.9,25.29,-0.39000000000000057,12.22197802197802,8.498277841561425,3.7237001804165946,24.9,25.29,-0.39000000000000057,10.413186813186812,7.853042479908152,2.56014433327866,24.9,25.29,-0.39000000000000057,10.338461538461537,7.84845005740528,2.490011481056257,24.9,25.29,-0.39000000000000057,5.358241758241757,5.701492537313433,-0.3432507790716759,24.9,25.29,-0.39000000000000057,5.2,5.540757749712974,-0.34075774971297346,24.9,25.29,-0.39000000000000057
8,"Standing fan (daison, long)",Level5,270.0,150.0,25,TskControl34,2025-02-04 13:39:49,2025-02-04_ID0_NoPCS_Ta25_TskControl34.csv,"2025-02-04_ID8_Standing fan (daison, long)_Level5_Angle270_Distance150_Ta25_TskControl34.csv",19.359999999999985,32.0,8.999999999999996,8.18,5.299999999999997,33.70000000000001,28.219999999999985,43.440000000000005,0.14000000000000057,18.15999999999999,14.14,14.759999999999991,15.620000000000019,23.58,14.120000000000005,18.519999999999996,13.300000000000011,20.700000000000003,22.039999999999992,28.480000000000004,26.260000000000005,5.199999999999996,3.1799999999999926,25.2,25.2,52.85,0.11,25.2,25.51,34.0,34.0,34.0,34.0,34.0,34.0,34.0,34.0,34.0,34.0,34.0,34.0,34.0,34.0,34.0,34.0,34.0,34.0,34.0,34.0,34.0,34.0,34.0,75.17999999999999,83.08,26.159999999999997,38.839999999999996,39.0,73.32000000000001,71.47999999999999,104.72,43.4,67.05999999999999,68.4,74.46,84.74000000000001,108.83999999999999,97.34,80.2,79.46000000000001,96.76,96.06,96.88000000000001,94.62,54.86,51.44,25.4,25.2,56.77,0.08,25.29,25.72,34.0,34.0,34.0,34.0,34.0,34.0,34.0,34.0,34.0,34.0,34.0,34.0,34.0,34.0,34.0,34.0,34.0,34.0,34.0,34.0,34.0,34.0,34.0,55.82000000000001,51.08,17.16,30.659999999999997,33.7,39.62,43.260000000000005,61.279999999999994,43.26,48.9,54.260000000000005,59.7,69.11999999999999,85.25999999999999,83.22,61.68000000000001,66.16,76.06,74.02000000000001,68.4,68.36,49.660000000000004,48.260000000000005,9.44090909090909,5.8645235361653265,3.576385554743763,25.2,25.29,-0.08999999999999986,2.972727272727272,1.9701492537313432,1.002578018995929,25.2,25.29,-0.08999999999999986,4.413636363636363,3.5200918484500567,0.8935445151863064,25.2,25.29,-0.08999999999999986,4.431818181818182,3.8691159586681976,0.5627022231499841,25.2,25.29,-0.08999999999999986,8.331818181818182,4.548794489092995,3.7830236927251866,25.2,25.29,-0.08999999999999986,8.122727272727271,4.966704936854191,3.1560223358730806,25.2,25.29,-0.08999999999999986,11.899999999999999,7.035591274397243,4.864408725602756,25.2,25.29,-0.08999999999999986,4.931818181818182,4.96670493685419,-0.03488675503600813,25.2,25.29,-0.08999999999999986,7.620454545454543,5.614236509758897,2.006218035695646,25.2,25.29,-0.08999999999999986,7.7727272727272725,6.229621125143513,1.5431061475837593,25.2,25.29,-0.08999999999999986,8.461363636363634,6.8541905855338685,1.6071730508297657,25.2,25.29,-0.08999999999999986,9.629545454545454,7.935706084959814,1.69383936958564,25.2,25.29,-0.08999999999999986,12.368181818181816,9.788748564867966,2.5794332533138498,25.2,25.29,-0.08999999999999986,11.061363636363636,9.554535017221584,1.506828619142052,25.2,25.29,-0.08999999999999986,9.113636363636363,7.081515499425947,2.032120864210416,25.2,25.29,-0.08999999999999986,9.029545454545454,7.595866819747416,1.4336786347980386,25.2,25.29,-0.08999999999999986,10.995454545454546,8.732491389207807,2.262963156246739,25.2,25.29,-0.08999999999999986,10.915909090909091,8.498277841561425,2.417631249347666,25.2,25.29,-0.08999999999999986,11.00909090909091,7.853042479908152,3.156048429182758,25.2,25.29,-0.08999999999999986,10.752272727272727,7.84845005740528,2.9038226698674467,25.2,25.29,-0.08999999999999986,6.2340909090909085,5.701492537313433,0.5325983717774756,25.2,25.29,-0.08999999999999986,5.845454545454545,5.540757749712974,0.30469679574157116,25.2,25.29,-0.08999999999999986
8,"Standing fan (daison, long)",Level8,270.0,150.0,25,TskControl34,2025-02-04 13:57:49,2025-02-04_ID0_NoPCS_Ta25_TskControl34.csv,"2025-02-04_ID8_Standing fan (daison, long)_Level8_Angle270_Distance150_Ta25_TskControl34.csv",27.319999999999993,38.89999999999999,10.679999999999996,12.860000000000007,8.699999999999996,41.02000000000002,36.08,55.240000000000016,5.440000000000005,20.779999999999994,18.039999999999992,19.459999999999994,24.200000000000017,28.040000000000006,27.08,28.099999999999994,22.040000000000006,34.84,39.69999999999999,40.24000000000001,36.82000000000002,6.960000000000001,5.439999999999998,25.3,25.3,52.54,0.09,25.3,25.51,34.0,34.0,34.0,34.0,34.0,34.0,34.0,34.0,34.0,34.0,34.0,34.0,34.0,34.0,34.0,34.0,34.0,34.0,34.0,34.0,34.0,34.0,34.0,83.14,89.97999999999999,27.839999999999996,43.52,42.4,80.64000000000001,79.34,116.52000000000001,48.7,69.67999999999999,72.3,79.16,93.32000000000001,113.3,110.3,89.78,88.2,110.9,113.72,108.64000000000001,105.18000000000002,56.620000000000005,53.7,25.4,25.2,56.77,0.08,25.29,25.72,34.0,34.0,34.0,34.0,34.0,34.0,34.0,34.0,34.0,34.0,34.0,34.0,34.0,34.0,34.0,34.0,34.0,34.0,34.0,34.0,34.0,34.0,34.0,55.82000000000001,51.08,17.16,30.659999999999997,33.7,39.62,43.260000000000005,61.279999999999994,43.26,48.9,54.260000000000005,59.7,69.11999999999999,85.25999999999999,83.22,61.68000000000001,66.16,76.06,74.02000000000001,68.4,68.36,49.660000000000004,48.260000000000005,10.342528735632184,5.8645235361653265,4.478005199466858,25.3,25.29,0.010000000000001563,3.1999999999999997,1.9701492537313432,1.2298507462686565,25.3,25.29,0.010000000000001563,5.0022988505747135,3.5200918484500567,1.4822070021246567,25.3,25.29,0.010000000000001563,4.873563218390805,3.8691159586681976,1.0044472597226073,25.3,25.29,0.010000000000001563,9.268965517241382,4.548794489092995,4.720171028148386,25.3,25.29,0.010000000000001563,9.11954022988506,4.966704936854191,4.1528352930308685,25.3,25.29,0.010000000000001563,13.393103448275864,7.035591274397243,6.3575121738786216,25.3,25.29,0.010000000000001563,5.597701149425288,4.96670493685419,0.6309962125710982,25.3,25.29,0.010000000000001563,8.00919540229885,5.614236509758897,2.394958892539953,25.3,25.29,0.010000000000001563,8.310344827586206,6.229621125143513,2.0807237024426932,25.3,25.29,0.010000000000001563,9.098850574712644,6.8541905855338685,2.2446599891787757,25.3,25.29,0.010000000000001563,10.726436781609197,7.935706084959814,2.7907306966493826,25.3,25.29,0.010000000000001563,13.022988505747128,9.788748564867966,3.234239940879162,25.3,25.29,0.010000000000001563,12.67816091954023,9.554535017221584,3.123625902318647,25.3,25.29,0.010000000000001563,10.319540229885058,7.081515499425947,3.238024730459111,25.3,25.29,0.010000000000001563,10.13793103448276,7.595866819747416,2.542064214735344,25.3,25.29,0.010000000000001563,12.747126436781612,8.732491389207807,4.014635047573805,25.3,25.29,0.010000000000001563,13.071264367816093,8.498277841561425,4.5729865262546685,25.3,25.29,0.010000000000001563,12.487356321839084,7.853042479908152,4.634313841930932,25.3,25.29,0.010000000000001563,12.089655172413796,7.84845005740528,4.2412051150085155,25.3,25.29,0.010000000000001563,6.508045977011495,5.701492537313433,0.806553439698062,25.3,25.29,0.010000000000001563,6.172413793103449,5.540757749712974,0.6316560433904757,25.3,25.29,0.010000000000001563
8,"Standing fan (daison, long)",Level1,225.0,150.0,25,TskControl34,2025-02-04 15:23:49,2025-02-04_ID0_NoPCS_Ta25_TskControl34.csv,"2025-02-04_ID8_Standing fan (daison, long)_Level1_Angle225_Distance150_Ta25_TskControl34.csv",5.279999999999994,18.040000000000006,-1.1000000000000014,5.380000000000003,-3.1800000000000033,17.540000000000006,-0.9800000000000111,11.580000000000005,-6.580000000000005,17.1,-4.280000000000008,25.22,11.180000000000007,28.080000000000013,14.159999999999997,17.539999999999992,-0.8000000000000114,1.4399999999999977,3.1399999999999864,-2.1000000000000085,-4.579999999999991,-2.5600000000000094,-4.600000000000001,25.3,25.3,53.22,0.05,25.3,25.62,34.0,34.0,34.0,34.0,34.0,34.0,34.0,34.0,34.0,34.0,34.0,34.0,34.0,34.0,34.0,34.0,34.0,34.0,34.0,34.0,34.0,34.0,34.0,61.1,69.12,16.06,36.04,30.52,57.160000000000004,42.279999999999994,72.86,36.67999999999999,66.0,49.98,84.92,80.3,113.34,97.38,79.22,65.35999999999999,77.5,77.16,66.3,63.78000000000001,47.099999999999994,43.660000000000004,25.4,25.2,56.77,0.08,25.29,25.72,34.0,34.0,34.0,34.0,34.0,34.0,34.0,34.0,34.0,34.0,34.0,34.0,34.0,34.0,34.0,34.0,34.0,34.0,34.0,34.0,34.0,34.0,34.0,55.82000000000001,51.08,17.16,30.659999999999997,33.7,39.62,43.260000000000005,61.279999999999994,43.26,48.9,54.260000000000005,59.7,69.11999999999999,85.25999999999999,83.22,61.68000000000001,66.16,76.06,74.02000000000001,68.4,68.36,49.660000000000004,48.260000000000005,7.944827586206897,5.8645235361653265,2.080304050041571,25.3,25.29,0.010000000000001563,1.8459770114942529,1.9701492537313432,-0.12417224223709034,25.3,25.29,0.010000000000001563,4.142528735632184,3.5200918484500567,0.6224368871821273,25.3,25.29,0.010000000000001563,3.5080459770114945,3.8691159586681976,-0.3610699816567031,25.3,25.29,0.010000000000001563,6.570114942528736,4.548794489092995,2.0213204534357407,25.3,25.29,0.010000000000001563,4.8597701149425285,4.966704936854191,-0.10693482191166215,25.3,25.29,0.010000000000001563,8.374712643678162,7.035591274397243,1.3391213692809192,25.3,25.29,0.010000000000001563,4.216091954022988,4.96670493685419,-0.7506129828312016,25.3,25.29,0.010000000000001563,7.586206896551725,5.614236509758897,1.9719703867928278,25.3,25.29,0.010000000000001563,5.744827586206896,6.229621125143513,-0.4847935389366169,25.3,25.29,0.010000000000001563,9.760919540229885,6.8541905855338685,2.9067289546960167,25.3,25.29,0.010000000000001563,9.229885057471265,7.935706084959814,1.2941789725114505,25.3,25.29,0.010000000000001563,13.027586206896553,9.788748564867966,3.238837642028587,25.3,25.29,0.010000000000001563,11.193103448275863,9.554535017221584,1.6385684310542796,25.3,25.29,0.010000000000001563,9.105747126436782,7.081515499425947,2.0242316270108347,25.3,25.29,0.010000000000001563,7.512643678160918,7.595866819747416,-0.08322314158649746,25.3,25.29,0.010000000000001563,8.908045977011495,8.732491389207807,0.17555458780368838,25.3,25.29,0.010000000000001563,8.86896551724138,8.498277841561425,0.37068767567995486,25.3,25.29,0.010000000000001563,7.620689655172414,7.853042479908152,-0.23235282473573804,25.3,25.29,0.010000000000001563,7.331034482758622,7.84845005740528,-0.517415574646658,25.3,25.29,0.010000000000001563,5.413793103448276,5.701492537313433,-0.28769943386515706,25.3,25.29,0.010000000000001563,5.018390804597702,5.540757749712974,-0.5223669451152713,25.3,25.29,0.010000000000001563
8,"Standing fan (daison, long)",Level8,180.0,150.0,25,TskControl34,2025-02-04 17:24:49,2025-02-04_ID0_NoPCS_Ta25_TskControl34.csv,"2025-02-04_ID8_Standing fan (daison, long)_Level8_Angle180_Distance150_Ta25_TskControl34.csv",30.73999999999998,34.42,-0.6000000000000014,18.42000000000001,14.14,36.78000000000001,16.4,27.259999999999998,7.980000000000011,41.86000000000002,17.679999999999993,67.39999999999999,50.66000000000001,74.40000000000003,57.75999999999999,68.39999999999998,40.27999999999999,59.0,39.05999999999999,19.159999999999997,13.0,-2.420000000000009,-1.0400000000000063,25.2,25.1,53.88,0.07,25.15,25.46,34.0,34.0,34.0,34.0,34.0,34.0,34.0,34.0,34.0,34.0,34.0,34.0,34.0,34.0,34.0,34.0,34.0,34.0,34.0,34.0,34.0,34.0,34.0,86.55999999999999,85.5,16.56,49.080000000000005,47.84,76.4,59.660000000000004,88.53999999999999,51.24000000000001,90.76000000000002,71.94,127.1,119.78,159.66000000000003,140.98,130.07999999999998,106.43999999999998,135.06,113.08,87.56,81.36,47.239999999999995,47.22,25.4,25.2,56.77,0.08,25.29,25.72,34.0,34.0,34.0,34.0,34.0,34.0,34.0,34.0,34.0,34.0,34.0,34.0,34.0,34.0,34.0,34.0,34.0,34.0,34.0,34.0,34.0,34.0,34.0,55.82000000000001,51.08,17.16,30.659999999999997,33.7,39.62,43.260000000000005,61.279999999999994,43.26,48.9,54.260000000000005,59.7,69.11999999999999,85.25999999999999,83.22,61.68000000000001,66.16,76.06,74.02000000000001,68.4,68.36,49.660000000000004,48.260000000000005,9.661016949152541,5.8645235361653265,3.796493412987215,25.15,25.29,-0.14000000000000057,1.8711864406779657,1.9701492537313432,-0.09896281305337751,25.15,25.29,-0.14000000000000057,5.545762711864406,3.5200918484500567,2.0256708634143497,25.15,25.29,-0.14000000000000057,5.405649717514124,3.8691159586681976,1.5365337588459265,25.15,25.29,-0.14000000000000057,8.63276836158192,4.548794489092995,4.083973872488925,25.15,25.29,-0.14000000000000057,6.741242937853107,4.966704936854191,1.7745380009989162,25.15,25.29,-0.14000000000000057,10.004519774011296,7.035591274397243,2.9689284996140533,25.15,25.29,-0.14000000000000057,5.7898305084745765,4.96670493685419,0.8231255716203867,25.15,25.29,-0.14000000000000057,10.255367231638418,5.614236509758897,4.641130721879521,25.15,25.29,-0.14000000000000057,8.128813559322033,6.229621125143513,1.89919243417852,25.15,25.29,-0.14000000000000057,14.361581920903951,6.8541905855338685,7.507391335370083,25.15,25.29,-0.14000000000000057,13.534463276836156,7.935706084959814,5.598757191876342,25.15,25.29,-0.14000000000000057,18.040677966101693,9.788748564867966,8.251929401233728,25.15,25.29,-0.14000000000000057,15.929943502824855,9.554535017221584,6.375408485603272,25.15,25.29,-0.14000000000000057,14.698305084745758,7.081515499425947,7.616789585319811,25.15,25.29,-0.14000000000000057,12.027118644067793,7.595866819747416,4.431251824320377,25.15,25.29,-0.14000000000000057,15.26101694915254,8.732491389207807,6.5285255599447325,25.15,25.29,-0.14000000000000057,12.7774011299435,8.498277841561425,4.279123288382076,25.15,25.29,-0.14000000000000057,9.893785310734462,7.853042479908152,2.04074283082631,25.15,25.29,-0.14000000000000057,9.19322033898305,7.84845005740528,1.3447702815777696,25.15,25.29,-0.14000000000000057,5.337853107344631,5.701492537313433,-0.36363942996880194,25.15,25.29,-0.14000000000000057,5.335593220338982,5.540757749712974,-0.20516452937399166,25.15,25.29,-0.14000000000000057
8,"Standing fan (Daison, long)",Level3,270.0,150.0,22,TskControl34,2025-02-20 15:08:44,2025-02-20_ID0_NoPCS_Ta22_TskControl34.csv,"2025-02-20_ID8_Standing fan (Daison, long)_Level3_Angle270_Distance150_Ta22_TskControl34.csv",11.680000000000007,36.500000000000014,-7.059999999999999,0.09999999999999432,-4.3799999999999955,27.740000000000016,26.860000000000007,36.12000000000002,-6.999999999999986,8.920000000000002,17.38000000000001,6.579999999999998,9.559999999999988,19.579999999999984,15.419999999999987,14.280000000000015,1.5400000000000063,13.539999999999978,24.519999999999996,5.759999999999991,7.080000000000027,-2.8200000000000074,-2.780000000000001,21.9,22.2,49.95,0.07,22.06,22.18,34.0,34.0,34.0,34.0,34.0,34.0,34.0,34.0,34.0,34.0,34.0,34.0,34.0,34.0,34.0,34.0,34.0,34.0,34.0,34.0,34.0,34.0,34.0,88.4,108.78000000000002,27.76,42.66,43.06,80.70000000000002,82.32000000000001,112.74000000000001,50.660000000000004,77.76,89.52000000000001,90.63999999999999,105.73999999999998,142.1,129.01999999999998,97.08000000000001,95.1,116.73999999999998,121.2,99.55999999999999,105.64000000000001,64.08,64.1,22.1,22.3,49.02,0.15,22.19,22.27,34.0,34.0,33.980000000000004,34.0,34.0,34.0,34.0,34.0,34.0,34.0,34.0,34.0,34.0,34.0,34.0,34.0,34.0,34.0,34.0,34.0,34.0,34.0,34.0,76.72,72.28,34.82,42.56,47.44,52.96,55.46,76.61999999999999,57.65999999999999,68.84,72.14,84.05999999999999,96.17999999999999,122.52000000000001,113.6,82.8,93.55999999999999,103.2,96.68,93.8,98.55999999999999,66.9,66.88,9.110552763819095,6.120237087214226,2.990315676604869,22.06,22.19,-0.13000000000000256,2.3249581239530985,2.9533502968617467,-0.6283921729086481,22.059999999999995,22.19,-0.1300000000000061,3.5728643216080394,3.60372565622354,-0.030861334615500446,22.06,22.19,-0.13000000000000256,3.606365159128978,4.016934801016088,-0.4105696418871103,22.06,22.19,-0.13000000000000256,6.758793969849247,4.4843353090601195,2.2744586607891275,22.06,22.190000000000005,-0.1300000000000061,6.894472361809045,4.69602032176122,2.198452040047825,22.06,22.19,-0.13000000000000256,9.442211055276381,6.487722269263336,2.9544887860130453,22.06,22.19,-0.13000000000000256,4.2428810720268,4.882303132938188,-0.6394220609113876,22.059999999999995,22.19,-0.1300000000000061,6.5125628140703515,5.828958509737512,0.6836043043328397,22.06,22.19,-0.13000000000000256,7.49748743718593,6.108382726502964,1.3891047106829655,22.06,22.19,-0.13000000000000256,7.591289782244554,7.117696867061812,0.47359291518274205,22.06,22.19,-0.13000000000000256,8.855946398659963,8.143945808636749,0.712000590023214,22.059999999999995,22.19,-0.1300000000000061,11.90117252931323,10.374259102455548,1.526913426857682,22.06,22.19,-0.13000000000000256,10.805695142378557,9.618966977138019,1.1867281652405381,22.06,22.19,-0.13000000000000256,8.130653266331658,7.0110076206604575,1.1196456456712003,22.059999999999995,22.19,-0.1300000000000061,7.964824120603014,7.922099915325995,0.042724205277019145,22.06,22.19,-0.13000000000000256,9.77721943048576,8.738357324301441,1.0388621061843182,22.06,22.190000000000005,-0.1300000000000061,10.15075376884422,8.18628281117697,1.9644709576672508,22.06,22.189999999999998,-0.129999999999999,8.338358458961473,7.942421676545301,0.3959367824161717,22.06,22.19,-0.13000000000000256,8.847571189279732,8.345469940728197,0.5021012485515346,22.06,22.190000000000005,-0.1300000000000061,5.366834170854271,5.664690939881457,-0.2978567690271863,22.060000000000002,22.19,-0.129999999999999,5.368509212730317,5.662997459779848,-0.29448824704953047,22.06,22.19,-0.13000000000000256
8,"Standing fan (daison, long)",Level5,225.0,150.0,25,TskControl34,2025-02-04 15:59:49,2025-02-04_ID0_NoPCS_Ta25_TskControl34.csv,"2025-02-04_ID8_Standing fan (daison, long)_Level5_Angle225_Distance150_Ta25_TskControl34.csv",26.159999999999997,29.36,1.2799999999999976,13.040000000000006,5.699999999999996,27.96,9.299999999999997,30.48000000000001,6.199999999999996,33.800000000000004,9.97999999999999,52.42,43.88000000000001,97.92000000000002,82.42000000000002,49.44,26.700000000000003,39.239999999999995,31.099999999999994,20.5,18.939999999999998,-4.220000000000006,-1.1200000000000045,25.0,25.0,54.53,0.08,25.0,25.37,34.0,34.0,34.0,34.0,34.0,34.0,34.0,34.0,34.0,34.0,34.0,34.0,34.0,34.0,34.0,34.0,34.0,34.0,34.0,34.0,34.0,34.0,34.0,81.98,80.44,18.439999999999998,43.7,39.4,67.58,52.56,91.76,49.459999999999994,82.7,64.24,112.12,113.0,183.18,165.64000000000001,111.12,92.86,115.3,105.12,88.9,87.3,45.44,47.14,25.4,25.2,56.77,0.08,25.29,25.72,34.0,34.0,34.0,34.0,34.0,34.0,34.0,34.0,34.0,34.0,34.0,34.0,34.0,34.0,34.0,34.0,34.0,34.0,34.0,34.0,34.0,34.0,34.0,55.82000000000001,51.08,17.16,30.659999999999997,33.7,39.62,43.260000000000005,61.279999999999994,43.26,48.9,54.260000000000005,59.7,69.11999999999999,85.25999999999999,83.22,61.68000000000001,66.16,76.06,74.02000000000001,68.4,68.36,49.660000000000004,48.260000000000005,8.937777777777777,5.8645235361653265,3.0732542416124504,25.0,25.29,-0.28999999999999915,2.0488888888888885,1.9701492537313432,0.07873963515754534,25.0,25.29,-0.28999999999999915,4.855555555555556,3.5200918484500567,1.3354637071054993,25.0,25.29,-0.28999999999999915,4.377777777777777,3.8691159586681976,0.5086618191095797,25.0,25.29,-0.28999999999999915,7.5088888888888885,4.548794489092995,2.960094399795893,25.0,25.29,-0.28999999999999915,5.84,4.966704936854191,0.8732950631458092,25.0,25.29,-0.28999999999999915,10.195555555555556,7.035591274397243,3.159964281158313,25.0,25.29,-0.28999999999999915,5.495555555555555,4.96670493685419,0.5288506187013651,25.0,25.29,-0.28999999999999915,9.18888888888889,5.614236509758897,3.5746523791299927,25.0,25.29,-0.28999999999999915,7.137777777777777,6.229621125143513,0.9081566526342639,25.0,25.29,-0.28999999999999915,12.457777777777778,6.8541905855338685,5.60358719224391,25.0,25.29,-0.28999999999999915,12.555555555555555,7.935706084959814,4.619849470595741,25.0,25.29,-0.28999999999999915,20.353333333333335,9.788748564867966,10.56458476846537,25.0,25.29,-0.28999999999999915,18.404444444444447,9.554535017221584,8.849909427222864,25.0,25.29,-0.28999999999999915,12.346666666666668,7.081515499425947,5.26515116724072,25.0,25.29,-0.28999999999999915,10.317777777777778,7.595866819747416,2.721910958030362,25.0,25.29,-0.28999999999999915,12.81111111111111,8.732491389207807,4.078619721903303,25.0,25.29,-0.28999999999999915,11.68,8.498277841561425,3.181722158438575,25.0,25.29,-0.28999999999999915,9.877777777777778,7.853042479908152,2.0247352978696265,25.0,25.29,-0.28999999999999915,9.7,7.84845005740528,1.851549942594719,25.0,25.29,-0.28999999999999915,5.0488888888888885,5.701492537313433,-0.6526036484245443,25.0,25.29,-0.28999999999999915,5.237777777777778,5.540757749712974,-0.302979971935196,25.0,25.29,-0.28999999999999915
8,"Standing fan (daison, long)",Level10,180.0,150.0,25,TskControl34,2025-02-04 17:40:49,2025-02-04_ID0_NoPCS_Ta25_TskControl34.csv,"2025-02-04_ID8_Standing fan (daison, long)_Level10_Angle180_Distance150_Ta25_TskControl34.csv",29.61999999999999,33.72,-0.7799999999999976,18.340000000000003,11.619999999999997,37.62000000000001,17.299999999999983,26.78000000000001,8.14,41.73999999999999,16.500000000000014,64.08,48.08000000000001,73.44,55.23999999999998,66.82,39.120000000000005,56.099999999999994,37.839999999999975,17.079999999999984,11.840000000000003,-3.1600000000000037,-2.8600000000000065,25.3,25.1,53.56,0.13,25.21,25.55,34.0,34.0,34.0,34.0,34.0,34.0,34.0,34.0,34.0,34.0,34.0,34.0,34.0,34.0,34.0,34.0,34.0,34.0,34.0,34.0,34.0,34.0,34.0,85.44,84.8,16.380000000000003,49.0,45.32,77.24000000000001,60.55999999999999,88.06,51.4,90.63999999999999,70.76000000000002,123.78,117.2,158.7,138.45999999999998,128.5,105.28,132.16,111.85999999999999,85.47999999999999,80.2,46.5,45.4,25.4,25.2,56.77,0.08,25.29,25.72,34.0,34.0,34.0,34.0,34.0,34.0,34.0,34.0,34.0,34.0,34.0,34.0,34.0,34.0,34.0,34.0,34.0,34.0,34.0,34.0,34.0,34.0,34.0,55.82000000000001,51.08,17.16,30.659999999999997,33.7,39.62,43.260000000000005,61.279999999999994,43.26,48.9,54.260000000000005,59.7,69.11999999999999,85.25999999999999,83.22,61.68000000000001,66.16,76.06,74.02000000000001,68.4,68.36,49.660000000000004,48.260000000000005,9.647326507394768,5.8645235361653265,3.782802971229441,25.21,25.29,-0.0799999999999983,1.8634812286689424,1.9701492537313432,-0.1066680250624008,25.21,25.29,-0.0799999999999983,5.574516496018203,3.5200918484500567,2.0544246475681467,25.21,25.29,-0.0799999999999983,5.1558589306029585,3.8691159586681976,1.286742971934761,25.21,25.29,-0.0799999999999983,8.787258248009103,4.548794489092995,4.238463758916107,25.21,25.29,-0.0799999999999983,6.889647326507394,4.966704936854191,1.922942389653203,25.21,25.29,-0.0799999999999983,10.018202502844142,7.035591274397243,2.982611228446899,25.21,25.29,-0.0799999999999983,5.847554038680319,4.96670493685419,0.8808491018261293,25.21,25.29,-0.0799999999999983,10.311717861205915,5.614236509758897,4.697481351447018,25.21,25.29,-0.0799999999999983,8.05005688282139,6.229621125143513,1.8204357576778776,25.21,25.29,-0.0799999999999983,14.081911262798636,6.8541905855338685,7.2277206772647675,25.21,25.29,-0.0799999999999983,13.333333333333336,7.935706084959814,5.397627248373522,25.21,25.29,-0.0799999999999983,18.054607508532424,9.788748564867966,8.265858943664458,25.21,25.29,-0.0799999999999983,15.751990898748577,9.554535017221584,6.197455881526993,25.21,25.29,-0.0799999999999983,14.618885096700797,7.081515499425947,7.53736959727485,25.21,25.29,-0.0799999999999983,11.977246871444825,7.595866819747416,4.381380051697409,25.21,25.29,-0.0799999999999983,15.035267349260524,8.732491389207807,6.302775960052717,25.21,25.29,-0.0799999999999983,12.725824800910125,8.498277841561425,4.2275469593487,25.21,25.29,-0.0799999999999983,9.724687144482367,7.853042479908152,1.871644664574215,25.21,25.29,-0.0799999999999983,9.124004550625711,7.84845005740528,1.2755544932204312,25.21,25.29,-0.0799999999999983,5.290102389078498,5.701492537313433,-0.41139014823493447,25.21,25.29,-0.0799999999999983,5.164960182025029,5.540757749712974,-0.37579756768794503,25.21,25.29,-0.0799999999999983
8,"Standing fan (daison, long)",Level10,270.0,150.0,25,TskControl34,2025-04-02 14:10:00,2025-02-04_ID0_NoPCS_Ta25_TskControl34.csv,"2025-02-04_ID8_Standing fan (daison, long)_Level10_Angle270_Distance150_Ta25_TskControl34.csv",27.700000000000003,40.38000000000001,9.86,12.46,9.619999999999997,40.18,37.760000000000005,55.92000000000001,5.919999999999995,20.880000000000003,18.680000000000007,19.5,27.960000000000008,32.26000000000002,32.86,28.319999999999993,23.760000000000005,35.420000000000016,34.8,39.579999999999984,37.46000000000001,5.679999999999993,6.159999999999997,,,,,,,34.0,34.0,34.0,34.0,34.0,34.0,34.0,34.0,34.0,34.0,34.0,34.0,34.0,34.0,34.0,34.0,34.0,34.0,34.0,34.0,34.0,34.0,34.0,83.52000000000001,91.46000000000001,27.02,43.12,43.32,79.8,81.02000000000001,117.2,49.17999999999999,69.78,72.94000000000001,79.2,97.08,117.52000000000001,116.08,90.0,89.92,111.48000000000002,108.82000000000001,107.97999999999999,105.82000000000001,55.339999999999996,54.42,25.4,25.2,56.77,0.08,25.29,25.72,34.0,34.0,34.0,34.0,34.0,34.0,34.0,34.0,34.0,34.0,34.0,34.0,34.0,34.0,34.0,34.0,34.0,34.0,34.0,34.0,34.0,34.0,34.0,55.82000000000001,51.08,17.16,30.659999999999997,33.7,39.62,43.260000000000005,61.279999999999994,43.26,48.9,54.260000000000005,59.7,69.11999999999999,85.25999999999999,83.22,61.68000000000001,66.16,76.06,74.02000000000001,68.4,68.36,49.660000000000004,48.260000000000005,,5.8645235361653265,,,25.29,,,1.9701492537313432,,,25.29,,,3.5200918484500567,,,25.29,,,3.8691159586681976,,,25.29,,,4.548794489092995,,,25.29,,,4.966704936854191,,,25.29,,,7.035591274397243,,,25.29,,,4.96670493685419,,,25.29,,,5.614236509758897,,,25.29,,,6.229621125143513,,,25.29,,,6.8541905855338685,,,25.29,,,7.935706084959814,,,25.29,,,9.788748564867966,,,25.29,,,9.554535017221584,,,25.29,,,7.081515499425947,,,25.29,,,7.595866819747416,,,25.29,,,8.732491389207807,,,25.29,,,8.498277841561425,,,25.29,,,7.853042479908152,,,25.29,,,7.84845005740528,,,25.29,,,5.701492537313433,,,25.29,,,5.540757749712974,,,25.29,
8,"Standing fan (daison, long)",Level1,180.0,150.0,25,TskControl34,2025-02-04 16:37:49,2025-02-04_ID0_NoPCS_Ta25_TskControl34.csv,"2025-02-04_ID8_Standing fan (daison, long)_Level1_Angle180_Distance150_Ta25_TskControl34.csv",6.759999999999991,16.320000000000007,-0.9600000000000009,8.420000000000002,1.7199999999999989,14.059999999999995,-0.38000000000000966,4.620000000000012,-0.2600000000000051,20.940000000000005,-1.7199999999999989,30.72,15.120000000000005,26.080000000000013,18.539999999999992,24.319999999999993,6.340000000000003,4.260000000000005,-0.020000000000010232,-1.6399999999999864,-4.280000000000001,-3.200000000000003,-1.960000000000008,25.2,25.1,53.19,0.05,25.14,25.43,34.0,34.0,34.0,34.0,34.0,34.0,34.0,34.0,34.0,34.0,34.0,34.0,34.0,34.0,34.0,34.0,34.0,34.0,34.0,34.0,34.0,34.0,34.0,62.58,67.4,16.2,39.08,35.42,53.67999999999999,42.879999999999995,65.9,42.99999999999999,69.84,52.540000000000006,90.42,84.24,111.34,101.75999999999999,86.0,72.5,80.32000000000001,74.0,66.76000000000002,64.08,46.46,46.3,25.4,25.2,56.77,0.08,25.29,25.72,34.0,34.0,34.0,34.0,34.0,34.0,34.0,34.0,34.0,34.0,34.0,34.0,34.0,34.0,34.0,34.0,34.0,34.0,34.0,34.0,34.0,34.0,34.0,55.82000000000001,51.08,17.16,30.659999999999997,33.7,39.62,43.260000000000005,61.279999999999994,43.26,48.9,54.260000000000005,59.7,69.11999999999999,85.25999999999999,83.22,61.68000000000001,66.16,76.06,74.02000000000001,68.4,68.36,49.660000000000004,48.260000000000005,7.607223476297969,5.8645235361653265,1.7426999401326428,25.14,25.29,-0.14999999999999858,1.8284424379232507,1.9701492537313432,-0.14170681580809252,25.14,25.29,-0.14999999999999858,4.410835214446952,3.5200918484500567,0.8907433659968955,25.14,25.29,-0.14999999999999858,3.997742663656885,3.8691159586681976,0.12862670498868756,25.14,25.29,-0.14999999999999858,6.058690744920993,4.548794489092995,1.5098962558279974,25.14,25.29,-0.14999999999999858,4.839729119638826,4.966704936854191,-0.12697581721536455,25.14,25.29,-0.14999999999999858,7.437923250564335,7.035591274397243,0.40233197616709226,25.14,25.29,-0.14999999999999858,4.853273137697516,4.96670493685419,-0.11343179915667356,25.14,25.29,-0.14999999999999858,7.882618510158014,5.614236509758897,2.268382000399117,25.14,25.29,-0.14999999999999858,5.930022573363432,6.229621125143513,-0.29959855178008077,25.14,25.29,-0.14999999999999858,10.205417607223477,6.8541905855338685,3.351227021689609,25.14,25.29,-0.14999999999999858,9.507900677200903,7.935706084959814,1.5721945922410887,25.14,25.29,-0.14999999999999858,12.566591422121897,9.788748564867966,2.7778428572539315,25.14,25.29,-0.14999999999999858,11.485327313769751,9.554535017221584,1.9307922965481676,25.14,25.29,-0.14999999999999858,9.706546275395034,7.081515499425947,2.625030775969087,25.14,25.29,-0.14999999999999858,8.182844243792326,7.595866819747416,0.5869774240449104,25.14,25.29,-0.14999999999999858,9.06546275395034,8.732491389207807,0.33297136474253364,25.14,25.29,-0.14999999999999858,8.35214446952596,8.498277841561425,-0.1461333720354645,25.14,25.29,-0.14999999999999858,7.534988713318287,7.853042479908152,-0.3180537665898644,25.14,25.29,-0.14999999999999858,7.232505643340858,7.84845005740528,-0.6159444140644226,25.14,25.29,-0.14999999999999858,5.243792325056434,5.701492537313433,-0.45770021225699864,25.14,25.29,-0.14999999999999858,5.225733634311513,5.540757749712974,-0.315024115401461,25.14,25.29,-0.14999999999999858
8,"Standing fan (daison, long)",Level3,180.0,150.0,25,TskControl34,2025-02-04 16:58:49,2025-02-04_ID0_NoPCS_Ta25_TskControl34.csv,"2025-02-04_ID8_Standing fan (daison, long)_Level3_Angle180_Distance150_Ta25_TskControl34.csv",15.519999999999996,17.66000000000001,0.759999999999998,11.520000000000003,6.219999999999999,21.140000000000008,3.219999999999999,11.120000000000012,2.9199999999999946,26.139999999999993,6.699999999999996,41.23999999999998,27.10000000000001,37.56000000000002,26.59999999999998,43.19999999999999,20.760000000000005,29.82000000000002,13.499999999999986,9.139999999999986,4.219999999999999,-2.1400000000000077,-3.720000000000006,24.9,25.0,54.5,0.07,24.95,25.36,34.0,34.0,34.0,34.0,34.0,34.0,34.0,34.0,34.0,34.0,34.0,34.0,34.0,34.0,34.0,34.0,34.0,34.0,34.0,34.0,34.0,34.0,34.0,71.34,68.74000000000001,17.919999999999998,42.18,39.92,60.760000000000005,46.480000000000004,72.4,46.17999999999999,75.03999999999999,60.96,100.93999999999998,96.22,122.82000000000001,109.81999999999998,104.88,86.92,105.88000000000002,87.52,77.53999999999999,72.58,47.519999999999996,44.54,25.4,25.2,56.77,0.08,25.29,25.72,34.0,34.0,34.0,34.0,34.0,34.0,34.0,34.0,34.0,34.0,34.0,34.0,34.0,34.0,34.0,34.0,34.0,34.0,34.0,34.0,34.0,34.0,34.0,55.82000000000001,51.08,17.16,30.659999999999997,33.7,39.62,43.260000000000005,61.279999999999994,43.26,48.9,54.260000000000005,59.7,69.11999999999999,85.25999999999999,83.22,61.68000000000001,66.16,76.06,74.02000000000001,68.4,68.36,49.660000000000004,48.260000000000005,7.595580110497238,5.8645235361653265,1.7310565743319115,24.95,25.29,-0.33999999999999986,1.9801104972375687,1.9701492537313432,0.009961243506225514,24.95,25.29,-0.33999999999999986,4.660773480662983,3.5200918484500567,1.1406816322129263,24.95,25.29,-0.33999999999999986,4.411049723756906,3.8691159586681976,0.5419337650887086,24.95,25.29,-0.33999999999999986,6.713812154696132,4.548794489092995,2.165017665603137,24.95,25.29,-0.33999999999999986,5.135911602209945,4.966704936854191,0.16920666535575446,24.95,25.29,-0.33999999999999986,8.0,7.035591274397243,0.9644087256027571,24.95,25.29,-0.33999999999999986,5.102762430939225,4.96670493685419,0.1360574940850352,24.95,25.29,-0.33999999999999986,8.291712707182318,5.614236509758897,2.677476197423421,24.95,25.29,-0.33999999999999986,6.735911602209944,6.229621125143513,0.5062904770664307,24.95,25.29,-0.33999999999999986,11.153591160220993,6.8541905855338685,4.299400574687124,24.95,25.29,-0.33999999999999986,10.632044198895027,7.935706084959814,2.696338113935213,24.95,25.29,-0.33999999999999986,13.571270718232045,9.788748564867966,3.782522153364079,24.95,25.29,-0.33999999999999986,12.134806629834252,9.554535017221584,2.580271612612668,24.95,25.29,-0.33999999999999986,11.588950276243093,7.081515499425947,4.507434776817146,24.95,25.29,-0.33999999999999986,9.604419889502761,7.595866819747416,2.0085530697553455,24.95,25.29,-0.33999999999999986,11.699447513812157,8.732491389207807,2.9669561246043497,24.95,25.29,-0.33999999999999986,9.670718232044198,8.498277841561425,1.1724403904827732,24.95,25.29,-0.33999999999999986,8.56795580110497,7.853042479908152,0.7149133211968186,24.95,25.29,-0.33999999999999986,8.01988950276243,7.84845005740528,0.17143944535714972,24.95,25.29,-0.33999999999999986,5.250828729281767,5.701492537313433,-0.45066380803166606,24.95,25.29,-0.33999999999999986,4.921546961325967,5.540757749712974,-0.619210788387007,24.95,25.29,-0.33999999999999986
8,"Standing fan (daison, long)",Level1,270.0,150.0,25,TskControl34,2025-02-04 12:55:49,2025-02-04_ID0_NoPCS_Ta25_TskControl34.csv,"2025-02-04_ID8_Standing fan (daison, long)_Level1_Angle270_Distance150_Ta25_TskControl34.csv",3.5999999999999943,10.339999999999996,2.5199999999999996,-1.2999999999999936,-3.560000000000006,17.159999999999997,10.079999999999991,16.940000000000005,-8.380000000000003,5.079999999999998,2.3399999999999963,0.1599999999999966,4.6000000000000085,4.340000000000003,5.0,1.3399999999999892,0.6599999999999966,-0.6400000000000148,3.2399999999999807,3.319999999999993,2.559999999999988,-2.1400000000000006,-2.0600000000000023,25.4,25.4,52.23,0.17,25.4,25.68,34.0,34.0,34.0,34.0,34.0,34.0,34.0,34.0,34.0,34.0,34.0,34.0,34.0,34.0,34.0,34.0,34.0,34.0,34.0,34.0,34.0,34.0,34.0,59.42,61.419999999999995,19.68,29.360000000000003,30.139999999999997,56.779999999999994,53.339999999999996,78.22,34.879999999999995,53.98,56.6,59.86,73.72,89.6,88.22,63.019999999999996,66.82,75.41999999999999,77.25999999999999,71.72,70.91999999999999,47.52,46.2,25.4,25.2,56.77,0.08,25.29,25.72,34.0,34.0,34.0,34.0,34.0,34.0,34.0,34.0,34.0,34.0,34.0,34.0,34.0,34.0,34.0,34.0,34.0,34.0,34.0,34.0,34.0,34.0,34.0,55.82000000000001,51.08,17.16,30.659999999999997,33.7,39.62,43.260000000000005,61.279999999999994,43.26,48.9,54.260000000000005,59.7,69.11999999999999,85.25999999999999,83.22,61.68000000000001,66.16,76.06,74.02000000000001,68.4,68.36,49.660000000000004,48.260000000000005,7.141860465116277,5.8645235361653265,1.2773369289509509,25.4,25.29,0.10999999999999943,2.2883720930232556,1.9701492537313432,0.3182228392919124,25.4,25.29,0.10999999999999943,3.413953488372093,3.5200918484500567,-0.10613836007796396,25.4,25.29,0.10999999999999943,3.504651162790697,3.8691159586681976,-0.3644647958775007,25.4,25.29,0.10999999999999943,6.602325581395347,4.548794489092995,2.053531092302352,25.4,25.29,0.10999999999999943,6.202325581395347,4.966704936854191,1.2356206445411564,25.4,25.29,0.10999999999999943,9.0953488372093,7.035591274397243,2.0597575628120577,25.4,25.29,0.10999999999999943,4.055813953488371,4.96670493685419,-0.9108909833658192,25.4,25.29,0.10999999999999943,6.2767441860465105,5.614236509758897,0.6625076762876132,25.4,25.29,0.10999999999999943,6.581395348837209,6.229621125143513,0.3517742236936954,25.4,25.29,0.10999999999999943,6.960465116279068,6.8541905855338685,0.10627453074519977,25.4,25.29,0.10999999999999943,8.572093023255812,7.935706084959814,0.6363869382959981,25.4,25.29,0.10999999999999943,10.418604651162788,9.788748564867966,0.6298560862948221,25.4,25.29,0.10999999999999943,10.25813953488372,9.554535017221584,0.7036045176621357,25.4,25.29,0.10999999999999943,7.327906976744185,7.081515499425947,0.2463914773182374,25.4,25.29,0.10999999999999943,7.769767441860463,7.595866819747416,0.17390062211304702,25.4,25.29,0.10999999999999943,8.769767441860463,8.732491389207807,0.03727605265265588,25.4,25.29,0.10999999999999943,8.983720930232556,8.498277841561425,0.48544308867113095,25.4,25.29,0.10999999999999943,8.339534883720928,7.853042479908152,0.48649240381277625,25.4,25.29,0.10999999999999943,8.246511627906974,7.84845005740528,0.3980615705016941,25.4,25.29,0.10999999999999943,5.525581395348837,5.701492537313433,-0.17591114196459579,25.4,25.29,0.10999999999999943,5.372093023255814,5.540757749712974,-0.1686647264571599,25.4,25.29,0.10999999999999943
8,"Standing fan (daison, long)",Level10,225.0,150.0,25,TskControl34,2025-02-04 16:20:49,2025-02-04_ID0_NoPCS_Ta25_TskControl34.csv,"2025-02-04_ID8_Standing fan (daison, long)_Level10_Angle225_Distance150_Ta25_TskControl34.csv",30.73999999999998,37.66,0.9799999999999969,14.260000000000005,8.039999999999992,34.26,15.099999999999994,34.50000000000001,8.380000000000003,37.26000000000001,12.739999999999995,60.73999999999998,51.24000000000002,110.18,100.78,54.80000000000001,32.22,45.44,36.45999999999998,23.939999999999998,21.299999999999997,-0.8400000000000034,-1.9600000000000009,24.9,25.1,54.5,0.08,25.01,25.36,34.0,34.0,34.0,34.0,34.0,34.0,34.0,34.0,34.0,34.0,34.0,34.0,34.0,34.0,34.0,34.0,34.0,34.0,34.0,34.0,34.0,34.0,34.0,86.55999999999999,88.74,18.139999999999997,44.92,41.739999999999995,73.88,58.36,95.78,51.64,86.16000000000001,67.0,120.43999999999998,120.36000000000001,195.44,184.0,116.48000000000002,98.38,121.5,110.47999999999999,92.34,89.66,48.82,46.300000000000004,25.4,25.2,56.77,0.08,25.29,25.72,34.0,34.0,34.0,34.0,34.0,34.0,34.0,34.0,34.0,34.0,34.0,34.0,34.0,34.0,34.0,34.0,34.0,34.0,34.0,34.0,34.0,34.0,34.0,55.82000000000001,51.08,17.16,30.659999999999997,33.7,39.62,43.260000000000005,61.279999999999994,43.26,48.9,54.260000000000005,59.7,69.11999999999999,85.25999999999999,83.22,61.68000000000001,66.16,76.06,74.02000000000001,68.4,68.36,49.660000000000004,48.260000000000005,9.870967741935486,5.8645235361653265,4.006444205770159,25.01,25.29,-0.2799999999999976,2.017797552836485,1.9701492537313432,0.04764829910514168,25.01,25.29,-0.2799999999999976,4.99666295884316,3.5200918484500567,1.4765711103931034,25.01,25.29,-0.2799999999999976,4.6429365962180205,3.8691159586681976,0.7738206375498229,25.01,25.29,-0.2799999999999976,8.218020022246941,4.548794489092995,3.669225533153946,25.01,25.29,-0.2799999999999976,6.491657397107899,4.966704936854191,1.524952460253708,25.01,25.29,-0.2799999999999976,10.654060066740826,7.035591274397243,3.6184687923435828,25.01,25.29,-0.2799999999999976,5.744160177975529,4.96670493685419,0.7774552411213396,25.01,25.29,-0.2799999999999976,9.583982202447167,5.614236509758897,3.96974569268827,25.01,25.29,-0.2799999999999976,7.452725250278088,6.229621125143513,1.223104125134575,25.01,25.29,-0.2799999999999976,13.397107897664071,6.8541905855338685,6.542917312130203,25.01,25.29,-0.2799999999999976,13.388209121245833,7.935706084959814,5.452503036286019,25.01,25.29,-0.2799999999999976,21.73971078976641,9.788748564867966,11.950962224898444,25.01,25.29,-0.2799999999999976,20.467185761957733,9.554535017221584,10.91265074473615,25.01,25.29,-0.2799999999999976,12.956618464961073,7.081515499425947,5.875102965535126,25.01,25.29,-0.2799999999999976,10.943270300333705,7.595866819747416,3.347403480586289,25.01,25.29,-0.2799999999999976,13.515016685205786,8.732491389207807,4.78252529599798,25.01,25.29,-0.2799999999999976,12.289210233592883,8.498277841561425,3.7909323920314577,25.01,25.29,-0.2799999999999976,10.271412680756399,7.853042479908152,2.418370200848247,25.01,25.29,-0.2799999999999976,9.973303670745274,7.84845005740528,2.124853613339994,25.01,25.29,-0.2799999999999976,5.430478309232481,5.701492537313433,-0.27101422808095155,25.01,25.29,-0.2799999999999976,5.150166852057843,5.540757749712974,-0.3905908976551302,25.01,25.29,-0.2799999999999976
8,"Standing fan (daison, long)",Level5,180.0,150.0,25,TskControl34,2025-02-04 17:11:49,2025-02-04_ID0_NoPCS_Ta25_TskControl34.csv,"2025-02-04_ID8_Standing fan (daison, long)_Level5_Angle180_Distance150_Ta25_TskControl34.csv",21.31999999999998,27.299999999999997,0.379999999999999,13.980000000000004,8.120000000000005,29.400000000000013,9.599999999999994,18.46,5.240000000000002,33.63999999999999,11.36,50.22,35.420000000000016,42.10000000000002,34.58,52.94,27.320000000000007,40.31999999999999,24.47999999999999,12.740000000000009,6.019999999999996,-2.8000000000000043,0.47999999999998977,25.0,25.2,54.18,0.13,25.09,25.45,34.0,34.0,34.0,34.0,34.0,34.0,34.0,34.0,34.0,34.0,34.0,34.0,34.0,34.0,34.0,34.0,34.0,34.0,34.0,34.0,34.0,34.0,34.0,77.13999999999999,78.38,17.54,44.64,41.82000000000001,69.02000000000001,52.86,79.74,48.5,82.53999999999999,65.62,109.92,104.54,127.36000000000001,117.8,114.62,93.48,116.38,98.5,81.14000000000001,74.38,46.86,48.739999999999995,25.4,25.2,56.77,0.08,25.29,25.72,34.0,34.0,34.0,34.0,34.0,34.0,34.0,34.0,34.0,34.0,34.0,34.0,34.0,34.0,34.0,34.0,34.0,34.0,34.0,34.0,34.0,34.0,34.0,55.82000000000001,51.08,17.16,30.659999999999997,33.7,39.62,43.260000000000005,61.279999999999994,43.26,48.9,54.260000000000005,59.7,69.11999999999999,85.25999999999999,83.22,61.68000000000001,66.16,76.06,74.02000000000001,68.4,68.36,49.660000000000004,48.260000000000005,8.79685746352413,5.8645235361653265,2.932333927358804,25.09,25.29,-0.1999999999999993,1.9685746352413018,1.9701492537313432,-0.0015746184900413684,25.09,25.29,-0.1999999999999993,5.01010101010101,3.5200918484500567,1.4900091616509537,25.09,25.29,-0.1999999999999993,4.693602693602695,3.8691159586681976,0.8244867349344971,25.09,25.29,-0.1999999999999993,7.746352413019081,4.548794489092995,3.1975579239260856,25.09,25.29,-0.1999999999999993,5.9326599326599325,4.966704936854191,0.9659549958057418,25.09,25.29,-0.1999999999999993,8.949494949494948,7.035591274397243,1.9139036750977052,25.09,25.29,-0.1999999999999993,5.4433221099887765,4.96670493685419,0.47661717313458674,25.09,25.29,-0.1999999999999993,9.26374859708193,5.614236509758897,3.649512087323033,25.09,25.29,-0.1999999999999993,7.364758698092031,6.229621125143513,1.1351375729485182,25.09,25.29,-0.1999999999999993,12.336700336700337,6.8541905855338685,5.482509751166469,25.09,25.29,-0.1999999999999993,11.732884399551066,7.935706084959814,3.7971783145912523,25.09,25.29,-0.1999999999999993,14.294051627384961,9.788748564867966,4.505303062516996,25.09,25.29,-0.1999999999999993,13.221099887766554,9.554535017221584,3.6665648705449705,25.09,25.29,-0.1999999999999993,12.864197530864198,7.081515499425947,5.7826820314382505,25.09,25.29,-0.1999999999999993,10.491582491582491,7.595866819747416,2.8957156718350756,25.09,25.29,-0.1999999999999993,13.061728395061728,8.732491389207807,4.329237005853921,25.09,25.29,-0.1999999999999993,11.05499438832772,8.498277841561425,2.556716546766296,25.09,25.29,-0.1999999999999993,9.106621773288442,7.853042479908152,1.25357929338029,25.09,25.29,-0.1999999999999993,8.347923681257013,7.84845005740528,0.499473623851733,25.09,25.29,-0.1999999999999993,5.2592592592592595,5.701492537313433,-0.44223327805417334,25.09,25.29,-0.1999999999999993,5.470258136924803,5.540757749712974,-0.0704996127881703,25.09,25.29,-0.1999999999999993
8,"Standing fan (daison, long)",Level3,225.0,150.0,25,TskControl34,2025-02-04 15:37:49,2025-02-04_ID0_NoPCS_Ta25_TskControl34.csv,"2025-02-04_ID8_Standing fan (daison, long)_Level3_Angle225_Distance150_Ta25_TskControl34.csv",14.700000000000003,20.700000000000003,0.399999999999995,8.0,0.7199999999999989,23.040000000000006,3.039999999999992,23.940000000000005,-0.8399999999999963,24.000000000000007,2.6599999999999966,36.77999999999999,24.140000000000015,54.0,36.33999999999999,26.999999999999986,12.340000000000003,23.97999999999999,19.039999999999978,8.97999999999999,4.819999999999993,-2.3000000000000043,-3.680000000000007,25.1,25.3,53.51,0.18,25.19,25.43,34.0,34.0,34.0,34.0,34.0,34.0,34.0,34.0,34.0,34.0,34.0,34.0,34.0,34.0,34.0,34.0,34.0,34.0,34.0,34.0,34.0,34.0,34.0,70.52000000000001,71.78,17.559999999999995,38.66,34.42,62.660000000000004,46.3,85.22,42.42,72.9,56.92,96.47999999999999,93.26,139.26,119.55999999999999,88.67999999999999,78.5,100.03999999999999,93.05999999999999,77.38,73.17999999999999,47.36,44.58,25.4,25.2,56.77,0.08,25.29,25.72,34.0,34.0,34.0,34.0,34.0,34.0,34.0,34.0,34.0,34.0,34.0,34.0,34.0,34.0,34.0,34.0,34.0,34.0,34.0,34.0,34.0,34.0,34.0,55.82000000000001,51.08,17.16,30.659999999999997,33.7,39.62,43.260000000000005,61.279999999999994,43.26,48.9,54.260000000000005,59.7,69.11999999999999,85.25999999999999,83.22,61.68000000000001,66.16,76.06,74.02000000000001,68.4,68.36,49.660000000000004,48.260000000000005,8.14755959137344,5.8645235361653265,2.2830360552081137,25.19,25.29,-0.09999999999999787,1.9931895573212257,1.9701492537313432,0.023040303589882516,25.19,25.29,-0.09999999999999787,4.3881952326901255,3.5200918484500567,0.8681033842400687,25.19,25.29,-0.09999999999999787,3.9069239500567545,3.8691159586681976,0.03780799138855695,25.19,25.29,-0.09999999999999787,7.112372304199774,4.548794489092995,2.563577815106779,25.19,25.29,-0.09999999999999787,5.25539160045403,4.966704936854191,0.2886866635998393,25.19,25.29,-0.09999999999999787,9.673098751418843,7.035591274397243,2.6375074770216003,25.19,25.29,-0.09999999999999787,4.814982973893304,4.96670493685419,-0.15172196296088547,25.19,25.29,-0.09999999999999787,8.274687854710558,5.614236509758897,2.660451344951661,25.19,25.29,-0.09999999999999787,6.46083995459705,6.229621125143513,0.2312188294535371,25.19,25.29,-0.09999999999999787,10.951191827468786,6.8541905855338685,4.097001241934918,25.19,25.29,-0.09999999999999787,10.585698070374576,7.935706084959814,2.649991985414762,25.19,25.29,-0.09999999999999787,15.807037457434735,9.788748564867966,6.018288892566769,25.19,25.29,-0.09999999999999787,13.570942111237231,9.554535017221584,4.016407094015648,25.19,25.29,-0.09999999999999787,10.06583427922815,7.081515499425947,2.9843187798022033,25.19,25.29,-0.09999999999999787,8.910329171396143,7.595866819747416,1.3144623516487268,25.19,25.29,-0.09999999999999787,11.35527809307605,8.732491389207807,2.6227867038682433,25.19,25.29,-0.09999999999999787,10.56299659477866,8.498277841561425,2.0647187532172353,25.19,25.29,-0.09999999999999787,8.783200908059024,7.853042479908152,0.9301584281508726,25.19,25.29,-0.09999999999999787,8.306469920544835,7.84845005740528,0.4580198631395547,25.189999999999998,25.29,-0.10000000000000142,5.375709421112373,5.701492537313433,-0.3257831162010598,25.19,25.29,-0.09999999999999787,5.0601589103291715,5.540757749712974,-0.4805988393838021,25.19,25.29,-0.09999999999999787
8,"Standing fan (daison, long)",Level3,270.0,150.0,25,TskControl34,2025-02-04 13:20:49,2025-02-04_ID0_NoPCS_Ta25_TskControl34.csv,"2025-02-04_ID8_Standing fan (daison, long)_Level3_Angle270_Distance150_Ta25_TskControl34.csv",12.61999999999999,25.200000000000003,6.360000000000003,5.6200000000000045,3.219999999999999,25.720000000000006,21.33999999999999,33.26000000000001,-3.460000000000001,11.779999999999994,9.699999999999996,9.679999999999993,9.680000000000007,14.940000000000012,7.280000000000001,10.719999999999999,6.340000000000003,9.340000000000003,11.799999999999997,18.039999999999992,17.36,3.259999999999998,1.4799999999999898,25.3,25.3,52.2,0.06,25.3,25.58,34.0,34.0,34.0,34.0,34.0,34.0,34.0,34.0,34.0,34.0,34.0,34.0,34.0,34.0,34.0,34.0,34.0,34.0,34.0,34.0,34.0,34.0,34.0,68.44,76.28,23.520000000000003,36.28,36.92,65.34,64.6,94.54,39.8,60.67999999999999,63.96,69.38,78.8,100.2,90.5,72.4,72.5,85.4,85.82000000000001,86.44,85.72,52.92,49.739999999999995,25.4,25.2,56.77,0.08,25.29,25.72,34.0,34.0,34.0,34.0,34.0,34.0,34.0,34.0,34.0,34.0,34.0,34.0,34.0,34.0,34.0,34.0,34.0,34.0,34.0,34.0,34.0,34.0,34.0,55.82000000000001,51.08,17.16,30.659999999999997,33.7,39.62,43.260000000000005,61.279999999999994,43.26,48.9,54.260000000000005,59.7,69.11999999999999,85.25999999999999,83.22,61.68000000000001,66.16,76.06,74.02000000000001,68.4,68.36,49.660000000000004,48.260000000000005,8.767816091954025,5.8645235361653265,2.903292555788698,25.3,25.29,0.010000000000001563,2.7034482758620695,1.9701492537313432,0.7332990221307263,25.3,25.29,0.010000000000001563,4.170114942528736,3.5200918484500567,0.6500230940786791,25.3,25.29,0.010000000000001563,4.243678160919541,3.8691159586681976,0.3745622022513433,25.3,25.29,0.010000000000001563,7.5103448275862075,4.548794489092995,2.961550338493212,25.3,25.29,0.010000000000001563,7.425287356321839,4.966704936854191,2.458582419467648,25.3,25.29,0.010000000000001563,10.866666666666669,7.035591274397243,3.831075392269426,25.3,25.29,0.010000000000001563,4.574712643678161,4.96670493685419,-0.39199229317602846,25.3,25.29,0.010000000000001563,6.974712643678161,5.614236509758897,1.3604761339192635,25.3,25.29,0.010000000000001563,7.351724137931035,6.229621125143513,1.1221030127875222,25.3,25.29,0.010000000000001563,7.974712643678161,6.8541905855338685,1.1205220581442923,25.3,25.29,0.010000000000001563,9.057471264367816,7.935706084959814,1.1217651794080021,25.3,25.29,0.010000000000001563,11.517241379310347,9.788748564867966,1.7284928144423812,25.3,25.29,0.010000000000001563,10.402298850574713,9.554535017221584,0.8477638333531292,25.3,25.29,0.010000000000001563,8.321839080459771,7.081515499425947,1.2403235810338238,25.3,25.29,0.010000000000001563,8.333333333333334,7.595866819747416,0.7374665135859182,25.3,25.29,0.010000000000001563,9.81609195402299,8.732491389207807,1.0836005648151836,25.3,25.29,0.010000000000001563,9.864367816091956,8.498277841561425,1.3660899745305315,25.3,25.29,0.010000000000001563,9.935632183908046,7.853042479908152,2.0825897039998944,25.3,25.29,0.010000000000001563,9.852873563218392,7.84845005740528,2.0044235058131115,25.3,25.29,0.010000000000001563,6.082758620689656,5.701492537313433,0.38126608337622336,25.3,25.29,0.010000000000001563,5.7172413793103445,5.540757749712974,0.17648362959737085,25.3,25.29,0.010000000000001563
8,"Standing fan (Daison, long)",Level8,180.0,150.0,22,TskControl34,2025-02-21 14:57:58,2025-02-21_ID0_NoPCS_Ta22_TskControl34.csv,"2025-02-21_ID8_Standing fan (Daison, long)_Level8_Angle180_Distance150_Ta22_TskControl34.csv",41.37999999999998,28.23999999999998,-0.8399999999999999,27.120000000000005,36.46,35.32,27.10000000000001,35.69999999999999,16.29999999999999,45.28,26.260000000000005,78.6,100.69999999999996,69.54000000000005,89.69999999999999,86.54,64.66000000000004,78.87999999999994,45.28,24.83999999999999,22.460000000000008,-1.4000000000000057,-1.3999999999999915,22.3,22.4,65.82,0.05,22.36,22.99,34.0,34.0,34.0,34.0,34.0,34.0,34.0,34.0,34.0,34.0,34.0,34.0,34.0,33.019999999999996,34.0,34.0,34.0,34.0,34.0,34.0,34.0,34.0,34.0,118.85999999999999,106.35999999999999,20.1,70.02,81.36,90.66,85.34,115.6,74.63999999999999,111.63999999999999,101.92,164.24,202.45999999999998,203.16000000000003,206.94,171.34,151.52000000000004,184.73999999999995,154.4,117.55999999999999,119.96000000000001,63.3,64.30000000000001,22.2,22.2,50.04,0.13,22.2,22.39,34.0,34.0,34.0,34.0,34.0,34.0,34.0,34.0,34.0,34.0,34.0,34.0,34.0,34.0,34.0,34.0,34.0,34.0,34.0,34.0,34.0,34.0,34.0,77.48,78.12,20.94,42.89999999999999,44.9,55.339999999999996,58.239999999999995,79.9,58.339999999999996,66.35999999999999,75.66,85.64000000000001,101.76000000000002,133.61999999999998,117.24000000000001,84.8,86.86,105.86000000000001,109.12,92.72,97.5,64.7,65.7,9.137457044673537,6.620338983050847,2.51711806162269,22.36,22.2,0.16000000000000014,1.7268041237113403,1.7745762711864408,-0.0477721474751005,22.36,22.2,0.16000000000000014,6.015463917525772,3.6355932203389822,2.37987069718679,22.36,22.2,0.16000000000000014,6.989690721649485,3.8050847457627115,3.184605975886773,22.36,22.2,0.16000000000000014,7.788659793814432,4.689830508474576,3.098829285339856,22.36,22.2,0.16000000000000014,7.331615120274914,4.9355932203389825,2.3960218999359313,22.36,22.2,0.16000000000000014,9.931271477663229,6.771186440677966,3.1600850369852624,22.36,22.2,0.16000000000000014,6.412371134020617,4.9440677966101685,1.4683033374104486,22.36,22.199999999999996,0.1600000000000037,9.591065292096218,5.62372881355932,3.9673364785368976,22.36,22.2,0.16000000000000014,8.756013745704466,6.41186440677966,2.3441493389248063,22.36,22.2,0.16000000000000014,14.109965635738831,7.257627118644068,6.852338517094763,22.36,22.2,0.16000000000000014,17.393470790378004,8.623728813559323,8.76974197681868,22.36,22.2,0.16000000000000014,19.058161350844287,11.323728813559319,7.7344325372849685,22.36,22.2,0.16000000000000014,17.778350515463917,9.935593220338983,7.842757295124933,22.36,22.2,0.16000000000000014,14.719931271477662,7.186440677966101,7.533490593511561,22.36,22.2,0.16000000000000014,13.017182130584196,7.361016949152542,5.656165181431654,22.36,22.2,0.16000000000000014,15.871134020618552,8.971186440677966,6.899947579940585,22.36,22.2,0.16000000000000014,13.264604810996563,9.247457627118644,4.017147183877919,22.36,22.2,0.16000000000000014,10.099656357388314,7.857627118644067,2.242029238744247,22.36,22.2,0.16000000000000014,10.305841924398626,8.262711864406779,2.0431300599918476,22.36,22.199999999999996,0.1600000000000037,5.4381443298969065,5.483050847457627,-0.044906517560720616,22.36,22.2,0.16000000000000014,5.52405498281787,5.567796610169491,-0.043741627351621126,22.36,22.2,0.16000000000000014
8,"Standing fan (Daison, long)",Level8,225.0,150.0,22,TskControl34,2025-02-21 13:06:53,2025-02-21_ID0_NoPCS_Ta22_TskControl34.csv,"2025-02-21_ID8_Standing fan (Daison, long)_Level8_Angle225_Distance150_Ta22_TskControl34.csv",36.67999999999999,37.51999999999998,1.860000000000003,15.740000000000009,4.8799999999999955,46.15999999999999,16.74000000000001,45.75999999999999,14.600000000000016,40.34000000000002,14.740000000000009,70.13999999999999,77.81999999999996,71.34,98.12000000000003,82.62000000000002,46.83999999999999,62.079999999999984,31.45999999999998,31.400000000000006,26.679999999999993,-0.07999999999998408,-2.1200000000000045,22.3,22.3,56.35,0.02,22.3,22.54,33.9,34.0,34.0,34.0,34.0,34.0,34.0,34.0,34.0,34.0,34.0,34.0,34.0,31.360000000000003,31.24,34.0,34.0,34.0,34.0,34.0,34.0,34.0,34.0,114.16,115.63999999999999,22.800000000000004,58.64,49.779999999999994,101.49999999999999,74.98,125.66,72.94000000000001,106.7,90.4,155.78,179.57999999999998,204.95999999999998,215.36000000000004,167.42000000000002,133.7,167.94,140.57999999999998,124.12,124.17999999999999,64.62000000000002,63.58,22.2,22.2,50.04,0.13,22.2,22.39,34.0,34.0,34.0,34.0,34.0,34.0,34.0,34.0,34.0,34.0,34.0,34.0,34.0,34.0,34.0,34.0,34.0,34.0,34.0,34.0,34.0,34.0,34.0,77.48,78.12,20.94,42.89999999999999,44.9,55.339999999999996,58.239999999999995,79.9,58.339999999999996,66.35999999999999,75.66,85.64000000000001,101.76000000000002,133.61999999999998,117.24000000000001,84.8,86.86,105.86000000000001,109.12,92.72,97.5,64.7,65.7,9.883760683760682,6.620338983050847,3.263421700709835,22.299999999999997,22.2,0.09999999999999787,1.9487179487179491,1.7745762711864408,0.17414167753150833,22.3,22.2,0.10000000000000142,5.011965811965812,3.6355932203389822,1.3763725916268297,22.299999999999997,22.2,0.09999999999999787,4.254700854700855,3.8050847457627115,0.4496161089381432,22.3,22.2,0.10000000000000142,8.675213675213675,4.689830508474576,3.9853831667390986,22.3,22.2,0.10000000000000142,6.408547008547009,4.9355932203389825,1.4729537882080264,22.3,22.2,0.10000000000000142,10.740170940170941,6.771186440677966,3.968984499492975,22.3,22.2,0.10000000000000142,6.234188034188036,4.9440677966101685,1.2901202375778675,22.3,22.199999999999996,0.10000000000000497,9.119658119658121,5.62372881355932,3.495929306098801,22.3,22.2,0.10000000000000142,7.7264957264957275,6.41186440677966,1.3146313197160673,22.3,22.2,0.10000000000000142,13.314529914529915,7.257627118644068,6.056902795885847,22.3,22.2,0.10000000000000142,15.348717948717947,8.623728813559323,6.724989135158625,22.3,22.2,0.10000000000000142,22.622516556291384,11.323728813559319,11.298787742732065,22.3,22.2,0.10000000000000142,24.089485458612987,9.935593220338983,14.153892238274004,22.3,22.2,0.10000000000000142,14.309401709401712,7.186440677966101,7.122961031435611,22.3,22.2,0.10000000000000142,11.427350427350428,7.361016949152542,4.066333478197886,22.3,22.2,0.10000000000000142,14.353846153846154,8.971186440677966,5.382659713168188,22.3,22.2,0.10000000000000142,12.015384615384615,9.247457627118644,2.7679269882659714,22.3,22.2,0.10000000000000142,10.60854700854701,7.857627118644067,2.750919889902943,22.3,22.2,0.10000000000000142,10.613675213675213,8.262711864406779,2.3509633492684348,22.3,22.199999999999996,0.10000000000000497,5.523076923076925,5.483050847457627,0.04002607561929761,22.3,22.2,0.10000000000000142,5.434188034188034,5.567796610169491,-0.13360857598145692,22.3,22.2,0.10000000000000142
8,"Standing fan (Daison, long)",Level5,180.0,150.0,22,TskControl34,2025-02-21 14:35:33,2025-02-21_ID0_NoPCS_Ta22_TskControl34.csv,"2025-02-21_ID8_Standing fan (Daison, long)_Level5_Angle180_Distance150_Ta22_TskControl34.csv",33.19999999999999,24.859999999999985,-1.120000000000001,22.700000000000003,28.880000000000003,30.51999999999999,18.840000000000018,28.039999999999978,12.56000000000001,38.04000000000002,19.879999999999995,63.099999999999966,79.97999999999996,63.30000000000001,60.69999999999999,78.39999999999999,52.89999999999999,63.75999999999999,33.02000000000001,18.719999999999985,15.120000000000005,-0.1600000000000108,-3.0600000000000023,22.2,22.4,72.4,0.12,22.3,22.97,34.0,34.0,34.0,34.0,34.0,34.0,34.0,34.0,34.0,34.0,34.0,34.0,34.0,33.98,34.0,34.0,34.0,34.0,34.0,34.0,34.0,34.0,34.0,110.67999999999999,102.97999999999999,19.82,65.6,73.78,85.85999999999999,77.08000000000001,107.93999999999998,70.9,104.4,95.53999999999999,148.73999999999998,181.73999999999998,196.92,177.94,163.2,139.76,169.62,142.14000000000001,111.43999999999998,112.62,64.53999999999999,62.64,22.2,22.2,50.04,0.13,22.2,22.39,34.0,34.0,34.0,34.0,34.0,34.0,34.0,34.0,34.0,34.0,34.0,34.0,34.0,34.0,34.0,34.0,34.0,34.0,34.0,34.0,34.0,34.0,34.0,77.48,78.12,20.94,42.89999999999999,44.9,55.339999999999996,58.239999999999995,79.9,58.339999999999996,66.35999999999999,75.66,85.64000000000001,101.76000000000002,133.61999999999998,117.24000000000001,84.8,86.86,105.86000000000001,109.12,92.72,97.5,64.7,65.7,8.8017094017094,6.620338983050847,2.1813704186585534,22.299999999999997,22.2,0.09999999999999787,1.6940170940170942,1.7745762711864408,-0.08055917716934657,22.3,22.2,0.10000000000000142,5.6068376068376065,3.6355932203389822,1.9712443864986242,22.3,22.2,0.10000000000000142,6.305982905982907,3.8050847457627115,2.500898160220195,22.3,22.2,0.10000000000000142,7.338461538461537,4.689830508474576,2.6486310299869613,22.3,22.2,0.10000000000000142,6.5880341880341895,4.9355932203389825,1.652440967695207,22.3,22.2,0.10000000000000142,9.225641025641025,6.771186440677966,2.4544545849630586,22.3,22.2,0.10000000000000142,6.0598290598290605,4.9440677966101685,1.115761263218892,22.3,22.199999999999996,0.10000000000000497,8.923076923076923,5.62372881355932,3.299348109517603,22.299999999999997,22.2,0.09999999999999787,8.165811965811965,6.41186440677966,1.753947559032305,22.3,22.2,0.10000000000000142,12.712820512820512,7.257627118644068,5.455193394176444,22.3,22.2,0.10000000000000142,15.533333333333333,8.623728813559323,6.90960451977401,22.3,22.2,0.10000000000000142,16.859589041095894,11.323728813559319,5.535860227536576,22.3,22.2,0.10000000000000142,15.20854700854701,9.935593220338983,5.272953788208026,22.3,22.2,0.10000000000000142,13.948717948717949,7.186440677966101,6.762277270751848,22.3,22.2,0.10000000000000142,11.945299145299145,7.361016949152542,4.584282196146604,22.3,22.2,0.10000000000000142,14.4974358974359,8.971186440677966,5.526249456757933,22.3,22.2,0.10000000000000142,12.14871794871795,9.247457627118644,2.901260321599306,22.3,22.2,0.10000000000000142,9.524786324786325,7.857627118644067,1.6671592061422578,22.300000000000004,22.2,0.10000000000000497,9.625641025641027,8.262711864406779,1.3629291612342485,22.3,22.199999999999996,0.10000000000000497,5.516239316239316,5.483050847457627,0.03318846878168902,22.3,22.2,0.10000000000000142,5.353846153846154,5.567796610169491,-0.21395045632333698,22.3,22.2,0.10000000000000142
8,"Standing fan (Daison, long)",Level5,225.0,150.0,22,TskControl34,2025-02-21 12:35:48,2025-02-21_ID0_NoPCS_Ta22_TskControl34.csv,"2025-02-21_ID8_Standing fan (Daison, long)_Level5_Angle225_Distance150_Ta22_TskControl34.csv",27.579999999999984,29.33999999999999,2.0399999999999956,13.980000000000004,3.3200000000000074,36.34000000000001,10.440000000000012,36.06,8.96,33.48000000000002,6.400000000000006,55.24000000000001,59.39999999999998,69.98000000000002,95.85999999999999,61.09999999999998,33.239999999999995,41.29999999999998,19.22,22.220000000000013,15.299999999999997,0.45999999999999375,-3.700000000000003,22.2,22.2,55.96,0.09,22.2,22.43,34.0,34.0,34.0,34.0,34.0,34.0,34.0,34.0,34.0,34.0,34.0,34.0,34.0,32.720000000000006,33.440000000000005,34.0,34.0,34.0,34.0,34.0,34.0,34.0,34.0,105.05999999999999,107.46,22.979999999999997,56.879999999999995,48.220000000000006,91.68,68.68,115.96000000000001,67.3,99.84,82.06,140.88000000000002,161.16,203.6,213.1,145.89999999999998,120.1,147.16,128.34,114.94000000000001,112.8,65.16,62.0,22.2,22.2,50.04,0.13,22.2,22.39,34.0,34.0,34.0,34.0,34.0,34.0,34.0,34.0,34.0,34.0,34.0,34.0,34.0,34.0,34.0,34.0,34.0,34.0,34.0,34.0,34.0,34.0,34.0,77.48,78.12,20.94,42.89999999999999,44.9,55.339999999999996,58.239999999999995,79.9,58.339999999999996,66.35999999999999,75.66,85.64000000000001,101.76000000000002,133.61999999999998,117.24000000000001,84.8,86.86,105.86000000000001,109.12,92.72,97.5,64.7,65.7,9.106779661016947,6.620338983050847,2.4864406779661,22.199999999999996,22.2,-3.552713678800501e-15,1.9474576271186437,1.7745762711864408,0.17288135593220288,22.2,22.2,0.0,4.8203389830508465,3.6355932203389822,1.1847457627118643,22.2,22.2,0.0,4.0864406779661016,3.8050847457627115,0.28135593220339006,22.199999999999996,22.2,-3.552713678800501e-15,7.769491525423729,4.689830508474576,3.079661016949153,22.2,22.2,0.0,5.820338983050847,4.9355932203389825,0.8847457627118649,22.2,22.2,0.0,9.827118644067797,6.771186440677966,3.0559322033898306,22.2,22.2,0.0,5.703389830508474,4.9440677966101685,0.7593220338983055,22.2,22.199999999999996,3.552713678800501e-15,8.461016949152542,5.62372881355932,2.837288135593222,22.2,22.2,0.0,6.954237288135593,6.41186440677966,0.5423728813559325,22.2,22.2,0.0,11.938983050847458,7.257627118644068,4.68135593220339,22.2,22.2,0.0,13.657627118644067,8.623728813559323,5.033898305084744,22.2,22.2,0.0,19.35361216730037,11.323728813559319,8.02988335374105,22.200000000000003,22.2,3.552713678800501e-15,18.959074733096074,9.935593220338983,9.02348151275709,22.199999999999996,22.2,-3.552713678800501e-15,12.364406779661014,7.186440677966101,5.177966101694913,22.2,22.2,0.0,10.177966101694913,7.361016949152542,2.8169491525423718,22.2,22.2,0.0,12.471186440677965,8.971186440677966,3.4999999999999982,22.2,22.2,0.0,10.876271186440677,9.247457627118644,1.6288135593220332,22.2,22.2,0.0,9.740677966101696,7.857627118644067,1.8830508474576293,22.200000000000003,22.2,3.552713678800501e-15,9.559322033898304,8.262711864406779,1.296610169491526,22.2,22.199999999999996,3.552713678800501e-15,5.522033898305084,5.483050847457627,0.0389830508474569,22.2,22.2,0.0,5.2542372881355925,5.567796610169491,-0.3135593220338988,22.2,22.2,0.0
8,"Standing fan (Daison, long)",Level3,225.0,150.0,22,TskControl34,2025-02-21 12:16:53,2025-02-21_ID0_NoPCS_Ta22_TskControl34.csv,"2025-02-21_ID8_Standing fan (Daison, long)_Level3_Angle225_Distance150_Ta22_TskControl34.csv",14.199999999999989,19.919999999999987,0.9999999999999964,9.980000000000004,-1.1799999999999997,27.360000000000007,4.6200000000000045,27.22,-0.1600000000000037,24.480000000000018,-0.4399999999999977,35.97999999999996,29.879999999999995,49.72,44.04000000000002,36.82000000000001,9.960000000000008,18.28,7.420000000000002,5.220000000000013,-2.219999999999999,0.3399999999999892,-4.840000000000003,22.1,22.2,53.42,0.02,22.17,22.46,34.0,34.0,34.0,34.0,34.0,34.0,34.0,34.0,34.0,34.0,34.0,34.0,34.0,34.0,34.0,34.0,34.0,34.0,34.0,34.0,34.0,34.0,34.0,91.67999999999999,98.03999999999999,21.939999999999998,52.879999999999995,43.72,82.7,62.86,107.12,58.17999999999999,90.84,75.22,121.61999999999998,131.64000000000001,183.33999999999997,161.28000000000003,121.62,96.82000000000001,124.14000000000001,116.54,97.94000000000001,95.28,65.03999999999999,60.86,22.2,22.2,50.04,0.13,22.2,22.39,34.0,34.0,34.0,34.0,34.0,34.0,34.0,34.0,34.0,34.0,34.0,34.0,34.0,34.0,34.0,34.0,34.0,34.0,34.0,34.0,34.0,34.0,34.0,77.48,78.12,20.94,42.89999999999999,44.9,55.339999999999996,58.239999999999995,79.9,58.339999999999996,66.35999999999999,75.66,85.64000000000001,101.76000000000002,133.61999999999998,117.24000000000001,84.8,86.86,105.86000000000001,109.12,92.72,97.5,64.7,65.7,8.287404902789518,6.620338983050847,1.667065919738671,22.17,22.2,-0.029999999999997584,1.8546069315300084,1.7745762711864408,0.08003066034356765,22.17,22.2,-0.029999999999997584,4.469991546914624,3.6355932203389822,0.8343983265756418,22.17,22.2,-0.029999999999997584,3.695688926458158,3.8050847457627115,-0.10939581930455367,22.17,22.2,-0.029999999999997584,6.990701606086223,4.689830508474576,2.3008710976116467,22.17,22.2,-0.029999999999997584,5.313609467455622,4.9355932203389825,0.3780162471166397,22.17,22.2,-0.029999999999997584,9.054945054945057,6.771186440677966,2.2837586142670903,22.17,22.2,-0.029999999999997584,4.918005071851225,4.9440677966101685,-0.026062724758943112,22.17,22.199999999999996,-0.02999999999999403,7.678782755705834,5.62372881355932,2.0550539421465137,22.17,22.2,-0.029999999999997584,6.358410819949282,6.41186440677966,-0.053453586830378264,22.17,22.2,-0.029999999999997584,10.280642434488588,7.257627118644068,3.0230153158445194,22.17,22.2,-0.029999999999997584,11.127641589180053,8.623728813559323,2.50391277562073,22.17,22.2,-0.029999999999997584,15.49788672865596,11.323728813559319,4.174157915096641,22.17,22.2,-0.029999999999997584,13.63313609467456,9.935593220338983,3.6975428743355767,22.17,22.2,-0.029999999999997584,10.28064243448859,7.186440677966101,3.094201756522488,22.17,22.2,-0.029999999999997584,8.18427726120034,7.361016949152542,0.8232603120477977,22.17,22.2,-0.029999999999997584,10.493660185967881,8.971186440677966,1.5224737452899149,22.17,22.2,-0.029999999999997584,9.851225697379546,9.247457627118644,0.6037680702609016,22.17,22.2,-0.029999999999997584,8.278951817413358,7.857627118644067,0.4213246987692907,22.17,22.2,-0.029999999999997584,8.05409974640744,8.262711864406779,-0.20861211799933876,22.17,22.199999999999996,-0.02999999999999403,5.49788672865596,5.483050847457627,0.014835881198332679,22.17,22.2,-0.029999999999997584,5.144547759932376,5.567796610169491,-0.42324885023711545,22.17,22.2,-0.029999999999997584
8,"Standing fan (Daison, long)",Level1,180.0,150.0,22,TskControl34,2025-02-21 13:47:13,2025-02-21_ID0_NoPCS_Ta22_TskControl34.csv,"2025-02-21_ID8_Standing fan (Daison, long)_Level1_Angle180_Distance150_Ta22_TskControl34.csv",4.3999999999999915,20.22,-1.8000000000000043,9.860000000000014,5.200000000000003,16.580000000000005,3.0800000000000125,2.019999999999982,0.12000000000000455,18.78000000000003,-8.079999999999998,32.699999999999974,24.179999999999993,15.980000000000018,11.579999999999984,20.980000000000004,7.140000000000001,-7.640000000000015,-18.680000000000007,-4.199999999999989,-7.440000000000012,-2.479999999999997,-4.160000000000004,22.2,22.4,54.52,0.13,22.29,22.58,34.0,34.0,34.0,34.0,34.0,34.0,34.0,34.0,34.0,34.0,34.0,34.0,34.0,34.0,34.0,34.0,34.0,34.0,34.0,34.0,34.0,34.0,34.0,81.88,98.34,19.139999999999997,52.760000000000005,50.1,71.92,61.32000000000001,81.91999999999999,58.46,85.14000000000001,67.58,118.33999999999999,125.94000000000001,149.6,128.82,105.78,94.0,98.22,90.44,88.52000000000001,90.05999999999999,62.220000000000006,61.54,22.2,22.2,50.04,0.13,22.2,22.39,34.0,34.0,34.0,34.0,34.0,34.0,34.0,34.0,34.0,34.0,34.0,34.0,34.0,34.0,34.0,34.0,34.0,34.0,34.0,34.0,34.0,34.0,34.0,77.48,78.12,20.94,42.89999999999999,44.9,55.339999999999996,58.239999999999995,79.9,58.339999999999996,66.35999999999999,75.66,85.64000000000001,101.76000000000002,133.61999999999998,117.24000000000001,84.8,86.86,105.86000000000001,109.12,92.72,97.5,64.7,65.7,8.39795046968403,6.620338983050847,1.777611486633183,22.29,22.2,0.08999999999999986,1.6345004269854821,1.7745762711864408,-0.14007584420095864,22.29,22.2,0.08999999999999986,4.505550811272417,3.6355932203389822,0.8699575909334345,22.29,22.2,0.08999999999999986,4.278394534585824,3.8050847457627115,0.4733097888231126,22.29,22.2,0.08999999999999986,6.141759180187873,4.689830508474576,1.451928671713297,22.29,22.2,0.08999999999999986,5.236549957301452,4.9355932203389825,0.30095673696246905,22.29,22.2,0.08999999999999986,6.995730145175062,6.771186440677966,0.22454370449709593,22.29,22.2,0.08999999999999986,4.992314261315115,4.9440677966101685,0.04824646470494631,22.29,22.199999999999996,0.09000000000000341,7.27070879590094,5.62372881355932,1.6469799823416196,22.29,22.2,0.08999999999999986,5.771135781383433,6.41186440677966,-0.6407286253962274,22.29,22.2,0.08999999999999986,10.10589239965841,7.257627118644068,2.848265281014342,22.29,22.2,0.08999999999999986,10.754910333048677,8.623728813559323,2.1311815194893544,22.29,22.2,0.08999999999999986,12.775405636208367,11.323728813559319,1.4516768226490484,22.29,22.2,0.08999999999999986,11.000853970964986,9.935593220338983,1.0652607506260026,22.29,22.2,0.08999999999999986,9.0333048676345,7.186440677966101,1.8468641896683993,22.29,22.2,0.08999999999999986,8.02732707087959,7.361016949152542,0.6663101217270482,22.29,22.2,0.08999999999999986,8.387702818104184,8.971186440677966,-0.5834836225737821,22.29,22.2,0.08999999999999986,7.72331340734415,9.247457627118644,-1.5241442197744943,22.29,22.2,0.08999999999999986,7.5593509820666105,7.857627118644067,-0.29827613657745644,22.29,22.2,0.08999999999999986,7.690862510674635,8.262711864406779,-0.5718493537321434,22.29,22.199999999999996,0.09000000000000341,5.313407344150299,5.483050847457627,-0.16964350330732803,22.29,22.2,0.08999999999999986,5.255337318531169,5.567796610169491,-0.312459291638322,22.29,22.2,0.08999999999999986
8,"Standing fan (Daison, long)",Level10,225.0,150.0,22,TskControl34,2025-02-21 13:23:33,2025-02-21_ID0_NoPCS_Ta22_TskControl34.csv,"2025-02-21_ID8_Standing fan (Daison, long)_Level10_Angle225_Distance150_Ta22_TskControl34.csv",35.36,39.83999999999999,2.5199999999999996,15.800000000000011,5.280000000000001,48.06000000000001,18.000000000000014,48.47999999999999,11.860000000000007,38.52000000000001,15.0,64.63999999999999,74.66,71.16,97.69999999999999,75.02,43.459999999999994,57.53999999999999,34.920000000000016,27.480000000000004,20.33999999999999,-1.720000000000006,-1.4200000000000017,22.3,22.3,54.9,0.12,22.3,22.6,33.9,34.0,34.0,34.0,34.0,34.0,34.0,34.0,34.0,34.0,34.0,34.0,34.0,31.6,31.6,34.0,34.0,34.0,34.0,34.0,34.0,34.0,34.0,112.84,117.96,23.46,58.7,50.18,103.4,76.24000000000001,128.38,70.2,104.88,90.66,150.28,176.42000000000002,204.77999999999997,214.94,159.82,130.32,163.4,144.04000000000002,120.2,117.83999999999999,62.98,64.28,22.2,22.2,50.04,0.13,22.2,22.39,34.0,34.0,34.0,34.0,34.0,34.0,34.0,34.0,34.0,34.0,34.0,34.0,34.0,34.0,34.0,34.0,34.0,34.0,34.0,34.0,34.0,34.0,34.0,77.48,78.12,20.94,42.89999999999999,44.9,55.339999999999996,58.239999999999995,79.9,58.339999999999996,66.35999999999999,75.66,85.64000000000001,101.76000000000002,133.61999999999998,117.24000000000001,84.8,86.86,105.86000000000001,109.12,92.72,97.5,64.7,65.7,10.082051282051282,6.620338983050847,3.4617122990004345,22.3,22.2,0.10000000000000142,2.005128205128205,1.7745762711864408,0.23055193394176432,22.299999999999997,22.2,0.09999999999999787,5.017094017094018,3.6355932203389822,1.3815007967550357,22.3,22.2,0.10000000000000142,4.288888888888889,3.8050847457627115,0.48380414312617726,22.299999999999997,22.2,0.09999999999999787,8.837606837606838,4.689830508474576,4.147776329132262,22.3,22.2,0.10000000000000142,6.516239316239317,4.9355932203389825,1.5806460959003346,22.3,22.2,0.10000000000000142,10.972649572649573,6.771186440677966,4.2014631319716065,22.3,22.2,0.10000000000000142,6.000000000000001,4.9440677966101685,1.0559322033898324,22.3,22.199999999999996,0.10000000000000497,8.964102564102564,5.62372881355932,3.340373750543244,22.3,22.2,0.10000000000000142,7.748717948717949,6.41186440677966,1.3368535419382885,22.3,22.2,0.10000000000000142,12.844444444444445,7.257627118644068,5.586817325800377,22.3,22.2,0.10000000000000142,15.07863247863248,8.623728813559323,6.454903665073157,22.3,22.2,0.10000000000000142,22.019354838709674,11.323728813559319,10.695626025150355,22.3,22.2,0.10000000000000142,23.111827956989245,9.935593220338983,13.176234736650262,22.3,22.2,0.10000000000000142,13.65982905982906,7.186440677966101,6.473388381862958,22.3,22.2,0.10000000000000142,11.138461538461538,7.361016949152542,3.7774445893089963,22.3,22.2,0.10000000000000142,13.965811965811968,8.971186440677966,4.994625525134001,22.3,22.2,0.10000000000000142,12.311111111111114,9.247457627118644,3.0636534839924696,22.3,22.2,0.10000000000000142,10.273504273504274,7.857627118644067,2.4158771548602074,22.3,22.2,0.10000000000000142,10.071794871794872,8.262711864406779,1.809083007388093,22.3,22.199999999999996,0.10000000000000497,5.382905982905983,5.483050847457627,-0.10014486455164384,22.3,22.2,0.10000000000000142,5.494017094017094,5.567796610169491,-0.0737795161523973,22.3,22.2,0.10000000000000142
8,"Standing fan (Daison, long)",Level10,180.0,150.0,22,TskControl34,2025-02-21 15:14:53,2025-02-21_ID0_NoPCS_Ta22_TskControl34.csv,"2025-02-21_ID8_Standing fan (Daison, long)_Level10_Angle180_Distance150_Ta22_TskControl34.csv",40.27999999999999,32.32000000000001,0.29999999999999716,26.78,34.46,36.88,27.780000000000015,35.24000000000001,16.440000000000005,45.36,23.92,74.83999999999997,93.52000000000001,68.78000000000003,75.47999999999996,90.84000000000002,60.959999999999994,77.83999999999997,46.099999999999966,22.439999999999998,17.960000000000008,-1.3400000000000034,-2.700000000000003,22.3,22.3,55.99,0.0,22.3,22.63,34.0,34.0,34.0,34.0,34.0,34.0,34.0,34.0,34.0,34.0,34.0,34.0,34.0,33.779999999999994,34.0,34.0,34.0,34.0,34.0,34.0,34.0,34.0,34.0,117.75999999999999,110.44000000000001,21.24,69.67999999999999,79.36,92.22,86.02000000000001,115.14000000000001,74.78,111.71999999999998,99.58,160.48,195.28000000000003,202.4,192.71999999999997,175.64000000000001,147.82,183.7,155.21999999999997,115.16,115.46000000000001,63.36,63.0,22.2,22.2,50.04,0.13,22.2,22.39,34.0,34.0,34.0,34.0,34.0,34.0,34.0,34.0,34.0,34.0,34.0,34.0,34.0,34.0,34.0,34.0,34.0,34.0,34.0,34.0,34.0,34.0,34.0,77.48,78.12,20.94,42.89999999999999,44.9,55.339999999999996,58.239999999999995,79.9,58.339999999999996,66.35999999999999,75.66,85.64000000000001,101.76000000000002,133.61999999999998,117.24000000000001,84.8,86.86,105.86000000000001,109.12,92.72,97.5,64.7,65.7,9.439316239316241,6.620338983050847,2.818977256265394,22.3,22.2,0.10000000000000142,1.8153846153846154,1.7745762711864408,0.040808344198174584,22.3,22.2,0.10000000000000142,5.955555555555556,3.6355932203389822,2.3199623352165735,22.3,22.2,0.10000000000000142,6.782905982905984,3.8050847457627115,2.977821237143272,22.3,22.2,0.10000000000000142,7.8820512820512825,4.689830508474576,3.1922207735767065,22.3,22.2,0.10000000000000142,7.3521367521367536,4.9355932203389825,2.416543531797771,22.3,22.2,0.10000000000000142,9.841025641025643,6.771186440677966,3.069839200347677,22.3,22.2,0.10000000000000142,6.391452991452992,4.9440677966101685,1.4473851948428234,22.3,22.199999999999996,0.10000000000000497,9.548717948717949,5.62372881355932,3.9249891351586284,22.3,22.2,0.10000000000000142,8.511111111111111,6.41186440677966,2.099246704331451,22.3,22.2,0.10000000000000142,13.716239316239315,7.257627118644068,6.458612197595247,22.3,22.2,0.10000000000000142,16.690598290598295,8.623728813559323,8.066869477038972,22.3,22.2,0.10000000000000142,17.630662020905934,11.323728813559319,6.306933207346615,22.3,22.2,0.10000000000000142,16.47179487179487,9.935593220338983,6.536201651455887,22.3,22.2,0.10000000000000142,15.011965811965814,7.186440677966101,7.8255251339997125,22.3,22.2,0.10000000000000142,12.634188034188034,7.361016949152542,5.273171085035492,22.3,22.2,0.10000000000000142,15.7008547008547,8.971186440677966,6.729668260176734,22.3,22.2,0.10000000000000142,13.266666666666666,9.247457627118644,4.019209039548022,22.3,22.2,0.10000000000000142,9.842735042735043,7.857627118644067,1.9851079240909764,22.3,22.2,0.10000000000000142,9.868376068376069,8.262711864406779,1.6056642039692903,22.299999999999997,22.199999999999996,0.10000000000000142,5.415384615384616,5.483050847457627,-0.06766623207301148,22.3,22.2,0.10000000000000142,5.384615384615385,5.567796610169491,-0.18318122555410632,22.3,22.2,0.10000000000000142
8,"Standing fan (Daison, long)",Level1,225.0,150.0,22,TskControl34,2025-02-21 11:38:03,2025-02-21_ID0_NoPCS_Ta22_TskControl34.csv,"2025-02-21_ID8_Standing fan (Daison, long)_Level1_Angle225_Distance150_Ta22_TskControl34.csv",3.8599999999999994,13.0,0.5799999999999983,5.900000000000006,-2.299999999999997,21.080000000000005,2.420000000000009,15.0,-1.980000000000004,14.740000000000009,-4.5,16.45999999999998,5.539999999999978,1.9200000000000443,19.939999999999998,13.66000000000001,2.499999999999986,-10.140000000000015,-5.920000000000002,-2.8400000000000034,-4.47999999999999,0.7999999999999972,-2.6000000000000014,22.2,22.2,52.06,0.0,22.2,22.43,34.0,34.0,34.0,34.0,34.0,34.0,34.0,34.0,34.0,34.0,34.0,34.0,34.0,34.0,34.0,34.0,34.0,34.0,34.0,34.0,34.0,34.0,34.0,81.34,91.12,21.52,48.8,42.6,76.42,60.660000000000004,94.9,56.35999999999999,81.1,71.16,102.1,107.3,135.54000000000002,137.18,98.46000000000001,89.35999999999999,95.72,103.2,89.88,93.02000000000001,65.5,63.1,22.2,22.2,50.04,0.13,22.2,22.39,34.0,34.0,34.0,34.0,34.0,34.0,34.0,34.0,34.0,34.0,34.0,34.0,34.0,34.0,34.0,34.0,34.0,34.0,34.0,34.0,34.0,34.0,34.0,77.48,78.12,20.94,42.89999999999999,44.9,55.339999999999996,58.239999999999995,79.9,58.339999999999996,66.35999999999999,75.66,85.64000000000001,101.76000000000002,133.61999999999998,117.24000000000001,84.8,86.86,105.86000000000001,109.12,92.72,97.5,64.7,65.7,7.722033898305084,6.620338983050847,1.101694915254237,22.2,22.2,0.0,1.823728813559322,1.7745762711864408,0.049152542372881136,22.2,22.2,0.0,4.135593220338983,3.6355932203389822,0.5000000000000004,22.2,22.2,0.0,3.6101694915254234,3.8050847457627115,-0.19491525423728806,22.2,22.2,0.0,6.476271186440678,4.689830508474576,1.7864406779661017,22.2,22.2,0.0,5.140677966101695,4.9355932203389825,0.2050847457627123,22.2,22.2,0.0,8.042372881355933,6.771186440677966,1.2711864406779663,22.2,22.2,0.0,4.776271186440677,4.9440677966101685,-0.16779661016949188,22.199999999999996,22.199999999999996,0.0,6.872881355932202,5.62372881355932,1.2491525423728822,22.2,22.2,0.0,6.030508474576271,6.41186440677966,-0.38135593220338926,22.2,22.2,0.0,8.652542372881355,7.257627118644068,1.3949152542372865,22.2,22.2,0.0,9.09322033898305,8.623728813559323,0.4694915254237273,22.2,22.2,0.0,11.486440677966103,11.323728813559319,0.1627118644067842,22.2,22.2,0.0,11.625423728813558,9.935593220338983,1.689830508474575,22.2,22.2,0.0,8.344067796610169,7.186440677966101,1.1576271186440676,22.199999999999996,22.2,-3.552713678800501e-15,7.572881355932202,7.361016949152542,0.21186440677966,22.2,22.2,0.0,8.111864406779661,8.971186440677966,-0.8593220338983052,22.200000000000003,22.2,3.552713678800501e-15,8.745762711864407,9.247457627118644,-0.5016949152542374,22.2,22.2,0.0,7.6169491525423725,7.857627118644067,-0.24067796610169445,22.2,22.2,0.0,7.8830508474576275,8.262711864406779,-0.379661016949151,22.2,22.199999999999996,3.552713678800501e-15,5.5508474576271185,5.483050847457627,0.06779661016949134,22.2,22.2,0.0,5.347457627118644,5.567796610169491,-0.22033898305084776,22.2,22.2,0.0
8,"Standing fan (Daison, long)",Level3,180.0,150.0,22,TskControl34,2025-02-21 14:17:58,2025-02-21_ID0_NoPCS_Ta22_TskControl34.csv,"2025-02-21_ID8_Standing fan (Daison, long)_Level3_Angle180_Distance150_Ta22_TskControl34.csv",17.739999999999995,19.219999999999985,-1.3200000000000038,17.159999999999997,17.020000000000003,21.660000000000004,10.11999999999999,12.780000000000001,4.640000000000001,27.64,3.480000000000018,48.01999999999998,45.13999999999996,23.74000000000001,30.180000000000007,48.24000000000002,26.45999999999998,33.140000000000015,14.700000000000003,6.659999999999997,1.6000000000000085,-1.3400000000000034,-4.600000000000001,22.3,22.3,66.24,0.0,22.3,22.9,34.0,34.0,34.0,34.0,34.0,34.0,34.0,34.0,34.0,34.0,34.0,34.0,34.0,34.0,34.0,34.0,34.0,34.0,34.0,34.0,34.0,34.0,34.0,95.22,97.33999999999999,19.619999999999997,60.05999999999999,61.92,77.0,68.35999999999999,92.68,62.98,93.99999999999999,79.14000000000001,133.66,146.89999999999998,157.35999999999999,147.42000000000002,133.04000000000002,113.31999999999998,139.00000000000003,123.82000000000001,99.38,99.10000000000001,63.36,61.1,22.2,22.2,50.04,0.13,22.2,22.39,34.0,34.0,34.0,34.0,34.0,34.0,34.0,34.0,34.0,34.0,34.0,34.0,34.0,34.0,34.0,34.0,34.0,34.0,34.0,34.0,34.0,34.0,34.0,77.48,78.12,20.94,42.89999999999999,44.9,55.339999999999996,58.239999999999995,79.9,58.339999999999996,66.35999999999999,75.66,85.64000000000001,101.76000000000002,133.61999999999998,117.24000000000001,84.8,86.86,105.86000000000001,109.12,92.72,97.5,64.7,65.7,8.319658119658119,6.620338983050847,1.6993191366072713,22.299999999999997,22.2,0.09999999999999787,1.6769230769230767,1.7745762711864408,-0.09765319426336405,22.3,22.2,0.10000000000000142,5.133333333333333,3.6355932203389822,1.4977401129943506,22.3,22.2,0.10000000000000142,5.292307692307693,3.8050847457627115,1.4872229465449815,22.3,22.2,0.10000000000000142,6.581196581196582,4.689830508474576,1.8913660727220059,22.3,22.2,0.10000000000000142,5.8427350427350415,4.9355932203389825,0.907141822396059,22.3,22.2,0.10000000000000142,7.9213675213675225,6.771186440677966,1.1501810806895563,22.3,22.2,0.10000000000000142,5.382905982905983,4.9440677966101685,0.43883818629581484,22.3,22.199999999999996,0.10000000000000497,8.034188034188034,5.62372881355932,2.410459220628714,22.3,22.2,0.10000000000000142,6.764102564102566,6.41186440677966,0.35223815732290564,22.3,22.2,0.10000000000000142,11.423931623931624,7.257627118644068,4.166304505287556,22.3,22.2,0.10000000000000142,12.555555555555554,8.623728813559323,3.9318267419962307,22.3,22.2,0.10000000000000142,13.44957264957265,11.323728813559319,2.125843836013331,22.3,22.2,0.10000000000000142,12.600000000000001,9.935593220338983,2.664406779661018,22.3,22.2,0.10000000000000142,11.370940170940173,7.186440677966101,4.184499492974072,22.3,22.2,0.10000000000000142,9.685470085470085,7.361016949152542,2.324453136317543,22.3,22.2,0.10000000000000142,11.880341880341884,8.971186440677966,2.909155439663918,22.3,22.2,0.10000000000000142,10.582905982905984,9.247457627118644,1.3354483557873404,22.3,22.2,0.10000000000000142,8.494017094017094,7.857627118644067,0.6363899753730271,22.3,22.2,0.10000000000000142,8.470085470085472,8.262711864406779,0.20737360567869345,22.3,22.199999999999996,0.10000000000000497,5.415384615384616,5.483050847457627,-0.06766623207301148,22.3,22.2,0.10000000000000142,5.222222222222222,5.567796610169491,-0.345574387947269,22.3,22.2,0.10000000000000142
9,Standing fan (Sunbeam),Level4,270.0,150.0,22,TskControl34,2025-02-21 18:01:43,2025-02-21_ID0_NoPCS_Ta22_TskControl34.csv,2025-02-21_ID9_Standing fan (Sunbeam)_Level4_Angle270_Distance150_Ta22_TskControl34.csv,25.099999999999994,85.47999999999999,52.34,7.480000000000004,7.140000000000008,55.13999999999999,38.66000000000001,30.939999999999984,-2.519999999999989,24.960000000000022,28.840000000000003,36.0,45.319999999999965,69.00000000000003,60.25999999999999,20.18000000000002,16.939999999999998,9.039999999999992,8.559999999999988,7.959999999999994,6.400000000000006,1.6200000000000045,-0.7600000000000051,22.2,22.2,64.13,0.0,22.2,22.73,34.0,34.0,34.0,34.0,34.0,34.0,34.0,34.0,34.0,34.0,34.0,34.0,34.0,33.68000000000001,34.0,34.0,34.0,34.0,34.0,34.0,34.0,34.0,34.0,102.58,163.6,73.28,50.379999999999995,52.040000000000006,110.47999999999999,96.9,110.83999999999999,55.82000000000001,91.32000000000001,104.5,121.64000000000001,147.07999999999998,202.62,177.5,104.98000000000002,103.8,114.9,117.67999999999999,100.67999999999999,103.9,66.32000000000001,64.94,22.2,22.2,50.04,0.13,22.2,22.39,34.0,34.0,34.0,34.0,34.0,34.0,34.0,34.0,34.0,34.0,34.0,34.0,34.0,34.0,34.0,34.0,34.0,34.0,34.0,34.0,34.0,34.0,34.0,77.48,78.12,20.94,42.89999999999999,44.9,55.339999999999996,58.239999999999995,79.9,58.339999999999996,66.35999999999999,75.66,85.64000000000001,101.76000000000002,133.61999999999998,117.24000000000001,84.8,86.86,105.86000000000001,109.12,92.72,97.5,64.7,65.7,13.864406779661016,6.620338983050847,7.244067796610168,22.2,22.2,0.0,6.2101694915254235,1.7745762711864408,4.4355932203389825,22.2,22.2,0.0,4.269491525423728,3.6355932203389822,0.6338983050847458,22.2,22.2,0.0,4.410169491525424,3.8050847457627115,0.6050847457627122,22.2,22.2,0.0,9.362711864406778,4.689830508474576,4.672881355932202,22.2,22.2,0.0,8.211864406779661,4.9355932203389825,3.2762711864406784,22.2,22.2,0.0,9.393220338983049,6.771186440677966,2.622033898305083,22.2,22.2,0.0,4.730508474576271,4.9440677966101685,-0.21355932203389738,22.199999999999996,22.199999999999996,0.0,7.738983050847458,5.62372881355932,2.1152542372881378,22.2,22.2,0.0,8.85593220338983,6.41186440677966,2.4440677966101703,22.2,22.2,0.0,10.308474576271188,7.257627118644068,3.0508474576271194,22.2,22.2,0.0,12.464406779661015,8.623728813559323,3.8406779661016923,22.2,22.2,0.0,17.649825783972116,11.323728813559319,6.326096970412797,22.2,22.2,0.0,15.04237288135593,9.935593220338983,5.106779661016947,22.2,22.2,0.0,8.896610169491526,7.186440677966101,1.7101694915254244,22.199999999999996,22.2,-3.552713678800501e-15,8.796610169491524,7.361016949152542,1.4355932203389825,22.2,22.2,0.0,9.73728813559322,8.971186440677966,0.7661016949152533,22.2,22.2,0.0,9.972881355932202,9.247457627118644,0.7254237288135581,22.2,22.2,0.0,8.532203389830507,7.857627118644067,0.6745762711864396,22.199999999999996,22.2,-3.552713678800501e-15,8.805084745762711,8.262711864406779,0.5423728813559325,22.199999999999996,22.199999999999996,0.0,5.620338983050848,5.483050847457627,0.13728813559322095,22.2,22.2,0.0,5.503389830508474,5.567796610169491,-0.06440677966101749,22.2,22.2,0.0
9,Standing fan (Sunbeam),Level3,270.0,150.0,22,TskControl34,2025-02-21 17:51:53,2025-02-21_ID0_NoPCS_Ta22_TskControl34.csv,2025-02-21_ID9_Standing fan (Sunbeam)_Level3_Angle270_Distance150_Ta22_TskControl34.csv,23.36,81.97999999999999,48.47999999999999,6.20000000000001,6.18,52.839999999999996,34.10000000000001,28.560000000000002,-2.960000000000001,23.600000000000023,29.24000000000001,32.23999999999998,44.43999999999997,68.82000000000002,54.139999999999986,18.5,16.38000000000001,7.579999999999998,6.480000000000018,8.219999999999999,5.579999999999998,-0.28000000000000114,-1.5600000000000023,22.2,22.1,66.22,0.04,22.14,22.69,34.0,34.0,34.0,34.0,34.0,34.0,34.0,34.0,34.0,34.0,34.0,34.0,34.0,33.86,34.0,34.0,34.0,34.0,34.0,34.0,34.0,34.0,34.0,100.84,160.1,69.41999999999999,49.1,51.08,108.17999999999999,92.34,108.46000000000001,55.379999999999995,89.96000000000001,104.9,117.88,146.2,202.44,171.38,103.3,103.24000000000001,113.44000000000001,115.60000000000002,100.94,103.08,64.42,64.14,22.2,22.2,50.04,0.13,22.2,22.39,34.0,34.0,34.0,34.0,34.0,34.0,34.0,34.0,34.0,34.0,34.0,34.0,34.0,34.0,34.0,34.0,34.0,34.0,34.0,34.0,34.0,34.0,34.0,77.48,78.12,20.94,42.89999999999999,44.9,55.339999999999996,58.239999999999995,79.9,58.339999999999996,66.35999999999999,75.66,85.64000000000001,101.76000000000002,133.61999999999998,117.24000000000001,84.8,86.86,105.86000000000001,109.12,92.72,97.5,64.7,65.7,13.499156829679595,6.620338983050847,6.878817846628748,22.14,22.2,-0.05999999999999872,5.853288364249577,1.7745762711864408,4.078712093063136,22.14,22.2,-0.05999999999999872,4.139966273187184,3.6355932203389822,0.504373052848202,22.14,22.2,-0.05999999999999872,4.306913996627319,3.8050847457627115,0.5018292508646076,22.14,22.2,-0.05999999999999872,9.12141652613828,4.689830508474576,4.431586017663704,22.14,22.2,-0.05999999999999872,7.7858347386172015,4.9355932203389825,2.850241518278219,22.14,22.2,-0.05999999999999872,9.145025295109614,6.771186440677966,2.3738388544316473,22.14,22.2,-0.05999999999999872,4.669477234401349,4.9440677966101685,-0.27459056220881983,22.14,22.199999999999996,-0.05999999999999517,7.5851602023608775,5.62372881355932,1.9614313888015573,22.14,22.2,-0.05999999999999872,8.844856661045531,6.41186440677966,2.432992254265871,22.14,22.2,-0.05999999999999872,9.93929173693086,7.257627118644068,2.681664618286792,22.14,22.2,-0.05999999999999872,12.327150084317031,8.623728813559323,3.7034212707577083,22.14,22.2,-0.05999999999999872,17.273037542662117,11.323728813559319,5.949308729102798,22.14,22.2,-0.05999999999999872,14.450252951096122,9.935593220338983,4.514659730757138,22.14,22.2,-0.05999999999999872,8.709949409780776,7.186440677966101,1.5235087318146752,22.14,22.2,-0.05999999999999872,8.704890387858349,7.361016949152542,1.343873438705807,22.14,22.2,-0.05999999999999872,9.564924114671165,8.971186440677966,0.5937376739931981,22.14,22.2,-0.05999999999999872,9.747048903878586,9.247457627118644,0.49959127675994175,22.14,22.2,-0.05999999999999872,8.510961214165262,7.857627118644067,0.6533340955211946,22.14,22.2,-0.05999999999999872,8.691399662731872,8.262711864406779,0.4286877983250932,22.14,22.199999999999996,-0.05999999999999517,5.431703204047218,5.483050847457627,-0.051347643410409205,22.14,22.2,-0.05999999999999872,5.408094435075886,5.567796610169491,-0.15970217509360563,22.14,22.2,-0.05999999999999872
9,Standing fan (Sunbeam),Level4,225.0,150.0,22,TskControl34,2025-02-21 20:08:53,2025-02-21_ID0_NoPCS_Ta22_TskControl34.csv,2025-02-21_ID9_Standing fan (Sunbeam)_Level4_Angle225_Distance150_Ta22_TskControl34.csv,34.61999999999999,85.95999999999998,19.599999999999998,17.74000000000001,3.8400000000000034,59.52000000000002,28.38000000000001,20.14,13.280000000000008,46.84000000000002,9.040000000000006,68.98000000000002,74.29999999999998,72.9,97.95999999999998,79.8,59.46000000000002,30.25999999999999,18.060000000000016,19.30000000000001,10.179999999999993,0.7199999999999989,-3.740000000000002,22.3,22.2,68.39,0.0,22.2,22.86,33.8,34.0,34.0,34.0,34.0,34.0,34.0,34.0,34.0,34.0,34.0,34.0,34.0,29.939999999999998,31.360000000000003,34.0,34.0,34.0,34.0,34.0,34.0,34.0,34.0,112.1,164.07999999999998,40.54,60.64,48.74,114.86000000000001,86.62,100.04,71.62,113.2,84.7,154.62000000000003,176.06,206.51999999999998,215.2,164.6,146.32000000000002,136.12,127.18000000000002,112.02000000000001,107.67999999999999,65.42,61.96,22.2,22.2,50.04,0.13,22.2,22.39,34.0,34.0,34.0,34.0,34.0,34.0,34.0,34.0,34.0,34.0,34.0,34.0,34.0,34.0,34.0,34.0,34.0,34.0,34.0,34.0,34.0,34.0,34.0,77.48,78.12,20.94,42.89999999999999,44.9,55.339999999999996,58.239999999999995,79.9,58.339999999999996,66.35999999999999,75.66,85.64000000000001,101.76000000000002,133.61999999999998,117.24000000000001,84.8,86.86,105.86000000000001,109.12,92.72,97.5,64.7,65.7,13.905084745762709,6.620338983050847,7.284745762711862,22.2,22.2,0.0,3.435593220338983,1.7745762711864408,1.6610169491525422,22.2,22.2,0.0,5.138983050847457,3.6355932203389822,1.5033898305084752,22.2,22.2,0.0,4.1305084745762715,3.8050847457627115,0.32542372881355996,22.200000000000003,22.2,3.552713678800501e-15,9.733898305084747,4.689830508474576,5.044067796610171,22.2,22.2,0.0,7.340677966101695,4.9355932203389825,2.4050847457627125,22.2,22.2,0.0,8.477966101694916,6.771186440677966,1.7067796610169497,22.200000000000003,22.2,3.552713678800501e-15,6.069491525423729,4.9440677966101685,1.1254237288135602,22.2,22.199999999999996,3.552713678800501e-15,9.59322033898305,5.62372881355932,3.96949152542373,22.2,22.2,0.0,7.177966101694915,6.41186440677966,0.766101694915255,22.2,22.2,0.0,13.103389830508476,7.257627118644068,5.845762711864408,22.2,22.2,0.0,14.920338983050847,8.623728813559323,6.296610169491524,22.2,22.2,0.0,26.682170542635664,11.323728813559319,15.358441729076345,22.2,22.2,0.0,23.49344978165938,9.935593220338983,13.557856561320396,22.2,22.2,0.0,13.94915254237288,7.186440677966101,6.762711864406779,22.2,22.2,0.0,12.4,7.361016949152542,5.038983050847459,22.2,22.2,0.0,11.535593220338983,8.971186440677966,2.5644067796610166,22.2,22.2,0.0,10.777966101694917,9.247457627118644,1.5305084745762727,22.2,22.2,0.0,9.49322033898305,7.857627118644067,1.6355932203389836,22.2,22.2,0.0,9.125423728813558,8.262711864406779,0.8627118644067799,22.2,22.199999999999996,3.552713678800501e-15,5.544067796610169,5.483050847457627,0.061016949152541855,22.2,22.2,0.0,5.250847457627119,5.567796610169491,-0.31694915254237266,22.2,22.2,0.0
9,Standing fan (Sunbeam),Level3,225.0,150.0,22,TskControl34,2025-02-21 19:02:18,2025-02-21_ID0_NoPCS_Ta22_TskControl34.csv,2025-02-21_ID9_Standing fan (Sunbeam)_Level3_Angle225_Distance150_Ta22_TskControl34.csv,33.39999999999999,78.75999999999996,20.380000000000006,17.540000000000006,3.3800000000000026,58.48000000000001,26.86,18.819999999999993,12.440000000000005,42.900000000000006,9.040000000000006,67.55999999999997,69.32,71.78000000000003,96.9,77.48,58.38000000000001,29.579999999999984,16.039999999999992,17.80000000000001,8.579999999999998,0.9400000000000119,2.700000000000003,22.2,22.4,57.44,0.1,22.3,22.56,33.9,34.0,34.0,34.0,34.0,34.0,34.0,34.0,34.0,34.0,34.0,34.0,34.0,30.98,32.3,34.0,34.0,34.0,34.0,34.0,34.0,34.0,34.0,110.88,156.87999999999997,41.32000000000001,60.44,48.28,113.82000000000001,85.1,98.72,70.78,109.25999999999999,84.7,153.2,171.08,205.4,214.14000000000001,162.28,145.24,135.44,125.16,110.52000000000001,106.08,65.64000000000001,68.4,22.2,22.2,50.04,0.13,22.2,22.39,34.0,34.0,34.0,34.0,34.0,34.0,34.0,34.0,34.0,34.0,34.0,34.0,34.0,34.0,34.0,34.0,34.0,34.0,34.0,34.0,34.0,34.0,34.0,77.48,78.12,20.94,42.89999999999999,44.9,55.339999999999996,58.239999999999995,79.9,58.339999999999996,66.35999999999999,75.66,85.64000000000001,101.76000000000002,133.61999999999998,117.24000000000001,84.8,86.86,105.86000000000001,109.12,92.72,97.5,64.7,65.7,13.408547008547007,6.620338983050847,6.78820802549616,22.3,22.2,0.10000000000000142,3.5316239316239324,1.7745762711864408,1.7570476604374916,22.3,22.2,0.10000000000000142,5.165811965811966,3.6355932203389822,1.5302187454729839,22.3,22.2,0.10000000000000142,4.126495726495727,3.8050847457627115,0.32141098073301544,22.3,22.2,0.10000000000000142,9.72820512820513,4.689830508474576,5.038374619730553,22.3,22.2,0.10000000000000142,7.273504273504273,4.9355932203389825,2.337911053165291,22.3,22.2,0.10000000000000142,8.437606837606838,6.771186440677966,1.6664203969288716,22.3,22.2,0.10000000000000142,6.04957264957265,4.9440677966101685,1.1055048529624818,22.3,22.199999999999996,0.10000000000000497,9.338461538461539,5.62372881355932,3.714732724902219,22.300000000000004,22.2,0.10000000000000497,7.23931623931624,6.41186440677966,0.8274518325365801,22.3,22.2,0.10000000000000142,13.094017094017094,7.257627118644068,5.8363899753730255,22.3,22.2,0.10000000000000142,14.622222222222224,8.623728813559323,5.998493408662901,22.3,22.2,0.10000000000000142,23.663594470046085,11.323728813559319,12.339865656486767,22.3,22.2,0.10000000000000142,21.41400000000001,9.935593220338983,11.478406779661025,22.3,22.2,0.10000000000000142,13.87008547008547,7.186440677966101,6.683644792119369,22.3,22.2,0.10000000000000142,12.413675213675216,7.361016949152542,5.052658264522674,22.3,22.2,0.10000000000000142,11.576068376068376,8.971186440677966,2.6048819353904094,22.3,22.2,0.10000000000000142,10.697435897435899,9.247457627118644,1.4499782703172546,22.3,22.2,0.10000000000000142,9.446153846153848,7.857627118644067,1.5885267275097812,22.3,22.2,0.10000000000000142,9.066666666666666,8.262711864406779,0.8039548022598879,22.3,22.199999999999996,0.10000000000000497,5.610256410256412,5.483050847457627,0.12720556279878448,22.3,22.2,0.10000000000000142,5.846153846153847,5.567796610169491,0.27835723598435536,22.3,22.2,0.10000000000000142
9,Standing fan (Sunbeam),Level1,225.0,150.0,22,TskControl34,2025-02-21 18:48:38,2025-02-21_ID0_NoPCS_Ta22_TskControl34.csv,2025-02-21_ID9_Standing fan (Sunbeam)_Level1_Angle225_Distance150_Ta22_TskControl34.csv,17.179999999999993,43.879999999999995,8.559999999999999,11.240000000000009,-1.6000000000000014,34.48000000000001,11.90000000000002,8.939999999999998,2.420000000000009,27.30000000000001,1.1000000000000085,36.599999999999994,47.379999999999995,69.28000000000003,76.11999999999998,48.58,30.760000000000005,7.519999999999982,-9.38000000000001,4.040000000000006,-1.6599999999999966,-1.1600000000000037,-3.0600000000000023,22.1,22.2,55.94,0.06,22.16,22.42,34.0,34.0,34.0,34.0,34.0,34.0,34.0,34.0,34.0,34.0,34.0,34.0,34.0,33.52,34.0,34.0,34.0,34.0,34.0,34.0,34.0,34.0,34.0,94.66,122.0,29.5,54.14,43.3,89.82000000000001,70.14000000000001,88.84,60.760000000000005,93.66,76.76,122.24000000000001,149.14000000000001,202.9,193.35999999999999,133.38,117.62,113.38,99.74,96.76,95.84,63.54,62.64,22.2,22.2,50.04,0.13,22.2,22.39,34.0,34.0,34.0,34.0,34.0,34.0,34.0,34.0,34.0,34.0,34.0,34.0,34.0,34.0,34.0,34.0,34.0,34.0,34.0,34.0,34.0,34.0,34.0,77.48,78.12,20.94,42.89999999999999,44.9,55.339999999999996,58.239999999999995,79.9,58.339999999999996,66.35999999999999,75.66,85.64000000000001,101.76000000000002,133.61999999999998,117.24000000000001,84.8,86.86,105.86000000000001,109.12,92.72,97.5,64.7,65.7,10.304054054054054,6.620338983050847,3.683715071003207,22.16,22.2,-0.03999999999999915,2.491554054054054,1.7745762711864408,0.7169777828676132,22.16,22.2,-0.03999999999999915,4.572635135135135,3.6355932203389822,0.9370419147961528,22.16,22.2,-0.03999999999999915,3.6570945945945943,3.8050847457627115,-0.1479901511681172,22.16,22.2,-0.03999999999999915,7.586148648648649,4.689830508474576,2.896318140174073,22.16,22.2,-0.03999999999999915,5.923986486486488,4.9355932203389825,0.9883932661475052,22.16,22.2,-0.03999999999999915,7.503378378378379,6.771186440677966,0.7321919377004127,22.16,22.2,-0.03999999999999915,5.131756756756757,4.9440677966101685,0.18768896014658853,22.16,22.199999999999996,-0.039999999999995595,7.910472972972973,5.62372881355932,2.2867441594136526,22.16,22.2,-0.03999999999999915,6.483108108108109,6.41186440677966,0.0712437013284486,22.16,22.2,-0.03999999999999915,10.324324324324325,7.257627118644068,3.0666972056802564,22.16,22.2,-0.03999999999999915,12.596283783783786,8.623728813559323,3.972554970224463,22.16,22.2,-0.03999999999999915,17.86091549295774,11.323728813559319,6.537186679398422,22.159999999999997,22.2,-0.0400000000000027,16.33108108108108,9.935593220338983,6.395487860742097,22.16,22.2,-0.03999999999999915,11.265202702702702,7.186440677966101,4.0787620247366005,22.16,22.2,-0.03999999999999915,9.934121621621623,7.361016949152542,2.573104672469081,22.16,22.2,-0.03999999999999915,9.576013513513514,8.971186440677966,0.6048270728355476,22.160000000000004,22.2,-0.039999999999995595,8.423986486486486,9.247457627118644,-0.823471140632158,22.16,22.2,-0.03999999999999915,8.172297297297298,7.857627118644067,0.3146701786532313,22.16,22.2,-0.03999999999999915,8.094594594594595,8.262711864406779,-0.16811726981218378,22.16,22.199999999999996,-0.039999999999995595,5.366554054054054,5.483050847457627,-0.11649679340357277,22.16,22.2,-0.03999999999999915,5.29054054054054,5.567796610169491,-0.277256069628951,22.16,22.2,-0.03999999999999915
9,Standing fan (Sunbeam),Level1,270.0,150.0,22,TskControl34,2025-02-21 17:16:23,2025-02-21_ID0_NoPCS_Ta22_TskControl34.csv,2025-02-21_ID9_Standing fan (Sunbeam)_Level1_Angle270_Distance150_Ta22_TskControl34.csv,9.960000000000008,40.43999999999998,25.220000000000002,1.2600000000000122,0.3999999999999986,30.96,19.299999999999997,10.019999999999996,-3.1599999999999895,14.940000000000012,16.959999999999994,25.139999999999986,25.879999999999995,36.78000000000003,24.25999999999999,7.640000000000001,9.260000000000005,-10.400000000000006,-11.120000000000005,-0.7999999999999972,0.9399999999999835,-2.0200000000000102,-1.4200000000000017,22.1,22.1,51.35,0.08,22.1,22.32,34.0,34.0,34.0,34.0,34.0,34.0,34.0,34.0,34.0,34.0,34.0,34.0,34.0,34.0,34.0,34.0,34.0,34.0,34.0,34.0,34.0,34.0,34.0,87.44000000000001,118.55999999999999,46.160000000000004,44.160000000000004,45.3,86.3,77.53999999999999,89.92,55.18000000000001,81.3,92.61999999999999,110.78,127.64000000000001,170.4,141.5,92.44,96.12,95.46000000000001,98.0,91.92,98.43999999999998,62.67999999999999,64.28,22.2,22.2,50.04,0.13,22.2,22.39,34.0,34.0,34.0,34.0,34.0,34.0,34.0,34.0,34.0,34.0,34.0,34.0,34.0,34.0,34.0,34.0,34.0,34.0,34.0,34.0,34.0,34.0,34.0,77.48,78.12,20.94,42.89999999999999,44.9,55.339999999999996,58.239999999999995,79.9,58.339999999999996,66.35999999999999,75.66,85.64000000000001,101.76000000000002,133.61999999999998,117.24000000000001,84.8,86.86,105.86000000000001,109.12,92.72,97.5,64.7,65.7,9.963025210084034,6.620338983050847,3.3426862270331865,22.1,22.2,-0.09999999999999787,3.8789915966386563,1.7745762711864408,2.1044153254522158,22.1,22.2,-0.09999999999999787,3.7109243697478997,3.6355932203389822,0.0753311494089175,22.1,22.2,-0.09999999999999787,3.8067226890756305,3.8050847457627115,0.001637943312918999,22.1,22.2,-0.09999999999999787,7.252100840336135,4.689830508474576,2.5622703318615594,22.1,22.2,-0.09999999999999787,6.515966386554622,4.9355932203389825,1.5803731662156393,22.1,22.2,-0.09999999999999787,7.556302521008404,6.771186440677966,0.7851160803304378,22.1,22.2,-0.09999999999999787,4.636974789915968,4.9440677966101685,-0.3070930066942008,22.1,22.199999999999996,-0.09999999999999432,6.831932773109244,5.62372881355932,1.208203959549924,22.1,22.2,-0.09999999999999787,7.783193277310924,6.41186440677966,1.371328870531264,22.1,22.2,-0.09999999999999787,9.309243697478992,7.257627118644068,2.051616578834924,22.1,22.2,-0.09999999999999787,10.72605042016807,8.623728813559323,2.102321606608747,22.1,22.2,-0.09999999999999787,14.31932773109244,11.323728813559319,2.995598917533121,22.1,22.2,-0.09999999999999787,11.89075630252101,9.935593220338983,1.9551630821820272,22.1,22.2,-0.09999999999999787,7.768067226890757,7.186440677966101,0.5816265489246559,22.1,22.2,-0.09999999999999787,8.07731092436975,7.361016949152542,0.7162939752172077,22.1,22.2,-0.09999999999999787,8.0218487394958,8.971186440677966,-0.9493377011821664,22.1,22.2,-0.09999999999999787,8.23529411764706,9.247457627118644,-1.0121635094715842,22.1,22.2,-0.09999999999999787,7.724369747899161,7.857627118644067,-0.1332573707449063,22.1,22.2,-0.09999999999999787,8.272268907563024,8.262711864406779,0.009557043156245726,22.1,22.199999999999996,-0.09999999999999432,5.2672268907563025,5.483050847457627,-0.2158239567013247,22.1,22.2,-0.09999999999999787,5.401680672268908,5.567796610169491,-0.16611593790058343,22.1,22.2,-0.09999999999999787
9,Standing fan (Sunbeam),Level3,180.0,150.0,25,TskControl34,2025-05-02 15:03:00,2025-02-05_ID0_NoPCS_Ta25_TskControl34.csv,2025-02-05_ID9_Standing fan (Sunbeam)_Level3_Angle180_Distance150_Ta25_TskControl34.csv,20.460000000000022,62.24000000000001,5.240000000000002,14.899999999999999,5.400000000000006,33.04,17.279999999999994,7.400000000000006,2.8599999999999994,40.26,12.04,63.61999999999999,67.12,107.30000000000001,121.34,38.53999999999999,13.180000000000021,8.379999999999995,-4.480000000000004,-5.8999999999999915,-7.3799999999999955,-2.8399999999999963,-3.920000000000009,,,,,,,34.0,34.0,34.0,34.0,34.0,34.0,34.0,34.0,34.0,34.0,34.0,34.0,34.0,33.81999999999999,34.0,34.0,34.0,34.0,34.0,34.0,34.0,34.0,34.0,79.14000000000001,115.16000000000001,23.28,47.92,43.50000000000001,74.28,61.339999999999996,69.28,50.78,89.67999999999999,68.88,124.43999999999998,136.06,203.02,205.74,101.92,87.86000000000001,83.72,75.53999999999999,67.02000000000001,68.84,46.74,44.779999999999994,25.4,25.4,52.23,0.1,25.4,25.68,34.0,34.0,34.0,34.0,34.0,34.0,34.0,34.0,34.0,34.0,34.0,34.0,34.0,34.0,34.0,34.0,34.0,34.0,34.0,34.0,34.0,34.0,34.0,58.67999999999999,52.92,18.04,33.02,38.1,41.24,44.06,61.879999999999995,47.92,49.419999999999995,56.839999999999996,60.81999999999999,68.94,95.72,84.4,63.38000000000001,74.67999999999999,75.34,80.02,72.92,76.22,49.58,48.7,,6.1534883720930225,,,25.4,,,2.0976744186046505,,,25.4,,,3.8395348837209298,,,25.4,,,4.430232558139535,,,25.4,,,4.795348837209302,,,25.4,,,5.123255813953488,,,25.4,,,7.1953488372093,,,25.4,,,5.572093023255813,,,25.4,,,5.746511627906975,,,25.4,,,6.609302325581393,,,25.4,,,7.072093023255812,,,25.4,,,8.01627906976744,,,25.4,,,11.130232558139532,,,25.4,,,9.813953488372093,,,25.4,,,7.369767441860465,,,25.4,,,8.683720930232555,,,25.4,,,8.760465116279068,,,25.4,,,9.304651162790696,,,25.4,,,8.479069767441858,,,25.4,,,8.862790697674416,,,25.4,,,5.765116279069766,,,25.4,,,5.662790697674418,,,25.4,
9,Standing fan (Sunbeam),Level1,270.0,150.0,25,TskControl34,2025-02-05 11:50:51,2025-02-05_ID0_NoPCS_Ta25_TskControl34.csv,2025-02-05_ID9_Standing fan (Sunbeam)_Level1_Angle270_Distance150_Ta25_TskControl34.csv,7.799999999999997,37.280000000000015,23.680000000000007,0.1599999999999966,-2.3200000000000003,27.819999999999986,18.339999999999996,5.97999999999999,-9.759999999999998,17.380000000000003,7.740000000000002,20.92,16.86,33.44,17.679999999999993,8.379999999999981,-4.700000000000003,-1.5800000000000125,-2.6400000000000006,-3.280000000000001,-1.579999999999984,-2.259999999999991,-1.0,25.3,25.3,52.2,0.14,25.3,25.58,34.0,34.0,34.0,34.0,34.0,34.0,34.0,34.0,34.0,34.0,34.0,34.0,34.0,34.0,34.0,34.0,34.0,34.0,34.0,34.0,34.0,34.0,34.0,66.47999999999999,90.20000000000002,41.720000000000006,33.18,35.78,69.05999999999999,62.4,67.85999999999999,38.160000000000004,66.8,64.58,81.74,85.8,129.16,102.08,71.75999999999999,69.97999999999999,73.75999999999999,77.38,69.64,74.64000000000001,47.32000000000001,47.7,25.4,25.4,52.23,0.1,25.4,25.68,34.0,34.0,34.0,34.0,34.0,34.0,34.0,34.0,34.0,34.0,34.0,34.0,34.0,34.0,34.0,34.0,34.0,34.0,34.0,34.0,34.0,34.0,34.0,58.67999999999999,52.92,18.04,33.02,38.1,41.24,44.06,61.879999999999995,47.92,49.419999999999995,56.839999999999996,60.81999999999999,68.94,95.72,84.4,63.38000000000001,74.67999999999999,75.34,80.02,72.92,76.22,49.58,48.7,10.367816091954026,6.1534883720930225,4.214327719861004,25.3,25.4,-0.09999999999999787,4.795402298850576,2.0976744186046505,2.697727880245925,25.3,25.4,-0.09999999999999787,3.813793103448276,3.8395348837209298,-0.025741780272653614,25.3,25.4,-0.09999999999999787,4.11264367816092,4.430232558139535,-0.31758887997861507,25.3,25.4,-0.09999999999999787,7.937931034482758,4.795348837209302,3.1425821972734562,25.3,25.4,-0.09999999999999787,7.172413793103448,5.123255813953488,2.0491579791499603,25.3,25.4,-0.09999999999999787,7.799999999999999,7.1953488372093,0.6046511627906987,25.3,25.4,-0.09999999999999787,4.386206896551725,5.572093023255813,-1.185886126704088,25.3,25.4,-0.09999999999999787,7.67816091954023,5.746511627906975,1.9316492916332546,25.3,25.4,-0.09999999999999787,7.422988505747127,6.609302325581393,0.8136861801657336,25.3,25.4,-0.09999999999999787,9.395402298850575,7.072093023255812,2.323309275594763,25.3,25.4,-0.09999999999999787,9.862068965517242,8.01627906976744,1.8457898957498013,25.3,25.4,-0.09999999999999787,14.845977011494254,11.130232558139532,3.7157444533547217,25.3,25.4,-0.09999999999999787,11.733333333333334,9.813953488372093,1.9193798449612416,25.3,25.4,-0.09999999999999787,8.248275862068965,7.369767441860465,0.8785084202085001,25.3,25.4,-0.09999999999999787,8.043678160919539,8.683720930232555,-0.6400427693130162,25.3,25.4,-0.09999999999999787,8.47816091954023,8.760465116279068,-0.28230419673883844,25.3,25.4,-0.09999999999999787,8.894252873563218,9.304651162790696,-0.41039828922747823,25.3,25.4,-0.09999999999999787,8.004597701149425,8.479069767441858,-0.4744720662924333,25.299999999999997,25.4,-0.10000000000000142,8.579310344827588,8.862790697674416,-0.28348035284682815,25.3,25.4,-0.09999999999999787,5.439080459770116,5.765116279069766,-0.3260358192996504,25.3,25.4,-0.09999999999999787,5.482758620689656,5.662790697674418,-0.1800320769847623,25.3,25.4,-0.09999999999999787
9,Standing fan (Sunbeam),Level1,225.0,150.0,25,TskControl34,2025-02-05 13:29:51,2025-02-05_ID0_NoPCS_Ta25_TskControl34.csv,2025-02-05_ID9_Standing fan (Sunbeam)_Level1_Angle225_Distance150_Ta25_TskControl34.csv,12.340000000000018,38.239999999999995,11.260000000000002,8.419999999999995,-2.0799999999999983,24.919999999999995,8.059999999999988,3.280000000000001,-4.159999999999997,26.580000000000005,3.1600000000000037,35.02000000000001,31.180000000000007,62.52000000000001,64.67999999999998,35.86,11.980000000000004,6.3799999999999955,-4.179999999999993,-2.760000000000005,-7.799999999999997,-1.8999999999999986,-4.079999999999998,24.9,25.1,53.8,0.09,25.0,25.33,34.0,34.0,34.0,34.0,34.0,34.0,34.0,34.0,34.0,34.0,34.0,34.0,34.0,34.0,34.0,34.0,34.0,34.0,34.0,34.0,34.0,34.0,34.0,71.02000000000001,91.16,29.3,41.44,36.02,66.16,52.11999999999999,65.16,43.760000000000005,76.0,60.0,95.84,100.12,158.24,149.07999999999998,99.24000000000001,86.66,81.72,75.84,70.16,68.42,47.68,44.620000000000005,25.4,25.4,52.23,0.1,25.4,25.68,34.0,34.0,34.0,34.0,34.0,34.0,34.0,34.0,34.0,34.0,34.0,34.0,34.0,34.0,34.0,34.0,34.0,34.0,34.0,34.0,34.0,34.0,34.0,58.67999999999999,52.92,18.04,33.02,38.1,41.24,44.06,61.879999999999995,47.92,49.419999999999995,56.839999999999996,60.81999999999999,68.94,95.72,84.4,63.38000000000001,74.67999999999999,75.34,80.02,72.92,76.22,49.58,48.7,10.128888888888888,6.1534883720930225,3.9754005167958653,25.0,25.4,-0.3999999999999986,3.2555555555555555,2.0976744186046505,1.157881136950905,25.0,25.4,-0.3999999999999986,4.604444444444444,3.8395348837209298,0.7649095607235141,25.0,25.4,-0.3999999999999986,4.002222222222223,4.430232558139535,-0.4280103359173122,25.0,25.4,-0.3999999999999986,7.351111111111111,4.795348837209302,2.5557622739018093,25.0,25.4,-0.3999999999999986,5.79111111111111,5.123255813953488,0.6678552971576224,25.0,25.4,-0.3999999999999986,7.239999999999999,7.1953488372093,0.04465116279069914,25.0,25.4,-0.3999999999999986,4.862222222222223,5.572093023255813,-0.7098708010335901,25.0,25.4,-0.3999999999999986,8.444444444444445,5.746511627906975,2.6979328165374694,25.0,25.4,-0.3999999999999986,6.666666666666667,6.609302325581393,0.05736434108527355,25.0,25.4,-0.3999999999999986,10.648888888888889,7.072093023255812,3.576795865633077,25.0,25.4,-0.3999999999999986,11.124444444444444,8.01627906976744,3.1081653746770037,25.0,25.4,-0.3999999999999986,17.582222222222224,11.130232558139532,6.451989664082692,25.0,25.4,-0.3999999999999986,16.564444444444444,9.813953488372093,6.750490956072351,25.0,25.4,-0.3999999999999986,11.026666666666667,7.369767441860465,3.656899224806202,25.0,25.4,-0.3999999999999986,9.628888888888888,8.683720930232555,0.9451679586563326,25.0,25.4,-0.3999999999999986,9.08,8.760465116279068,0.319534883720932,25.0,25.4,-0.3999999999999986,8.426666666666668,9.304651162790696,-0.8779844961240286,25.0,25.4,-0.3999999999999986,7.795555555555556,8.479069767441858,-0.6835142118863029,25.0,25.4,-0.3999999999999986,7.602222222222222,8.862790697674416,-1.2605684754521942,25.0,25.4,-0.3999999999999986,5.297777777777778,5.765116279069766,-0.4673385012919882,25.0,25.4,-0.3999999999999986,4.957777777777778,5.662790697674418,-0.7050129198966397,25.0,25.4,-0.3999999999999986
9,Standing fan (Sunbeam),Level1,180.0,150.0,25,TskControl34,2025-02-05 14:53:51,2025-02-05_ID0_NoPCS_Ta25_TskControl34.csv,2025-02-05_ID9_Standing fan (Sunbeam)_Level1_Angle180_Distance150_Ta25_TskControl34.csv,7.3799999999999955,36.19999999999999,4.879999999999999,9.14,2.1000000000000014,18.57999999999999,3.6000000000000014,-1.2199999999999918,-3.8200000000000003,26.839999999999996,-4.100000000000001,39.10000000000001,40.31999999999999,54.73999999999998,63.339999999999975,13.979999999999976,-4.019999999999996,-7.540000000000006,-13.780000000000015,-5.0,-9.779999999999987,-2.8000000000000043,-4.000000000000007,25.0,25.2,53.83,0.09,25.1,25.43,34.0,34.0,34.0,34.0,34.0,34.0,34.0,34.0,34.0,34.0,34.0,34.0,34.0,34.0,34.0,34.0,34.0,34.0,34.0,34.0,34.0,34.0,34.0,66.05999999999999,89.11999999999999,22.919999999999998,42.160000000000004,40.2,59.81999999999999,47.660000000000004,60.660000000000004,44.1,76.25999999999999,52.739999999999995,99.92,109.25999999999999,150.45999999999998,147.73999999999998,77.35999999999999,70.66,67.8,66.23999999999998,67.92,66.44000000000001,46.779999999999994,44.699999999999996,25.4,25.4,52.23,0.1,25.4,25.68,34.0,34.0,34.0,34.0,34.0,34.0,34.0,34.0,34.0,34.0,34.0,34.0,34.0,34.0,34.0,34.0,34.0,34.0,34.0,34.0,34.0,34.0,34.0,58.67999999999999,52.92,18.04,33.02,38.1,41.24,44.06,61.879999999999995,47.92,49.419999999999995,56.839999999999996,60.81999999999999,68.94,95.72,84.4,63.38000000000001,74.67999999999999,75.34,80.02,72.92,76.22,49.58,48.7,10.013483146067417,6.1534883720930225,3.8599947739743943,25.1,25.4,-0.29999999999999716,2.5752808988764047,2.0976744186046505,0.4776064802717541,25.1,25.4,-0.29999999999999716,4.737078651685394,3.8395348837209298,0.8975437679644642,25.1,25.4,-0.29999999999999716,4.5168539325842705,4.430232558139535,0.08662137444473572,25.1,25.4,-0.29999999999999716,6.721348314606742,4.795348837209302,1.9259994773974407,25.1,25.4,-0.29999999999999716,5.355056179775282,5.123255813953488,0.23180036582179397,25.1,25.4,-0.29999999999999716,6.815730337078653,7.1953488372093,-0.3796185001306469,25.1,25.4,-0.29999999999999716,4.955056179775282,5.572093023255813,-0.6170368434805313,25.1,25.4,-0.29999999999999716,8.568539325842696,5.746511627906975,2.822027697935721,25.1,25.4,-0.29999999999999716,5.925842696629214,6.609302325581393,-0.6834596289521793,25.1,25.4,-0.29999999999999716,11.226966292134833,7.072093023255812,4.154873268879021,25.1,25.4,-0.29999999999999716,12.276404494382023,8.01627906976744,4.260125424614582,25.1,25.4,-0.29999999999999716,16.90561797752809,11.130232558139532,5.775385419388559,25.1,25.4,-0.29999999999999716,16.6,9.813953488372093,6.786046511627909,25.1,25.4,-0.29999999999999716,8.692134831460674,7.369767441860465,1.3223673896002088,25.1,25.4,-0.29999999999999716,7.93932584269663,8.683720930232555,-0.7443950875359251,25.1,25.4,-0.29999999999999716,7.617977528089889,8.760465116279068,-1.1424875881891792,25.1,25.4,-0.29999999999999716,7.442696629213482,9.304651162790696,-1.8619545335772143,25.1,25.4,-0.29999999999999716,7.631460674157305,8.479069767441858,-0.8476090932845537,25.1,25.4,-0.29999999999999716,7.465168539325846,8.862790697674416,-1.3976221583485708,25.1,25.4,-0.29999999999999716,5.256179775280899,5.765116279069766,-0.5089365037888669,25.1,25.4,-0.29999999999999716,5.02247191011236,5.662790697674418,-0.640318787562058,25.1,25.4,-0.29999999999999716
9,Standing fan (Sunbeam),Level4,225.0,150.0,25,TskControl34,2025-02-05 14:24:51,2025-02-05_ID0_NoPCS_Ta25_TskControl34.csv,2025-02-05_ID9_Standing fan (Sunbeam)_Level4_Angle225_Distance150_Ta25_TskControl34.csv,23.480000000000004,57.880000000000024,16.58,14.659999999999997,0.44000000000000483,37.46,20.86,11.799999999999997,0.8000000000000043,39.92000000000001,6.080000000000005,56.70000000000002,47.480000000000004,107.15999999999997,120.4,50.019999999999996,27.40000000000002,17.78,2.980000000000004,2.700000000000003,-2.0400000000000063,-2.319999999999993,-4.400000000000006,25.1,25.1,53.51,0.12,25.1,25.43,34.0,34.0,34.0,34.0,34.0,34.0,34.0,34.0,34.0,34.0,34.0,34.0,34.0,33.92,34.0,34.0,34.0,34.0,34.0,34.0,34.0,34.0,34.0,82.16,110.80000000000003,34.62,47.68,38.540000000000006,78.7,64.92,73.67999999999999,48.720000000000006,89.34,62.92,117.52000000000001,116.42,202.87999999999997,204.8,113.4,102.08000000000001,93.12,83.0,75.62,74.17999999999999,47.260000000000005,44.3,25.4,25.4,52.23,0.1,25.4,25.68,34.0,34.0,34.0,34.0,34.0,34.0,34.0,34.0,34.0,34.0,34.0,34.0,34.0,34.0,34.0,34.0,34.0,34.0,34.0,34.0,34.0,34.0,34.0,58.67999999999999,52.92,18.04,33.02,38.1,41.24,44.06,61.879999999999995,47.92,49.419999999999995,56.839999999999996,60.81999999999999,68.94,95.72,84.4,63.38000000000001,74.67999999999999,75.34,80.02,72.92,76.22,49.58,48.7,12.449438202247196,6.1534883720930225,6.295949830154173,25.1,25.4,-0.29999999999999716,3.8898876404494387,2.0976744186046505,1.7922132218447882,25.1,25.4,-0.29999999999999716,5.357303370786518,3.8395348837209298,1.517768487065588,25.1,25.4,-0.29999999999999716,4.330337078651687,4.430232558139535,-0.09989547948784772,25.1,25.4,-0.29999999999999716,8.842696629213485,4.795348837209302,4.047347792004183,25.1,25.4,-0.29999999999999716,7.294382022471911,5.123255813953488,2.171126208518423,25.1,25.4,-0.29999999999999716,8.278651685393259,7.1953488372093,1.0833028481839584,25.1,25.4,-0.29999999999999716,5.474157303370788,5.572093023255813,-0.09793571988502503,25.1,25.4,-0.29999999999999716,10.038202247191013,5.746511627906975,4.291690619284037,25.1,25.4,-0.29999999999999716,7.069662921348316,6.609302325581393,0.46036059576692256,25.1,25.4,-0.29999999999999716,13.204494382022474,7.072093023255812,6.132401358766662,25.1,25.4,-0.29999999999999716,13.080898876404497,8.01627906976744,5.064619806637056,25.1,25.4,-0.29999999999999716,23.00226757369614,11.130232558139532,11.872035015556609,25.1,25.4,-0.29999999999999716,23.011235955056186,9.813953488372093,13.197282466684094,25.1,25.4,-0.29999999999999716,12.741573033707867,7.369767441860465,5.371805591847402,25.1,25.4,-0.29999999999999716,11.469662921348318,8.683720930232555,2.785941991115763,25.1,25.4,-0.29999999999999716,10.462921348314609,8.760465116279068,1.7024562320355408,25.1,25.4,-0.29999999999999716,9.325842696629215,9.304651162790696,0.02119153383851824,25.1,25.4,-0.29999999999999716,8.496629213483148,8.479069767441858,0.01755944604128956,25.1,25.4,-0.29999999999999716,8.334831460674158,8.862790697674416,-0.5279592370002586,25.1,25.4,-0.29999999999999716,5.310112359550563,5.765116279069766,-0.4550039195192035,25.1,25.4,-0.29999999999999716,4.977528089887641,5.662790697674418,-0.6852626077867772,25.1,25.4,-0.29999999999999716
9,Standing fan (Sunbeam),Level4,180.0,150.0,25,TskControl34,2025-02-05 15:14:51,2025-02-05_ID0_NoPCS_Ta25_TskControl34.csv,2025-02-05_ID9_Standing fan (Sunbeam)_Level4_Angle180_Distance150_Ta25_TskControl34.csv,21.319999999999993,65.7,5.02,15.14,7.980000000000004,33.9,18.479999999999997,7.260000000000005,5.8799999999999955,41.919999999999995,14.360000000000007,60.94,65.88,107.22,116.51999999999998,40.85999999999997,14.800000000000011,9.439999999999998,-2.6199999999999903,-4.960000000000008,-6.0,-3.9599999999999937,-3.5600000000000023,25.2,25.2,53.19,0.09,25.2,25.52,34.0,34.0,34.0,34.0,34.0,34.0,34.0,34.0,34.0,34.0,34.0,34.0,34.0,33.86,34.0,34.0,34.0,34.0,34.0,34.0,34.0,34.0,34.0,79.99999999999999,118.62,23.06,48.160000000000004,46.080000000000005,75.14,62.54,69.14,53.8,91.33999999999999,71.2,121.75999999999999,134.82,202.94,200.92,104.23999999999998,89.48,84.78,77.4,67.96,70.22,45.620000000000005,45.14,25.4,25.4,52.23,0.1,25.4,25.68,34.0,34.0,34.0,34.0,34.0,34.0,34.0,34.0,34.0,34.0,34.0,34.0,34.0,34.0,34.0,34.0,34.0,34.0,34.0,34.0,34.0,34.0,34.0,58.67999999999999,52.92,18.04,33.02,38.1,41.24,44.06,61.879999999999995,47.92,49.419999999999995,56.839999999999996,60.81999999999999,68.94,95.72,84.4,63.38000000000001,74.67999999999999,75.34,80.02,72.92,76.22,49.58,48.7,13.479545454545454,6.1534883720930225,7.326057082452431,25.2,25.4,-0.1999999999999993,2.620454545454545,2.0976744186046505,0.5227801268498946,25.2,25.4,-0.1999999999999993,5.472727272727273,3.8395348837209298,1.633192389006343,25.2,25.4,-0.1999999999999993,5.236363636363636,4.430232558139535,0.8061310782241016,25.2,25.4,-0.1999999999999993,8.538636363636362,4.795348837209302,3.7432875264270606,25.2,25.4,-0.1999999999999993,7.1068181818181815,5.123255813953488,1.9835623678646934,25.2,25.4,-0.1999999999999993,7.8568181818181815,7.1953488372093,0.6614693446088813,25.2,25.4,-0.1999999999999993,6.113636363636362,5.572093023255813,0.5415433403805494,25.2,25.4,-0.1999999999999993,10.379545454545452,5.746511627906975,4.633033826638477,25.2,25.4,-0.1999999999999993,8.09090909090909,6.609302325581393,1.4816067653276965,25.2,25.4,-0.1999999999999993,13.836363636363634,7.072093023255812,6.764270613107822,25.2,25.4,-0.1999999999999993,15.320454545454544,8.01627906976744,7.304175475687103,25.2,25.4,-0.1999999999999993,23.434180138568127,11.130232558139532,12.303947580428595,25.2,25.4,-0.1999999999999993,22.83181818181818,9.813953488372093,13.017864693446086,25.2,25.4,-0.1999999999999993,11.845454545454542,7.369767441860465,4.475687103594077,25.2,25.4,-0.1999999999999993,10.168181818181818,8.683720930232555,1.484460887949263,25.2,25.4,-0.1999999999999993,9.634090909090908,8.760465116279068,0.8736257928118398,25.2,25.4,-0.1999999999999993,8.795454545454545,9.304651162790696,-0.5091966173361513,25.2,25.4,-0.1999999999999993,7.722727272727272,8.479069767441858,-0.7563424947145867,25.2,25.4,-0.1999999999999993,7.979545454545454,8.862790697674416,-0.8832452431289628,25.2,25.4,-0.1999999999999993,5.1840909090909095,5.765116279069766,-0.5810253699788568,25.2,25.4,-0.1999999999999993,5.129545454545454,5.662790697674418,-0.533245243128964,25.2,25.4,-0.1999999999999993
9,Standing fan (Sunbeam),Level3,270.0,150.0,25,TskControl34,2025-05-02 12:12:00,2025-02-05_ID0_NoPCS_Ta25_TskControl34.csv,2025-02-05_ID9_Standing fan (Sunbeam)_Level3_Angle270_Distance150_Ta25_TskControl34.csv,18.66000000000001,66.44000000000001,42.68000000000001,6.779999999999994,3.4399999999999977,47.62,33.46000000000001,17.92,-6.259999999999998,27.04,14.619999999999997,37.44000000000001,26.82000000000002,74.38,42.03999999999998,16.69999999999999,-5.97999999999999,12.600000000000009,7.260000000000005,5.219999999999999,1.1400000000000006,-0.519999999999996,-1.0200000000000031,,,,,,,34.0,34.0,34.0,34.0,34.0,34.0,34.0,34.0,34.0,34.0,34.0,34.0,34.0,34.0,34.0,34.0,34.0,34.0,34.0,34.0,34.0,34.0,34.0,77.34,119.36000000000001,60.720000000000006,39.8,41.54,88.86,77.52000000000001,79.8,41.660000000000004,76.46,71.46,98.26,95.76000000000002,170.1,126.43999999999998,80.08,68.7,87.94000000000001,87.28,78.14,77.36,49.06,47.68,25.4,25.4,52.23,0.1,25.4,25.68,34.0,34.0,34.0,34.0,34.0,34.0,34.0,34.0,34.0,34.0,34.0,34.0,34.0,34.0,34.0,34.0,34.0,34.0,34.0,34.0,34.0,34.0,34.0,58.67999999999999,52.92,18.04,33.02,38.1,41.24,44.06,61.879999999999995,47.92,49.419999999999995,56.839999999999996,60.81999999999999,68.94,95.72,84.4,63.38000000000001,74.67999999999999,75.34,80.02,72.92,76.22,49.58,48.7,,6.1534883720930225,,,25.4,,,2.0976744186046505,,,25.4,,,3.8395348837209298,,,25.4,,,4.430232558139535,,,25.4,,,4.795348837209302,,,25.4,,,5.123255813953488,,,25.4,,,7.1953488372093,,,25.4,,,5.572093023255813,,,25.4,,,5.746511627906975,,,25.4,,,6.609302325581393,,,25.4,,,7.072093023255812,,,25.4,,,8.01627906976744,,,25.4,,,11.130232558139532,,,25.4,,,9.813953488372093,,,25.4,,,7.369767441860465,,,25.4,,,8.683720930232555,,,25.4,,,8.760465116279068,,,25.4,,,9.304651162790696,,,25.4,,,8.479069767441858,,,25.4,,,8.862790697674416,,,25.4,,,5.765116279069766,,,25.4,,,5.662790697674418,,,25.4,
9,Standing fan (Sunbeam),Level3,225.0,150.0,25,TskControl34,2025-02-05 14:16:51,2025-02-05_ID0_NoPCS_Ta25_TskControl34.csv,2025-02-05_ID9_Standing fan (Sunbeam)_Level3_Angle225_Distance150_Ta25_TskControl34.csv,23.10000000000001,55.25999999999999,13.16,13.18,1.4399999999999977,35.98,19.08,12.240000000000009,0.5199999999999889,40.21999999999999,7.82,56.499999999999986,49.60000000000001,106.88,117.07999999999998,49.39999999999999,26.960000000000008,17.939999999999998,2.6000000000000085,3.5799999999999983,-1.4799999999999898,-3.240000000000002,-4.539999999999999,25.1,25.1,53.17,0.06,25.1,25.42,34.0,34.0,34.0,34.0,34.0,34.0,34.0,34.0,34.0,34.0,34.0,34.0,34.0,33.96,34.0,34.0,34.0,34.0,34.0,34.0,34.0,34.0,34.0,81.78,108.17999999999999,31.2,46.2,39.54,77.22,63.14,74.12,48.43999999999999,89.63999999999999,64.66,117.31999999999998,118.54,202.6,201.48,112.78,101.64,93.28,82.62,76.5,74.74000000000001,46.339999999999996,44.160000000000004,25.4,25.4,52.23,0.1,25.4,25.68,34.0,34.0,34.0,34.0,34.0,34.0,34.0,34.0,34.0,34.0,34.0,34.0,34.0,34.0,34.0,34.0,34.0,34.0,34.0,34.0,34.0,34.0,34.0,58.67999999999999,52.92,18.04,33.02,38.1,41.24,44.06,61.879999999999995,47.92,49.419999999999995,56.839999999999996,60.81999999999999,68.94,95.72,84.4,63.38000000000001,74.67999999999999,75.34,80.02,72.92,76.22,49.58,48.7,12.155056179775283,6.1534883720930225,6.00156780768226,25.1,25.4,-0.29999999999999716,3.5056179775280905,2.0976744186046505,1.40794355892344,25.1,25.4,-0.29999999999999716,5.191011235955058,3.8395348837209298,1.351476352234128,25.1,25.4,-0.29999999999999716,4.442696629213484,4.430232558139535,0.012464071073948979,25.1,25.4,-0.29999999999999716,8.676404494382023,4.795348837209302,3.8810556571727215,25.1,25.4,-0.29999999999999716,7.094382022471911,5.123255813953488,1.971126208518423,25.1,25.4,-0.29999999999999716,8.328089887640452,7.1953488372093,1.132741050431152,25.1,25.4,-0.29999999999999716,5.442696629213483,5.572093023255813,-0.12939639404233017,25.1,25.4,-0.29999999999999716,10.07191011235955,5.746511627906975,4.325398484452575,25.1,25.4,-0.29999999999999716,7.265168539325844,6.609302325581393,0.6558662137444502,25.1,25.4,-0.29999999999999716,13.182022471910113,7.072093023255812,6.1099294486543005,25.1,25.4,-0.29999999999999716,13.319101123595509,8.01627906976744,5.302822053828068,25.1,25.4,-0.29999999999999716,22.86681715575621,11.130232558139532,11.736584597616677,25.1,25.4,-0.29999999999999716,22.638202247191014,9.813953488372093,12.824248758818921,25.1,25.4,-0.29999999999999716,12.671910112359553,7.369767441860465,5.302142670499088,25.1,25.4,-0.29999999999999716,11.420224719101126,8.683720930232555,2.7365037888685713,25.1,25.4,-0.29999999999999716,10.480898876404495,8.760465116279068,1.7204337601254274,25.1,25.4,-0.29999999999999716,9.283146067415732,9.304651162790696,-0.021505095374964256,25.1,25.4,-0.29999999999999716,8.59550561797753,8.479069767441858,0.11643585053567129,25.1,25.4,-0.29999999999999716,8.397752808988766,8.862790697674416,-0.4650378886856501,25.1,25.4,-0.29999999999999716,5.2067415730337085,5.765116279069766,-0.5583747060360578,25.1,25.4,-0.29999999999999716,4.96179775280899,5.662790697674418,-0.700992944865428,25.1,25.4,-0.29999999999999716
9,Standing fan (DeLonghi),Mid,270.0,150.0,25,TskControl34,2025-02-05 16:17:51,2025-02-05_ID0_NoPCS_Ta25_TskControl34.csv,2025-02-05_ID9_Standing fan (DeLonghi)_Mid_Angle270_Distance150_Ta25_TskControl34.csv,7.900000000000006,38.96000000000001,15.739999999999995,1.1799999999999926,-2.9200000000000017,33.940000000000005,22.439999999999998,15.200000000000017,-9.82,18.140000000000008,7.880000000000003,16.220000000000013,17.039999999999992,19.739999999999995,20.39999999999999,4.219999999999985,-3.759999999999991,2.019999999999996,-4.960000000000008,-3.440000000000012,-3.480000000000018,-0.8799999999999955,-2.1199999999999974,25.1,25.3,53.17,0.08,25.21,25.51,34.0,34.0,34.0,34.0,34.0,34.0,34.0,34.0,34.0,34.0,34.0,34.0,34.0,34.0,34.0,34.0,34.0,34.0,34.0,34.0,34.0,34.0,34.0,66.58,91.88000000000001,33.779999999999994,34.199999999999996,35.18,75.18,66.5,77.08000000000001,38.1,67.56,64.72,77.04,85.97999999999999,115.46,104.8,67.6,70.92,77.36,75.05999999999999,69.47999999999999,72.73999999999998,48.7,46.580000000000005,25.4,25.4,52.23,0.1,25.4,25.68,34.0,34.0,34.0,34.0,34.0,34.0,34.0,34.0,34.0,34.0,34.0,34.0,34.0,34.0,34.0,34.0,34.0,34.0,34.0,34.0,34.0,34.0,34.0,58.67999999999999,52.92,18.04,33.02,38.1,41.24,44.06,61.879999999999995,47.92,49.419999999999995,56.839999999999996,60.81999999999999,68.94,95.72,84.4,63.38000000000001,74.67999999999999,75.34,80.02,72.92,76.22,49.58,48.7,10.45278725824801,6.1534883720930225,4.299298886154988,25.21,25.4,-0.18999999999999773,3.843003412969283,2.0976744186046505,1.7453289943646326,25.21,25.4,-0.18999999999999773,3.8907849829351533,3.8395348837209298,0.05125009921422352,25.21,25.4,-0.18999999999999773,4.002275312855518,4.430232558139535,-0.42795724528401635,25.21,25.4,-0.18999999999999773,8.552901023890787,4.795348837209302,3.757552186681485,25.21,25.4,-0.18999999999999773,7.5654152445961325,5.123255813953488,2.4421594306426444,25.21,25.4,-0.18999999999999773,8.769055745164962,7.1953488372093,1.5737069079556623,25.21,25.4,-0.18999999999999773,4.334470989761093,5.572093023255813,-1.2376220334947199,25.21,25.4,-0.18999999999999773,7.686006825938567,5.746511627906975,1.939495198031592,25.21,25.4,-0.18999999999999773,7.3629124004550635,6.609302325581393,0.75361007487367,25.21,25.4,-0.18999999999999773,8.764505119453926,7.072093023255812,1.6924120961981135,25.21,25.4,-0.18999999999999773,9.781569965870307,8.01627906976744,1.7652908961028668,25.21,25.4,-0.18999999999999773,13.1353811149033,11.130232558139532,2.0051485567637677,25.21,25.4,-0.18999999999999773,11.9226393629124,9.813953488372093,2.108685874540308,25.21,25.4,-0.18999999999999773,7.690557451649602,7.369767441860465,0.3207900097891372,25.21,25.4,-0.18999999999999773,8.06825938566553,8.683720930232555,-0.615461544567026,25.21,25.4,-0.18999999999999773,8.800910125142208,8.760465116279068,0.04044500886313962,25.21,25.4,-0.18999999999999773,8.539249146757678,9.304651162790696,-0.7654020160330184,25.21,25.4,-0.18999999999999773,7.904436860068259,8.479069767441858,-0.5746329073735996,25.21,25.4,-0.18999999999999773,8.275312855517631,8.862790697674416,-0.587477842156785,25.21,25.4,-0.18999999999999773,5.540386803185439,5.765116279069766,-0.22472947588432746,25.21,25.4,-0.18999999999999773,5.29920364050057,5.662790697674418,-0.36358705717384776,25.21,25.4,-0.18999999999999773
9,Standing fan (DeLonghi),Low,270.0,150.0,25,TskControl34,2025-05-02 16:59:00,2025-02-05_ID0_NoPCS_Ta25_TskControl34.csv,2025-02-05_ID9_Standing fan (DeLonghi)_Low_Angle270_Distance150_Ta25_TskControl34.csv,4.920000000000009,31.66000000000001,11.14,-1.3200000000000038,-3.6000000000000014,29.300000000000004,20.060000000000002,9.960000000000008,-12.020000000000003,14.339999999999996,5.019999999999996,12.260000000000005,15.680000000000007,11.36,16.860000000000014,1.4199999999999875,-5.560000000000002,-2.5600000000000023,-7.319999999999993,-3.960000000000008,-4.219999999999999,-3.059999999999995,-2.1199999999999974,,,,,,,34.0,34.0,34.0,34.0,34.0,34.0,34.0,34.0,34.0,34.0,34.0,34.0,34.0,34.0,34.0,34.0,34.0,34.0,34.0,34.0,34.0,34.0,34.0,63.6,84.58000000000001,29.18,31.7,34.5,70.54,64.12,71.84,35.9,63.75999999999999,61.85999999999999,73.08,84.62,107.08,101.26000000000002,64.8,69.11999999999999,72.78,72.7,68.96,72.0,46.52,46.580000000000005,25.4,25.4,52.23,0.1,25.4,25.68,34.0,34.0,34.0,34.0,34.0,34.0,34.0,34.0,34.0,34.0,34.0,34.0,34.0,34.0,34.0,34.0,34.0,34.0,34.0,34.0,34.0,34.0,34.0,58.67999999999999,52.92,18.04,33.02,38.1,41.24,44.06,61.879999999999995,47.92,49.419999999999995,56.839999999999996,60.81999999999999,68.94,95.72,84.4,63.38000000000001,74.67999999999999,75.34,80.02,72.92,76.22,49.58,48.7,,6.1534883720930225,,,25.4,,,2.0976744186046505,,,25.4,,,3.8395348837209298,,,25.4,,,4.430232558139535,,,25.4,,,4.795348837209302,,,25.4,,,5.123255813953488,,,25.4,,,7.1953488372093,,,25.4,,,5.572093023255813,,,25.4,,,5.746511627906975,,,25.4,,,6.609302325581393,,,25.4,,,7.072093023255812,,,25.4,,,8.01627906976744,,,25.4,,,11.130232558139532,,,25.4,,,9.813953488372093,,,25.4,,,7.369767441860465,,,25.4,,,8.683720930232555,,,25.4,,,8.760465116279068,,,25.4,,,9.304651162790696,,,25.4,,,8.479069767441858,,,25.4,,,8.862790697674416,,,25.4,,,5.765116279069766,,,25.4,,,5.662790697674418,,,25.4,
9,Standing fan (DeLonghi),High,270.0,150.0,25,TskControl34,2025-02-05 16:48:51,2025-02-05_ID0_NoPCS_Ta25_TskControl34.csv,2025-02-05_ID9_Standing fan (DeLonghi)_High_Angle270_Distance150_Ta25_TskControl34.csv,9.420000000000002,45.2,20.4,1.7999999999999972,-1.3400000000000034,39.45999999999999,28.36,16.92,-9.900000000000006,20.160000000000004,11.040000000000013,13.180000000000007,18.060000000000002,19.060000000000002,21.340000000000003,6.719999999999985,-3.0999999999999943,2.280000000000001,-4.359999999999999,-3.440000000000012,-4.1200000000000045,-2.759999999999991,-2.480000000000004,25.2,25.2,53.54,0.08,25.2,25.54,34.0,34.0,34.0,34.0,34.0,34.0,34.0,34.0,34.0,34.0,34.0,34.0,34.0,34.0,34.0,34.0,34.0,34.0,34.0,34.0,34.0,34.0,34.0,68.1,98.12,38.44,34.82,36.76,80.69999999999999,72.42,78.8,38.019999999999996,69.58,67.88000000000001,74.0,87.0,114.78,105.74000000000001,70.1,71.58,77.62,75.66,69.47999999999999,72.1,46.82000000000001,46.22,25.4,25.4,52.23,0.1,25.4,25.68,34.0,34.0,34.0,34.0,34.0,34.0,34.0,34.0,34.0,34.0,34.0,34.0,34.0,34.0,34.0,34.0,34.0,34.0,34.0,34.0,34.0,34.0,34.0,58.67999999999999,52.92,18.04,33.02,38.1,41.24,44.06,61.879999999999995,47.92,49.419999999999995,56.839999999999996,60.81999999999999,68.94,95.72,84.4,63.38000000000001,74.67999999999999,75.34,80.02,72.92,76.22,49.58,48.7,11.15,6.1534883720930225,4.996511627906978,25.2,25.4,-0.1999999999999993,4.368181818181817,2.0976744186046505,2.2705073995771667,25.2,25.4,-0.1999999999999993,3.9568181818181816,3.8395348837209298,0.1172832980972518,25.2,25.4,-0.1999999999999993,4.177272727272727,4.430232558139535,-0.25295983086680796,25.2,25.4,-0.1999999999999993,9.170454545454543,4.795348837209302,4.375105708245242,25.2,25.4,-0.1999999999999993,8.229545454545454,5.123255813953488,3.1062896405919656,25.2,25.4,-0.1999999999999993,8.954545454545453,7.1953488372093,1.759196617336153,25.2,25.4,-0.1999999999999993,4.320454545454544,5.572093023255813,-1.2516384778012686,25.2,25.4,-0.1999999999999993,7.906818181818181,5.746511627906975,2.160306553911206,25.2,25.4,-0.1999999999999993,7.713636363636364,6.609302325581393,1.1043340380549704,25.2,25.4,-0.1999999999999993,8.409090909090908,7.072093023255812,1.3369978858350962,25.2,25.4,-0.1999999999999993,9.886363636363635,8.01627906976744,1.8700845665961943,25.2,25.4,-0.1999999999999993,13.043181818181818,11.130232558139532,1.9129492600422857,25.2,25.4,-0.1999999999999993,12.01590909090909,9.813953488372093,2.201955602536998,25.2,25.4,-0.1999999999999993,7.96590909090909,7.369767441860465,0.5961416490486249,25.2,25.4,-0.1999999999999993,8.134090909090908,8.683720930232555,-0.5496300211416472,25.2,25.4,-0.1999999999999993,8.820454545454545,8.760465116279068,0.05998942917547723,25.2,25.4,-0.1999999999999993,8.59772727272727,9.304651162790696,-0.7069238900634254,25.2,25.4,-0.1999999999999993,7.895454545454544,8.479069767441858,-0.5836152219873147,25.2,25.4,-0.1999999999999993,8.193181818181817,8.862790697674416,-0.6696088794925998,25.2,25.4,-0.1999999999999993,5.320454545454546,5.765116279069766,-0.4446617336152201,25.2,25.4,-0.1999999999999993,5.252272727272727,5.662790697674418,-0.410517970401691,25.2,25.4,-0.1999999999999993
9,Standing fan (Sunbeam),Level4,270.0,150.0,25,TskControl34,2025-02-05 12:45:51,2025-02-05_ID0_NoPCS_Ta25_TskControl34.csv,2025-02-05_ID9_Standing fan (Sunbeam)_Level4_Angle270_Distance150_Ta25_TskControl34.csv,19.679999999999993,67.78,43.38,7.099999999999994,3.719999999999999,49.26,34.78,19.260000000000005,-5.799999999999997,28.619999999999997,15.759999999999998,36.18000000000001,28.159999999999997,77.25999999999999,43.31999999999999,18.939999999999998,-7.079999999999998,12.459999999999994,11.700000000000003,5.61999999999999,1.8599999999999994,-0.6000000000000014,-0.3400000000000034,25.2,25.3,52.85,0.0,25.3,25.59,34.0,34.0,34.0,34.0,34.0,34.0,34.0,34.0,34.0,34.0,34.0,34.0,34.0,34.0,34.0,34.0,34.0,34.0,34.0,34.0,34.0,34.0,34.0,78.35999999999999,120.7,61.42,40.12,41.82,90.5,78.84,81.14,42.120000000000005,78.03999999999999,72.6,97.0,97.1,172.98,127.72,82.32000000000001,67.6,87.8,91.72,78.53999999999999,78.08,48.98,48.36,25.4,25.4,52.23,0.1,25.4,25.68,34.0,34.0,34.0,34.0,34.0,34.0,34.0,34.0,34.0,34.0,34.0,34.0,34.0,34.0,34.0,34.0,34.0,34.0,34.0,34.0,34.0,34.0,34.0,58.67999999999999,52.92,18.04,33.02,38.1,41.24,44.06,61.879999999999995,47.92,49.419999999999995,56.839999999999996,60.81999999999999,68.94,95.72,84.4,63.38000000000001,74.67999999999999,75.34,80.02,72.92,76.22,49.58,48.7,13.873563218390807,6.1534883720930225,7.720074846297784,25.3,25.4,-0.09999999999999787,7.05977011494253,2.0976744186046505,4.9620956963378795,25.3,25.4,-0.09999999999999787,4.611494252873563,3.8395348837209298,0.7719593691526336,25.3,25.4,-0.09999999999999787,4.806896551724138,4.430232558139535,0.3766639935846037,25.3,25.4,-0.09999999999999787,10.402298850574713,4.795348837209302,5.606950013365411,25.3,25.4,-0.09999999999999787,9.062068965517243,5.123255813953488,3.938813151563755,25.3,25.4,-0.09999999999999787,9.326436781609196,7.1953488372093,2.131087944399896,25.3,25.4,-0.09999999999999787,4.841379310344829,5.572093023255813,-0.7307137129109842,25.3,25.4,-0.09999999999999787,8.970114942528735,5.746511627906975,3.2236033146217595,25.3,25.4,-0.09999999999999787,8.344827586206897,6.609302325581393,1.7355252606255034,25.3,25.4,-0.09999999999999787,11.149425287356323,7.072093023255812,4.0773322641005105,25.3,25.4,-0.09999999999999787,11.160919540229886,8.01627906976744,3.144640470462445,25.3,25.4,-0.09999999999999787,19.882758620689657,11.130232558139532,8.752526062550125,25.3,25.4,-0.09999999999999787,14.680459770114943,9.813953488372093,4.866506281742851,25.3,25.4,-0.09999999999999787,9.462068965517243,7.369767441860465,2.0923015236567784,25.3,25.4,-0.09999999999999787,7.7701149425287355,8.683720930232555,-0.9136059877038196,25.3,25.4,-0.09999999999999787,10.091954022988507,8.760465116279068,1.3314889067094384,25.3,25.4,-0.09999999999999787,10.542528735632185,9.304651162790696,1.237877572841489,25.3,25.4,-0.09999999999999787,9.027586206896551,8.479069767441858,0.5485164394546924,25.3,25.4,-0.09999999999999787,8.974712643678162,8.862790697674416,0.11192194600374528,25.3,25.4,-0.09999999999999787,5.629885057471265,5.765116279069766,-0.13523122159850143,25.3,25.4,-0.09999999999999787,5.558620689655172,5.662790697674418,-0.10417000801924559,25.3,25.4,-0.09999999999999787
9,Standing fan (Sunbeam),Level6,270.0,150.0,25,TskControl34,2025-02-05 12:59:51,2025-02-05_ID0_NoPCS_Ta25_TskControl34.csv,2025-02-05_ID9_Standing fan (Sunbeam)_Level6_Angle270_Distance150_Ta25_TskControl34.csv,32.34,94.03999999999998,65.60000000000002,14.479999999999997,9.299999999999997,72.39999999999998,53.999999999999986,30.400000000000006,-1.1599999999999966,38.96,23.48000000000001,53.80000000000001,41.08000000000001,107.58000000000001,71.69999999999999,34.23999999999997,1.5800000000000267,25.980000000000004,16.560000000000002,17.19999999999999,12.139999999999986,-1.4399999999999977,2.239999999999995,25.2,25.4,53.88,0.14,25.29,25.64,34.0,34.0,34.0,34.0,34.0,34.0,34.0,34.0,34.0,34.0,34.0,34.0,34.0,33.34,34.0,34.0,34.0,34.0,34.0,34.0,34.0,34.0,34.0,91.02,146.95999999999998,83.64000000000001,47.5,47.4,113.63999999999999,98.05999999999999,92.28,46.760000000000005,88.38,80.32000000000001,114.62,110.02000000000001,203.3,156.1,97.61999999999998,76.26000000000002,101.32000000000001,96.58,90.11999999999999,88.35999999999999,48.14,50.94,25.4,25.4,52.23,0.1,25.4,25.68,34.0,34.0,34.0,34.0,34.0,34.0,34.0,34.0,34.0,34.0,34.0,34.0,34.0,34.0,34.0,34.0,34.0,34.0,34.0,34.0,34.0,34.0,34.0,58.67999999999999,52.92,18.04,33.02,38.1,41.24,44.06,61.879999999999995,47.92,49.419999999999995,56.839999999999996,60.81999999999999,68.94,95.72,84.4,63.38000000000001,74.67999999999999,75.34,80.02,72.92,76.22,49.58,48.7,16.872560275545347,6.1534883720930225,10.719071903452324,25.29,25.4,-0.10999999999999943,9.602755453501723,2.0976744186046505,7.5050810348970725,25.29,25.4,-0.10999999999999943,5.453501722158438,3.8395348837209298,1.6139668384375083,25.29,25.4,-0.10999999999999943,5.442020665901262,4.430232558139535,1.0117881077617277,25.29,25.4,-0.10999999999999943,13.047072330654418,4.795348837209302,8.251723493445116,25.29,25.4,-0.10999999999999943,11.25832376578645,5.123255813953488,6.135067951832962,25.29,25.4,-0.10999999999999943,10.594718714121699,7.1953488372093,3.399369876912399,25.29,25.4,-0.10999999999999943,5.368541905855339,5.572093023255813,-0.20355111740047427,25.29,25.4,-0.10999999999999943,10.146957520091847,5.746511627906975,4.400445892184872,25.29,25.4,-0.10999999999999943,9.22158438576349,6.609302325581393,2.612282060182097,25.29,25.4,-0.10999999999999943,13.15958668197474,7.072093023255812,6.087493658718929,25.29,25.4,-0.10999999999999943,12.63145809414466,8.01627906976744,4.61517902437722,25.29,25.4,-0.10999999999999943,25.254658385093155,11.130232558139532,14.124425826953622,25.29,25.4,-0.10999999999999943,17.921928817451203,9.813953488372093,8.10797532907911,25.29,25.4,-0.10999999999999943,11.207807118254875,7.369767441860465,3.83803967639441,25.29,25.4,-0.10999999999999943,8.75545350172216,8.683720930232555,0.07173257148960488,25.29,25.4,-0.10999999999999943,11.632606199770379,8.760465116279068,2.872141083491311,25.29,25.4,-0.10999999999999943,11.088404133180251,9.304651162790696,1.7837529703895552,25.29,25.4,-0.10999999999999943,10.346727898966703,8.479069767441858,1.8676581315248448,25.29,25.4,-0.10999999999999943,10.14466130884041,8.862790697674416,1.2818706111659939,25.29,25.4,-0.10999999999999943,5.526980482204363,5.765116279069766,-0.23813579686540365,25.29,25.4,-0.10999999999999943,5.84845005740528,5.662790697674418,0.18565935973086223,25.29,25.4,-0.10999999999999943
9,Standing fan (Sunbeam),Level6,225.0,150.0,25,TskControl34,2025-02-05 14:36:51,2025-02-05_ID0_NoPCS_Ta25_TskControl34.csv,2025-02-05_ID9_Standing fan (Sunbeam)_Level6_Angle225_Distance150_Ta25_TskControl34.csv,35.84,81.87999999999998,25.660000000000004,18.42000000000001,4.259999999999998,55.1,35.61999999999999,19.799999999999997,6.059999999999995,57.660000000000004,10.500000000000007,77.46000000000001,71.60000000000002,108.46000000000001,129.7,70.31999999999998,44.94000000000001,37.5,20.500000000000014,14.939999999999998,10.519999999999982,-4.960000000000001,-4.200000000000003,25.1,25.1,53.17,0.07,25.1,25.42,33.9,34.0,34.0,34.0,34.0,34.0,34.0,34.0,34.0,34.0,34.0,34.0,34.0,32.36,32.72,34.0,34.0,34.0,34.0,34.0,34.0,34.0,34.0,94.52,134.79999999999998,43.7,51.44000000000001,42.36,96.34,79.67999999999999,81.67999999999999,53.98,107.08,67.34,138.28,140.54000000000002,204.18,214.1,133.7,119.62,112.84,100.52000000000001,87.86,86.73999999999998,44.62,44.5,25.4,25.4,52.23,0.1,25.4,25.68,34.0,34.0,34.0,34.0,34.0,34.0,34.0,34.0,34.0,34.0,34.0,34.0,34.0,34.0,34.0,34.0,34.0,34.0,34.0,34.0,34.0,34.0,34.0,58.67999999999999,52.92,18.04,33.02,38.1,41.24,44.06,61.879999999999995,47.92,49.419999999999995,56.839999999999996,60.81999999999999,68.94,95.72,84.4,63.38000000000001,74.67999999999999,75.34,80.02,72.92,76.22,49.58,48.7,15.146067415730338,6.1534883720930225,8.992579043637315,25.1,25.4,-0.29999999999999716,4.9101123595505625,2.0976744186046505,2.812437940945912,25.1,25.4,-0.29999999999999716,5.779775280898878,3.8395348837209298,1.9402403971779485,25.1,25.4,-0.29999999999999716,4.759550561797753,4.430232558139535,0.3293180036582184,25.1,25.4,-0.29999999999999716,10.824719101123598,4.795348837209302,6.029370263914297,25.1,25.4,-0.29999999999999716,8.952808988764046,5.123255813953488,3.829553174810558,25.1,25.4,-0.29999999999999716,9.177528089887641,7.1953488372093,1.9821792526783408,25.1,25.4,-0.29999999999999716,6.065168539325843,5.572093023255813,0.4930755160700304,25.1,25.4,-0.29999999999999716,12.031460674157305,5.746511627906975,6.28494904625033,25.1,25.4,-0.29999999999999716,7.566292134831462,6.609302325581393,0.9569898092500688,25.1,25.4,-0.29999999999999716,15.537078651685396,7.072093023255812,8.464985628429584,25.1,25.4,-0.29999999999999716,15.791011235955061,8.01627906976744,7.77473216618762,25.1,25.4,-0.29999999999999716,28.12396694214877,11.130232558139532,16.993734384009237,25.1,25.4,-0.29999999999999716,28.0971128608924,9.813953488372093,18.283159372520306,25.1,25.4,-0.29999999999999716,15.02247191011236,7.369767441860465,7.652704468251895,25.1,25.4,-0.29999999999999716,13.44044943820225,8.683720930232555,4.7567285079696955,25.1,25.4,-0.29999999999999716,12.67865168539326,8.760465116279068,3.9181865691141926,25.1,25.4,-0.29999999999999716,11.294382022471913,9.304651162790696,1.9897308596812167,25.1,25.4,-0.29999999999999716,9.871910112359553,8.479069767441858,1.392840344917694,25.1,25.4,-0.29999999999999716,9.746067415730337,8.862790697674416,0.8832767180559209,25.1,25.4,-0.29999999999999716,5.013483146067416,5.765116279069766,-0.7516331330023505,25.1,25.4,-0.29999999999999716,5.000000000000001,5.662790697674418,-0.6627906976744171,25.1,25.4,-0.29999999999999716
9,Standing fan (Sunbeam),Level6,180.0,150.0,25,TskControl34,2025-02-05 15:27:51,2025-02-05_ID0_NoPCS_Ta25_TskControl34.csv,2025-02-05_ID9_Standing fan (Sunbeam)_Level6_Angle180_Distance150_Ta25_TskControl34.csv,34.44000000000001,105.58,17.160000000000004,23.619999999999997,15.620000000000005,52.96,35.72,17.76000000000002,12.700000000000003,59.90000000000001,22.699999999999996,82.98000000000002,92.73999999999998,108.06,129.5,60.979999999999976,35.7,28.139999999999986,11.260000000000005,-2.740000000000009,-2.0400000000000063,-2.999999999999993,-2.5999999999999943,25.3,25.1,53.22,0.09,25.2,25.54,33.9,34.0,34.0,34.0,34.0,34.0,34.0,34.0,34.0,34.0,34.0,34.0,34.0,32.81999999999999,32.86,34.0,34.0,34.0,34.0,34.0,34.0,34.0,34.0,93.12,158.5,35.2,56.64,53.720000000000006,94.2,79.78,79.64000000000001,60.620000000000005,109.32000000000001,79.53999999999999,143.8,161.67999999999998,203.78,213.9,124.35999999999999,110.38,103.47999999999999,91.28,70.17999999999999,74.17999999999999,46.580000000000005,46.10000000000001,25.4,25.4,52.23,0.1,25.4,25.68,34.0,34.0,34.0,34.0,34.0,34.0,34.0,34.0,34.0,34.0,34.0,34.0,34.0,34.0,34.0,34.0,34.0,34.0,34.0,34.0,34.0,34.0,34.0,58.67999999999999,52.92,18.04,33.02,38.1,41.24,44.06,61.879999999999995,47.92,49.419999999999995,56.839999999999996,60.81999999999999,68.94,95.72,84.4,63.38000000000001,74.67999999999999,75.34,80.02,72.92,76.22,49.58,48.7,18.011363636363633,6.1534883720930225,11.85787526427061,25.2,25.4,-0.1999999999999993,4.0,2.0976744186046505,1.9023255813953495,25.2,25.4,-0.1999999999999993,6.436363636363636,3.8395348837209298,2.596828752642706,25.2,25.4,-0.1999999999999993,6.1045454545454545,4.430232558139535,1.6743128964059197,25.2,25.4,-0.1999999999999993,10.704545454545453,4.795348837209302,5.909196617336152,25.2,25.4,-0.1999999999999993,9.06590909090909,5.123255813953488,3.9426532769556015,25.2,25.4,-0.1999999999999993,9.05,7.1953488372093,1.8546511627907005,25.2,25.4,-0.1999999999999993,6.888636363636364,5.572093023255813,1.3165433403805507,25.2,25.4,-0.1999999999999993,12.422727272727272,5.746511627906975,6.676215644820297,25.2,25.4,-0.1999999999999993,9.038636363636362,6.609302325581393,2.429334038054969,25.2,25.4,-0.1999999999999993,16.34090909090909,7.072093023255812,9.268816067653278,25.2,25.4,-0.1999999999999993,18.372727272727268,8.01627906976744,10.356448202959827,25.2,25.4,-0.1999999999999993,26.742782152230994,11.130232558139532,15.612549594091462,25.2,25.4,-0.1999999999999993,27.924281984334204,9.813953488372093,18.11032849596211,25.2,25.4,-0.1999999999999993,14.13181818181818,7.369767441860465,6.762050739957714,25.2,25.4,-0.1999999999999993,12.543181818181816,8.683720930232555,3.859460887949261,25.2,25.4,-0.1999999999999993,11.759090909090906,8.760465116279068,2.998625792811838,25.2,25.4,-0.1999999999999993,10.372727272727271,9.304651162790696,1.068076109936575,25.2,25.4,-0.1999999999999993,7.974999999999999,8.479069767441858,-0.5040697674418597,25.2,25.4,-0.1999999999999993,8.429545454545453,8.862790697674416,-0.4332452431289635,25.2,25.4,-0.1999999999999993,5.293181818181818,5.765116279069766,-0.4719344608879483,25.2,25.4,-0.1999999999999993,5.238636363636364,5.662790697674418,-0.4241543340380538,25.2,25.4,-0.1999999999999993
9,Standing fan (Sunbeam),Level6,225.0,150.0,22,TskControl34,2025-02-21 19:49:48,2025-02-21_ID0_NoPCS_Ta22_TskControl34.csv,2025-02-21_ID9_Standing fan (Sunbeam)_Level6_Angle225_Distance150_Ta22_TskControl34.csv,48.18000000000001,114.71999999999997,35.7,25.700000000000003,10.379999999999995,80.9,41.620000000000005,37.89999999999999,18.600000000000016,68.66000000000003,20.519999999999996,93.29999999999998,104.28,73.56,99.45999999999998,98.50000000000001,74.75999999999998,47.67999999999998,34.78,22.459999999999994,20.58,-1.2800000000000011,-4.240000000000002,22.3,22.3,64.15,0.0,22.3,22.74,33.8,33.779999999999994,34.0,34.0,34.0,34.0,34.0,34.0,34.0,34.0,34.0,34.0,34.0,29.119999999999997,29.78,34.0,34.0,34.0,34.0,34.0,34.0,34.0,34.0,125.66000000000001,192.83999999999997,56.64,68.6,55.279999999999994,136.24,99.86,117.8,76.94000000000001,135.02,96.17999999999999,178.94,206.04000000000002,207.17999999999998,216.7,183.3,161.61999999999998,153.54,143.9,115.17999999999999,118.08,63.42,61.46,22.2,22.2,50.04,0.13,22.2,22.39,34.0,34.0,34.0,34.0,34.0,34.0,34.0,34.0,34.0,34.0,34.0,34.0,34.0,34.0,34.0,34.0,34.0,34.0,34.0,34.0,34.0,34.0,34.0,77.48,78.12,20.94,42.89999999999999,44.9,55.339999999999996,58.239999999999995,79.9,58.339999999999996,66.35999999999999,75.66,85.64000000000001,101.76000000000002,133.61999999999998,117.24000000000001,84.8,86.86,105.86000000000001,109.12,92.72,97.5,64.7,65.7,16.797909407665514,6.620338983050847,10.177570424614668,22.300000000000004,22.2,0.10000000000000497,4.841025641025642,1.7745762711864408,3.0664493698392006,22.3,22.2,0.10000000000000142,5.863247863247863,3.6355932203389822,2.2276546429088806,22.3,22.2,0.10000000000000142,4.724786324786325,3.8050847457627115,0.9197015790236134,22.3,22.2,0.10000000000000142,11.644444444444446,4.689830508474576,6.95461393596987,22.3,22.2,0.10000000000000142,8.535042735042735,4.9355932203389825,3.5994495147037524,22.3,22.2,0.10000000000000142,10.068376068376068,6.771186440677966,3.297189627698102,22.3,22.2,0.10000000000000142,6.576068376068378,4.9440677966101685,1.632000579458209,22.3,22.199999999999996,0.10000000000000497,11.540170940170942,5.62372881355932,5.916442126611622,22.3,22.2,0.10000000000000142,8.22051282051282,6.41186440677966,1.8086484137331595,22.299999999999997,22.2,0.09999999999999787,15.294017094017095,7.257627118644068,8.036389975373027,22.3,22.2,0.10000000000000142,17.61025641025641,8.623728813559323,8.986527596697089,22.299999999999997,22.2,0.09999999999999787,30.378299120234615,11.323728813559319,19.054570306675295,22.3,22.2,0.10000000000000142,28.970588235294116,9.935593220338983,19.034995014955133,22.3,22.2,0.10000000000000142,15.666666666666668,7.186440677966101,8.480225988700568,22.3,22.2,0.10000000000000142,13.813675213675213,7.361016949152542,6.452658264522671,22.3,22.2,0.10000000000000142,13.123076923076923,8.971186440677966,4.151890482398956,22.3,22.2,0.10000000000000142,12.2991452991453,9.247457627118644,3.051687672026656,22.3,22.2,0.10000000000000142,9.844444444444445,7.857627118644067,1.986817325800378,22.3,22.2,0.10000000000000142,10.092307692307692,8.262711864406779,1.8295958279009135,22.299999999999997,22.199999999999996,0.10000000000000142,5.420512820512821,5.483050847457627,-0.06253802694480637,22.3,22.2,0.10000000000000142,5.252991452991453,5.567796610169491,-0.31480515717803836,22.299999999999997,22.2,0.09999999999999787
9,Standing fan (Sunbeam),Level1,180.0,150.0,22,TskControl34,2025-02-22 16:00:14,2025-02-22_ID0_NoPCS_Ta22_TskControl34.csv,2025-02-22_ID9_Standing fan (Sunbeam)_Level1_Angle180_Distance150_Ta22_TskControl34.csv,11.539999999999978,43.08000000000003,6.9999999999999964,18.180000000000007,10.280000000000001,27.480000000000004,6.119999999999997,3.999999999999986,10.199999999999989,27.299999999999997,4.0600000000000165,39.48000000000002,49.22000000000001,45.80000000000001,64.94,18.840000000000003,7.099999999999994,-13.019999999999982,-15.899999999999991,-2.0200000000000102,-4.379999999999981,0.5999999999999943,-3.019999999999996,22.3,22.2,75.69,0.02,22.23,22.98,34.0,34.0,34.0,34.0,34.0,34.0,34.0,34.0,34.0,34.0,34.0,34.0,34.0,34.0,34.0,34.0,34.0,34.0,34.0,34.0,34.0,34.0,34.0,88.73999999999998,119.82000000000001,29.439999999999998,60.96,55.7,82.22,65.2,84.52,68.02,94.5,80.92,123.96000000000001,149.54000000000002,176.0,178.32,102.5,94.24000000000001,92.24000000000001,91.82000000000001,89.46,91.94000000000001,66.92,63.260000000000005,22.1,21.9,67.05,0.12,22.0,22.6,34.0,34.0,34.0,34.0,34.0,34.0,34.0,34.0,34.0,34.0,34.0,34.0,34.0,34.0,34.0,34.0,34.0,34.0,34.0,34.0,34.0,34.0,34.0,77.2,76.73999999999998,22.44,42.779999999999994,45.42,54.739999999999995,59.080000000000005,80.52000000000001,57.82000000000001,67.2,76.85999999999999,84.47999999999999,100.32000000000001,130.2,113.38,83.66,87.14000000000001,105.25999999999999,107.72,91.48,96.32,66.32000000000001,66.28,10.180118946474087,6.394999999999999,3.785118946474088,22.229999999999997,22.0,0.22999999999999687,2.501274426508071,1.87,0.631274426508071,22.23,22.0,0.23000000000000043,5.1792693288020395,3.5649999999999995,1.61426932880204,22.23,22.0,0.23000000000000043,4.732370433305013,3.785,0.9473704333050126,22.229999999999997,22.0,0.22999999999999687,6.985556499575192,4.5616666666666665,2.423889832908525,22.23,22.0,0.23000000000000043,5.539507221750213,4.923333333333334,0.6161738884168795,22.23,22.0,0.23000000000000043,7.180968564146134,6.710000000000001,0.4709685641461334,22.23,22.0,0.23000000000000043,5.77909940526763,4.818333333333334,0.9607660719342954,22.23,22.0,0.23000000000000043,8.028887000849618,5.6000000000000005,2.4288870008496177,22.23,22.0,0.23000000000000043,6.875106202209007,6.4049999999999985,0.4701062022090081,22.23,22.0,0.23000000000000043,10.531860662701785,7.039999999999999,3.491860662701786,22.23,22.0,0.23000000000000043,12.705182667799493,8.360000000000001,4.345182667799492,22.23,22.0,0.23000000000000043,14.953271028037383,10.85,4.103271028037383,22.23,22.0,0.23000000000000043,15.150382327952421,9.448333333333332,5.702048994619089,22.23,22.0,0.23000000000000043,8.70858113848768,6.971666666666667,1.7369144718210139,22.23,22.0,0.23000000000000043,8.00679694137638,7.261666666666668,0.7451302747097133,22.229999999999997,22.0,0.22999999999999687,7.836873406966866,8.771666666666667,-0.9347932596998003,22.23,22.0,0.23000000000000043,7.801189464740868,8.976666666666667,-1.1754772019257986,22.23,22.0,0.23000000000000043,7.6006796941376376,7.623333333333334,-0.022653639195696407,22.23,22.0,0.23000000000000043,7.811384876805439,8.026666666666666,-0.21528178986122626,22.23,22.0,0.23000000000000043,5.685641461342397,5.526666666666667,0.1589747946757294,22.23,22.0,0.23000000000000043,5.374681393372983,5.523333333333333,-0.14865193996035053,22.23,22.0,0.23000000000000043
9,Standing fan (Sunbeam),Level6,180.0,150.0,22,TskControl34,2025-02-22 16:42:14,2025-02-22_ID0_NoPCS_Ta22_TskControl34.csv,2025-02-22_ID9_Standing fan (Sunbeam)_Level6_Angle180_Distance150_Ta22_TskControl34.csv,48.23999999999998,116.94000000000003,40.2,37.14000000000001,37.17999999999999,69.18,40.63999999999999,33.56,30.760000000000005,67.08000000000003,29.400000000000006,104.38,128.18,76.06,102.68,90.47999999999999,70.05999999999997,44.880000000000024,29.920000000000016,5.019999999999996,6.500000000000014,-1.8400000000000176,-2.759999999999998,22.3,22.5,63.74,0.11,22.4,22.83,33.8,32.88000000000001,34.0,34.0,34.0,34.0,34.0,34.0,34.0,34.0,34.0,34.0,34.0,30.04,30.380000000000003,34.0,34.0,34.0,34.0,34.0,34.0,34.0,34.0,125.43999999999998,193.68,62.64,79.92,82.6,123.92,99.72,114.08000000000001,88.58000000000001,134.28000000000003,106.25999999999999,188.85999999999999,228.5,206.26,216.06,174.14,157.2,150.14000000000001,137.64000000000001,96.5,102.82000000000001,64.47999999999999,63.52,22.1,21.9,67.05,0.12,22.0,22.6,34.0,34.0,34.0,34.0,34.0,34.0,34.0,34.0,34.0,34.0,34.0,34.0,34.0,34.0,34.0,34.0,34.0,34.0,34.0,34.0,34.0,34.0,34.0,77.2,76.73999999999998,22.44,42.779999999999994,45.42,54.739999999999995,59.080000000000005,80.52000000000001,57.82000000000001,67.2,76.85999999999999,84.47999999999999,100.32000000000001,130.2,113.38,83.66,87.14000000000001,105.25999999999999,107.72,91.48,96.32,66.32000000000001,66.28,18.48091603053433,6.394999999999999,12.085916030534332,22.4,22.0,0.3999999999999986,5.3999999999999995,1.87,3.5299999999999994,22.4,22.0,0.3999999999999986,6.889655172413792,3.5649999999999995,3.3246551724137925,22.4,22.0,0.3999999999999986,7.120689655172413,3.785,3.3356896551724127,22.4,22.0,0.3999999999999986,10.682758620689654,4.5616666666666665,6.121091954022988,22.4,22.0,0.3999999999999986,8.59655172413793,4.923333333333334,3.673218390804596,22.4,22.0,0.3999999999999986,9.83448275862069,6.710000000000001,3.1244827586206885,22.4,22.0,0.3999999999999986,7.636206896551724,4.818333333333334,2.8178735632183898,22.4,22.0,0.3999999999999986,11.575862068965519,5.6000000000000005,5.975862068965518,22.4,22.0,0.3999999999999986,9.160344827586204,6.4049999999999985,2.755344827586206,22.4,22.0,0.3999999999999986,16.281034482758617,7.039999999999999,9.241034482758618,22.4,22.0,0.3999999999999986,19.698275862068964,8.360000000000001,11.338275862068963,22.4,22.0,0.3999999999999986,26.997382198952877,10.85,16.147382198952876,22.4,22.0,0.3999999999999986,27.075187969924798,9.448333333333332,17.626854636591467,22.4,22.0,0.3999999999999986,15.012068965517239,6.971666666666667,8.040402298850573,22.4,22.0,0.3999999999999986,13.551724137931032,7.261666666666668,6.290057471264364,22.4,22.0,0.3999999999999986,12.943103448275862,8.771666666666667,4.171436781609195,22.4,22.0,0.3999999999999986,11.86551724137931,8.976666666666667,2.8888505747126434,22.4,22.0,0.3999999999999986,8.318965517241379,7.623333333333334,0.695632183908045,22.4,22.0,0.3999999999999986,8.863793103448275,8.026666666666666,0.8371264367816096,22.4,22.0,0.3999999999999986,5.558620689655171,5.526666666666667,0.03195402298850336,22.4,22.0,0.3999999999999986,5.475862068965517,5.523333333333333,-0.047471264367816346,22.4,22.0,0.3999999999999986
9,Standing fan (Sunbeam),Level4,180.0,150.0,22,TskControl34,2025-02-22 16:27:09,2025-02-22_ID0_NoPCS_Ta22_TskControl34.csv,2025-02-22_ID9_Standing fan (Sunbeam)_Level4_Angle180_Distance150_Ta22_TskControl34.csv,32.74000000000001,87.48000000000002,13.340000000000007,28.36000000000002,25.780000000000015,47.980000000000004,22.559999999999995,20.560000000000002,25.539999999999992,45.47999999999999,16.460000000000022,76.26000000000002,96.86,74.74000000000001,101.32,69.76000000000002,46.839999999999975,24.819999999999993,10.879999999999995,-0.5799999999999983,-0.7799999999999869,-2.7800000000000082,-2.440000000000005,22.5,22.2,61.37,0.06,22.33,22.78,33.9,34.0,34.0,34.0,34.0,34.0,34.0,34.0,34.0,34.0,34.0,34.0,34.0,31.419999999999998,31.9,34.0,34.0,34.0,34.0,34.0,34.0,34.0,34.0,109.94000000000001,164.22,35.78000000000001,71.14000000000001,71.20000000000002,102.72,81.64,101.08000000000001,83.36,112.67999999999999,93.32000000000001,160.74,197.18,204.94,214.7,153.42000000000002,133.98,130.07999999999998,118.6,90.9,95.54,63.54,63.839999999999996,22.1,21.9,67.05,0.12,22.0,22.6,34.0,34.0,34.0,34.0,34.0,34.0,34.0,34.0,34.0,34.0,34.0,34.0,34.0,34.0,34.0,34.0,34.0,34.0,34.0,34.0,34.0,34.0,34.0,77.2,76.73999999999998,22.44,42.779999999999994,45.42,54.739999999999995,59.080000000000005,80.52000000000001,57.82000000000001,67.2,76.85999999999999,84.47999999999999,100.32000000000001,130.2,113.38,83.66,87.14000000000001,105.25999999999999,107.72,91.48,96.32,66.32000000000001,66.28,14.071979434447298,6.394999999999999,7.6769794344473,22.33,22.0,0.3299999999999983,3.065981148243359,1.87,1.195981148243359,22.33,22.0,0.3299999999999983,6.095972579263068,3.5649999999999995,2.530972579263069,22.33,22.0,0.3299999999999983,6.101113967437875,3.785,2.3161139674378752,22.33,22.0,0.3299999999999983,8.802056555269921,4.5616666666666665,4.2403898886032545,22.33,22.0,0.3299999999999983,6.995715509854326,4.923333333333334,2.0723821765209927,22.33,22.0,0.3299999999999983,8.66152527849186,6.710000000000001,1.951525278491859,22.33,22.0,0.3299999999999983,7.143101970865466,4.818333333333334,2.3247686375321317,22.33,22.0,0.3299999999999983,9.655526992287916,5.6000000000000005,4.055526992287915,22.33,22.0,0.3299999999999983,7.996572407883462,6.4049999999999985,1.5915724078834632,22.33,22.0,0.3299999999999983,13.773778920308482,7.039999999999999,6.733778920308483,22.33,22.0,0.3299999999999983,16.896315338474718,8.360000000000001,8.536315338474717,22.33,22.0,0.3299999999999983,22.545654565456545,10.85,11.695654565456545,22.33,22.0,0.3299999999999983,22.43469174503657,9.448333333333332,12.986358411703238,22.33,22.0,0.3299999999999983,13.146529562982005,6.971666666666667,6.1748628963153385,22.33,22.0,0.3299999999999983,11.48071979434447,7.261666666666668,4.219053127677802,22.33,22.0,0.3299999999999983,11.146529562982002,8.771666666666667,2.374862896315335,22.33,22.0,0.3299999999999983,10.16281062553556,8.976666666666667,1.1861439588688931,22.33,22.0,0.3299999999999983,7.789203084832904,7.623333333333334,0.16586975149956995,22.33,22.0,0.3299999999999983,8.186803770351327,8.026666666666666,0.1601371036846615,22.33,22.0,0.3299999999999983,5.444730077120822,5.526666666666667,-0.0819365895458457,22.33,22.0,0.3299999999999983,5.470437017994858,5.523333333333333,-0.05289631533847583,22.33,22.0,0.3299999999999983
9,Standing fan (Sunbeam),Level3,180.0,150.0,22,TskControl34,2025-02-22 16:16:54,2025-02-22_ID0_NoPCS_Ta22_TskControl34.csv,2025-02-22_ID9_Standing fan (Sunbeam)_Level3_Angle180_Distance150_Ta22_TskControl34.csv,32.84,86.82000000000002,13.260000000000002,29.06000000000001,27.059999999999988,47.39999999999999,22.21999999999999,21.039999999999992,24.219999999999985,45.260000000000005,16.88000000000001,75.58000000000001,92.75999999999998,74.20000000000002,100.76000000000002,69.24000000000001,48.619999999999976,24.30000000000001,13.0,-0.8800000000000097,0.480000000000004,-2.6200000000000045,-3.1599999999999966,22.3,22.3,52.43,0.05,22.3,22.45,33.9,34.0,34.0,34.0,34.0,34.0,34.0,34.0,34.0,34.0,34.0,34.0,34.0,31.9,32.31999999999999,34.0,34.0,34.0,34.0,34.0,34.0,34.0,34.0,110.04,163.56,35.7,71.84,72.47999999999999,102.13999999999999,81.3,101.56,82.03999999999999,112.46000000000001,93.74,160.06,193.07999999999998,204.4,214.14000000000001,152.9,135.76,129.56,120.72,90.6,96.8,63.7,63.120000000000005,22.1,21.9,67.05,0.12,22.0,22.6,34.0,34.0,34.0,34.0,34.0,34.0,34.0,34.0,34.0,34.0,34.0,34.0,34.0,34.0,34.0,34.0,34.0,34.0,34.0,34.0,34.0,34.0,34.0,77.2,76.73999999999998,22.44,42.779999999999994,45.42,54.739999999999995,59.080000000000005,80.52000000000001,57.82000000000001,67.2,76.85999999999999,84.47999999999999,100.32000000000001,130.2,113.38,83.66,87.14000000000001,105.25999999999999,107.72,91.48,96.32,66.32000000000001,66.28,13.979487179487181,6.394999999999999,7.584487179487183,22.3,22.0,0.3000000000000007,3.0512820512820515,1.87,1.1812820512820514,22.3,22.0,0.3000000000000007,6.140170940170941,3.5649999999999995,2.575170940170941,22.3,22.0,0.3000000000000007,6.194871794871794,3.785,2.409871794871794,22.3,22.0,0.3000000000000007,8.729914529914529,4.5616666666666665,4.168247863247863,22.3,22.0,0.3000000000000007,6.948717948717949,4.923333333333334,2.025384615384615,22.3,22.0,0.3000000000000007,8.680341880341881,6.710000000000001,1.9703418803418806,22.3,22.0,0.3000000000000007,7.011965811965812,4.818333333333334,2.1936324786324777,22.3,22.0,0.3000000000000007,9.611965811965813,5.6000000000000005,4.011965811965813,22.3,22.0,0.3000000000000007,8.011965811965812,6.4049999999999985,1.6069658119658135,22.3,22.0,0.3000000000000007,13.680341880341881,7.039999999999999,6.640341880341882,22.3,22.0,0.3000000000000007,16.5025641025641,8.360000000000001,8.1425641025641,22.299999999999997,22.0,0.29999999999999716,21.29166666666667,10.85,10.441666666666672,22.3,22.0,0.3000000000000007,21.371257485029957,9.448333333333332,11.922924151696625,22.3,22.0,0.3000000000000007,13.06837606837607,6.971666666666667,6.096709401709403,22.3,22.0,0.3000000000000007,11.603418803418803,7.261666666666668,4.3417521367521354,22.3,22.0,0.3000000000000007,11.073504273504275,8.771666666666667,2.3018376068376085,22.3,22.0,0.3000000000000007,10.317948717948719,8.976666666666667,1.341282051282052,22.3,22.0,0.3000000000000007,7.743589743589744,7.623333333333334,0.12025641025640965,22.3,22.0,0.3000000000000007,8.273504273504274,8.026666666666666,0.2468376068376088,22.3,22.0,0.3000000000000007,5.444444444444445,5.526666666666667,-0.08222222222222264,22.3,22.0,0.3000000000000007,5.394871794871795,5.523333333333333,-0.12846153846153818,22.3,22.0,0.3000000000000007
9,Standing fan (Sunbeam),Level6,270.0,150.0,22,TskControl34,2025-02-21 18:24:53,2025-02-21_ID0_NoPCS_Ta22_TskControl34.csv,2025-02-21_ID9_Standing fan (Sunbeam)_Level6_Angle270_Distance150_Ta22_TskControl34.csv,41.30000000000001,115.23999999999998,91.91999999999999,14.500000000000007,13.959999999999994,93.34,59.36,46.44,4.539999999999999,41.400000000000034,38.360000000000014,61.17999999999998,60.559999999999974,71.76000000000005,92.57999999999998,41.0,17.319999999999993,27.559999999999974,21.659999999999997,23.80000000000001,18.119999999999976,5.040000000000006,3.3599999999999994,22.1,22.1,62.07,0.05,22.1,22.57,33.9,33.3,34.0,34.0,34.0,34.0,34.0,34.0,34.0,34.0,34.0,34.0,34.0,30.880000000000003,34.0,34.0,34.0,34.0,34.0,34.0,34.0,34.0,34.0,118.78000000000002,193.35999999999999,112.85999999999999,57.4,58.85999999999999,148.68,117.6,126.34,62.879999999999995,107.76000000000002,114.02000000000001,146.82,162.32,205.38000000000002,209.82,125.8,104.17999999999999,133.42,130.78,116.52000000000001,115.61999999999998,69.74000000000001,69.06,22.2,22.2,50.04,0.13,22.2,22.39,34.0,34.0,34.0,34.0,34.0,34.0,34.0,34.0,34.0,34.0,34.0,34.0,34.0,34.0,34.0,34.0,34.0,34.0,34.0,34.0,34.0,34.0,34.0,77.48,78.12,20.94,42.89999999999999,44.9,55.339999999999996,58.239999999999995,79.9,58.339999999999996,66.35999999999999,75.66,85.64000000000001,101.76000000000002,133.61999999999998,117.24000000000001,84.8,86.86,105.86000000000001,109.12,92.72,97.5,64.7,65.7,17.26428571428572,6.620338983050847,10.643946731234873,22.1,22.2,-0.09999999999999787,9.484033613445378,1.7745762711864408,7.709457342258937,22.1,22.2,-0.09999999999999787,4.8235294117647065,3.6355932203389822,1.1879361914257243,22.1,22.2,-0.09999999999999787,4.946218487394958,3.8050847457627115,1.1411337416322467,22.1,22.2,-0.09999999999999787,12.494117647058825,4.689830508474576,7.804287138584249,22.1,22.2,-0.09999999999999787,9.882352941176471,4.9355932203389825,4.9467597208374885,22.1,22.2,-0.09999999999999787,10.616806722689077,6.771186440677966,3.8456202820111107,22.1,22.2,-0.09999999999999787,5.284033613445378,4.9440677966101685,0.33996581683520954,22.1,22.199999999999996,-0.09999999999999432,9.055462184873953,5.62372881355932,3.4317333713146327,22.1,22.2,-0.09999999999999787,9.581512605042018,6.41186440677966,3.169648198262358,22.1,22.2,-0.09999999999999787,12.33781512605042,7.257627118644068,5.080188007406353,22.1,22.2,-0.09999999999999787,13.640336134453783,8.623728813559323,5.01660732089446,22.1,22.2,-0.09999999999999787,23.391799544419133,11.323728813559319,12.068070730859814,22.1,22.2,-0.09999999999999787,17.631932773109245,9.935593220338983,7.696339552770262,22.1,22.2,-0.09999999999999787,10.571428571428573,7.186440677966101,3.3849878934624718,22.1,22.2,-0.09999999999999787,8.754621848739497,7.361016949152542,1.393604899586955,22.1,22.2,-0.09999999999999787,11.211764705882354,8.971186440677966,2.2405782652043875,22.1,22.2,-0.09999999999999787,10.989915966386556,9.247457627118644,1.7424583392679125,22.1,22.2,-0.09999999999999787,9.791596638655465,7.857627118644067,1.9339695200113978,22.1,22.2,-0.09999999999999787,9.715966386554621,8.262711864406779,1.4532545221478426,22.1,22.199999999999996,-0.09999999999999432,5.860504201680674,5.483050847457627,0.3774533542230465,22.1,22.2,-0.09999999999999787,5.803361344537816,5.567796610169491,0.23556473436832448,22.1,22.2,-0.09999999999999787
10,Standing fan (DeLonghi),Low,180.0,150.0,25,TskControl34,2025-02-07 17:40:54,2025-02-07_ID0_NoPCS_Ta25_TskControl34.csv,2025-02-07_ID10_Standing fan (DeLonghi)_Low_Angle180_Distance150_Ta25_TskControl34.csv,9.480000000000004,39.040000000000006,3.600000000000005,12.54000000000001,3.6400000000000006,19.120000000000005,5.640000000000008,1.4199999999999946,6.739999999999995,27.599999999999987,-0.8999999999999986,35.940000000000005,24.9,44.53999999999999,39.239999999999995,23.18,13.160000000000004,-3.1400000000000006,-6.920000000000016,-3.739999999999995,-9.340000000000003,0.3400000000000034,-2.220000000000006,25.0,25.0,69.36,0.15,25.0,26.12,34.0,34.0,34.0,34.0,34.0,34.0,34.0,34.0,34.0,34.0,34.0,34.0,34.0,34.0,34.0,34.0,34.0,34.0,34.0,34.0,34.0,34.0,34.0,60.0,88.42,21.660000000000004,39.620000000000005,35.36,53.56,44.980000000000004,57.08,36.8,73.53999999999999,54.279999999999994,89.66,87.68,112.8,103.55999999999999,66.28,65.18,66.64,66.91999999999999,63.14,61.3,45.96,44.04,24.9,25.1,71.54,0.08,25.01,26.32,34.0,34.0,34.0,34.0,34.0,34.0,34.0,34.0,34.0,34.0,34.0,34.0,34.0,34.0,34.0,34.0,34.0,34.0,34.0,34.0,34.0,34.0,34.0,50.519999999999996,49.379999999999995,18.06,27.079999999999995,31.72,34.44,39.339999999999996,55.660000000000004,30.060000000000002,45.940000000000005,55.17999999999999,53.71999999999999,62.78000000000001,68.26,64.32,43.1,52.02,69.78,73.84,66.88,70.64,45.62,46.260000000000005,9.824444444444445,5.492769744160179,4.331674700284267,25.0,25.01,-0.010000000000001563,2.406666666666667,2.008898776418243,0.3977678902484243,25.0,25.01,-0.010000000000001563,4.402222222222223,3.012235817575083,1.3899864046471397,25.0,25.01,-0.010000000000001563,3.928888888888889,3.5283648498331486,0.4005240390557403,25.0,25.01,-0.010000000000001563,5.9511111111111115,3.8309232480533932,2.1201878630577182,25.0,25.01,-0.010000000000001563,4.997777777777778,4.3759733036707456,0.6218044741070328,25.0,25.01,-0.010000000000001563,6.342222222222222,6.191323692992215,0.15089852923000713,25.0,25.01,-0.010000000000001563,4.088888888888889,3.343715239154617,0.7451736497342716,25.0,25.01,-0.010000000000001563,8.17111111111111,5.110122358175753,3.0609887529353568,25.0,25.01,-0.010000000000001563,6.031111111111111,6.137931034482759,-0.10681992337164825,25.0,25.01,-0.010000000000001563,9.962222222222222,5.975528364849834,3.986693857372388,25.0,25.01,-0.010000000000001563,9.742222222222223,6.983314794215797,2.7589074280064256,25.0,25.01,-0.010000000000001563,12.533333333333333,7.5928809788654075,4.940452354467926,25.0,25.01,-0.010000000000001563,11.506666666666666,7.1546162402669635,4.352050426399702,25.0,25.01,-0.010000000000001563,7.364444444444445,4.794215795328143,2.5702286491163013,25.0,25.01,-0.010000000000001563,7.242222222222223,5.7864293659621815,1.4557928562600413,25.0,25.01,-0.010000000000001563,7.404444444444445,7.761957730812015,-0.3575132863675705,25.0,25.01,-0.010000000000001563,7.435555555555554,8.213570634037822,-0.7780150784822677,25.0,25.01,-0.010000000000001563,7.015555555555555,7.439377085650724,-0.4238215300951689,25.0,25.01,-0.010000000000001563,6.811111111111111,7.857619577308122,-1.046508466197011,25.0,25.01,-0.010000000000001563,5.1066666666666665,5.074527252502781,0.03213941416388533,25.0,25.01,-0.010000000000001563,4.8933333333333335,5.145717463848722,-0.2523841305153889,25.0,25.01,-0.010000000000001563
10,Standing fan (DeLonghi),Mid,225.0,150.0,25,TskControl34,2025-02-07 17:12:54,2025-02-07_ID0_NoPCS_Ta25_TskControl34.csv,2025-02-07_ID10_Standing fan (DeLonghi)_Mid_Angle225_Distance150_Ta25_TskControl34.csv,8.280000000000001,54.099999999999994,18.160000000000007,9.080000000000009,3.4200000000000017,25.92,12.820000000000007,-3.1400000000000006,1.6599999999999966,20.12000000000001,3.220000000000006,5.500000000000014,13.359999999999992,15.560000000000002,28.960000000000008,7.899999999999999,6.939999999999998,-2.3599999999999994,-3.5,1.1200000000000045,-0.6799999999999926,1.7199999999999989,-0.3400000000000034,25.1,25.1,69.38,0.03,25.1,26.15,34.0,34.0,34.0,34.0,34.0,34.0,34.0,34.0,34.0,34.0,34.0,34.0,34.0,34.0,34.0,34.0,34.0,34.0,34.0,34.0,34.0,34.0,34.0,58.8,103.47999999999999,36.220000000000006,36.160000000000004,35.14,60.36,52.160000000000004,52.52,31.72,66.06000000000002,58.4,59.220000000000006,76.14,83.82000000000001,93.28,51.0,58.96,67.42,70.34,68.0,69.96000000000001,47.339999999999996,45.92,24.9,25.1,71.54,0.08,25.01,26.32,34.0,34.0,34.0,34.0,34.0,34.0,34.0,34.0,34.0,34.0,34.0,34.0,34.0,34.0,34.0,34.0,34.0,34.0,34.0,34.0,34.0,34.0,34.0,50.519999999999996,49.379999999999995,18.06,27.079999999999995,31.72,34.44,39.339999999999996,55.660000000000004,30.060000000000002,45.940000000000005,55.17999999999999,53.71999999999999,62.78000000000001,68.26,64.32,43.1,52.02,69.78,73.84,66.88,70.64,45.62,46.260000000000005,11.626966292134831,5.492769744160179,6.1341965479746525,25.1,25.01,0.08999999999999986,4.069662921348316,2.008898776418243,2.060764144930073,25.1,25.01,0.08999999999999986,4.062921348314608,3.012235817575083,1.0506855307395244,25.1,25.01,0.08999999999999986,3.9483146067415738,3.5283648498331486,0.4199497569084252,25.1,25.01,0.08999999999999986,6.782022471910113,3.8309232480533932,2.95109922385672,25.1,25.01,0.08999999999999986,5.8606741573033725,4.3759733036707456,1.484700853632627,25.1,25.01,0.08999999999999986,5.901123595505619,6.191323692992215,-0.29020009748659614,25.1,25.01,0.08999999999999986,3.564044943820225,3.343715239154617,0.22032970466560808,25.1,25.01,0.08999999999999986,7.422471910112362,5.110122358175753,2.3123495519366095,25.1,25.01,0.08999999999999986,6.56179775280899,6.137931034482759,0.4238667183262308,25.1,25.01,0.08999999999999986,6.653932584269665,5.975528364849834,0.6784042194198312,25.1,25.01,0.08999999999999986,8.555056179775283,6.983314794215797,1.571741385559486,25.1,25.01,0.08999999999999986,9.41797752808989,7.5928809788654075,1.825096549224483,25.1,25.01,0.08999999999999986,10.480898876404495,7.1546162402669635,3.326282636137532,25.1,25.01,0.08999999999999986,5.7303370786516865,4.794215795328143,0.9361212833235433,25.1,25.01,0.08999999999999986,6.624719101123596,5.7864293659621815,0.8382897351614149,25.1,25.01,0.08999999999999986,7.5752808988764055,7.761957730812015,-0.18667683193560958,25.1,25.01,0.08999999999999986,7.903370786516856,8.213570634037822,-0.3101998475209662,25.1,25.01,0.08999999999999986,7.640449438202248,7.439377085650724,0.2010723525515239,25.1,25.01,0.08999999999999986,7.860674157303373,7.857619577308122,0.003054579995251494,25.1,25.01,0.08999999999999986,5.319101123595506,5.074527252502781,0.244573871092725,25.1,25.01,0.08999999999999986,5.1595505617977535,5.145717463848722,0.013833097949031092,25.1,25.01,0.08999999999999986
10,Standing fan (DeLonghi),Low,270.0,150.0,22,TskControl34,2025-02-22 17:17:04,2025-02-22_ID0_NoPCS_Ta22_TskControl34.csv,2025-02-22_ID10_Standing fan (DeLonghi)_Low_Angle270_Distance150_Ta22_TskControl34.csv,6.339999999999989,43.44000000000001,14.02,0.720000000000006,-1.240000000000002,32.32000000000002,20.240000000000002,6.099999999999994,-3.140000000000015,14.61999999999999,8.500000000000014,18.320000000000007,14.5,29.880000000000024,16.47999999999999,-0.980000000000004,-0.660000000000025,-8.459999999999994,-11.860000000000014,-2.1200000000000188,-3.09999999999998,-2.5,-3.0200000000000102,22.4,22.3,63.35,0.0,22.3,22.73,34.0,34.0,34.0,34.0,34.0,34.0,34.0,34.0,34.0,34.0,34.0,34.0,34.0,34.0,34.0,34.0,34.0,34.0,34.0,34.0,34.0,34.0,34.0,83.53999999999999,120.17999999999999,36.46,43.5,44.18,87.06000000000002,79.32000000000001,86.62,54.67999999999999,81.82,85.36,102.8,114.82000000000001,160.08,129.85999999999999,82.67999999999999,86.47999999999999,96.8,95.85999999999999,89.35999999999999,93.22000000000001,63.82000000000001,63.25999999999999,22.1,21.9,67.05,0.12,22.0,22.6,34.0,34.0,34.0,34.0,34.0,34.0,34.0,34.0,34.0,34.0,34.0,34.0,34.0,34.0,34.0,34.0,34.0,34.0,34.0,34.0,34.0,34.0,34.0,77.2,76.73999999999998,22.44,42.779999999999994,45.42,54.739999999999995,59.080000000000005,80.52000000000001,57.82000000000001,67.2,76.85999999999999,84.47999999999999,100.32000000000001,130.2,113.38,83.66,87.14000000000001,105.25999999999999,107.72,91.48,96.32,66.32000000000001,66.28,10.271794871794873,6.394999999999999,3.876794871794874,22.300000000000004,22.0,0.30000000000000426,3.1162393162393167,1.87,1.2462393162393166,22.3,22.0,0.3000000000000007,3.717948717948718,3.5649999999999995,0.15294871794871856,22.3,22.0,0.3000000000000007,3.7760683760683764,3.785,-0.008931623931623722,22.3,22.0,0.3000000000000007,7.441025641025643,4.5616666666666665,2.8793589743589765,22.3,22.0,0.3000000000000007,6.77948717948718,4.923333333333334,1.8561538461538465,22.3,22.0,0.3000000000000007,7.403418803418805,6.710000000000001,0.6934188034188038,22.3,22.0,0.3000000000000007,4.673504273504273,4.818333333333334,-0.14482905982906136,22.3,22.0,0.3000000000000007,6.993162393162393,5.6000000000000005,1.3931623931623927,22.3,22.0,0.3000000000000007,7.2957264957264965,6.4049999999999985,0.890726495726498,22.3,22.0,0.3000000000000007,8.786324786324787,7.039999999999999,1.746324786324788,22.3,22.0,0.3000000000000007,9.813675213675214,8.360000000000001,1.4536752136752131,22.3,22.0,0.3000000000000007,13.682051282051283,10.85,2.8320512820512835,22.3,22.0,0.3000000000000007,11.099145299145299,9.448333333333332,1.6508119658119664,22.3,22.0,0.3000000000000007,7.066666666666666,6.971666666666667,0.09499999999999975,22.3,22.0,0.3000000000000007,7.391452991452991,7.261666666666668,0.12978632478632335,22.3,22.0,0.3000000000000007,8.273504273504274,8.771666666666667,-0.4981623931623922,22.3,22.0,0.3000000000000007,8.193162393162392,8.976666666666667,-0.7835042735042741,22.3,22.0,0.3000000000000007,7.637606837606837,7.623333333333334,0.014273504273503157,22.3,22.0,0.3000000000000007,7.967521367521369,8.026666666666666,-0.05914529914529609,22.3,22.0,0.3000000000000007,5.454700854700856,5.526666666666667,-0.07196581196581153,22.3,22.0,0.3000000000000007,5.406837606837606,5.523333333333333,-0.11649572649572715,22.3,22.0,0.3000000000000007
10,Standing fan (DeLonghi),High,225.0,150.0,22,TskControl34,2025-02-22 18:27:09,2025-02-22_ID0_NoPCS_Ta22_TskControl34.csv,2025-02-22_ID10_Standing fan (DeLonghi)_High_Angle225_Distance150_Ta22_TskControl34.csv,18.679999999999993,45.660000000000025,7.980000000000004,16.92000000000001,0.9799999999999969,39.980000000000004,11.599999999999987,12.840000000000003,3.8399999999999963,40.760000000000005,3.3600000000000136,66.34,48.75999999999998,73.80000000000001,78.86000000000001,53.03999999999999,20.73999999999998,1.240000000000009,-7.719999999999985,0.23999999999999488,-7.019999999999996,-3.4000000000000057,-6.579999999999998,22.4,22.3,65.42,0.06,22.34,22.89,34.0,34.0,34.0,34.0,34.0,34.0,34.0,34.0,34.0,34.0,34.0,34.0,34.0,32.440000000000005,34.0,34.0,34.0,34.0,34.0,34.0,34.0,34.0,34.0,95.88,122.4,30.420000000000005,59.7,46.4,94.72,70.67999999999999,93.36000000000001,61.660000000000004,107.96000000000001,80.22,150.82,149.07999999999998,204.0,192.24,136.7,107.88,106.5,100.00000000000001,91.72,89.3,62.92,59.7,22.1,21.9,67.05,0.12,22.0,22.6,34.0,34.0,34.0,34.0,34.0,34.0,34.0,34.0,34.0,34.0,34.0,34.0,34.0,34.0,34.0,34.0,34.0,34.0,34.0,34.0,34.0,34.0,34.0,77.2,76.73999999999998,22.44,42.779999999999994,45.42,54.739999999999995,59.080000000000005,80.52000000000001,57.82000000000001,67.2,76.85999999999999,84.47999999999999,100.32000000000001,130.2,113.38,83.66,87.14000000000001,105.25999999999999,107.72,91.48,96.32,66.32000000000001,66.28,10.497427101200687,6.394999999999999,4.102427101200688,22.34,22.0,0.33999999999999986,2.6089193825042885,1.87,0.7389193825042883,22.34,22.0,0.33999999999999986,5.1200686106346485,3.5649999999999995,1.555068610634649,22.34,22.0,0.33999999999999986,3.9794168096054885,3.785,0.19441680960548835,22.34,22.0,0.33999999999999986,8.123499142367066,4.5616666666666665,3.5618324757004,22.34,22.0,0.33999999999999986,6.061749571183532,4.923333333333334,1.1384162378501985,22.34,22.0,0.33999999999999986,8.006861063464838,6.710000000000001,1.2968610634648368,22.34,22.0,0.33999999999999986,5.288164665523157,4.818333333333334,0.4698313321898224,22.34,22.0,0.33999999999999986,9.2590051457976,5.6000000000000005,3.6590051457975994,22.340000000000003,22.0,0.3400000000000034,6.8799313893653515,6.4049999999999985,0.47493138936535306,22.34,22.0,0.33999999999999986,12.934819897084047,7.039999999999999,5.894819897084048,22.34,22.0,0.33999999999999986,12.78559176672384,8.360000000000001,4.425591766723839,22.34,22.0,0.33999999999999986,20.198019801980188,10.85,9.348019801980188,22.34,22.0,0.33999999999999986,16.48713550600343,9.448333333333332,7.038802172670097,22.339999999999996,22.0,0.3399999999999963,11.723842195540307,6.971666666666667,4.75217552887364,22.34,22.0,0.33999999999999986,9.25214408233276,7.261666666666668,1.990477415666093,22.34,22.0,0.33999999999999986,9.133790737564322,8.771666666666667,0.3621240708976554,22.34,22.0,0.33999999999999986,8.576329331046313,8.976666666666667,-0.40033733562035323,22.34,22.0,0.33999999999999986,7.866209262435677,7.623333333333334,0.24287592910234324,22.34,22.0,0.33999999999999986,7.658662092624357,8.026666666666666,-0.3680045740423088,22.34,22.0,0.33999999999999986,5.39622641509434,5.526666666666667,-0.13044025157232753,22.34,22.0,0.33999999999999986,5.1200686106346485,5.523333333333333,-0.40326472269868496,22.34,22.0,0.33999999999999986
10,Standing fan (DeLonghi),High,180.0,150.0,22,TskControl34,2025-02-22 19:58:14,2025-02-22_ID0_NoPCS_Ta22_TskControl34.csv,2025-02-22_ID10_Standing fan (DeLonghi)_High_Angle180_Distance150_Ta22_TskControl34.csv,20.599999999999994,70.90000000000003,10.66,24.000000000000007,17.519999999999996,38.02000000000001,13.919999999999995,8.159999999999982,10.899999999999991,42.44000000000001,6.52000000000001,67.82000000000002,57.55999999999999,72.28000000000003,59.10000000000002,45.18000000000001,26.23999999999998,5.6200000000000045,-11.719999999999999,-2.260000000000005,-5.640000000000001,-0.980000000000004,-4.900000000000006,22.3,22.4,65.4,0.06,22.36,22.87,34.0,34.0,34.0,34.0,34.0,34.0,34.0,34.0,34.0,34.0,34.0,34.0,34.0,33.88,34.0,34.0,34.0,34.0,34.0,34.0,34.0,34.0,34.0,97.8,147.64000000000001,33.1,66.78,62.94,92.76,73.0,88.67999999999999,68.72,109.64000000000001,83.38,152.3,157.88,202.48000000000002,172.48000000000002,128.84,113.38,110.88,96.0,89.22,90.67999999999999,65.34,61.379999999999995,22.1,21.9,67.05,0.12,22.0,22.6,34.0,34.0,34.0,34.0,34.0,34.0,34.0,34.0,34.0,34.0,34.0,34.0,34.0,34.0,34.0,34.0,34.0,34.0,34.0,34.0,34.0,34.0,34.0,77.2,76.73999999999998,22.44,42.779999999999994,45.42,54.739999999999995,59.080000000000005,80.52000000000001,57.82000000000001,67.2,76.85999999999999,84.47999999999999,100.32000000000001,130.2,113.38,83.66,87.14000000000001,105.25999999999999,107.72,91.48,96.32,66.32000000000001,66.28,12.68384879725086,6.394999999999999,6.2888487972508615,22.36,22.0,0.35999999999999943,2.843642611683849,1.87,0.9736426116838488,22.36,22.0,0.35999999999999943,5.737113402061856,3.5649999999999995,2.172113402061856,22.36,22.0,0.35999999999999943,5.40721649484536,3.785,1.6222164948453601,22.36,22.0,0.35999999999999943,7.969072164948454,4.5616666666666665,3.407405498281787,22.36,22.0,0.35999999999999943,6.2714776632302405,4.923333333333334,1.3481443298969067,22.36,22.0,0.35999999999999943,7.6185567010309265,6.710000000000001,0.9085567010309257,22.36,22.0,0.35999999999999943,5.903780068728522,4.818333333333334,1.0854467353951875,22.36,22.0,0.35999999999999943,9.419243986254296,5.6000000000000005,3.8192439862542953,22.36,22.0,0.35999999999999943,7.163230240549828,6.4049999999999985,0.7582302405498291,22.36,22.0,0.35999999999999943,13.084192439862543,7.039999999999999,6.0441924398625435,22.36,22.0,0.35999999999999943,13.563573883161512,8.360000000000001,5.203573883161511,22.36,22.0,0.35999999999999943,17.576388888888886,10.85,6.726388888888886,22.36,22.0,0.35999999999999943,14.81786941580756,9.448333333333332,5.369536082474228,22.36,22.0,0.35999999999999943,11.06872852233677,6.971666666666667,4.097061855670103,22.36,22.0,0.35999999999999943,9.740549828178693,7.261666666666668,2.4788831615120257,22.36,22.0,0.35999999999999943,9.525773195876289,8.771666666666667,0.7541065292096221,22.36,22.0,0.35999999999999943,8.24742268041237,8.976666666666667,-0.7292439862542963,22.36,22.0,0.35999999999999943,7.664948453608247,7.623333333333334,0.041615120274912876,22.36,22.0,0.35999999999999943,7.790378006872851,8.026666666666666,-0.2362886597938143,22.36,22.0,0.35999999999999943,5.61340206185567,5.526666666666667,0.08673539518900242,22.36,22.0,0.35999999999999943,5.273195876288659,5.523333333333333,-0.2501374570446746,22.36,22.0,0.35999999999999943
10,Standing fan (DeLonghi),High,225.0,150.0,25,TskControl34,2025-02-07 17:23:54,2025-02-07_ID0_NoPCS_Ta25_TskControl34.csv,2025-02-07_ID10_Standing fan (DeLonghi)_High_Angle225_Distance150_Ta25_TskControl34.csv,10.420000000000002,61.42,19.52,10.760000000000002,4.240000000000002,29.220000000000006,15.34000000000001,-2.9399999999999977,1.8800000000000026,22.520000000000003,4.840000000000003,7.8600000000000065,20.779999999999994,23.60000000000001,40.480000000000004,10.699999999999996,9.379999999999988,-2.019999999999996,-2.799999999999997,1.3200000000000074,0.12000000000000455,1.2800000000000011,0.45999999999999375,25.0,25.0,69.36,0.16,25.0,26.12,34.0,34.0,34.0,34.0,34.0,34.0,34.0,34.0,34.0,34.0,34.0,34.0,34.0,34.0,34.0,34.0,34.0,34.0,34.0,34.0,34.0,34.0,34.0,60.94,110.8,37.58,37.839999999999996,35.96,63.660000000000004,54.68000000000001,52.720000000000006,31.940000000000005,68.46000000000001,60.019999999999996,61.58,83.56,91.86000000000001,104.8,53.8,61.39999999999999,67.76,71.04,68.2,70.76,46.9,46.72,24.9,25.1,71.54,0.08,25.01,26.32,34.0,34.0,34.0,34.0,34.0,34.0,34.0,34.0,34.0,34.0,34.0,34.0,34.0,34.0,34.0,34.0,34.0,34.0,34.0,34.0,34.0,34.0,34.0,50.519999999999996,49.379999999999995,18.06,27.079999999999995,31.72,34.44,39.339999999999996,55.660000000000004,30.060000000000002,45.940000000000005,55.17999999999999,53.71999999999999,62.78000000000001,68.26,64.32,43.1,52.02,69.78,73.84,66.88,70.64,45.62,46.260000000000005,12.31111111111111,5.492769744160179,6.818341366950931,25.0,25.01,-0.010000000000001563,4.1755555555555555,2.008898776418243,2.1666567791373126,25.0,25.01,-0.010000000000001563,4.204444444444444,3.012235817575083,1.1922086268693612,25.0,25.01,-0.010000000000001563,3.9955555555555557,3.5283648498331486,0.4671907057224072,25.0,25.01,-0.010000000000001563,7.073333333333334,3.8309232480533932,3.242410085279941,25.0,25.01,-0.010000000000001563,6.075555555555557,4.3759733036707456,1.6995822518848112,25.0,25.01,-0.010000000000001563,5.857777777777779,6.191323692992215,-0.33354591521443666,25.0,25.01,-0.010000000000001563,3.5488888888888894,3.343715239154617,0.20517364973427243,25.0,25.01,-0.010000000000001563,7.606666666666667,5.110122358175753,2.4965443084909147,25.0,25.01,-0.010000000000001563,6.668888888888889,6.137931034482759,0.5309578544061297,25.0,25.01,-0.010000000000001563,6.842222222222222,5.975528364849834,0.8666938573723888,25.0,25.01,-0.010000000000001563,9.284444444444444,6.983314794215797,2.3011296502286473,25.0,25.01,-0.010000000000001563,10.206666666666669,7.5928809788654075,2.6137856878012613,25.0,25.01,-0.010000000000001563,11.644444444444444,7.1546162402669635,4.48982820417748,25.0,25.01,-0.010000000000001563,5.977777777777778,4.794215795328143,1.1835619824496346,25.0,25.01,-0.010000000000001563,6.822222222222221,5.7864293659621815,1.0357928562600396,25.0,25.01,-0.010000000000001563,7.52888888888889,7.761957730812015,-0.23306884192312527,25.0,25.01,-0.010000000000001563,7.893333333333334,8.213570634037822,-0.32023730070448764,25.0,25.01,-0.010000000000001563,7.577777777777778,7.439377085650724,0.1384006921270542,25.0,25.01,-0.010000000000001563,7.862222222222223,7.857619577308122,0.004602644914101006,25.0,25.01,-0.010000000000001563,5.211111111111111,5.074527252502781,0.1365838586083301,25.0,25.01,-0.010000000000001563,5.191111111111111,5.145717463848722,0.04539364726238837,25.0,25.01,-0.010000000000001563
10,Standing fan (DeLonghi),Mid,180.0,150.0,25,TskControl34,2025-02-07 17:53:54,2025-02-07_ID0_NoPCS_Ta25_TskControl34.csv,2025-02-07_ID10_Standing fan (DeLonghi)_Mid_Angle180_Distance150_Ta25_TskControl34.csv,11.340000000000003,49.02000000000001,5.300000000000004,15.220000000000002,6.140000000000001,24.9,9.939999999999998,3.019999999999989,9.619999999999997,30.43999999999999,0.4000000000000057,28.6,19.339999999999982,34.38000000000001,37.78,30.65999999999999,15.699999999999996,-0.9800000000000182,-6.5,-1.3399999999999892,-7.18,1.2800000000000011,-2.8200000000000074,25.2,25.0,68.54,0.09,25.1,26.22,34.0,34.0,34.0,34.0,34.0,34.0,34.0,34.0,34.0,34.0,34.0,34.0,34.0,34.0,34.0,34.0,34.0,34.0,34.0,34.0,34.0,34.0,34.0,61.86,98.4,23.360000000000003,42.3,37.86,59.339999999999996,49.279999999999994,58.67999999999999,39.68,76.38,55.58,82.32,82.11999999999999,102.64000000000001,102.1,73.75999999999999,67.72,68.79999999999998,67.34,65.54,63.46,46.9,43.44,24.9,25.1,71.54,0.08,25.01,26.32,34.0,34.0,34.0,34.0,34.0,34.0,34.0,34.0,34.0,34.0,34.0,34.0,34.0,34.0,34.0,34.0,34.0,34.0,34.0,34.0,34.0,34.0,34.0,50.519999999999996,49.379999999999995,18.06,27.079999999999995,31.72,34.44,39.339999999999996,55.660000000000004,30.060000000000002,45.940000000000005,55.17999999999999,53.71999999999999,62.78000000000001,68.26,64.32,43.1,52.02,69.78,73.84,66.88,70.64,45.62,46.260000000000005,11.056179775280901,5.492769744160179,5.563410031120722,25.1,25.01,0.08999999999999986,2.6247191011235964,2.008898776418243,0.6158203247053535,25.1,25.01,0.08999999999999986,4.752808988764046,3.012235817575083,1.7405731711889625,25.1,25.01,0.08999999999999986,4.253932584269664,3.5283648498331486,0.725567734436515,25.1,25.01,0.08999999999999986,6.667415730337079,3.8309232480533932,2.8364924822836857,25.1,25.01,0.08999999999999986,5.537078651685394,4.3759733036707456,1.1611053480146483,25.1,25.01,0.08999999999999986,6.593258426966292,6.191323692992215,0.40193473397407686,25.1,25.01,0.08999999999999986,4.458426966292135,3.343715239154617,1.1147117271375184,25.1,25.01,0.08999999999999986,8.582022471910113,5.110122358175753,3.4719001137343604,25.1,25.01,0.08999999999999986,6.24494382022472,6.137931034482759,0.10701278574196138,25.1,25.01,0.08999999999999986,9.249438202247191,5.975528364849834,3.2739098373973574,25.1,25.01,0.08999999999999986,9.226966292134831,6.983314794215797,2.243651497919034,25.1,25.01,0.08999999999999986,11.532584269662925,7.5928809788654075,3.9397032907975174,25.1,25.01,0.08999999999999986,11.471910112359552,7.1546162402669635,4.317293872092589,25.1,25.01,0.08999999999999986,8.287640449438202,4.794215795328143,3.4934246541100586,25.1,25.01,0.08999999999999986,7.608988764044945,5.7864293659621815,1.8225593980827632,25.1,25.01,0.08999999999999986,7.730337078651685,7.761957730812015,-0.03162065216033039,25.1,25.01,0.08999999999999986,7.566292134831462,8.213570634037822,-0.6472784992063598,25.1,25.01,0.08999999999999986,7.364044943820226,7.439377085650724,-0.07533214183049797,25.1,25.01,0.08999999999999986,7.130337078651687,7.857619577308122,-0.727282498656435,25.1,25.01,0.08999999999999986,5.269662921348315,5.074527252502781,0.19513566884553413,25.1,25.01,0.08999999999999986,4.880898876404495,5.145717463848722,-0.2648185874442275,25.1,25.01,0.08999999999999986
10,Standing fan (DeLonghi),High,180.0,150.0,25,TskControl34,2025-02-07 18:06:24,2025-02-07_ID0_NoPCS_Ta25_TskControl34.csv,2025-02-07_ID10_Standing fan (DeLonghi)_High_Angle180_Distance150_Ta25_TskControl34.csv,15.096666666666678,48.55333333333333,5.773333333333333,15.97000000000001,6.463333333333331,25.42666666666667,11.160000000000004,3.1233333333333277,11.889999999999993,34.676666666666655,0.7033333333333331,60.93,39.286666666666655,73.82333333333334,52.879999999999995,34.51666666666666,18.446666666666665,0.6866666666666674,-6.873333333333349,-1.9466666666666725,-8.58999999999999,0.6966666666666725,-2.6766666666666694,25.3,25.1,68.14,0.19,25.22,26.22,34.0,34.0,34.0,34.0,34.0,34.0,34.0,34.0,34.0,34.0,34.0,34.0,34.0,34.0,34.0,34.0,34.0,34.0,34.0,34.0,34.0,34.0,34.0,65.61666666666667,97.93333333333332,23.833333333333332,43.050000000000004,38.18333333333333,59.86666666666667,50.5,58.78333333333333,41.949999999999996,80.61666666666666,55.883333333333326,114.64999999999999,102.06666666666666,142.08333333333334,117.19999999999999,77.61666666666666,70.46666666666667,70.46666666666667,66.96666666666665,64.93333333333332,62.05000000000001,46.31666666666667,43.583333333333336,24.9,25.1,71.54,0.08,25.01,26.32,34.0,34.0,34.0,34.0,34.0,34.0,34.0,34.0,34.0,34.0,34.0,34.0,34.0,34.0,34.0,34.0,34.0,34.0,34.0,34.0,34.0,34.0,34.0,50.519999999999996,49.379999999999995,18.06,27.079999999999995,31.72,34.44,39.339999999999996,55.660000000000004,30.060000000000002,45.940000000000005,55.17999999999999,53.71999999999999,62.78000000000001,68.26,64.32,43.1,52.02,69.78,73.84,66.88,70.64,45.62,46.260000000000005,11.154138192862565,5.492769744160179,5.661368448702386,25.22,25.01,0.2099999999999973,2.714502657555049,2.008898776418243,0.7056038811368062,25.22,25.01,0.2099999999999973,4.903189066059225,3.012235817575083,1.8909532484841418,25.22,25.01,0.2099999999999973,4.348899012908124,3.5283648498331486,0.8205341630749752,25.22,25.01,0.2099999999999973,6.818526955201214,3.8309232480533932,2.987603707147821,25.22,25.01,0.2099999999999973,5.751708428246013,4.3759733036707456,1.3757351245752671,25.22,25.01,0.2099999999999973,6.695140470766893,6.191323692992215,0.503816777774678,25.22,25.01,0.2099999999999973,4.777904328018222,3.343715239154617,1.4341890888636049,25.22,25.01,0.2099999999999973,9.181852695520119,5.110122358175753,4.071730337344366,25.22,25.01,0.2099999999999973,6.3648443432042505,6.137931034482759,0.22691330872149162,25.22,25.01,0.2099999999999973,13.058086560364462,5.975528364849834,7.082558195514628,25.22,25.01,0.2099999999999973,11.624905087319664,6.983314794215797,4.641590293103867,25.22,25.01,0.2099999999999973,16.182611996962795,7.5928809788654075,8.589731018097387,25.22,25.01,0.2099999999999973,13.348519362186785,7.1546162402669635,6.1939031219198215,25.22,25.01,0.2099999999999973,8.840167046317386,4.794215795328143,4.045951250989243,25.22,25.01,0.2099999999999973,8.025816249050873,5.7864293659621815,2.2393868830886916,25.22,25.01,0.2099999999999973,8.025816249050873,7.761957730812015,0.263858518238858,25.22,25.01,0.2099999999999973,7.627182991647682,8.213570634037822,-0.5863876423901404,25.22,25.01,0.2099999999999973,7.395596051632496,7.439377085650724,-0.043781034018228304,25.22,25.01,0.2099999999999973,7.067198177676538,7.857619577308122,-0.7904213996315841,25.22,25.01,0.2099999999999973,5.275246772968869,5.074527252502781,0.20071952046608743,25.22,25.01,0.2099999999999973,4.9639331814730445,5.145717463848722,-0.1817842823756779,25.22,25.01,0.2099999999999973
10,Standing fan (DeLonghi),Low,180.0,150.0,22,TskControl34,2025-02-22 19:38:09,2025-02-22_ID0_NoPCS_Ta22_TskControl34.csv,2025-02-22_ID10_Standing fan (DeLonghi)_Low_Angle180_Distance150_Ta22_TskControl34.csv,10.859999999999985,47.28000000000003,5.380000000000003,17.680000000000007,10.479999999999997,26.060000000000002,5.039999999999999,0.29999999999999716,5.499999999999986,30.779999999999987,-0.03999999999999204,41.379999999999995,34.999999999999986,46.08000000000001,41.160000000000025,27.40000000000002,12.819999999999979,-7.699999999999989,-16.88000000000001,-1.8399999999999892,-7.359999999999985,-0.8799999999999955,-3.6999999999999957,22.4,22.4,56.38,0.04,22.4,22.65,34.0,34.0,34.0,34.0,34.0,34.0,34.0,34.0,34.0,34.0,34.0,34.0,34.0,34.0,34.0,34.0,34.0,34.0,34.0,34.0,34.0,34.0,34.0,88.05999999999999,124.02000000000001,27.820000000000004,60.46,55.9,80.8,64.12,80.82000000000001,63.31999999999999,97.97999999999999,76.82,125.85999999999999,135.32,176.28,154.54000000000002,111.06000000000002,99.96,97.56,90.83999999999999,89.64000000000001,88.96000000000001,65.44000000000001,62.580000000000005,22.1,21.9,67.05,0.12,22.0,22.6,34.0,34.0,34.0,34.0,34.0,34.0,34.0,34.0,34.0,34.0,34.0,34.0,34.0,34.0,34.0,34.0,34.0,34.0,34.0,34.0,34.0,34.0,34.0,77.2,76.73999999999998,22.44,42.779999999999994,45.42,54.739999999999995,59.080000000000005,80.52000000000001,57.82000000000001,67.2,76.85999999999999,84.47999999999999,100.32000000000001,130.2,113.38,83.66,87.14000000000001,105.25999999999999,107.72,91.48,96.32,66.32000000000001,66.28,10.691379310344827,6.394999999999999,4.296379310344828,22.4,22.0,0.3999999999999986,2.3982758620689655,1.87,0.5282758620689654,22.4,22.0,0.3999999999999986,5.212068965517241,3.5649999999999995,1.6470689655172412,22.4,22.0,0.3999999999999986,4.818965517241379,3.785,1.0339655172413789,22.4,22.0,0.3999999999999986,6.96551724137931,4.5616666666666665,2.403850574712643,22.4,22.0,0.3999999999999986,5.527586206896552,4.923333333333334,0.604252873563218,22.4,22.0,0.3999999999999986,6.9672413793103445,6.710000000000001,0.25724137931034363,22.4,22.0,0.3999999999999986,5.458620689655171,4.818333333333334,0.6402873563218368,22.4,22.0,0.3999999999999986,8.44655172413793,5.6000000000000005,2.846551724137929,22.4,22.0,0.3999999999999986,6.622413793103447,6.4049999999999985,0.21741379310344833,22.4,22.0,0.3999999999999986,10.849999999999998,7.039999999999999,3.8099999999999987,22.4,22.0,0.3999999999999986,11.665517241379309,8.360000000000001,3.3055172413793077,22.4,22.0,0.3999999999999986,15.19655172413793,10.85,4.34655172413793,22.4,22.0,0.3999999999999986,13.322413793103449,9.448333333333332,3.8740804597701164,22.4,22.0,0.3999999999999986,9.574137931034484,6.971666666666667,2.602471264367817,22.4,22.0,0.3999999999999986,8.617241379310343,7.261666666666668,1.3555747126436755,22.4,22.0,0.3999999999999986,8.410344827586206,8.771666666666667,-0.36132183908046045,22.4,22.0,0.3999999999999986,7.831034482758619,8.976666666666667,-1.1456321839080479,22.4,22.0,0.3999999999999986,7.727586206896552,7.623333333333334,0.104252873563218,22.4,22.0,0.3999999999999986,7.668965517241379,8.026666666666666,-0.35770114942528686,22.4,22.0,0.3999999999999986,5.641379310344828,5.526666666666667,0.11471264367816048,22.4,22.0,0.3999999999999986,5.394827586206897,5.523333333333333,-0.1285057471264368,22.4,22.0,0.3999999999999986
10,Standing fan (DeLonghi),Low,225.0,150.0,22,TskControl34,2025-02-22 18:07:54,2025-02-22_ID0_NoPCS_Ta22_TskControl34.csv,2025-02-22_ID10_Standing fan (DeLonghi)_Low_Angle225_Distance150_Ta22_TskControl34.csv,11.439999999999984,33.78000000000003,3.2799999999999976,11.780000000000008,-1.759999999999998,30.680000000000007,6.459999999999987,4.439999999999998,0.07999999999999119,30.060000000000016,0.9800000000000182,47.68000000000001,31.679999999999993,72.36000000000001,50.440000000000026,26.080000000000013,12.659999999999982,-3.799999999999983,-8.840000000000003,-2.279999999999987,-4.799999999999983,-3.720000000000006,-5.82,22.3,22.3,60.53,0.0,22.3,22.64,34.0,34.0,34.0,34.0,34.0,34.0,34.0,34.0,34.0,34.0,34.0,34.0,34.0,34.019999999999996,34.0,34.0,34.0,34.0,34.0,34.0,34.0,34.0,34.0,88.63999999999999,110.52000000000001,25.72,54.56,43.660000000000004,85.42,65.53999999999999,84.96000000000001,57.9,97.26000000000002,77.84,132.16,132.0,202.56,163.82000000000002,109.74000000000001,99.8,101.46000000000001,98.88,89.20000000000002,91.52000000000001,62.6,60.46,22.1,21.9,67.05,0.12,22.0,22.6,34.0,34.0,34.0,34.0,34.0,34.0,34.0,34.0,34.0,34.0,34.0,34.0,34.0,34.0,34.0,34.0,34.0,34.0,34.0,34.0,34.0,34.0,34.0,77.2,76.73999999999998,22.44,42.779999999999994,45.42,54.739999999999995,59.080000000000005,80.52000000000001,57.82000000000001,67.2,76.85999999999999,84.47999999999999,100.32000000000001,130.2,113.38,83.66,87.14000000000001,105.25999999999999,107.72,91.48,96.32,66.32000000000001,66.28,9.446153846153848,6.394999999999999,3.0511538461538494,22.3,22.0,0.3000000000000007,2.1982905982905985,1.87,0.32829059829059837,22.3,22.0,0.3000000000000007,4.663247863247864,3.5649999999999995,1.098247863247864,22.3,22.0,0.3000000000000007,3.731623931623932,3.785,-0.05337606837606801,22.3,22.0,0.3000000000000007,7.300854700854702,4.5616666666666665,2.739188034188035,22.3,22.0,0.3000000000000007,5.601709401709401,4.923333333333334,0.6783760683760676,22.3,22.0,0.3000000000000007,7.261538461538462,6.710000000000001,0.5515384615384615,22.3,22.0,0.3000000000000007,4.948717948717949,4.818333333333334,0.13038461538461465,22.3,22.0,0.3000000000000007,8.312820512820515,5.6000000000000005,2.7128205128205147,22.3,22.0,0.3000000000000007,6.652991452991453,6.4049999999999985,0.24799145299145486,22.3,22.0,0.3000000000000007,11.295726495726496,7.039999999999999,4.255726495726497,22.3,22.0,0.3000000000000007,11.282051282051283,8.360000000000001,2.9220512820512816,22.3,22.0,0.3000000000000007,17.283276450511952,10.85,6.433276450511952,22.3,22.0,0.3000000000000007,14.001709401709405,9.448333333333332,4.553376068376073,22.3,22.0,0.3000000000000007,9.379487179487182,6.971666666666667,2.407820512820515,22.300000000000004,22.0,0.30000000000000426,8.52991452991453,7.261666666666668,1.2682478632478622,22.3,22.0,0.3000000000000007,8.671794871794873,8.771666666666667,-0.09987179487179354,22.3,22.0,0.3000000000000007,8.451282051282051,8.976666666666667,-0.5253846153846151,22.3,22.0,0.3000000000000007,7.623931623931626,7.623333333333334,0.0005982905982921949,22.3,22.0,0.3000000000000007,7.822222222222224,8.026666666666666,-0.20444444444444176,22.3,22.0,0.3000000000000007,5.350427350427351,5.526666666666667,-0.17623931623931632,22.3,22.0,0.3000000000000007,5.167521367521368,5.523333333333333,-0.3558119658119656,22.3,22.0,0.3000000000000007
10,Standing fan (DeLonghi),Low,225.0,150.0,25,TskControl34,2025-02-07 16:59:54,2025-02-07_ID0_NoPCS_Ta25_TskControl34.csv,2025-02-07_ID10_Standing fan (DeLonghi)_Low_Angle225_Distance150_Ta25_TskControl34.csv,5.440000000000005,42.120000000000005,15.580000000000002,5.140000000000011,1.2999999999999972,17.46,7.439999999999998,-1.4799999999999969,0.639999999999997,14.500000000000007,1.660000000000018,-0.45999999999998664,8.259999999999998,7.599999999999994,21.159999999999997,4.060000000000002,2.279999999999994,0.20000000000000284,-0.07999999999998408,-0.20000000000000284,-2.6199999999999903,0.5399999999999991,-0.5,25.0,25.0,71.11,0.1,25.0,26.23,34.0,34.0,34.0,34.0,34.0,34.0,34.0,34.0,34.0,34.0,34.0,34.0,34.0,34.0,34.0,34.0,34.0,34.0,34.0,34.0,34.0,34.0,34.0,55.96,91.5,33.64,32.220000000000006,33.019999999999996,51.9,46.779999999999994,54.18000000000001,30.7,60.44000000000001,56.84000000000001,53.260000000000005,71.04,75.86,85.47999999999999,47.160000000000004,54.3,69.98,73.76000000000002,66.67999999999999,68.02000000000001,46.16,45.760000000000005,24.9,25.1,71.54,0.08,25.01,26.32,34.0,34.0,34.0,34.0,34.0,34.0,34.0,34.0,34.0,34.0,34.0,34.0,34.0,34.0,34.0,34.0,34.0,34.0,34.0,34.0,34.0,34.0,34.0,50.519999999999996,49.379999999999995,18.06,27.079999999999995,31.72,34.44,39.339999999999996,55.660000000000004,30.060000000000002,45.940000000000005,55.17999999999999,53.71999999999999,62.78000000000001,68.26,64.32,43.1,52.02,69.78,73.84,66.88,70.64,45.62,46.260000000000005,10.166666666666666,5.492769744160179,4.673896922506487,25.0,25.01,-0.010000000000001563,3.7377777777777776,2.008898776418243,1.7288790013595348,25.0,25.01,-0.010000000000001563,3.5800000000000005,3.012235817575083,0.5677641824249173,25.0,25.01,-0.010000000000001563,3.6688888888888886,3.5283648498331486,0.14052403905574007,25.0,25.01,-0.010000000000001563,5.766666666666667,3.8309232480533932,1.9357434186132734,25.0,25.01,-0.010000000000001563,5.197777777777777,4.3759733036707456,0.8218044741070312,25.0,25.01,-0.010000000000001563,6.0200000000000005,6.191323692992215,-0.17132369299221484,25.0,25.01,-0.010000000000001563,3.411111111111111,3.343715239154617,0.06739587195649399,25.0,25.01,-0.010000000000001563,6.715555555555557,5.110122358175753,1.6054331973798046,25.0,25.01,-0.010000000000001563,6.315555555555557,6.137931034482759,0.17762452107279803,25.0,25.01,-0.010000000000001563,5.917777777777778,5.975528364849834,-0.05775058707205538,25.0,25.01,-0.010000000000001563,7.893333333333334,6.983314794215797,0.9100185391175373,25.0,25.01,-0.010000000000001563,8.428888888888888,7.5928809788654075,0.836007910023481,25.0,25.01,-0.010000000000001563,9.497777777777777,7.1546162402669635,2.343161537510814,25.0,25.01,-0.010000000000001563,5.24,4.794215795328143,0.445784204671857,25.0,25.01,-0.010000000000001563,6.033333333333333,5.7864293659621815,0.24690396737115172,25.0,25.01,-0.010000000000001563,7.775555555555556,7.761957730812015,0.013597824743540876,25.0,25.01,-0.010000000000001563,8.195555555555558,8.213570634037822,-0.018015078482264357,25.0,25.01,-0.010000000000001563,7.408888888888888,7.439377085650724,-0.030488196761836228,25.0,25.01,-0.010000000000001563,7.557777777777779,7.857619577308122,-0.29984179953034307,25.0,25.01,-0.010000000000001563,5.128888888888889,5.074527252502781,0.05436163638610747,25.0,25.01,-0.010000000000001563,5.084444444444445,5.145717463848722,-0.06127301940427721,25.0,25.01,-0.010000000000001563
10,Standing fan (DeLonghi),High,270.0,150.0,22,TskControl34,2025-02-22 17:53:54,2025-02-22_ID0_NoPCS_Ta22_TskControl34.csv,2025-02-22_ID10_Standing fan (DeLonghi)_High_Angle270_Distance150_Ta22_TskControl34.csv,14.399999999999991,64.42000000000004,25.959999999999997,4.220000000000006,1.2800000000000011,47.70000000000002,29.01999999999999,20.19999999999999,-2.039999999999999,18.200000000000003,22.60000000000001,15.86,32.84000000000002,28.099999999999994,31.420000000000016,11.939999999999998,11.839999999999975,-2.3200000000000074,-6.060000000000002,1.9399999999999977,1.1600000000000108,-2.8400000000000105,-3.259999999999998,22.3,22.3,58.98,0.14,22.3,22.7,34.0,34.0,34.0,34.0,34.0,34.0,34.0,34.0,34.0,34.0,34.0,34.0,34.0,34.0,34.0,34.0,34.0,34.0,34.0,34.0,34.0,34.0,34.0,91.6,141.16000000000003,48.4,47.0,46.7,102.44000000000001,88.1,100.72,55.78000000000001,85.4,99.46,100.33999999999999,133.16000000000003,158.29999999999998,144.8,95.6,98.97999999999999,102.93999999999998,101.66,93.42,97.48,63.48,63.02,22.1,21.9,67.05,0.12,22.0,22.6,34.0,34.0,34.0,34.0,34.0,34.0,34.0,34.0,34.0,34.0,34.0,34.0,34.0,34.0,34.0,34.0,34.0,34.0,34.0,34.0,34.0,34.0,34.0,77.2,76.73999999999998,22.44,42.779999999999994,45.42,54.739999999999995,59.080000000000005,80.52000000000001,57.82000000000001,67.2,76.85999999999999,84.47999999999999,100.32000000000001,130.2,113.38,83.66,87.14000000000001,105.25999999999999,107.72,91.48,96.32,66.32000000000001,66.28,12.064957264957268,6.394999999999999,5.66995726495727,22.3,22.0,0.3000000000000007,4.136752136752137,1.87,2.266752136752137,22.3,22.0,0.3000000000000007,4.017094017094017,3.5649999999999995,0.45209401709401753,22.3,22.0,0.3000000000000007,3.991452991452992,3.785,0.20645299145299179,22.3,22.0,0.3000000000000007,8.755555555555556,4.5616666666666665,4.19388888888889,22.299999999999997,22.0,0.29999999999999716,7.52991452991453,4.923333333333334,2.606581196581196,22.3,22.0,0.3000000000000007,8.608547008547008,6.710000000000001,1.8985470085470073,22.299999999999997,22.0,0.29999999999999716,4.767521367521368,4.818333333333334,-0.0508119658119659,22.3,22.0,0.3000000000000007,7.2991452991453,5.6000000000000005,1.6991452991452993,22.3,22.0,0.3000000000000007,8.5008547008547,6.4049999999999985,2.0958547008547024,22.3,22.0,0.3000000000000007,8.576068376068376,7.039999999999999,1.5360683760683767,22.3,22.0,0.3000000000000007,11.381196581196583,8.360000000000001,3.021196581196582,22.3,22.0,0.3000000000000007,13.52991452991453,10.85,2.67991452991453,22.3,22.0,0.3000000000000007,12.376068376068378,9.448333333333332,2.927735042735046,22.3,22.0,0.3000000000000007,8.17094017094017,6.971666666666667,1.1992735042735037,22.3,22.0,0.3000000000000007,8.45982905982906,7.261666666666668,1.1981623931623924,22.3,22.0,0.3000000000000007,8.798290598290597,8.771666666666667,0.02662393162393073,22.3,22.0,0.3000000000000007,8.68888888888889,8.976666666666667,-0.2877777777777766,22.300000000000004,22.0,0.30000000000000426,7.984615384615386,7.623333333333334,0.3612820512820516,22.3,22.0,0.3000000000000007,8.331623931623932,8.026666666666666,0.3049572649572667,22.3,22.0,0.3000000000000007,5.425641025641026,5.526666666666667,-0.10102564102564138,22.3,22.0,0.3000000000000007,5.386324786324787,5.523333333333333,-0.1370085470085467,22.3,22.0,0.3000000000000007
10,Standing fan (DeLonghi),Mid,180.0,150.0,22,TskControl34,2025-02-22 19:48:44,2025-02-22_ID0_NoPCS_Ta22_TskControl34.csv,2025-02-22_ID10_Standing fan (DeLonghi)_Mid_Angle180_Distance150_Ta22_TskControl34.csv,18.200000000000003,57.50000000000003,7.84,22.040000000000013,17.04,31.19999999999999,10.519999999999989,4.779999999999987,8.439999999999998,37.959999999999994,5.420000000000016,64.39999999999998,55.280000000000015,70.9,64.16000000000003,40.95999999999998,25.419999999999973,0.8200000000000216,-13.819999999999993,-0.2600000000000051,-6.11999999999999,-0.8800000000000097,-5.059999999999995,22.3,22.4,68.39,0.06,22.36,22.96,34.0,34.0,34.0,34.0,34.0,34.0,34.0,34.0,34.0,34.0,34.0,34.0,34.0,33.940000000000005,34.0,34.0,34.0,34.0,34.0,34.0,34.0,34.0,34.0,95.4,134.24,30.28,64.82000000000001,62.46,85.93999999999998,69.6,85.3,66.26,105.16,82.28,148.87999999999997,155.60000000000002,201.1,177.54000000000002,124.61999999999998,112.55999999999999,106.08000000000001,93.9,91.22,90.2,65.44,61.220000000000006,22.1,21.9,67.05,0.12,22.0,22.6,34.0,34.0,34.0,34.0,34.0,34.0,34.0,34.0,34.0,34.0,34.0,34.0,34.0,34.0,34.0,34.0,34.0,34.0,34.0,34.0,34.0,34.0,34.0,77.2,76.73999999999998,22.44,42.779999999999994,45.42,54.739999999999995,59.080000000000005,80.52000000000001,57.82000000000001,67.2,76.85999999999999,84.47999999999999,100.32000000000001,130.2,113.38,83.66,87.14000000000001,105.25999999999999,107.72,91.48,96.32,66.32000000000001,66.28,11.532646048109966,6.394999999999999,5.137646048109967,22.36,22.0,0.35999999999999943,2.6013745704467355,1.87,0.7313745704467354,22.36,22.0,0.35999999999999943,5.56872852233677,3.5649999999999995,2.003728522336771,22.36,22.0,0.35999999999999943,5.365979381443299,3.785,1.5809793814432984,22.36,22.0,0.35999999999999943,7.38316151202749,4.5616666666666665,2.8214948453608235,22.36,22.0,0.35999999999999943,5.979381443298968,4.923333333333334,1.0560481099656345,22.36,22.0,0.35999999999999943,7.328178694158075,6.710000000000001,0.6181786941580745,22.36,22.0,0.35999999999999943,5.6924398625429555,4.818333333333334,0.8741065292096213,22.36,22.0,0.35999999999999943,9.034364261168385,5.6000000000000005,3.4343642611683842,22.36,22.0,0.35999999999999943,7.0687285223367695,6.4049999999999985,0.663728522336771,22.36,22.0,0.35999999999999943,12.79037800687285,7.039999999999999,5.75037800687285,22.36,22.0,0.35999999999999943,13.367697594501719,8.360000000000001,5.0076975945017175,22.36,22.0,0.35999999999999943,17.366148531951634,10.85,6.516148531951634,22.36,22.0,0.35999999999999943,15.25257731958763,9.448333333333332,5.804243986254297,22.36,22.0,0.35999999999999943,10.706185567010307,6.971666666666667,3.73451890034364,22.36,22.0,0.35999999999999943,9.670103092783503,7.261666666666668,2.408436426116835,22.36,22.0,0.35999999999999943,9.113402061855671,8.771666666666667,0.341735395189005,22.36,22.0,0.35999999999999943,8.06701030927835,8.976666666666667,-0.9096563573883163,22.36,22.0,0.35999999999999943,7.8367697594501715,7.623333333333334,0.21343642611683755,22.36,22.0,0.35999999999999943,7.74914089347079,8.026666666666666,-0.2775257731958751,22.36,22.0,0.35999999999999943,5.621993127147766,5.526666666666667,0.09532646048109861,22.36,22.0,0.35999999999999943,5.259450171821306,5.523333333333333,-0.2638831615120276,22.36,22.0,0.35999999999999943
10,Standing fan (DeLonghi),Mid,225.0,150.0,22,TskControl34,2025-02-22 18:17:34,2025-02-22_ID0_NoPCS_Ta22_TskControl34.csv,2025-02-22_ID10_Standing fan (DeLonghi)_Mid_Angle225_Distance150_Ta22_TskControl34.csv,14.879999999999995,36.44000000000001,5.279999999999998,14.180000000000007,-0.3999999999999986,35.96000000000001,8.779999999999994,8.659999999999997,1.8199999999999932,36.94000000000001,0.4800000000000182,62.52000000000001,40.540000000000006,73.04000000000002,66.12,37.019999999999996,18.75999999999999,-2.9599999999999937,-9.680000000000007,-0.7000000000000028,-7.179999999999993,-3.8600000000000136,-6.219999999999999,22.3,22.3,57.47,0.16,22.3,22.57,34.0,34.0,34.0,34.0,34.0,34.0,34.0,34.0,34.0,34.0,34.0,34.0,34.0,33.2,34.0,34.0,34.0,34.0,34.0,34.0,34.0,34.0,34.0,92.08,113.17999999999999,27.72,56.96,45.02,90.7,67.86,89.18,59.64,104.14000000000001,77.34,147.0,140.86,203.24,179.5,120.67999999999999,105.9,102.3,98.03999999999999,90.78,89.14,62.459999999999994,60.06,22.1,21.9,67.05,0.12,22.0,22.6,34.0,34.0,34.0,34.0,34.0,34.0,34.0,34.0,34.0,34.0,34.0,34.0,34.0,34.0,34.0,34.0,34.0,34.0,34.0,34.0,34.0,34.0,34.0,77.2,76.73999999999998,22.44,42.779999999999994,45.42,54.739999999999995,59.080000000000005,80.52000000000001,57.82000000000001,67.2,76.85999999999999,84.47999999999999,100.32000000000001,130.2,113.38,83.66,87.14000000000001,105.25999999999999,107.72,91.48,96.32,66.32000000000001,66.28,9.673504273504273,6.394999999999999,3.278504273504274,22.3,22.0,0.3000000000000007,2.3692307692307693,1.87,0.49923076923076914,22.3,22.0,0.3000000000000007,4.868376068376069,3.5649999999999995,1.3033760683760693,22.3,22.0,0.3000000000000007,3.8478632478632484,3.785,0.06286324786324826,22.3,22.0,0.3000000000000007,7.752136752136753,4.5616666666666665,3.1904700854700865,22.3,22.0,0.3000000000000007,5.800000000000001,4.923333333333334,0.8766666666666669,22.3,22.0,0.3000000000000007,7.622222222222224,6.710000000000001,0.9122222222222227,22.3,22.0,0.3000000000000007,5.097435897435898,4.818333333333334,0.27910256410256373,22.3,22.0,0.3000000000000007,8.900854700854703,5.6000000000000005,3.3008547008547025,22.3,22.0,0.3000000000000007,6.610256410256411,6.4049999999999985,0.20525641025641228,22.3,22.0,0.3000000000000007,12.564102564102566,7.039999999999999,5.5241025641025665,22.3,22.0,0.3000000000000007,12.039316239316241,8.360000000000001,3.6793162393162397,22.3,22.0,0.3000000000000007,18.645871559633026,10.85,7.795871559633026,22.3,22.0,0.3000000000000007,15.341880341880342,9.448333333333332,5.89354700854701,22.3,22.0,0.3000000000000007,10.314529914529915,6.971666666666667,3.3428632478632485,22.3,22.0,0.3000000000000007,9.051282051282053,7.261666666666668,1.7896153846153853,22.3,22.0,0.3000000000000007,8.743589743589745,8.771666666666667,-0.028076923076922,22.3,22.0,0.3000000000000007,8.37948717948718,8.976666666666667,-0.5971794871794867,22.3,22.0,0.3000000000000007,7.75897435897436,7.623333333333334,0.13564102564102587,22.3,22.0,0.3000000000000007,7.618803418803419,8.026666666666666,-0.40786324786324624,22.3,22.0,0.3000000000000007,5.338461538461538,5.526666666666667,-0.18820512820512914,22.3,22.0,0.3000000000000007,5.133333333333334,5.523333333333333,-0.3899999999999997,22.3,22.0,0.3000000000000007
10,Standing fan (DeLonghi),Mid,270.0,150.0,22,TskControl34,2025-02-22 17:38:00,2025-02-22_ID0_NoPCS_Ta22_TskControl34.csv,2025-02-22_ID10_Standing fan (DeLonghi)_Mid_Angle270_Distance150_Ta22_TskControl34.csv,10.819999999999993,55.400000000000034,18.959999999999997,2.420000000000009,0.5599999999999952,41.08000000000001,25.440000000000005,16.019999999999982,-2.140000000000015,17.060000000000002,16.040000000000006,16.74000000000001,25.279999999999987,23.340000000000032,25.620000000000005,8.939999999999998,8.839999999999975,-6.299999999999997,-9.52000000000001,-0.7399999999999949,-1.6599999999999824,-6.340000000000003,-1.7000000000000028,22.3,22.2,62.92,0.07,22.25,22.71,34.0,34.0,34.0,34.0,34.0,34.0,34.0,34.0,34.0,34.0,34.0,34.0,34.0,34.0,34.0,34.0,34.0,34.0,34.0,34.0,34.0,34.0,34.0,88.02,132.14000000000001,41.4,45.2,45.98,95.82000000000001,84.52000000000001,96.53999999999999,55.67999999999999,84.26,92.89999999999999,101.22,125.6,153.54000000000002,139.0,92.6,95.97999999999999,98.96,98.19999999999999,90.74000000000001,94.66000000000001,59.980000000000004,64.58,22.1,21.9,67.05,0.12,22.0,22.6,34.0,34.0,34.0,34.0,34.0,34.0,34.0,34.0,34.0,34.0,34.0,34.0,34.0,34.0,34.0,34.0,34.0,34.0,34.0,34.0,34.0,34.0,34.0,77.2,76.73999999999998,22.44,42.779999999999994,45.42,54.739999999999995,59.080000000000005,80.52000000000001,57.82000000000001,67.2,76.85999999999999,84.47999999999999,100.32000000000001,130.2,113.38,83.66,87.14000000000001,105.25999999999999,107.72,91.48,96.32,66.32000000000001,66.28,11.245957446808513,6.394999999999999,4.850957446808514,22.25,22.0,0.25,3.5234042553191487,1.87,1.6534042553191486,22.25,22.0,0.25,3.846808510638298,3.5649999999999995,0.2818085106382986,22.25,22.0,0.25,3.9131914893617017,3.785,0.12819148936170155,22.25,22.0,0.25,8.154893617021278,4.5616666666666665,3.5932269503546115,22.25,22.0,0.25,7.193191489361703,4.923333333333334,2.269858156028369,22.25,22.0,0.25,8.216170212765956,6.710000000000001,1.506170212765955,22.25,22.0,0.25,4.738723404255318,4.818333333333334,-0.0796099290780159,22.25,22.0,0.25,7.171063829787235,5.6000000000000005,1.5710638297872341,22.25,22.0,0.25,7.9063829787234035,6.4049999999999985,1.501382978723405,22.25,22.0,0.25,8.614468085106383,7.039999999999999,1.5744680851063837,22.25,22.0,0.25,10.689361702127659,8.360000000000001,2.329361702127658,22.25,22.0,0.25,13.067234042553194,10.85,2.2172340425531942,22.25,22.0,0.25,11.829787234042554,9.448333333333332,2.3814539007092215,22.25,22.0,0.25,7.880851063829787,6.971666666666667,0.9091843971631199,22.25,22.0,0.25,8.168510638297871,7.261666666666668,0.9068439716312033,22.25,22.0,0.25,8.422127659574468,8.771666666666667,-0.3495390070921989,22.25,22.0,0.25,8.357446808510637,8.976666666666667,-0.6192198581560291,22.25,22.0,0.25,7.722553191489363,7.623333333333334,0.09921985815602863,22.25,22.0,0.25,8.056170212765958,8.026666666666666,0.029503546099292066,22.25,22.0,0.25,5.10468085106383,5.526666666666667,-0.4219858156028371,22.25,22.0,0.25,5.496170212765957,5.523333333333333,-0.027163120567376353,22.25,22.0,0.25
11,Midiam evaporative cooler (purple),Level1,135.0,60.0,22,TskControl34,2025-02-24 11:19:21,2025-02-24_ID0_NoPCS_Ta22_TskControl34.csv,2025-02-24_ID11_Midiam evaporative cooler (purple)_Level1_Angle135_Distance60_Ta22_TskControl34.csv,-0.8999999999999915,15.480000000000018,-1.2399999999999984,-0.9200000000000017,-1.4199999999999946,-4.280000000000001,-3.6000000000000014,-4.300000000000011,-5.939999999999998,0.28000000000001535,-4.060000000000002,2.760000000000005,-3.1199999999999903,9.620000000000019,-1.7999999999999972,0.23999999999999488,-4.260000000000005,-1.460000000000008,-0.3599999999999852,0.519999999999996,-0.3800000000000239,1.0600000000000023,-0.21999999999998465,22.3,22.3,21.42,0.17,22.3,21.89,34.0,34.0,34.0,34.0,34.0,34.0,34.0,34.0,34.0,34.0,34.0,34.0,34.0,34.0,34.0,34.0,34.0,34.0,34.0,34.0,34.0,34.0,34.0,75.4,91.52000000000001,20.080000000000002,41.12,43.480000000000004,48.42,54.620000000000005,74.6,50.9,65.84,70.88,85.1,102.34,130.94,121.25999999999999,81.5,82.61999999999999,103.32000000000001,104.5,92.18,95.67999999999999,65.46000000000001,65.22,22.4,22.4,22.88,0.13,22.4,22.0,34.0,34.0,34.0,34.0,34.0,34.0,34.0,34.0,34.0,34.0,34.0,34.0,34.0,34.0,34.0,34.0,34.0,34.0,34.0,34.0,34.0,34.0,34.0,76.3,76.03999999999999,21.32,42.04,44.9,52.7,58.220000000000006,78.9,56.839999999999996,65.55999999999999,74.94,82.33999999999999,105.46,121.31999999999998,123.05999999999999,81.26,86.88,104.78000000000002,104.85999999999999,91.66000000000001,96.06000000000002,64.4,65.43999999999998,7.822222222222224,6.555172413793102,1.267049808429122,22.3,22.4,-0.09999999999999787,1.7162393162393166,1.8379310344827584,-0.12169171824344183,22.3,22.4,-0.09999999999999787,3.5145299145299145,3.624137931034482,-0.10960801650456764,22.3,22.4,-0.09999999999999787,3.716239316239317,3.8706896551724133,-0.15445033893309645,22.3,22.4,-0.09999999999999787,4.138461538461539,4.543103448275862,-0.40464190981432324,22.3,22.4,-0.09999999999999787,4.668376068376069,5.018965517241379,-0.3505894488653105,22.299999999999997,22.4,-0.10000000000000142,6.376068376068376,6.801724137931034,-0.4256557618626582,22.3,22.4,-0.09999999999999787,4.350427350427351,4.8999999999999995,-0.5495726495726485,22.300000000000004,22.4,-0.09999999999999432,5.627350427350428,5.651724137931033,-0.02437371058060478,22.3,22.4,-0.09999999999999787,6.058119658119658,6.460344827586206,-0.40222516946654796,22.3,22.4,-0.09999999999999787,7.273504273504273,7.098275862068964,0.17522841143530954,22.3,22.4,-0.09999999999999787,8.747008547008548,9.091379310344825,-0.34437076333627736,22.3,22.4,-0.09999999999999787,11.191452991452993,10.45862068965517,0.7328323017978224,22.3,22.4,-0.09999999999999787,10.364102564102565,10.60862068965517,-0.24451812555260588,22.3,22.4,-0.09999999999999787,6.965811965811966,7.005172413793103,-0.039360447981136915,22.3,22.4,-0.09999999999999787,7.061538461538461,7.489655172413792,-0.4281167108753303,22.3,22.4,-0.09999999999999787,8.830769230769231,9.032758620689656,-0.20198938992042414,22.3,22.4,-0.09999999999999787,8.931623931623932,9.039655172413791,-0.1080312407898596,22.3,22.4,-0.09999999999999787,7.87863247863248,7.901724137931034,-0.02309165929855439,22.3,22.4,-0.09999999999999787,8.177777777777777,8.28103448275862,-0.1032567049808435,22.3,22.4,-0.09999999999999787,5.594871794871796,5.551724137931035,0.043147656940761614,22.3,22.4,-0.09999999999999787,5.574358974358975,5.641379310344825,-0.06702033598585011,22.3,22.4,-0.09999999999999787
11,Midiam evaporative cooler (purple),Level3,135.0,60.0,25,TskControl34,2025-02-10 17:50:59,2025-02-10_ID0_NoPCS_Ta25_TskControl34.csv,2025-02-10_ID11_Midiam evaporative cooler (purple)_Level3_Angle135_Distance60_Ta25_TskControl34.csv,0.30000000000001137,24.219999999999985,2.099999999999998,-0.060000000000002274,-4.720000000000002,-0.17999999999999972,-3.6000000000000085,-4.280000000000001,-4.319999999999997,0.9199999999999946,-5.679999999999993,9.61999999999999,-3.799999999999983,13.019999999999996,1.200000000000017,2.5600000000000023,-3.1600000000000037,1.5,-2.5999999999999943,2.200000000000003,-0.9999999999999858,-0.3400000000000034,-0.6800000000000068,24.8,25.0,66.77,0.12,24.9,25.75,34.0,34.0,34.0,34.0,34.0,34.0,34.0,34.0,34.0,34.0,34.0,34.0,34.0,34.0,34.0,34.0,34.0,34.0,34.0,34.0,34.0,34.0,34.0,55.92,74.35999999999999,19.919999999999998,28.54,27.859999999999996,36.74,36.739999999999995,52.980000000000004,29.26,50.62,49.34000000000001,72.74,72.2,107.1,83.24000000000001,63.56,62.9,75.46000000000001,72.48,72.24,70.96000000000001,49.339999999999996,47.879999999999995,25.1,25.1,69.38,0.17,25.1,26.15,34.0,34.0,34.0,34.0,34.0,34.0,34.0,34.0,34.0,34.0,34.0,34.0,34.0,34.0,34.0,34.0,34.0,34.0,34.0,34.0,34.0,34.0,34.0,55.61999999999999,50.14,17.82,28.6,32.58,36.92,40.34,57.260000000000005,33.58,49.7,55.02,63.120000000000005,75.99999999999999,94.08,82.03999999999999,61.0,66.06,73.96000000000001,75.08,70.03999999999999,71.96,49.68,48.56,8.171428571428569,5.633707865168541,2.5377207062600284,24.9,25.1,-0.20000000000000284,2.1890109890109883,2.0022471910112363,0.18676379799975207,24.9,25.1,-0.20000000000000284,3.136263736263736,3.2134831460674165,-0.0772194098036807,24.9,25.1,-0.20000000000000284,3.0615384615384604,3.660674157303371,-0.5991356957649105,24.9,25.1,-0.20000000000000284,4.037362637362637,4.1483146067415735,-0.11095196937893625,24.9,25.1,-0.20000000000000284,4.037362637362636,4.532584269662922,-0.4952216323002858,24.9,25.1,-0.20000000000000284,5.821978021978022,6.433707865168541,-0.6117298431905196,24.9,25.1,-0.20000000000000284,3.215384615384615,3.773033707865169,-0.5576490924805539,24.9,25.1,-0.20000000000000284,5.5626373626373615,5.58426966292135,-0.021632300283988215,24.9,25.1,-0.20000000000000284,5.421978021978022,6.182022471910114,-0.7600444499320913,24.9,25.1,-0.20000000000000284,7.993406593406592,7.092134831460676,0.9012717619459156,24.9,25.1,-0.20000000000000284,7.934065934065933,8.539325842696629,-0.6052599086306953,24.9,25.1,-0.20000000000000284,11.769230769230766,10.570786516853934,1.1984442523768326,24.9,25.1,-0.20000000000000284,9.147252747252747,9.217977528089888,-0.07072478083714095,24.9,25.1,-0.20000000000000284,6.984615384615384,6.853932584269664,0.13068280034571966,24.9,25.1,-0.20000000000000284,6.912087912087911,7.422471910112361,-0.5103839980244507,24.9,25.1,-0.20000000000000284,8.292307692307691,8.310112359550564,-0.01780466724287244,24.9,25.1,-0.20000000000000284,7.964835164835164,8.435955056179777,-0.4711198913446131,24.9,25.1,-0.20000000000000284,7.938461538461537,7.869662921348315,0.068798617113222,24.9,25.1,-0.20000000000000284,7.797802197802198,8.085393258426967,-0.28759106062476913,24.9,25.1,-0.20000000000000284,5.4219780219780205,5.582022471910113,-0.16004444993209255,24.9,25.1,-0.20000000000000284,5.261538461538461,5.4561797752809,-0.19464131374243898,24.9,25.1,-0.20000000000000284
11,Midiam evaporative cooler (purple),Level2,135.0,60.0,25,TskControl34,2025-02-10 17:38:29,2025-02-10_ID0_NoPCS_Ta25_TskControl34.csv,2025-02-10_ID11_Midiam evaporative cooler (purple)_Level2_Angle135_Distance60_Ta25_TskControl34.csv,-0.5699999999999861,15.693333333333328,0.38000000000000256,-0.6666666666666679,-5.396666666666661,-0.10333333333333883,-5.190000000000005,-6.526666666666678,-6.529999999999998,0.5499999999999972,-5.95333333333334,8.74666666666667,-4.0166666666666515,11.053333333333327,2.3766666666666794,1.0,-2.5600000000000023,2.3066666666666578,-4.079999999999998,3.460000000000008,-1.2433333333333252,-1.1466666666666683,-1.3600000000000136,24.9,25.0,66.79,0.0,25.0,25.87,34.0,34.0,34.0,34.0,34.0,34.0,34.0,34.0,34.0,34.0,34.0,34.0,34.0,34.0,34.0,34.0,34.0,34.0,34.0,34.0,34.0,34.0,34.0,55.050000000000004,65.83333333333333,18.200000000000003,27.933333333333334,27.183333333333337,36.81666666666666,35.15,50.73333333333333,27.05,50.25,49.06666666666666,71.86666666666667,71.98333333333333,105.13333333333333,84.41666666666667,62.0,63.5,76.26666666666667,71.0,73.5,70.71666666666667,48.53333333333333,47.19999999999999,25.1,25.1,69.38,0.17,25.1,26.15,34.0,34.0,34.0,34.0,34.0,34.0,34.0,34.0,34.0,34.0,34.0,34.0,34.0,34.0,34.0,34.0,34.0,34.0,34.0,34.0,34.0,34.0,34.0,55.61999999999999,50.14,17.82,28.6,32.58,36.92,40.34,57.260000000000005,33.58,49.7,55.02,63.120000000000005,75.99999999999999,94.08,82.03999999999999,61.0,66.06,73.96000000000001,75.08,70.03999999999999,71.96,49.68,48.56,7.314814814814814,5.633707865168541,1.6811069496462734,25.0,25.1,-0.10000000000000142,2.0222222222222226,2.0022471910112363,0.019975031210986316,25.0,25.1,-0.10000000000000142,3.1037037037037036,3.2134831460674165,-0.10977944236371284,25.0,25.1,-0.10000000000000142,3.0203703703703706,3.660674157303371,-0.6403037869330004,25.0,25.1,-0.10000000000000142,4.09074074074074,4.1483146067415735,-0.05757386600083336,25.0,25.1,-0.10000000000000142,3.9055555555555554,4.532584269662922,-0.6270287141073667,25.0,25.1,-0.10000000000000142,5.637037037037036,6.433707865168541,-0.7966708281315054,25.0,25.1,-0.10000000000000142,3.0055555555555555,3.773033707865169,-0.7674781523096135,25.0,25.1,-0.10000000000000142,5.583333333333333,5.58426966292135,-0.0009363295880167044,25.0,25.1,-0.10000000000000142,5.451851851851852,6.182022471910114,-0.7301706200582618,25.0,25.1,-0.10000000000000142,7.985185185185186,7.092134831460676,0.8930503537245098,25.0,25.1,-0.10000000000000142,7.9981481481481485,8.539325842696629,-0.5411776945484803,25.0,25.1,-0.10000000000000142,11.68148148148148,10.570786516853934,1.1106949646275464,25.0,25.1,-0.10000000000000142,9.37962962962963,9.217977528089888,0.16165210153974208,25.0,25.1,-0.10000000000000142,6.888888888888889,6.853932584269664,0.034956304619225165,25.0,25.1,-0.10000000000000142,7.055555555555555,7.422471910112361,-0.36691635455680593,25.0,25.1,-0.10000000000000142,8.474074074074075,8.310112359550564,0.16396171452351105,25.0,25.1,-0.10000000000000142,7.888888888888889,8.435955056179777,-0.5470661672908879,25.0,25.1,-0.10000000000000142,8.166666666666666,7.869662921348315,0.29700374531835116,25.0,25.1,-0.10000000000000142,7.857407407407408,8.085393258426967,-0.22798585101955915,25.0,25.1,-0.10000000000000142,5.392592592592592,5.582022471910113,-0.18942987931752064,25.0,25.1,-0.10000000000000142,5.244444444444444,5.4561797752809,-0.21173533083645601,25.0,25.1,-0.10000000000000142
11,Midiam evaporative cooler (purple),Level1,135.0,60.0,25,TskControl34,2025-02-10 17:25:59,2025-02-10_ID0_NoPCS_Ta25_TskControl34.csv,2025-02-10_ID11_Midiam evaporative cooler (purple)_Level1_Angle135_Distance60_Ta25_TskControl34.csv,-1.539999999999992,8.199999999999996,-0.9200000000000017,-0.860000000000003,-5.899999999999999,0.3999999999999986,-6.980000000000004,-8.680000000000007,-7.859999999999999,0.7800000000000011,-7.299999999999997,7.219999999999999,-5.459999999999994,9.379999999999995,0.0,0.8799999999999955,-4.300000000000011,3.5,-3.4599999999999937,2.920000000000016,-1.559999999999988,-1.6799999999999997,-1.8599999999999994,24.9,25.1,67.63,0.19,24.98,25.91,34.0,34.0,34.0,34.0,34.0,34.0,34.0,34.0,34.0,34.0,34.0,34.0,34.0,34.0,34.0,34.0,34.0,34.0,34.0,34.0,34.0,34.0,34.0,54.08,58.339999999999996,16.9,27.74,26.68,37.32,33.36,48.58,25.72,50.480000000000004,47.720000000000006,70.34,70.53999999999999,103.46,82.03999999999999,61.879999999999995,61.75999999999999,77.46000000000001,71.62,72.96000000000001,70.4,48.0,46.7,25.1,25.1,69.38,0.17,25.1,26.15,34.0,34.0,34.0,34.0,34.0,34.0,34.0,34.0,34.0,34.0,34.0,34.0,34.0,34.0,34.0,34.0,34.0,34.0,34.0,34.0,34.0,34.0,34.0,55.61999999999999,50.14,17.82,28.6,32.58,36.92,40.34,57.260000000000005,33.58,49.7,55.02,63.120000000000005,75.99999999999999,94.08,82.03999999999999,61.0,66.06,73.96000000000001,75.08,70.03999999999999,71.96,49.68,48.56,6.467849223946785,5.633707865168541,0.8341413587782442,24.98,25.1,-0.120000000000001,1.8736141906873613,2.0022471910112363,-0.12863300032387492,24.98,25.1,-0.120000000000001,3.0753880266075386,3.2134831460674165,-0.13809511945987785,24.98,25.1,-0.120000000000001,2.9578713968957873,3.660674157303371,-0.7028027604075837,24.98,25.1,-0.120000000000001,4.137472283813747,4.1483146067415735,-0.010842322927826054,24.98,25.1,-0.120000000000001,3.698447893569845,4.532584269662922,-0.8341363760930771,24.98,25.1,-0.120000000000001,5.385809312638581,6.433707865168541,-1.0478985525299604,24.98,25.1,-0.120000000000001,2.8514412416851442,3.773033707865169,-0.9215924661800248,24.98,25.1,-0.120000000000001,5.596452328159646,5.58426966292135,0.012182665238296586,24.98,25.1,-0.120000000000001,5.290465631929047,6.182022471910114,-0.8915568399810665,24.98,25.1,-0.120000000000001,7.798226164079823,7.092134831460676,0.7060913326191471,24.98,25.1,-0.120000000000001,7.82039911308204,8.539325842696629,-0.7189267296145889,24.98,25.1,-0.120000000000001,11.470066518847007,10.570786516853934,0.8992800019930733,24.98,25.1,-0.120000000000001,9.095343680709535,9.217977528089888,-0.12263384738035299,24.98,25.1,-0.120000000000001,6.860310421286031,6.853932584269664,0.006377837016366961,24.98,25.1,-0.120000000000001,6.8470066518847,7.422471910112361,-0.5754652582276609,24.98,25.1,-0.120000000000001,8.58758314855876,8.310112359550564,0.27747078900819666,24.98,25.1,-0.120000000000001,7.9401330376940145,8.435955056179777,-0.4958220184857627,24.98,25.1,-0.120000000000001,8.08869179600887,7.869662921348315,0.21902887466055532,24.98,25.1,-0.120000000000001,7.8048780487804885,8.085393258426967,-0.28051520964647825,24.98,25.1,-0.120000000000001,5.3215077605321515,5.582022471910113,-0.26051471137796156,24.98,25.1,-0.120000000000001,5.177383592017739,5.4561797752809,-0.2787961832631609,24.98,25.1,-0.120000000000001
11,Midiam evaporative cooler (purple),Level4,135.0,60.0,25,TskControl34,2025-02-10 18:05:59,2025-02-10_ID0_NoPCS_Ta25_TskControl34.csv,2025-02-10_ID11_Midiam evaporative cooler (purple)_Level4_Angle135_Distance60_Ta25_TskControl34.csv,0.5200000000000102,24.219999999999985,2.9200000000000017,-0.6600000000000037,-4.759999999999998,0.6799999999999997,-3.6199999999999974,-2.920000000000009,-3.6999999999999957,1.0200000000000031,-6.299999999999997,9.299999999999997,-5.319999999999993,12.700000000000003,2.7800000000000153,2.3399999999999963,-2.9399999999999977,2.3599999999999994,-3.819999999999993,3.740000000000009,-0.5799999999999841,-0.5600000000000023,-0.35999999999999943,24.8,24.9,67.19,0.02,24.87,25.77,34.0,34.0,34.0,34.0,34.0,34.0,34.0,34.0,34.0,34.0,34.0,34.0,34.0,34.0,34.0,34.0,34.0,34.0,34.0,34.0,34.0,34.0,34.0,56.14,74.35999999999999,20.740000000000002,27.939999999999998,27.82,37.6,36.720000000000006,54.339999999999996,29.880000000000003,50.720000000000006,48.720000000000006,72.42,70.67999999999999,106.78,84.82000000000001,63.339999999999996,63.120000000000005,76.32000000000001,71.26,73.78,71.38000000000001,49.12,48.2,25.1,25.1,69.38,0.17,25.1,26.15,34.0,34.0,34.0,34.0,34.0,34.0,34.0,34.0,34.0,34.0,34.0,34.0,34.0,34.0,34.0,34.0,34.0,34.0,34.0,34.0,34.0,34.0,34.0,55.61999999999999,50.14,17.82,28.6,32.58,36.92,40.34,57.260000000000005,33.58,49.7,55.02,63.120000000000005,75.99999999999999,94.08,82.03999999999999,61.0,66.06,73.96000000000001,75.08,70.03999999999999,71.96,49.68,48.56,8.144578313253012,5.633707865168541,2.5108704480844715,24.87,25.1,-0.23000000000000043,2.2716319824753564,2.0022471910112363,0.2693847914641201,24.87,25.1,-0.23000000000000043,3.060240963855422,3.2134831460674165,-0.15324218221199448,24.87,25.1,-0.23000000000000043,3.047097480832421,3.660674157303371,-0.61357667647095,24.87,25.1,-0.23000000000000043,4.118291347207011,4.1483146067415735,-0.03002325953456264,24.87,25.1,-0.23000000000000043,4.021905805038336,4.532584269662922,-0.5106784646245863,24.869999999999997,25.1,-0.23000000000000398,5.951807228915663,6.433707865168541,-0.4819006362528784,24.87,25.1,-0.23000000000000043,3.2727272727272734,3.773033707865169,-0.5003064351378956,24.87,25.1,-0.23000000000000043,5.555312157721797,5.58426966292135,-0.028957505199552536,24.87,25.1,-0.23000000000000043,5.336254107338446,6.182022471910114,-0.8457683645716676,24.87,25.1,-0.23000000000000043,7.932092004381162,7.092134831460676,0.839957172920486,24.87,25.1,-0.23000000000000043,7.741511500547645,8.539325842696629,-0.7978143421489836,24.87,25.1,-0.23000000000000043,11.695509309967143,10.570786516853934,1.124722793113209,24.87,25.1,-0.23000000000000043,9.290251916757942,9.217977528089888,0.07227438866805436,24.87,25.1,-0.23000000000000043,6.937568455640745,6.853932584269664,0.0836358713710812,24.87,25.1,-0.23000000000000043,6.913472070098577,7.422471910112361,-0.5089998400137841,24.87,25.1,-0.23000000000000043,8.359255202628699,8.310112359550564,0.0491428430781351,24.87,25.1,-0.23000000000000043,7.805038335158819,8.435955056179777,-0.6309167210209585,24.87,25.1,-0.23000000000000043,8.081051478641841,7.869662921348315,0.21138855729352635,24.87,25.1,-0.23000000000000043,7.81818181818182,8.085393258426967,-0.26721144024514665,24.87,25.1,-0.23000000000000043,5.380065717415115,5.582022471910113,-0.20195675449499806,24.87,25.1,-0.23000000000000043,5.279299014238775,5.4561797752809,-0.17688076104212502,24.87,25.1,-0.23000000000000043
11,Midiam evaporative cooler (purple),Level4,135.0,60.0,22,TskControl34,2025-02-24 12:02:16,2025-02-24_ID0_NoPCS_Ta22_TskControl34.csv,2025-02-24_ID11_Midiam evaporative cooler (purple)_Level4_Angle135_Distance60_Ta22_TskControl34.csv,0.46000000000000796,72.94,3.8399999999999963,0.3399999999999963,1.2600000000000051,-2.4000000000000057,-2.920000000000009,-6.339999999999989,-10.079999999999991,0.6800000000000068,-1.1800000000000068,4.940000000000012,1.1400000000000006,8.300000000000026,-3.359999999999985,-3.0400000000000063,-0.7599999999999909,-7.28000000000003,-8.759999999999991,-1.920000000000016,-1.3800000000000239,-0.12000000000000455,-0.2599999999999909,22.2,22.2,23.0,0.15,22.2,21.91,34.0,34.0,34.0,34.0,34.0,34.0,34.0,34.0,34.0,34.0,34.0,34.0,34.0,34.0,34.0,34.0,34.0,34.0,34.0,34.0,34.0,34.0,34.0,76.76,148.98,25.159999999999997,42.379999999999995,46.160000000000004,50.3,55.3,72.56000000000002,46.760000000000005,66.24,73.75999999999999,87.28,106.6,129.62,119.7,78.22,86.12,97.49999999999999,96.1,89.74,94.67999999999999,64.28,65.17999999999999,22.4,22.4,22.88,0.13,22.4,22.0,34.0,34.0,34.0,34.0,34.0,34.0,34.0,34.0,34.0,34.0,34.0,34.0,34.0,34.0,34.0,34.0,34.0,34.0,34.0,34.0,34.0,34.0,34.0,76.3,76.03999999999999,21.32,42.04,44.9,52.7,58.220000000000006,78.9,56.839999999999996,65.55999999999999,74.94,82.33999999999999,105.46,121.31999999999998,123.05999999999999,81.26,86.88,104.78000000000002,104.85999999999999,91.66000000000001,96.06000000000002,64.4,65.43999999999998,12.625423728813558,6.555172413793102,6.070251315020457,22.2,22.4,-0.1999999999999993,2.132203389830508,1.8379310344827584,0.29427235534774954,22.2,22.4,-0.1999999999999993,3.591525423728813,3.624137931034482,-0.032612507305669336,22.2,22.4,-0.1999999999999993,3.911864406779661,3.8706896551724133,0.04117475160724782,22.2,22.4,-0.1999999999999993,4.262711864406779,4.543103448275862,-0.2803915838690827,22.2,22.4,-0.1999999999999993,4.686440677966101,5.018965517241379,-0.332524839275278,22.2,22.4,-0.1999999999999993,6.149152542372883,6.801724137931034,-0.6525715955581513,22.2,22.4,-0.1999999999999993,3.96271186440678,4.8999999999999995,-0.9372881355932194,22.2,22.4,-0.1999999999999993,5.613559322033898,5.651724137931033,-0.03816481589713483,22.2,22.4,-0.1999999999999993,6.250847457627118,6.460344827586206,-0.20949736995908808,22.2,22.4,-0.1999999999999993,7.396610169491525,7.098275862068964,0.29833430742256084,22.2,22.4,-0.1999999999999993,9.033898305084744,9.091379310344825,-0.057481005260081375,22.199999999999996,22.4,-0.20000000000000284,10.984745762711864,10.45862068965517,0.5261250730566935,22.2,22.4,-0.1999999999999993,10.14406779661017,10.60862068965517,-0.4645528930450009,22.2,22.4,-0.1999999999999993,6.628813559322033,7.005172413793103,-0.37635885447106965,22.2,22.4,-0.1999999999999993,7.2983050847457624,7.489655172413792,-0.1913500876680292,22.2,22.4,-0.1999999999999993,8.262711864406779,9.032758620689656,-0.770046756282877,22.2,22.4,-0.1999999999999993,8.144067796610168,9.039655172413791,-0.8955873758036237,22.199999999999996,22.4,-0.20000000000000284,7.605084745762711,7.901724137931034,-0.29663939216832347,22.2,22.4,-0.1999999999999993,8.023728813559321,8.28103448275862,-0.2573056691992992,22.2,22.4,-0.1999999999999993,5.447457627118644,5.551724137931035,-0.10426651081239058,22.2,22.4,-0.1999999999999993,5.523728813559321,5.641379310344825,-0.11765049678550366,22.2,22.4,-0.1999999999999993
11,Midiam evaporative cooler (purple),Level3,135.0,60.0,22,TskControl34,2025-02-24 11:44:51,2025-02-24_ID0_NoPCS_Ta22_TskControl34.csv,2025-02-24_ID11_Midiam evaporative cooler (purple)_Level3_Angle135_Distance60_Ta22_TskControl34.csv,0.3400000000000034,56.24000000000001,2.16,0.12000000000000455,0.6600000000000037,-2.5600000000000023,-2.6200000000000045,-4.500000000000014,-7.8999999999999915,-1.059999999999988,-1.8599999999999994,4.420000000000002,1.2199999999999989,4.5600000000000165,1.3000000000000256,-1.3400000000000176,-3.0200000000000102,-3.6200000000000188,-5.939999999999998,0.05999999999998806,-1.120000000000033,-0.1600000000000108,-0.4999999999999858,22.2,22.3,22.64,0.06,22.26,21.9,34.0,34.0,34.0,34.0,34.0,34.0,34.0,34.0,34.0,34.0,34.0,34.0,34.0,34.0,34.0,34.0,34.0,34.0,34.0,34.0,34.0,34.0,34.0,76.64,132.28,23.48,42.160000000000004,45.56,50.14,55.6,74.39999999999999,48.940000000000005,64.5,73.08,86.75999999999999,106.67999999999999,125.88,124.36000000000001,79.91999999999999,83.85999999999999,101.16,98.91999999999999,91.72,94.93999999999998,64.24,64.94,22.4,22.4,22.88,0.13,22.4,22.0,34.0,34.0,34.0,34.0,34.0,34.0,34.0,34.0,34.0,34.0,34.0,34.0,34.0,34.0,34.0,34.0,34.0,34.0,34.0,34.0,34.0,34.0,34.0,76.3,76.03999999999999,21.32,42.04,44.9,52.7,58.220000000000006,78.9,56.839999999999996,65.55999999999999,74.94,82.33999999999999,105.46,121.31999999999998,123.05999999999999,81.26,86.88,104.78000000000002,104.85999999999999,91.66000000000001,96.06000000000002,64.4,65.43999999999998,11.267461669505964,6.555172413793102,4.712289255712863,22.26,22.4,-0.13999999999999702,2.0000000000000004,1.8379310344827584,0.16206896551724204,22.26,22.4,-0.13999999999999702,3.5911413969335615,3.624137931034482,-0.03299653410092063,22.26,22.4,-0.13999999999999702,3.8807495741056224,3.8706896551724133,0.010059918933209122,22.26,22.4,-0.13999999999999702,4.270868824531517,4.543103448275862,-0.27223462374434515,22.26,22.4,-0.13999999999999702,4.735945485519592,5.018965517241379,-0.28302003172178747,22.26,22.4,-0.13999999999999702,6.337308347529813,6.801724137931034,-0.4644157904012207,22.26,22.4,-0.13999999999999702,4.168654173764907,4.8999999999999995,-0.731345826235092,22.26,22.4,-0.13999999999999702,5.494037478705282,5.651724137931033,-0.15768665922575043,22.26,22.4,-0.13999999999999702,6.224872231686542,6.460344827586206,-0.23547259589966352,22.26,22.4,-0.13999999999999702,7.390119250425895,7.098275862068964,0.2918433883569307,22.26,22.4,-0.13999999999999702,9.086882453151619,9.091379310344825,-0.004496857193206694,22.26,22.4,-0.13999999999999702,10.722316865417378,10.45862068965517,0.26369617576220783,22.26,22.4,-0.13999999999999702,10.59284497444634,10.60862068965517,-0.015775715208830476,22.26,22.4,-0.13999999999999702,6.807495741056218,7.005172413793103,-0.19767667273688527,22.26,22.4,-0.13999999999999702,7.1431005110732535,7.489655172413792,-0.34655466134053814,22.26,22.4,-0.13999999999999702,8.616695059625213,9.032758620689656,-0.4160635610644423,22.26,22.4,-0.13999999999999702,8.425894378194208,9.039655172413791,-0.6137607942195835,22.26,22.4,-0.13999999999999702,7.812606473594549,7.901724137931034,-0.08911766433648527,22.26,22.4,-0.13999999999999702,8.086882453151619,8.28103448275862,-0.19415202960700206,22.26,22.4,-0.13999999999999702,5.4718909710391825,5.551724137931035,-0.07983316689185216,22.26,22.4,-0.13999999999999702,5.531516183986372,5.641379310344825,-0.1098631263584533,22.26,22.4,-0.13999999999999702
11,Midiam evaporative cooler (purple),Level2,135.0,60.0,22,TskControl34,2025-02-24 11:31:31,2025-02-24_ID0_NoPCS_Ta22_TskControl34.csv,2025-02-24_ID11_Midiam evaporative cooler (purple)_Level2_Angle135_Distance60_Ta22_TskControl34.csv,0.4000000000000057,37.760000000000005,0.26000000000000156,0.01999999999999602,2.6799999999999997,-2.6600000000000037,-3.420000000000009,-3.980000000000004,-6.8799999999999955,-0.7199999999999847,-2.1999999999999886,3.740000000000009,0.9000000000000199,5.660000000000039,1.740000000000009,0.2799999999999869,-2.799999999999983,-1.4200000000000301,-0.45999999999997954,0.4399999999999835,-0.680000000000021,-0.30000000000001137,-0.11999999999997613,22.2,22.4,22.27,0.12,22.3,21.9,34.0,34.0,34.0,34.0,34.0,34.0,34.0,34.0,34.0,34.0,34.0,34.0,34.0,34.0,34.0,34.0,34.0,34.0,34.0,34.0,34.0,34.0,34.0,76.7,113.8,21.580000000000002,42.059999999999995,47.58,50.04,54.8,74.92,49.96,64.84,72.74000000000001,86.08,106.36000000000001,126.98000000000002,124.8,81.53999999999999,84.08000000000001,103.35999999999999,104.4,92.1,95.38,64.1,65.32000000000001,22.4,22.4,22.88,0.13,22.4,22.0,34.0,34.0,34.0,34.0,34.0,34.0,34.0,34.0,34.0,34.0,34.0,34.0,34.0,34.0,34.0,34.0,34.0,34.0,34.0,34.0,34.0,34.0,34.0,76.3,76.03999999999999,21.32,42.04,44.9,52.7,58.220000000000006,78.9,56.839999999999996,65.55999999999999,74.94,82.33999999999999,105.46,121.31999999999998,123.05999999999999,81.26,86.88,104.78000000000002,104.85999999999999,91.66000000000001,96.06000000000002,64.4,65.43999999999998,9.726495726495727,6.555172413793102,3.1713233127026257,22.3,22.4,-0.09999999999999787,1.8444444444444448,1.8379310344827584,0.006513409961686367,22.3,22.4,-0.09999999999999787,3.5948717948717945,3.624137931034482,-0.029266136162687584,22.3,22.4,-0.09999999999999787,4.066666666666666,3.8706896551724133,0.19597701149425317,22.299999999999997,22.4,-0.10000000000000142,4.276923076923077,4.543103448275862,-0.26618037135278527,22.3,22.4,-0.09999999999999787,4.683760683760684,5.018965517241379,-0.3352048334806952,22.3,22.4,-0.09999999999999787,6.403418803418804,6.801724137931034,-0.39830533451223005,22.3,22.4,-0.09999999999999787,4.27008547008547,4.8999999999999995,-0.6299145299145295,22.299999999999997,22.4,-0.10000000000000142,5.541880341880343,5.651724137931033,-0.10984379605068995,22.3,22.4,-0.09999999999999787,6.217094017094018,6.460344827586206,-0.24325081049218777,22.3,22.4,-0.09999999999999787,7.357264957264958,7.098275862068964,0.2589890951959939,22.3,22.4,-0.09999999999999787,9.090598290598292,9.091379310344825,-0.000781019746533218,22.3,22.4,-0.09999999999999787,10.852991452991455,10.45862068965517,0.3943707633362852,22.3,22.4,-0.09999999999999787,10.666666666666668,10.60862068965517,0.058045977011497385,22.3,22.4,-0.09999999999999787,6.969230769230769,7.005172413793103,-0.03594164456233351,22.3,22.4,-0.09999999999999787,7.186324786324787,7.489655172413792,-0.3033303860890042,22.3,22.4,-0.09999999999999787,8.834188034188033,9.032758620689656,-0.19857058650162251,22.3,22.4,-0.09999999999999787,8.923076923076923,9.039655172413791,-0.11657824933686811,22.299999999999997,22.4,-0.10000000000000142,7.871794871794871,7.901724137931034,-0.02992926613616298,22.3,22.4,-0.09999999999999787,8.152136752136752,8.28103448275862,-0.12889773062186904,22.299999999999997,22.4,-0.10000000000000142,5.478632478632479,5.551724137931035,-0.07309165929855599,22.3,22.4,-0.09999999999999787,5.5829059829059835,5.641379310344825,-0.058473327438841594,22.3,22.4,-0.09999999999999787
12,Midiam evaporative cooler (white),High,135.0,60.0,22,TskControl34,2025-02-24 13:23:51,2025-02-24_ID0_NoPCS_Ta22_TskControl34.csv,2025-02-24_ID12_Midiam evaporative cooler (white)_High_Angle135_Distance60_Ta22_TskControl34.csv,6.980000000000004,118.78,17.36,7.479999999999997,4.140000000000001,8.46,0.29999999999999005,-1.6800000000000068,-9.82,6.660000000000011,2.140000000000015,14.600000000000009,7.780000000000015,22.340000000000018,-0.5,1.240000000000009,3.3800000000000097,-1.5800000000000125,-1.2399999999999807,0.5599999999999881,1.1999999999999886,-0.28000000000001535,-0.9199999999999875,21.4,21.8,37.98,0.03,21.66,21.68,33.980000000000004,32.599999999999994,34.0,34.0,34.0,34.0,34.0,34.0,34.0,34.0,34.0,34.0,34.0,34.0,34.0,34.0,34.0,34.0,34.0,34.0,34.0,34.0,34.0,83.28,194.82,38.68,49.519999999999996,49.04,61.160000000000004,58.519999999999996,77.22,47.019999999999996,72.22,77.08000000000001,96.94,113.24000000000001,143.66,122.55999999999999,82.50000000000001,90.26,103.2,103.62,92.22,97.26,64.11999999999999,64.52,22.4,22.4,22.88,0.13,22.4,22.0,34.0,34.0,34.0,34.0,34.0,34.0,34.0,34.0,34.0,34.0,34.0,34.0,34.0,34.0,34.0,34.0,34.0,34.0,34.0,34.0,34.0,34.0,34.0,76.3,76.03999999999999,21.32,42.04,44.9,52.7,58.220000000000006,78.9,56.839999999999996,65.55999999999999,74.94,82.33999999999999,105.46,121.31999999999998,123.05999999999999,81.26,86.88,104.78000000000002,104.85999999999999,91.66000000000001,96.06000000000002,64.4,65.43999999999998,17.808043875685566,6.555172413793102,11.252871461892465,21.66,22.4,-0.7399999999999984,3.13452188006483,1.8379310344827584,1.2965908455820714,21.66,22.4,-0.7399999999999984,4.012965964343598,3.624137931034482,0.3888280333091161,21.660000000000004,22.4,-0.7399999999999949,3.974068071312804,3.8706896551724133,0.10337841614039078,21.66,22.4,-0.7399999999999984,4.956239870340357,4.543103448275862,0.4131364220644951,21.66,22.4,-0.7399999999999984,4.742301458670989,5.018965517241379,-0.27666405857039056,21.66,22.4,-0.7399999999999984,6.257698541329011,6.801724137931034,-0.5440255966020224,21.66,22.4,-0.7399999999999984,3.8103727714748783,4.8999999999999995,-1.0896272285251212,21.66,22.4,-0.7399999999999984,5.8525121555915725,5.651724137931033,0.20078801766053989,21.66,22.4,-0.7399999999999984,6.246353322528364,6.460344827586206,-0.2139915050578418,21.66,22.4,-0.7399999999999984,7.855753646677472,7.098275862068964,0.7574777846085077,21.66,22.4,-0.7399999999999984,9.176661264181524,9.091379310344825,0.08528195383669868,21.66,22.4,-0.7399999999999984,11.641815235008103,10.45862068965517,1.183194545352933,21.66,22.4,-0.7399999999999984,9.931928687196109,10.60862068965517,-0.6766920024590615,21.66,22.4,-0.7399999999999984,6.6855753646677485,7.005172413793103,-0.31959704912535436,21.66,22.4,-0.7399999999999984,7.314424635332253,7.489655172413792,-0.17523053708153835,21.66,22.4,-0.7399999999999984,8.363047001620746,9.032758620689656,-0.6697116190689094,21.66,22.4,-0.7399999999999984,8.397082658022692,9.039655172413791,-0.6425725143910999,21.660000000000004,22.4,-0.7399999999999949,7.473257698541329,7.901724137931034,-0.4284664393897053,21.66,22.4,-0.7399999999999984,7.881685575364668,8.28103448275862,-0.3993489073939527,21.66,22.4,-0.7399999999999984,5.1961102106969195,5.551724137931035,-0.3556139272341152,21.659999999999997,22.4,-0.740000000000002,5.228525121555916,5.641379310344825,-0.4128541887889092,21.660000000000004,22.4,-0.7399999999999949
12,Midiam evaporative cooler (white),Mid,135.0,60.0,25,TskControl34,2025-02-11 11:11:01,2025-02-11_ID0_NoPCS_Ta25_TskControl34.csv,2025-02-11_ID12_Midiam evaporative cooler (white)_Mid_Angle135_Distance60_Ta25_TskControl34.csv,2.8399999999999963,61.44000000000001,6.280000000000001,2.0599999999999987,0.9199999999999946,0.6000000000000014,-0.720000000000006,-2.059999999999988,-3.700000000000003,2.1399999999999935,-0.3999999999999986,7.960000000000008,5.160000000000011,16.419999999999987,5.500000000000014,-1.5200000000000031,0.45999999999999375,-1.3400000000000034,-2.1200000000000045,0.21999999999998465,0.45999999999999375,-1.2800000000000011,-2.520000000000003,24.9,25.2,66.79,0.11,25.05,26.05,34.0,34.0,34.0,34.0,34.0,34.0,34.0,34.0,34.0,34.0,34.0,34.0,34.0,34.0,34.0,34.0,34.0,34.0,34.0,34.0,34.0,34.0,34.0,58.94,116.02000000000001,22.54,32.48,34.81999999999999,39.92,41.019999999999996,56.94000000000001,37.3,50.86,53.28000000000001,68.9,75.64,106.85999999999999,89.56000000000002,60.5,68.03999999999999,75.16,74.22,71.36,68.52,47.82,44.54,25.3,25.3,62.41,0.07,25.3,26.08,34.0,34.0,34.0,34.0,34.0,34.0,34.0,34.0,34.0,34.0,34.0,34.0,34.0,34.0,34.0,34.0,34.0,34.0,34.0,34.0,34.0,34.0,34.0,56.1,54.58,16.259999999999998,30.419999999999998,33.9,39.32,41.74,59.0,41.0,48.720000000000006,53.68000000000001,60.94,70.47999999999999,90.44,84.06,62.02,67.58,76.5,76.34,71.14000000000001,68.06,49.1,47.06,12.963128491620115,6.273563218390805,6.689565273229309,25.05,25.3,-0.25,2.518435754189944,1.8689655172413793,0.6494702369485648,25.05,25.3,-0.25,3.6290502793296087,3.496551724137931,0.13249855519167753,25.05,25.3,-0.25,3.890502793296089,3.896551724137931,-0.006048930841842104,25.05,25.3,-0.25,4.460335195530726,4.519540229885058,-0.05920503435433133,25.05,25.3,-0.25,4.583240223463687,4.797701149425288,-0.2144609259616015,25.05,25.3,-0.25,6.362011173184359,6.781609195402299,-0.41959802221794007,25.05,25.3,-0.25,4.167597765363128,4.71264367816092,-0.545045912797792,25.05,25.3,-0.25,5.682681564245811,5.600000000000001,0.08268156424580919,25.05,25.3,-0.25,5.953072625698326,6.170114942528737,-0.21704231683041098,25.05,25.3,-0.25,7.69832402234637,7.004597701149426,0.6937263211969436,25.05,25.3,-0.25,8.451396648044694,8.101149425287355,0.3502472227573392,25.05,25.3,-0.25,11.939664804469274,10.395402298850575,1.5442625056186987,25.05,25.3,-0.25,10.006703910614528,9.662068965517243,0.344634945097285,25.05,25.3,-0.25,6.75977653631285,7.128735632183909,-0.3689590958710589,25.05,25.3,-0.25,7.602234636871508,7.767816091954024,-0.1655814550825161,25.05,25.3,-0.25,8.397765363128492,8.793103448275863,-0.3953380851473707,25.05,25.3,-0.25,8.292737430167598,8.774712643678162,-0.48197521351056416,25.05,25.3,-0.25,7.9731843575419,8.177011494252875,-0.2038271367109754,25.05,25.3,-0.25,7.65586592178771,7.822988505747127,-0.1671225839594177,25.05,25.3,-0.25,5.343016759776536,5.643678160919541,-0.3006614011430049,25.05,25.3,-0.25,4.976536312849162,5.4091954022988515,-0.43265908944968956,25.05,25.3,-0.25
12,Midiam evaporative cooler (white),Low,135.0,60.0,25,TskControl34,2025-02-11 10:59:01,2025-02-11_ID0_NoPCS_Ta25_TskControl34.csv,2025-02-11_ID12_Midiam evaporative cooler (white)_Low_Angle135_Distance60_Ta25_TskControl34.csv,1.7399999999999949,52.14,4.98,2.120000000000001,0.740000000000002,0.23999999999999488,-1.0399999999999991,-2.3999999999999986,-3.8999999999999986,-0.12000000000000455,-0.0800000000000054,1.8599999999999994,3.8599999999999994,4.179999999999993,7.700000000000003,-1.5400000000000063,1.3200000000000074,-1.9200000000000017,-2.079999999999984,-0.5800000000000267,-0.539999999999992,-1.2000000000000028,-1.7199999999999989,25.3,25.3,64.0,0.08,25.3,26.17,34.0,34.0,34.0,34.0,34.0,34.0,34.0,34.0,34.0,34.0,34.0,34.0,34.0,34.0,34.0,34.0,34.0,34.0,34.0,34.0,34.0,34.0,34.0,57.839999999999996,106.72,21.24,32.54,34.64,39.559999999999995,40.7,56.6,37.1,48.6,53.6,62.8,74.33999999999999,94.61999999999999,91.76,60.48,68.9,74.58,74.26000000000002,70.55999999999999,67.52000000000001,47.9,45.34,25.3,25.3,62.41,0.07,25.3,26.08,34.0,34.0,34.0,34.0,34.0,34.0,34.0,34.0,34.0,34.0,34.0,34.0,34.0,34.0,34.0,34.0,34.0,34.0,34.0,34.0,34.0,34.0,34.0,56.1,54.58,16.259999999999998,30.419999999999998,33.9,39.32,41.74,59.0,41.0,48.720000000000006,53.68000000000001,60.94,70.47999999999999,90.44,84.06,62.02,67.58,76.5,76.34,71.14000000000001,68.06,49.1,47.06,12.266666666666667,6.273563218390805,5.993103448275862,25.3,25.3,0.0,2.4413793103448276,1.8689655172413793,0.5724137931034483,25.3,25.3,0.0,3.7402298850574716,3.496551724137931,0.24367816091954042,25.3,25.3,0.0,3.9816091954022994,3.896551724137931,0.08505747126436836,25.3,25.3,0.0,4.547126436781609,4.519540229885058,0.02758620689655089,25.3,25.3,0.0,4.678160919540231,4.797701149425288,-0.11954022988505741,25.3,25.3,0.0,6.505747126436782,6.781609195402299,-0.2758620689655169,25.3,25.3,0.0,4.264367816091955,4.71264367816092,-0.4482758620689653,25.3,25.3,0.0,5.586206896551725,5.600000000000001,-0.013793103448276334,25.3,25.3,0.0,6.1609195402298855,6.170114942528737,-0.009195402298851185,25.3,25.3,0.0,7.218390804597702,7.004597701149426,0.21379310344827562,25.3,25.3,0.0,8.544827586206896,8.101149425287355,0.44367816091954104,25.3,25.3,0.0,10.875862068965517,10.395402298850575,0.48045977011494223,25.3,25.3,0.0,10.54712643678161,9.662068965517243,0.8850574712643677,25.3,25.3,0.0,6.951724137931035,7.128735632183909,-0.17701149425287355,25.3,25.3,0.0,7.919540229885059,7.767816091954024,0.15172413793103523,25.3,25.3,0.0,8.572413793103449,8.793103448275863,-0.22068965517241423,25.3,25.3,0.0,8.53563218390805,8.774712643678162,-0.23908045977011305,25.3,25.3,0.0,8.110344827586205,8.177011494252875,-0.06666666666666998,25.299999999999997,25.3,-3.552713678800501e-15,7.760919540229887,7.822988505747127,-0.06206896551724039,25.3,25.3,0.0,5.505747126436782,5.643678160919541,-0.1379310344827589,25.3,25.3,0.0,5.211494252873564,5.4091954022988515,-0.1977011494252876,25.3,25.3,0.0
12,Midiam evaporative cooler (white),High,135.0,60.0,25,TskControl34,2025-02-11 11:25:01,2025-02-11_ID0_NoPCS_Ta25_TskControl34.csv,2025-02-11_ID12_Midiam evaporative cooler (white)_High_Angle135_Distance60_Ta25_TskControl34.csv,2.979999999999997,62.34,8.16,1.6600000000000001,0.060000000000002274,1.4400000000000048,-0.0799999999999983,-2.6200000000000045,-4.220000000000006,2.9200000000000017,0.3199999999999932,9.5,5.980000000000018,16.019999999999996,4.88000000000001,-0.5200000000000031,-1.059999999999988,-2.0400000000000063,-2.9399999999999977,-0.6800000000000068,1.1400000000000006,-0.3400000000000034,-1.1799999999999997,24.6,25.1,69.72,0.17,24.82,25.86,34.0,34.0,34.0,34.0,34.0,34.0,34.0,34.0,34.0,34.0,34.0,34.0,34.0,34.0,34.0,34.0,34.0,34.0,34.0,34.0,34.0,34.0,34.0,59.08,116.92,24.419999999999998,32.08,33.96,40.760000000000005,41.660000000000004,56.379999999999995,36.779999999999994,51.64000000000001,54.0,70.44,76.46000000000001,106.46,88.94000000000001,61.5,66.52000000000001,74.46,73.4,70.46000000000001,69.2,48.76,45.88,25.3,25.3,62.41,0.07,25.3,26.08,34.0,34.0,34.0,34.0,34.0,34.0,34.0,34.0,34.0,34.0,34.0,34.0,34.0,34.0,34.0,34.0,34.0,34.0,34.0,34.0,34.0,34.0,34.0,56.1,54.58,16.259999999999998,30.419999999999998,33.9,39.32,41.74,59.0,41.0,48.720000000000006,53.68000000000001,60.94,70.47999999999999,90.44,84.06,62.02,67.58,76.5,76.34,71.14000000000001,68.06,49.1,47.06,12.736383442265796,6.273563218390805,6.46282022387499,24.82,25.3,-0.4800000000000004,2.6601307189542482,1.8689655172413793,0.791165201712869,24.82,25.3,-0.4800000000000004,3.494553376906318,3.496551724137931,-0.0019983472316131845,24.82,25.3,-0.4800000000000004,3.6993464052287583,3.896551724137931,-0.1972053189091727,24.82,25.3,-0.4800000000000004,4.4400871459695,4.519540229885058,-0.07945308391555805,24.82,25.3,-0.4800000000000004,4.538126361655774,4.797701149425288,-0.25957478776951426,24.82,25.3,-0.4800000000000004,6.14161220043573,6.781609195402299,-0.6399969949665696,24.82,25.3,-0.4800000000000004,4.006535947712417,4.71264367816092,-0.7061077304485028,24.82,25.3,-0.4800000000000004,5.625272331154685,5.600000000000001,0.025272331154683414,24.82,25.3,-0.4800000000000004,5.882352941176471,6.170114942528737,-0.2877620013522657,24.82,25.3,-0.4800000000000004,7.673202614379085,7.004597701149426,0.6686049132296592,24.82,25.3,-0.4800000000000004,8.328976034858389,8.101149425287355,0.22782660957103396,24.82,25.3,-0.4800000000000004,11.596949891067538,10.395402298850575,1.2015475922169632,24.82,25.3,-0.4800000000000004,9.688453159041396,9.662068965517243,0.026384193524153332,24.82,25.3,-0.4800000000000004,6.699346405228758,7.128735632183909,-0.42938922695515025,24.82,25.3,-0.4800000000000004,7.246187363834424,7.767816091954024,-0.5216287281195999,24.82,25.3,-0.4800000000000004,8.11111111111111,8.793103448275863,-0.6819923371647523,24.82,25.3,-0.4800000000000004,7.995642701525055,8.774712643678162,-0.7790699421531073,24.82,25.3,-0.4800000000000004,7.675381263616559,8.177011494252875,-0.5016302306363167,24.82,25.3,-0.4800000000000004,7.538126361655774,7.822988505747127,-0.28486214409135346,24.82,25.3,-0.4800000000000004,5.311546840958606,5.643678160919541,-0.3321313199609355,24.82,25.3,-0.4800000000000004,4.9978213507625275,5.4091954022988515,-0.411374051536324,24.82,25.3,-0.4800000000000004
12,Midiam evaporative cooler (white),Low,135.0,60.0,22,TskControl34,2025-02-24 12:19:06,2025-02-24_ID0_NoPCS_Ta22_TskControl34.csv,2025-02-24_ID12_Midiam evaporative cooler (white)_Low_Angle135_Distance60_Ta22_TskControl34.csv,1.2399999999999949,101.57999999999998,1.7800000000000011,5.5,0.5200000000000031,3.680000000000007,-3.000000000000014,-6.820000000000007,-11.100000000000001,1.6800000000000068,-3.1400000000000006,6.140000000000001,-1.4399999999999835,14.440000000000012,-1.6199999999999761,-2.960000000000008,-3.4199999999999875,-6.260000000000005,-13.839999999999975,-2.1200000000000188,-2.3400000000000176,0.01999999999999602,-0.4999999999999716,22.2,22.2,23.5,0.14,22.2,21.83,34.0,34.0,34.0,34.0,34.0,34.0,34.0,34.0,34.0,34.0,34.0,34.0,34.0,34.0,34.0,34.0,34.0,34.0,34.0,34.0,34.0,34.0,34.0,77.53999999999999,177.61999999999998,23.1,47.54,45.42,56.38000000000001,55.21999999999999,72.08,45.739999999999995,67.24,71.8,88.47999999999999,104.02000000000001,135.76,121.44000000000001,78.3,83.46000000000001,98.52000000000001,91.02000000000001,89.53999999999999,93.72,64.42,64.94000000000001,22.4,22.4,22.88,0.13,22.4,22.0,34.0,34.0,34.0,34.0,34.0,34.0,34.0,34.0,34.0,34.0,34.0,34.0,34.0,34.0,34.0,34.0,34.0,34.0,34.0,34.0,34.0,34.0,34.0,76.3,76.03999999999999,21.32,42.04,44.9,52.7,58.220000000000006,78.9,56.839999999999996,65.55999999999999,74.94,82.33999999999999,105.46,121.31999999999998,123.05999999999999,81.26,86.88,104.78000000000002,104.85999999999999,91.66000000000001,96.06000000000002,64.4,65.43999999999998,15.052542372881353,6.555172413793102,8.497369959088251,22.2,22.4,-0.1999999999999993,1.957627118644068,1.8379310344827584,0.1196960841613095,22.2,22.4,-0.1999999999999993,4.0288135593220336,3.624137931034482,0.40467562828755144,22.2,22.4,-0.1999999999999993,3.8491525423728814,3.8706896551724133,-0.021537112799531855,22.2,22.4,-0.1999999999999993,4.777966101694916,4.543103448275862,0.23486265341905366,22.2,22.4,-0.1999999999999993,4.679661016949152,5.018965517241379,-0.3393045002922275,22.2,22.4,-0.1999999999999993,6.108474576271186,6.801724137931034,-0.6932495616598482,22.2,22.4,-0.1999999999999993,3.876271186440677,4.8999999999999995,-1.0237288135593223,22.2,22.4,-0.1999999999999993,5.698305084745762,5.651724137931033,0.04658094681472935,22.2,22.4,-0.1999999999999993,6.084745762711864,6.460344827586206,-0.3755990648743417,22.2,22.4,-0.1999999999999993,7.498305084745762,7.098275862068964,0.40002922267679786,22.2,22.4,-0.1999999999999993,8.815254237288135,9.091379310344825,-0.27612507305669,22.2,22.4,-0.1999999999999993,11.50508474576271,10.45862068965517,1.0464640561075402,22.2,22.4,-0.1999999999999993,10.291525423728814,10.60862068965517,-0.3170952659263566,22.2,22.4,-0.1999999999999993,6.635593220338983,7.005172413793103,-0.36957919345412016,22.2,22.4,-0.1999999999999993,7.0728813559322035,7.489655172413792,-0.4167738164815882,22.2,22.4,-0.1999999999999993,8.349152542372881,9.032758620689656,-0.6836060783167746,22.199999999999996,22.4,-0.20000000000000284,7.713559322033898,9.039655172413791,-1.3260958503798932,22.2,22.4,-0.1999999999999993,7.588135593220338,7.901724137931034,-0.3135885447106963,22.2,22.4,-0.1999999999999993,7.942372881355932,8.28103448275862,-0.33866160140268864,22.2,22.4,-0.1999999999999993,5.459322033898305,5.551724137931035,-0.09240210403272986,22.2,22.4,-0.1999999999999993,5.503389830508476,5.641379310344825,-0.13798947983634946,22.2,22.4,-0.1999999999999993
12,Midiam evaporative cooler (white),Mid,135.0,60.0,22,TskControl34,2025-02-24 13:02:11,2025-02-24_ID0_NoPCS_Ta22_TskControl34.csv,2025-02-24_ID12_Midiam evaporative cooler (white)_Mid_Angle135_Distance60_Ta22_TskControl34.csv,5.159999999999997,118.68000000000004,11.899999999999999,10.0,5.140000000000008,8.239999999999995,1.9399999999999977,-4.079999999999998,-11.139999999999993,6.460000000000022,0.21999999999999886,10.180000000000007,4.219999999999999,18.540000000000006,0.7000000000000028,-0.9399999999999977,-1.059999999999988,-4.0400000000000205,-9.139999999999986,-0.6000000000000227,-0.040000000000020464,0.15999999999998238,-0.29999999999998295,21.8,21.9,20.83,0.05,21.86,21.62,34.0,32.81999999999999,34.0,34.0,34.0,34.0,34.0,34.0,34.0,34.0,34.0,34.0,34.0,34.0,34.0,34.0,34.0,34.0,34.0,34.0,34.0,34.0,34.0,81.46,194.72000000000003,33.22,52.04,50.040000000000006,60.94,60.160000000000004,74.82000000000001,45.7,72.02000000000001,75.16,92.52,109.67999999999999,139.85999999999999,123.75999999999999,80.32000000000001,85.82000000000001,100.74,95.72,91.05999999999999,96.02,64.55999999999999,65.14,22.4,22.4,22.88,0.13,22.4,22.0,34.0,34.0,34.0,34.0,34.0,34.0,34.0,34.0,34.0,34.0,34.0,34.0,34.0,34.0,34.0,34.0,34.0,34.0,34.0,34.0,34.0,34.0,34.0,76.3,76.03999999999999,21.32,42.04,44.9,52.7,58.220000000000006,78.9,56.839999999999996,65.55999999999999,74.94,82.33999999999999,105.46,121.31999999999998,123.05999999999999,81.26,86.88,104.78000000000002,104.85999999999999,91.66000000000001,96.06000000000002,64.4,65.43999999999998,17.766423357664245,6.555172413793102,11.211250943871143,21.86,22.4,-0.5399999999999991,2.736408566721581,1.8379310344827584,0.8984775322388228,21.86,22.4,-0.5399999999999991,4.28665568369028,3.624137931034482,0.6625177526557979,21.86,22.4,-0.5399999999999991,4.121911037891269,3.8706896551724133,0.2512213827188554,21.86,22.4,-0.5399999999999991,5.019769357495881,4.543103448275862,0.47666590922001895,21.86,22.4,-0.5399999999999991,4.9555189456342665,5.018965517241379,-0.06344657160711265,21.86,22.4,-0.5399999999999991,6.1630971993410215,6.801724137931034,-0.6386269385900123,21.86,22.4,-0.5399999999999991,3.7644151565074138,4.8999999999999995,-1.1355848434925857,21.86,22.4,-0.5399999999999991,5.932454695222406,5.651724137931033,0.2807305572913732,21.86,22.4,-0.5399999999999991,6.191103789126853,6.460344827586206,-0.2692410384593531,21.86,22.4,-0.5399999999999991,7.621087314662272,7.098275862068964,0.5228114525933085,21.86,22.4,-0.5399999999999991,9.034596375617792,9.091379310344825,-0.05678293472703366,21.86,22.4,-0.5399999999999991,11.520593080724876,10.45862068965517,1.0619723910697054,21.86,22.4,-0.5399999999999991,10.194398682042833,10.60862068965517,-0.41422200761233796,21.86,22.4,-0.5399999999999991,6.616144975288304,7.005172413793103,-0.38902743850479915,21.86,22.4,-0.5399999999999991,7.069192751235585,7.489655172413792,-0.42046242117820665,21.86,22.4,-0.5399999999999991,8.29818780889621,9.032758620689656,-0.7345708117934446,21.86,22.4,-0.5399999999999991,7.884678747940692,9.039655172413791,-1.1549764244730998,21.86,22.4,-0.5399999999999991,7.500823723228994,7.901724137931034,-0.40090041470204074,21.86,22.4,-0.5399999999999991,7.909390444810543,8.28103448275862,-0.37164403794807743,21.86,22.4,-0.5399999999999991,5.317957166392091,5.551724137931035,-0.23376697153894366,21.86,22.4,-0.5399999999999991,5.365733113673805,5.641379310344825,-0.27564619667101997,21.86,22.4,-0.5399999999999991
13,Standing evaporative cooler (DeLonghi),High,225.0,150.0,25,TskControl34,2025-02-11 13:41:01,2025-02-11_ID0_NoPCS_Ta25_TskControl34.csv,2025-02-11_ID13_Standing evaporative cooler (DeLonghi)_High_Angle225_Distance150_Ta25_TskControl34.csv,19.119999999999997,52.67999999999999,7.060000000000002,18.259999999999994,3.8200000000000074,37.63999999999999,18.36,15.519999999999996,7.980000000000004,43.46,8.279999999999994,49.96000000000001,34.160000000000025,68.80000000000001,64.68,35.68,17.08,7.099999999999994,2.0799999999999983,2.059999999999988,2.4199999999999875,-0.30000000000000426,-1.3000000000000043,25.0,25.2,64.74,0.12,25.1,25.96,34.0,34.0,34.0,34.0,34.0,34.0,34.0,34.0,34.0,34.0,34.0,34.0,34.0,34.0,34.0,34.0,34.0,34.0,34.0,34.0,34.0,34.0,34.0,75.22,107.25999999999999,23.32,48.67999999999999,37.720000000000006,76.96,60.1,74.52,48.980000000000004,92.18,61.96,110.9,104.64000000000001,159.24,148.74,97.7,84.66,83.6,78.42,73.2,70.47999999999999,48.8,45.76,25.3,25.3,62.41,0.07,25.3,26.08,34.0,34.0,34.0,34.0,34.0,34.0,34.0,34.0,34.0,34.0,34.0,34.0,34.0,34.0,34.0,34.0,34.0,34.0,34.0,34.0,34.0,34.0,34.0,56.1,54.58,16.259999999999998,30.419999999999998,33.9,39.32,41.74,59.0,41.0,48.720000000000006,53.68000000000001,60.94,70.47999999999999,90.44,84.06,62.02,67.58,76.5,76.34,71.14000000000001,68.06,49.1,47.06,12.051685393258428,6.273563218390805,5.778122174867622,25.1,25.3,-0.1999999999999993,2.620224719101124,1.8689655172413793,0.7512592018597446,25.1,25.3,-0.1999999999999993,5.4696629213483146,3.496551724137931,1.9731111972103834,25.1,25.3,-0.1999999999999993,4.238202247191013,3.896551724137931,0.34165052305308174,25.1,25.3,-0.1999999999999993,8.647191011235956,4.519540229885058,4.127650781350898,25.1,25.3,-0.1999999999999993,6.752808988764047,4.797701149425288,1.9551078393387584,25.1,25.3,-0.1999999999999993,8.373033707865169,6.781609195402299,1.5914245124628694,25.1,25.3,-0.1999999999999993,5.5033707865168555,4.71264367816092,0.7907271083559353,25.1,25.3,-0.1999999999999993,10.35730337078652,5.600000000000001,4.757303370786518,25.1,25.3,-0.1999999999999993,6.96179775280899,6.170114942528737,0.7916828102802533,25.1,25.3,-0.1999999999999993,12.460674157303373,7.004597701149426,5.456076456153947,25.1,25.3,-0.1999999999999993,11.75730337078652,8.101149425287355,3.656153945499165,25.1,25.3,-0.1999999999999993,17.892134831460677,10.395402298850575,7.4967325326101015,25.1,25.3,-0.1999999999999993,16.7123595505618,9.662068965517243,7.050290585044557,25.1,25.3,-0.1999999999999993,10.977528089887642,7.128735632183909,3.848792457703733,25.1,25.3,-0.1999999999999993,9.512359550561799,7.767816091954024,1.744543458607775,25.1,25.3,-0.1999999999999993,9.393258426966293,8.793103448275863,0.6001549786904299,25.1,25.3,-0.1999999999999993,8.811235955056182,8.774712643678162,0.03652331137801923,25.1,25.3,-0.1999999999999993,8.224719101123597,8.177011494252875,0.04770760687072162,25.1,25.3,-0.1999999999999993,7.919101123595506,7.822988505747127,0.09611261784837843,25.1,25.3,-0.1999999999999993,5.483146067415731,5.643678160919541,-0.16053209350380993,25.1,25.3,-0.1999999999999993,5.141573033707866,5.4091954022988515,-0.26762236859098554,25.1,25.3,-0.1999999999999993
13,Standing evaporative cooler (DeLonghi),Low,180.0,150.0,25,TskControl34,2025-02-11 13:58:01,2025-02-11_ID0_NoPCS_Ta25_TskControl34.csv,2025-02-11_ID13_Standing evaporative cooler (DeLonghi)_Low_Angle180_Distance150_Ta25_TskControl34.csv,10.199999999999996,45.519999999999996,4.240000000000002,17.040000000000003,8.54,24.08,7.899999999999999,3.799999999999997,6.060000000000002,33.79999999999999,3.019999999999996,38.46000000000001,16.200000000000003,34.89999999999999,19.039999999999992,20.540000000000013,5.980000000000004,-3.6200000000000045,-6.720000000000013,-2.720000000000013,-0.5600000000000023,-0.9400000000000048,-1.4200000000000017,25.0,25.1,64.74,0.07,25.05,25.96,34.0,34.0,34.0,34.0,34.0,34.0,34.0,34.0,34.0,34.0,34.0,34.0,34.0,34.0,34.0,34.0,34.0,34.0,34.0,34.0,34.0,34.0,34.0,66.3,100.1,20.5,47.46,42.44,63.4,49.64,62.8,47.06,82.52,56.7,99.4,86.67999999999999,125.33999999999999,103.1,82.56000000000002,73.56,72.88,69.61999999999999,68.42,67.5,48.16,45.64,25.3,25.3,62.41,0.07,25.3,26.08,34.0,34.0,34.0,34.0,34.0,34.0,34.0,34.0,34.0,34.0,34.0,34.0,34.0,34.0,34.0,34.0,34.0,34.0,34.0,34.0,34.0,34.0,34.0,56.1,54.58,16.259999999999998,30.419999999999998,33.9,39.32,41.74,59.0,41.0,48.720000000000006,53.68000000000001,60.94,70.47999999999999,90.44,84.06,62.02,67.58,76.5,76.34,71.14000000000001,68.06,49.1,47.06,11.184357541899441,6.273563218390805,4.910794323508636,25.05,25.3,-0.25,2.2905027932960897,1.8689655172413793,0.4215372760547105,25.05,25.3,-0.25,5.302793296089386,3.496551724137931,1.806241571951455,25.05,25.3,-0.25,4.741899441340783,3.896551724137931,0.8453477172028516,25.05,25.3,-0.25,7.083798882681565,4.519540229885058,2.564258652796507,25.05,25.3,-0.25,5.5463687150837995,4.797701149425288,0.7486675656585113,25.05,25.3,-0.25,7.016759776536313,6.781609195402299,0.23515058113401377,25.05,25.3,-0.25,5.258100558659218,4.71264367816092,0.545456880498298,25.05,25.3,-0.25,9.220111731843575,5.600000000000001,3.620111731843574,25.05,25.3,-0.25,6.335195530726258,6.170114942528737,0.16508058819752147,25.05,25.3,-0.25,11.106145251396649,7.004597701149426,4.101547550247223,25.05,25.3,-0.25,9.684916201117318,8.101149425287355,1.5837667758299627,25.05,25.3,-0.25,14.004469273743016,10.395402298850575,3.609066974892441,25.05,25.3,-0.25,11.5195530726257,9.662068965517243,1.8574841071084567,25.05,25.3,-0.25,9.224581005586595,7.128735632183909,2.0958453734026863,25.05,25.3,-0.25,8.218994413407822,7.767816091954024,0.4511783214537983,25.05,25.3,-0.25,8.143016759776536,8.793103448275863,-0.6500866884993268,25.05,25.3,-0.25,7.77877094972067,8.774712643678162,-0.9959416939574925,25.05,25.3,-0.25,7.6446927374301685,8.177011494252875,-0.5323187568227068,25.05,25.3,-0.25,7.5418994413407825,7.822988505747127,-0.28108906440634485,25.05,25.3,-0.25,5.381005586592178,5.643678160919541,-0.2626725743273628,25.05,25.3,-0.25,5.099441340782123,5.4091954022988515,-0.30975406151672846,25.05,25.3,-0.25
13,Standing evaporative cooler (DeLonghi),Mid,225.0,150.0,25,TskControl34,2025-02-11 13:26:01,2025-02-11_ID0_NoPCS_Ta25_TskControl34.csv,2025-02-11_ID13_Standing evaporative cooler (DeLonghi)_Mid_Angle225_Distance150_Ta25_TskControl34.csv,16.959999999999987,40.38000000000001,5.420000000000002,16.720000000000002,2.3999999999999986,34.339999999999996,14.420000000000002,11.539999999999992,6.720000000000006,39.34000000000001,6.019999999999996,54.06,34.16,80.96000000000004,63.02000000000001,32.02,15.740000000000009,3.4399999999999835,-1.1200000000000045,0.9999999999999858,-0.5800000000000125,-1.4200000000000017,-1.8000000000000043,25.1,25.2,64.36,0.06,25.16,25.96,34.0,34.0,34.0,34.0,34.0,34.0,34.0,34.0,34.0,34.0,34.0,34.0,34.0,34.0,34.0,34.0,34.0,34.0,34.0,34.0,34.0,34.0,34.0,73.05999999999999,94.96000000000001,21.68,47.14,36.3,73.66,56.160000000000004,70.53999999999999,47.720000000000006,88.06000000000002,59.7,115.0,104.63999999999999,171.40000000000003,147.08,94.04,83.32000000000001,79.93999999999998,75.22,72.14,67.47999999999999,47.68,45.26,25.3,25.3,62.41,0.07,25.3,26.08,34.0,34.0,34.0,34.0,34.0,34.0,34.0,34.0,34.0,34.0,34.0,34.0,34.0,34.0,34.0,34.0,34.0,34.0,34.0,34.0,34.0,34.0,34.0,56.1,54.58,16.259999999999998,30.419999999999998,33.9,39.32,41.74,59.0,41.0,48.720000000000006,53.68000000000001,60.94,70.47999999999999,90.44,84.06,62.02,67.58,76.5,76.34,71.14000000000001,68.06,49.1,47.06,10.742081447963802,6.273563218390805,4.468518229572997,25.16,25.3,-0.14000000000000057,2.4524886877828056,1.8689655172413793,0.5835231705414263,25.16,25.3,-0.14000000000000057,5.332579185520362,3.496551724137931,1.8360274613824306,25.16,25.3,-0.14000000000000057,4.106334841628959,3.896551724137931,0.20978311749102785,25.16,25.3,-0.14000000000000057,8.332579185520363,4.519540229885058,3.813038955635305,25.160000000000004,25.3,-0.13999999999999702,6.352941176470589,4.797701149425288,1.5552400270453006,25.16,25.3,-0.14000000000000057,7.979638009049773,6.781609195402299,1.1980288136474737,25.16,25.3,-0.14000000000000057,5.398190045248869,4.71264367816092,0.6855463670879489,25.16,25.3,-0.14000000000000057,9.961538461538463,5.600000000000001,4.361538461538462,25.16,25.3,-0.14000000000000057,6.753393665158371,6.170114942528737,0.5832787226296343,25.16,25.3,-0.14000000000000057,13.009049773755656,7.004597701149426,6.00445207260623,25.16,25.3,-0.14000000000000057,11.837104072398189,8.101149425287355,3.735954647110834,25.16,25.3,-0.14000000000000057,19.38914027149322,10.395402298850575,8.993737972642643,25.16,25.3,-0.14000000000000057,16.638009049773757,9.662068965517243,6.975940084256514,25.16,25.3,-0.14000000000000057,10.638009049773757,7.128735632183909,3.5092734175898483,25.16,25.3,-0.14000000000000057,9.425339366515837,7.767816091954024,1.6575232745618136,25.16,25.3,-0.14000000000000057,9.042986425339365,8.793103448275863,0.2498829770635016,25.16,25.3,-0.14000000000000057,8.509049773755656,8.774712643678162,-0.2656628699225063,25.16,25.3,-0.14000000000000057,8.160633484162895,8.177011494252875,-0.016378010089979966,25.16,25.3,-0.14000000000000057,7.633484162895926,7.822988505747127,-0.1895043428512011,25.16,25.3,-0.14000000000000057,5.393665158371041,5.643678160919541,-0.2500130025485001,25.16,25.3,-0.14000000000000057,5.119909502262443,5.4091954022988515,-0.2892859000364085,25.16,25.3,-0.14000000000000057
13,Standing evaporative cooler (DeLonghi),High,270.0,150.0,25,TskControl34,2025-02-11 12:23:01,2025-02-11_ID0_NoPCS_Ta25_TskControl34.csv,2025-02-11_ID13_Standing evaporative cooler (DeLonghi)_High_Angle270_Distance150_Ta25_TskControl34.csv,16.160000000000004,59.96000000000001,19.699999999999996,6.300000000000001,3.8600000000000065,45.76,34.1,20.640000000000015,3.299999999999997,25.68,16.019999999999996,23.939999999999998,18.26000000000002,39.32000000000002,25.88000000000001,16.440000000000005,9.920000000000002,6.040000000000006,2.4599999999999937,4.3999999999999915,4.760000000000005,0.6999999999999957,0.6799999999999926,25.1,25.1,61.58,0.11,25.1,25.82,34.0,34.0,34.0,34.0,34.0,34.0,34.0,34.0,34.0,34.0,34.0,34.0,34.0,34.0,34.0,34.0,34.0,34.0,34.0,34.0,34.0,34.0,34.0,72.26,114.54,35.959999999999994,36.72,37.760000000000005,85.08,75.84,79.64000000000001,44.3,74.4,69.7,84.88,88.74000000000001,129.76000000000002,109.94000000000001,78.46000000000001,77.5,82.54,78.8,75.54,72.82000000000001,49.8,47.739999999999995,25.3,25.3,62.41,0.07,25.3,26.08,34.0,34.0,34.0,34.0,34.0,34.0,34.0,34.0,34.0,34.0,34.0,34.0,34.0,34.0,34.0,34.0,34.0,34.0,34.0,34.0,34.0,34.0,34.0,56.1,54.58,16.259999999999998,30.419999999999998,33.9,39.32,41.74,59.0,41.0,48.720000000000006,53.68000000000001,60.94,70.47999999999999,90.44,84.06,62.02,67.58,76.5,76.34,71.14000000000001,68.06,49.1,47.06,12.869662921348317,6.273563218390805,6.5960997029575115,25.1,25.3,-0.1999999999999993,4.040449438202248,1.8689655172413793,2.1714839209608683,25.1,25.3,-0.1999999999999993,4.125842696629214,3.496551724137931,0.6292909724912832,25.1,25.3,-0.1999999999999993,4.2426966292134844,3.896551724137931,0.3461449050755534,25.1,25.3,-0.1999999999999993,9.559550561797755,4.519540229885058,5.040010331912697,25.1,25.3,-0.1999999999999993,8.521348314606744,4.797701149425288,3.7236471651814558,25.1,25.3,-0.1999999999999993,8.948314606741576,6.781609195402299,2.1667054113392767,25.1,25.3,-0.1999999999999993,4.977528089887641,4.71264367816092,0.2648844117267206,25.1,25.3,-0.1999999999999993,8.359550561797755,5.600000000000001,2.759550561797754,25.1,25.3,-0.1999999999999993,7.831460674157305,6.170114942528737,1.6613457316285682,25.1,25.3,-0.1999999999999993,9.537078651685395,7.004597701149426,2.5324809505359687,25.1,25.3,-0.1999999999999993,9.970786516853936,8.101149425287355,1.869637091566581,25.1,25.3,-0.1999999999999993,14.57977528089888,10.395402298850575,4.1843729820483055,25.1,25.3,-0.1999999999999993,12.352808988764048,9.662068965517243,2.6907400232468053,25.1,25.3,-0.1999999999999993,8.815730337078653,7.128735632183909,1.6869947048947447,25.1,25.3,-0.1999999999999993,8.707865168539326,7.767816091954024,0.9400490765853027,25.1,25.3,-0.1999999999999993,9.274157303370789,8.793103448275863,0.4810538550949257,25.1,25.3,-0.1999999999999993,8.853932584269664,8.774712643678162,0.07921994059150173,25.1,25.3,-0.1999999999999993,8.487640449438205,8.177011494252875,0.3106289551853294,25.1,25.3,-0.1999999999999993,8.182022471910114,7.822988505747127,0.3590339661629871,25.1,25.3,-0.1999999999999993,5.595505617977529,5.643678160919541,-0.04817254294201234,25.1,25.3,-0.1999999999999993,5.364044943820225,5.4091954022988515,-0.0451504584786262,25.1,25.3,-0.1999999999999993
13,Standing evaporative cooler (DeLonghi),High,180.0,150.0,22,TskControl34,2025-02-24 16:32:37,2025-02-24_ID0_NoPCS_Ta22_TskControl34.csv,2025-02-24_ID13_Standing evaporative cooler (DeLonghi)_High_Angle180_Distance150_Ta22_TskControl34.csv,24.61999999999999,78.41999999999999,11.920000000000002,27.800000000000004,22.759999999999998,47.16,20.800000000000004,15.279999999999987,14.279999999999994,48.10000000000001,15.439999999999998,56.32000000000001,51.84000000000002,65.48,48.300000000000026,50.92,36.16000000000001,13.09999999999998,-3.9599999999999795,1.8399999999999892,-3.2000000000000313,0.03999999999999204,-4.059999999999988,22.0,22.1,31.2,0.0,22.1,21.86,34.0,34.0,34.0,34.0,34.0,34.0,34.0,34.0,34.0,34.0,34.0,34.0,34.0,34.0,34.0,34.0,34.0,34.0,34.0,34.0,34.0,34.0,34.0,100.91999999999999,154.45999999999998,33.24,69.84,67.66,99.86,79.02000000000001,94.17999999999999,71.11999999999999,113.66,90.38,138.66,157.3,186.79999999999998,171.36,132.18,123.04,117.88,100.9,93.5,92.85999999999999,64.44,61.379999999999995,22.4,22.4,22.88,0.13,22.4,22.0,34.0,34.0,34.0,34.0,34.0,34.0,34.0,34.0,34.0,34.0,34.0,34.0,34.0,34.0,34.0,34.0,34.0,34.0,34.0,34.0,34.0,34.0,34.0,76.3,76.03999999999999,21.32,42.04,44.9,52.7,58.220000000000006,78.9,56.839999999999996,65.55999999999999,74.94,82.33999999999999,105.46,121.31999999999998,123.05999999999999,81.26,86.88,104.78000000000002,104.85999999999999,91.66000000000001,96.06000000000002,64.4,65.43999999999998,12.97983193277311,6.555172413793102,6.4246595189800075,22.1,22.4,-0.29999999999999716,2.79327731092437,1.8379310344827584,0.9553462764416116,22.1,22.4,-0.29999999999999716,5.868907563025211,3.624137931034482,2.2447696319907293,22.1,22.4,-0.29999999999999716,5.685714285714286,3.8706896551724133,1.8150246305418727,22.1,22.4,-0.29999999999999716,8.391596638655463,4.543103448275862,3.8484931903796005,22.1,22.4,-0.29999999999999716,6.640336134453783,5.018965517241379,1.6213706172124036,22.1,22.4,-0.29999999999999716,7.914285714285715,6.801724137931034,1.1125615763546808,22.1,22.4,-0.29999999999999716,5.976470588235294,4.8999999999999995,1.0764705882352947,22.1,22.4,-0.29999999999999716,9.551260504201682,5.651724137931033,3.8995363662706497,22.1,22.4,-0.29999999999999716,7.594957983193278,6.460344827586206,1.134613155607072,22.1,22.4,-0.29999999999999716,11.652100840336136,7.098275862068964,4.553824978267172,22.1,22.4,-0.29999999999999716,13.218487394957986,9.091379310344825,4.127108084613161,22.1,22.4,-0.29999999999999716,15.69747899159664,10.45862068965517,5.23885830194147,22.1,22.4,-0.29999999999999716,14.400000000000002,10.60862068965517,3.7913793103448317,22.1,22.4,-0.29999999999999716,11.107563025210085,7.005172413793103,4.102390611416983,22.1,22.4,-0.29999999999999716,10.33949579831933,7.489655172413792,2.8498406259055384,22.1,22.4,-0.29999999999999716,9.905882352941177,9.032758620689656,0.8731237322515213,22.1,22.4,-0.29999999999999716,8.478991596638657,9.039655172413791,-0.5606635757751341,22.1,22.4,-0.29999999999999716,7.857142857142858,7.901724137931034,-0.04458128078817669,22.1,22.4,-0.29999999999999716,7.803361344537815,8.28103448275862,-0.4776731382208057,22.1,22.4,-0.29999999999999716,5.415126050420168,5.551724137931035,-0.13659808751086633,22.1,22.4,-0.29999999999999716,5.157983193277311,5.641379310344825,-0.48339611706751384,22.1,22.4,-0.29999999999999716
13,Standing evaporative cooler (DeLonghi),High,225.0,150.0,22,TskControl34,2025-02-24 15:31:51,2025-02-24_ID0_NoPCS_Ta22_TskControl34.csv,2025-02-24_ID13_Standing evaporative cooler (DeLonghi)_High_Angle225_Distance150_Ta22_TskControl34.csv,25.42,49.81999999999999,9.319999999999997,20.739999999999995,5.719999999999992,46.5,15.959999999999987,19.219999999999985,8.580000000000005,50.74000000000001,9.38000000000001,73.32000000000001,61.84000000000002,83.62000000000002,87.52,58.11999999999999,27.900000000000006,11.999999999999986,2.7800000000000296,8.61999999999999,0.9399999999999835,0.47999999999998977,-3.519999999999982,22.0,22.0,29.7,0.0,22.0,21.75,33.9,34.0,34.0,34.0,34.0,34.0,34.0,34.0,34.0,34.0,34.0,34.0,34.0,31.520000000000003,33.980000000000004,34.0,34.0,34.0,34.0,34.0,34.0,34.0,34.0,101.72,125.85999999999999,30.639999999999997,62.779999999999994,50.61999999999999,99.2,74.17999999999999,98.11999999999999,65.42,116.3,84.32000000000001,155.66,167.3,204.94,210.57999999999998,139.38,114.78,116.78,107.64000000000001,100.28,97.0,64.88,61.92,22.4,22.4,22.88,0.13,22.4,22.0,34.0,34.0,34.0,34.0,34.0,34.0,34.0,34.0,34.0,34.0,34.0,34.0,34.0,34.0,34.0,34.0,34.0,34.0,34.0,34.0,34.0,34.0,34.0,76.3,76.03999999999999,21.32,42.04,44.9,52.7,58.220000000000006,78.9,56.839999999999996,65.55999999999999,74.94,82.33999999999999,105.46,121.31999999999998,123.05999999999999,81.26,86.88,104.78000000000002,104.85999999999999,91.66000000000001,96.06000000000002,64.4,65.43999999999998,10.488333333333332,6.555172413793102,3.9331609195402297,22.0,22.4,-0.3999999999999986,2.5533333333333332,1.8379310344827584,0.7154022988505748,22.0,22.4,-0.3999999999999986,5.2316666666666665,3.624137931034482,1.6075287356321843,22.0,22.4,-0.3999999999999986,4.218333333333333,3.8706896551724133,0.34764367816091957,22.0,22.4,-0.3999999999999986,8.266666666666667,4.543103448275862,3.7235632183908054,22.0,22.4,-0.3999999999999986,6.181666666666666,5.018965517241379,1.1627011494252866,22.0,22.4,-0.3999999999999986,8.176666666666666,6.801724137931034,1.374942528735632,22.0,22.4,-0.3999999999999986,5.451666666666667,4.8999999999999995,0.5516666666666676,22.0,22.4,-0.3999999999999986,9.691666666666666,5.651724137931033,4.039942528735634,22.0,22.4,-0.3999999999999986,7.026666666666667,6.460344827586206,0.5663218390804614,22.0,22.4,-0.3999999999999986,12.971666666666666,7.098275862068964,5.873390804597702,22.0,22.4,-0.3999999999999986,13.941666666666668,9.091379310344825,4.850287356321843,22.0,22.4,-0.3999999999999986,21.52731092436974,10.45862068965517,11.06869023471457,22.0,22.4,-0.3999999999999986,17.577629382303833,10.60862068965517,6.9690086926486625,22.0,22.4,-0.3999999999999986,11.615,7.005172413793103,4.609827586206897,22.0,22.4,-0.3999999999999986,9.565,7.489655172413792,2.075344827586208,22.0,22.4,-0.3999999999999986,9.731666666666667,9.032758620689656,0.6989080459770118,22.0,22.4,-0.3999999999999986,8.97,9.039655172413791,-0.06965517241379082,22.0,22.4,-0.3999999999999986,8.356666666666667,7.901724137931034,0.454942528735633,22.0,22.4,-0.3999999999999986,8.083333333333334,8.28103448275862,-0.19770114942528672,22.0,22.4,-0.3999999999999986,5.406666666666666,5.551724137931035,-0.1450574712643684,22.0,22.4,-0.3999999999999986,5.16,5.641379310344825,-0.48137931034482495,22.0,22.4,-0.3999999999999986
13,Standing evaporative cooler (DeLonghi),High,270.0,150.0,22,TskControl34,2025-02-24 14:52:21,2025-02-24_ID0_NoPCS_Ta22_TskControl34.csv,2025-02-24_ID13_Standing evaporative cooler (DeLonghi)_High_Angle270_Distance150_Ta22_TskControl34.csv,20.24000000000001,72.50000000000003,22.660000000000004,5.68,4.300000000000004,59.019999999999996,35.43999999999999,27.299999999999997,0.4200000000000088,29.60000000000001,23.25999999999999,34.040000000000006,23.68000000000002,62.24000000000002,19.960000000000022,29.59999999999998,17.879999999999995,4.59999999999998,4.240000000000009,3.1199999999999903,2.9999999999999716,1.1799999999999926,0.2400000000000233,22.0,22.0,30.76,0.2,22.0,21.76,34.0,34.0,34.0,34.0,34.0,34.0,34.0,34.0,34.0,34.0,34.0,34.0,34.0,34.0,34.0,33.980000000000004,34.0,34.0,34.0,34.0,34.0,34.0,34.0,96.54,148.54000000000002,43.980000000000004,47.72,49.2,111.72,93.66,106.2,57.260000000000005,95.16,98.19999999999999,116.38,129.14000000000001,183.56,143.02,110.85999999999999,104.75999999999999,109.38,109.1,94.78,99.05999999999999,65.58,65.68,22.4,22.4,22.88,0.13,22.4,22.0,34.0,34.0,34.0,34.0,34.0,34.0,34.0,34.0,34.0,34.0,34.0,34.0,34.0,34.0,34.0,34.0,34.0,34.0,34.0,34.0,34.0,34.0,34.0,76.3,76.03999999999999,21.32,42.04,44.9,52.7,58.220000000000006,78.9,56.839999999999996,65.55999999999999,74.94,82.33999999999999,105.46,121.31999999999998,123.05999999999999,81.26,86.88,104.78000000000002,104.85999999999999,91.66000000000001,96.06000000000002,64.4,65.43999999999998,12.378333333333336,6.555172413793102,5.823160919540234,22.0,22.4,-0.3999999999999986,3.6650000000000005,1.8379310344827584,1.827068965517242,22.0,22.4,-0.3999999999999986,3.9766666666666666,3.624137931034482,0.35252873563218445,22.0,22.4,-0.3999999999999986,4.1000000000000005,3.8706896551724133,0.22931034482758728,22.0,22.4,-0.3999999999999986,9.31,4.543103448275862,4.766896551724138,22.0,22.4,-0.3999999999999986,7.805,5.018965517241379,2.7860344827586205,22.0,22.4,-0.3999999999999986,8.85,6.801724137931034,2.048275862068966,22.0,22.4,-0.3999999999999986,4.771666666666667,4.8999999999999995,-0.12833333333333208,22.0,22.4,-0.3999999999999986,7.93,5.651724137931033,2.278275862068967,22.0,22.4,-0.3999999999999986,8.183333333333332,6.460344827586206,1.722988505747126,22.0,22.4,-0.3999999999999986,9.698333333333332,7.098275862068964,2.6000574712643685,22.0,22.4,-0.3999999999999986,10.761666666666668,9.091379310344825,1.6702873563218432,22.0,22.4,-0.3999999999999986,15.296666666666667,10.45862068965517,4.838045977011497,22.0,22.4,-0.3999999999999986,11.918333333333335,10.60862068965517,1.3097126436781643,22.0,22.4,-0.3999999999999986,9.253756260434052,7.005172413793103,2.2485838466409493,22.0,22.4,-0.3999999999999986,8.729999999999999,7.489655172413792,1.240344827586207,22.0,22.4,-0.3999999999999986,9.115,9.032758620689656,0.0822413793103447,22.0,22.4,-0.3999999999999986,9.091666666666667,9.039655172413791,0.05201149425287532,22.0,22.4,-0.3999999999999986,7.898333333333333,7.901724137931034,-0.003390804597700914,22.0,22.4,-0.3999999999999986,8.254999999999999,8.28103448275862,-0.026034482758621635,22.0,22.4,-0.3999999999999986,5.465,5.551724137931035,-0.08672413793103484,22.0,22.4,-0.3999999999999986,5.473333333333334,5.641379310344825,-0.1680459770114915,22.0,22.4,-0.3999999999999986
13,Standing evaporative cooler (DeLonghi),Low,180.0,150.0,22,TskControl34,2025-02-24 15:44:00,2025-02-24_ID0_NoPCS_Ta22_TskControl34.csv,2025-02-24_ID13_Standing evaporative cooler (DeLonghi)_Low_Angle180_Distance150_Ta22_TskControl34.csv,13.079999999999998,61.72,6.579999999999998,20.799999999999997,13.38000000000001,37.28,11.18,5.679999999999993,6.300000000000004,35.38000000000001,4.700000000000003,34.42,20.980000000000018,46.92000000000003,12.980000000000032,29.19999999999999,13.080000000000013,-2.980000000000004,-7.839999999999975,-0.8600000000000136,-5.6200000000000045,0.6200000000000045,-3.839999999999982,22.1,22.1,30.79,0.0,22.1,21.85,34.0,34.0,34.0,34.0,34.0,34.0,34.0,34.0,34.0,34.0,34.0,34.0,34.0,34.08,34.0,34.0,34.0,34.0,34.0,34.0,34.0,34.0,34.0,89.38,137.76,27.9,62.839999999999996,58.28000000000001,89.98,69.4,84.58,63.14,100.94,79.64,116.75999999999999,126.44000000000001,168.24,136.04000000000002,110.46,99.96000000000001,101.80000000000001,97.02000000000001,90.8,90.44000000000001,65.02000000000001,61.6,22.4,22.4,22.88,0.13,22.4,22.0,34.0,34.0,34.0,34.0,34.0,34.0,34.0,34.0,34.0,34.0,34.0,34.0,34.0,34.0,34.0,34.0,34.0,34.0,34.0,34.0,34.0,34.0,34.0,76.3,76.03999999999999,21.32,42.04,44.9,52.7,58.220000000000006,78.9,56.839999999999996,65.55999999999999,74.94,82.33999999999999,105.46,121.31999999999998,123.05999999999999,81.26,86.88,104.78000000000002,104.85999999999999,91.66000000000001,96.06000000000002,64.4,65.43999999999998,11.576470588235296,6.555172413793102,5.021298174442194,22.1,22.4,-0.29999999999999716,2.3445378151260505,1.8379310344827584,0.5066067806432921,22.1,22.4,-0.29999999999999716,5.280672268907563,3.624137931034482,1.6565343378730808,22.1,22.4,-0.29999999999999716,4.89747899159664,3.8706896551724133,1.0267893364242267,22.1,22.4,-0.29999999999999716,7.561344537815128,4.543103448275862,3.0182410895392655,22.1,22.4,-0.29999999999999716,5.831932773109245,5.018965517241379,0.812967255867866,22.1,22.4,-0.29999999999999716,7.1075630252100845,6.801724137931034,0.30583888727905073,22.1,22.4,-0.29999999999999716,5.305882352941177,4.8999999999999995,0.4058823529411777,22.1,22.4,-0.29999999999999716,8.48235294117647,5.651724137931033,2.830628803245438,22.1,22.4,-0.29999999999999716,6.692436974789917,6.460344827586206,0.23209214720371119,22.1,22.4,-0.29999999999999716,9.811764705882354,7.098275862068964,2.7134888438133897,22.1,22.4,-0.29999999999999716,10.625210084033617,9.091379310344825,1.5338307736887913,22.1,22.4,-0.29999999999999716,14.043405676126882,10.45862068965517,3.5847849864717123,22.1,22.4,-0.29999999999999716,11.431932773109247,10.60862068965517,0.823312083454077,22.1,22.4,-0.29999999999999716,9.282352941176471,7.005172413793103,2.2771805273833685,22.1,22.4,-0.29999999999999716,8.400000000000002,7.489655172413792,0.9103448275862105,22.1,22.4,-0.29999999999999716,8.554621848739497,9.032758620689656,-0.47813677195015813,22.1,22.4,-0.29999999999999716,8.15294117647059,9.039655172413791,-0.886713995943202,22.1,22.4,-0.29999999999999716,7.630252100840337,7.901724137931034,-0.2714720370906978,22.1,22.4,-0.29999999999999716,7.600000000000002,8.28103448275862,-0.6810344827586183,22.1,22.4,-0.29999999999999716,5.463865546218489,5.551724137931035,-0.0878585917125454,22.1,22.4,-0.29999999999999716,5.176470588235295,5.641379310344825,-0.4649087221095298,22.1,22.4,-0.29999999999999716
13,Standing evaporative cooler (DeLonghi),Low,225.0,150.0,22,TskControl34,2025-02-24 15:08:36,2025-02-24_ID0_NoPCS_Ta22_TskControl34.csv,2025-02-24_ID13_Standing evaporative cooler (DeLonghi)_Low_Angle225_Distance150_Ta22_TskControl34.csv,15.159999999999997,40.70000000000002,5.879999999999999,16.1,1.6600000000000037,37.22,10.13999999999998,9.120000000000005,2.6200000000000045,37.08,6.799999999999997,46.74000000000002,29.459999999999994,81.50000000000001,46.44000000000004,33.260000000000005,15.200000000000003,-2.940000000000012,-3.1599999999999824,1.7800000000000011,-2.960000000000022,0.05999999999998806,-3.1599999999999753,21.9,22.0,30.52,0.03,21.96,21.84,34.0,34.0,34.0,34.0,34.0,34.0,34.0,34.0,34.0,34.0,34.0,34.0,34.0,33.72,34.0,34.0,34.0,34.0,34.0,34.0,34.0,34.0,34.0,91.46,116.74000000000001,27.2,58.14,46.56,89.92,68.35999999999999,88.02000000000001,59.46,102.63999999999999,81.74,129.08,134.92,202.82,169.50000000000003,114.52000000000001,102.08,101.84,101.7,93.44000000000001,93.1,64.46,62.28000000000001,22.4,22.4,22.88,0.13,22.4,22.0,34.0,34.0,34.0,34.0,34.0,34.0,34.0,34.0,34.0,34.0,34.0,34.0,34.0,34.0,34.0,34.0,34.0,34.0,34.0,34.0,34.0,34.0,34.0,76.3,76.03999999999999,21.32,42.04,44.9,52.7,58.220000000000006,78.9,56.839999999999996,65.55999999999999,74.94,82.33999999999999,105.46,121.31999999999998,123.05999999999999,81.26,86.88,104.78000000000002,104.85999999999999,91.66000000000001,96.06000000000002,64.4,65.43999999999998,9.696013289036546,6.555172413793102,3.1408408752434447,21.96,22.4,-0.4399999999999977,2.259136212624585,1.8379310344827584,0.42120517814182645,21.96,22.4,-0.4399999999999977,4.8289036544850505,3.624137931034482,1.2047657234505684,21.96,22.4,-0.4399999999999977,3.8671096345514955,3.8706896551724133,-0.0035800206209177787,21.96,22.4,-0.4399999999999977,7.468438538205981,4.543103448275862,2.925335089930119,21.96,22.4,-0.4399999999999977,5.677740863787375,5.018965517241379,0.6587753465459958,21.96,22.4,-0.4399999999999977,7.310631229235882,6.801724137931034,0.5089070913048479,21.96,22.4,-0.4399999999999977,4.938538205980067,4.8999999999999995,0.03853820598006763,21.96,22.4,-0.4399999999999977,8.524916943521594,5.651724137931033,2.873192805590562,21.96,22.4,-0.4399999999999977,6.789036544850498,6.460344827586206,0.32869171726429247,21.96,22.4,-0.4399999999999977,10.72093023255814,7.098275862068964,3.622654370489177,21.96,22.4,-0.4399999999999977,11.205980066445182,9.091379310344825,2.114600756100357,21.96,22.4,-0.4399999999999977,17.246598639455783,10.45862068965517,6.787977949800613,21.96,22.4,-0.4399999999999977,14.078073089701,10.60862068965517,3.4694524000458298,21.96,22.4,-0.4399999999999977,9.511627906976745,7.005172413793103,2.5064554931836422,21.96,22.4,-0.4399999999999977,8.478405315614618,7.489655172413792,0.9887501432008259,21.96,22.4,-0.4399999999999977,8.458471760797343,9.032758620689656,-0.5742868598923128,21.96,22.4,-0.4399999999999977,8.4468438538206,9.039655172413791,-0.592811318593192,21.96,22.4,-0.4399999999999977,7.760797342192692,7.901724137931034,-0.14092679573834221,21.96,22.4,-0.4399999999999977,7.732558139534884,8.28103448275862,-0.5484763432237365,21.96,22.4,-0.4399999999999977,5.353820598006644,5.551724137931035,-0.1979035399243907,21.96,22.4,-0.4399999999999977,5.172757475083057,5.641379310344825,-0.4686218352617679,21.96,22.4,-0.4399999999999977
13,Standing evaporative cooler (DeLonghi),Low,225.0,150.0,25,TskControl34,2025-02-11 13:13:01,2025-02-11_ID0_NoPCS_Ta25_TskControl34.csv,2025-02-11_ID13_Standing evaporative cooler (DeLonghi)_Low_Angle225_Distance150_Ta25_TskControl34.csv,12.199999999999996,33.5,4.060000000000002,14.460000000000012,1.9799999999999969,29.240000000000002,10.999999999999993,6.160000000000011,3.980000000000004,33.02,3.9199999999999946,50.14,22.02000000000001,65.82,40.31999999999999,20.839999999999982,9.560000000000016,-3.200000000000003,-4.319999999999993,-0.5600000000000165,-0.6800000000000068,-0.8400000000000034,-1.3399999999999963,25.1,25.2,63.95,0.05,25.16,26.03,34.0,34.0,34.0,34.0,34.0,34.0,34.0,34.0,34.0,34.0,34.0,34.0,34.0,34.0,34.0,34.0,34.0,34.0,34.0,34.0,34.0,34.0,34.0,68.3,88.08,20.32,44.88000000000001,35.879999999999995,68.56,52.739999999999995,65.16000000000001,44.980000000000004,81.74000000000001,57.6,111.08,92.5,156.26,124.38,82.85999999999999,77.14000000000001,73.3,72.02000000000001,70.58,67.38,48.26,45.720000000000006,25.3,25.3,62.41,0.07,25.3,26.08,34.0,34.0,34.0,34.0,34.0,34.0,34.0,34.0,34.0,34.0,34.0,34.0,34.0,34.0,34.0,34.0,34.0,34.0,34.0,34.0,34.0,34.0,34.0,56.1,54.58,16.259999999999998,30.419999999999998,33.9,39.32,41.74,59.0,41.0,48.720000000000006,53.68000000000001,60.94,70.47999999999999,90.44,84.06,62.02,67.58,76.5,76.34,71.14000000000001,68.06,49.1,47.06,9.963800904977376,6.273563218390805,3.6902376865865705,25.16,25.3,-0.14000000000000057,2.298642533936652,1.8689655172413793,0.4296770166952726,25.16,25.3,-0.14000000000000057,5.076923076923078,3.496551724137931,1.5803713527851473,25.16,25.3,-0.14000000000000057,4.0588235294117645,3.896551724137931,0.16227180527383345,25.16,25.3,-0.14000000000000057,7.755656108597285,4.519540229885058,3.2361158787122273,25.16,25.3,-0.14000000000000057,5.966063348416289,4.797701149425288,1.1683621989910007,25.16,25.3,-0.14000000000000057,7.371040723981902,6.781609195402299,0.5894315285796026,25.16,25.3,-0.14000000000000057,5.088235294117648,4.71264367816092,0.3755916159567274,25.16,25.3,-0.14000000000000057,9.24660633484163,5.600000000000001,3.6466063348416284,25.16,25.3,-0.14000000000000057,6.515837104072398,6.170114942528737,0.3457221615436614,25.16,25.3,-0.14000000000000057,12.565610859728507,7.004597701149426,5.5610131585790805,25.16,25.3,-0.14000000000000057,10.463800904977376,8.101149425287355,2.3626514796900207,25.16,25.3,-0.14000000000000057,17.676470588235293,10.395402298850575,7.281068289384718,25.16,25.3,-0.14000000000000057,14.070135746606335,9.662068965517243,4.408066781089092,25.16,25.3,-0.14000000000000057,9.373303167420813,7.128735632183909,2.2445675352369046,25.16,25.3,-0.14000000000000057,8.726244343891404,7.767816091954024,0.9584282519373799,25.16,25.3,-0.14000000000000057,8.291855203619908,8.793103448275863,-0.5012482446559545,25.159999999999997,25.3,-0.14000000000000412,8.147058823529413,8.774712643678162,-0.6276538201487494,25.16,25.3,-0.14000000000000057,7.984162895927602,8.177011494252875,-0.19284859832527346,25.16,25.3,-0.14000000000000057,7.622171945701357,7.822988505747127,-0.2008165600457703,25.16,25.3,-0.14000000000000057,5.459276018099548,5.643678160919541,-0.18440214281999356,25.16,25.3,-0.14000000000000057,5.171945701357467,5.4091954022988515,-0.2372497009413843,25.16,25.3,-0.14000000000000057
13,Standing evaporative cooler (DeLonghi),High,180.0,150.0,25,TskControl34,2025-02-11 15:26:01,2025-02-11_ID0_NoPCS_Ta25_TskControl34.csv,2025-02-11_ID13_Standing evaporative cooler (DeLonghi)_High_Angle180_Distance150_Ta25_TskControl34.csv,17.4,62.33999999999999,8.040000000000003,21.46000000000001,14.080000000000005,31.759999999999998,14.399999999999999,9.799999999999983,12.61999999999999,43.54000000000001,9.83999999999999,42.86,30.060000000000002,34.400000000000006,37.019999999999996,36.07999999999999,19.440000000000012,8.719999999999999,-3.259999999999991,1.1399999999999864,0.5600000000000023,-0.9200000000000017,-1.1200000000000045,24.9,25.0,68.48,0.02,24.97,26.05,34.0,34.0,34.0,34.0,34.0,34.0,34.0,34.0,34.0,34.0,34.0,34.0,34.0,34.0,34.0,34.0,34.0,34.0,34.0,34.0,34.0,34.0,34.0,73.5,116.91999999999999,24.3,51.88000000000001,47.980000000000004,71.08,56.14,68.79999999999998,53.61999999999999,92.26000000000002,63.519999999999996,103.8,100.53999999999999,124.84,121.08,98.1,87.02000000000001,85.22,73.08000000000001,72.28,68.62,48.18,45.94,25.3,25.3,62.41,0.07,25.3,26.08,34.0,34.0,34.0,34.0,34.0,34.0,34.0,34.0,34.0,34.0,34.0,34.0,34.0,34.0,34.0,34.0,34.0,34.0,34.0,34.0,34.0,34.0,34.0,56.1,54.58,16.259999999999998,30.419999999999998,33.9,39.32,41.74,59.0,41.0,48.720000000000006,53.68000000000001,60.94,70.47999999999999,90.44,84.06,62.02,67.58,76.5,76.34,71.14000000000001,68.06,49.1,47.06,12.947951273532667,6.273563218390805,6.674388055141861,24.97,25.3,-0.33000000000000185,2.6910299003322256,1.8689655172413793,0.8220643830908463,24.97,25.3,-0.33000000000000185,5.745293466223699,3.496551724137931,2.248741742085768,24.97,25.3,-0.33000000000000185,5.313399778516057,3.896551724137931,1.4168480543781263,24.97,25.3,-0.33000000000000185,7.8715393133997775,4.519540229885058,3.3519990835147198,24.97,25.3,-0.33000000000000185,6.217054263565891,4.797701149425288,1.4193531141406028,24.97,25.3,-0.33000000000000185,7.619047619047616,6.781609195402299,0.8374384236453167,24.97,25.3,-0.33000000000000185,5.937984496124029,4.71264367816092,1.225340817963109,24.97,25.3,-0.33000000000000185,10.217054263565892,5.600000000000001,4.61705426356589,24.97,25.3,-0.33000000000000185,7.0343300110741955,6.170114942528737,0.8642150685454588,24.97,25.3,-0.33000000000000185,11.495016611295679,7.004597701149426,4.490418910146253,24.97,25.3,-0.33000000000000185,11.133997785160574,8.101149425287355,3.0328483598732188,24.97,25.3,-0.33000000000000185,13.8250276854928,10.395402298850575,3.4296253866422255,24.97,25.3,-0.33000000000000185,13.40863787375415,9.662068965517243,3.746568908236908,24.97,25.3,-0.33000000000000185,10.86378737541528,7.128735632183909,3.735051743231371,24.97,25.3,-0.33000000000000185,9.636766334440752,7.767816091954024,1.8689502424867284,24.97,25.3,-0.33000000000000185,9.437430786267994,8.793103448275863,0.6443273379921308,24.97,25.3,-0.33000000000000185,8.093023255813954,8.774712643678162,-0.6816893878642087,24.97,25.3,-0.33000000000000185,8.004429678848282,8.177011494252875,-0.17258181540459283,24.97,25.3,-0.33000000000000185,7.599114064230343,7.822988505747127,-0.22387444151678437,24.97,25.3,-0.33000000000000185,5.335548172757474,5.643678160919541,-0.30812998816206694,24.97,25.3,-0.33000000000000185,5.087486157253598,5.4091954022988515,-0.32170924504525367,24.97,25.3,-0.33000000000000185
13,Standing evaporative cooler (DeLonghi),Low,270.0,150.0,25,TskControl34,2025-02-11 12:59:01,2025-02-11_ID0_NoPCS_Ta25_TskControl34.csv,2025-02-11_ID13_Standing evaporative cooler (DeLonghi)_Low_Angle270_Distance150_Ta25_TskControl34.csv,8.499999999999993,40.82000000000001,13.840000000000003,1.7800000000000047,-0.3399999999999963,33.4,24.580000000000005,12.02000000000001,-0.6400000000000006,14.939999999999998,11.099999999999994,8.879999999999995,5.840000000000018,19.419999999999987,13.560000000000002,3.4199999999999946,3.6799999999999926,-1.1599999999999966,-1.1599999999999966,-0.5000000000000142,2.719999999999999,-0.20000000000000284,0.4799999999999969,25.2,25.2,62.38,0.04,25.2,25.97,34.0,34.0,34.0,34.0,34.0,34.0,34.0,34.0,34.0,34.0,34.0,34.0,34.0,34.0,34.0,34.0,34.0,34.0,34.0,34.0,34.0,34.0,34.0,64.6,95.4,30.1,32.2,33.56,72.72,66.32000000000001,71.02000000000001,40.36,63.660000000000004,64.78,69.82,76.32000000000001,109.85999999999999,97.62,65.44,71.25999999999999,75.34,75.18,70.64,70.78,48.9,47.54,25.3,25.3,62.41,0.07,25.3,26.08,34.0,34.0,34.0,34.0,34.0,34.0,34.0,34.0,34.0,34.0,34.0,34.0,34.0,34.0,34.0,34.0,34.0,34.0,34.0,34.0,34.0,34.0,34.0,56.1,54.58,16.259999999999998,30.419999999999998,33.9,39.32,41.74,59.0,41.0,48.720000000000006,53.68000000000001,60.94,70.47999999999999,90.44,84.06,62.02,67.58,76.5,76.34,71.14000000000001,68.06,49.1,47.06,10.84090909090909,6.273563218390805,4.567345872518285,25.2,25.3,-0.10000000000000142,3.4204545454545454,1.8689655172413793,1.5514890282131661,25.2,25.3,-0.10000000000000142,3.659090909090909,3.496551724137931,0.16253918495297803,25.2,25.3,-0.10000000000000142,3.8136363636363635,3.896551724137931,-0.08291536050156756,25.2,25.3,-0.10000000000000142,8.263636363636364,4.519540229885058,3.744096133751306,25.2,25.3,-0.10000000000000142,7.536363636363636,4.797701149425288,2.738662486938348,25.2,25.3,-0.10000000000000142,8.070454545454545,6.781609195402299,1.288845350052246,25.2,25.3,-0.10000000000000142,4.586363636363636,4.71264367816092,-0.12628004179728425,25.2,25.3,-0.10000000000000142,7.234090909090909,5.600000000000001,1.634090909090908,25.2,25.3,-0.10000000000000142,7.361363636363636,6.170114942528737,1.1912486938348996,25.2,25.3,-0.10000000000000142,7.934090909090908,7.004597701149426,0.9294932079414817,25.2,25.3,-0.10000000000000142,8.672727272727274,8.101149425287355,0.5715778474399187,25.2,25.3,-0.10000000000000142,12.484090909090906,10.395402298850575,2.0886886102403306,25.2,25.3,-0.10000000000000142,11.093181818181817,9.662068965517243,1.4311128526645742,25.2,25.3,-0.10000000000000142,7.436363636363636,7.128735632183909,0.307628004179727,25.2,25.3,-0.10000000000000142,8.09772727272727,7.767816091954024,0.3299111807732471,25.2,25.3,-0.10000000000000142,8.561363636363636,8.793103448275863,-0.23173981191222737,25.2,25.3,-0.10000000000000142,8.543181818181818,8.774712643678162,-0.2315308254963444,25.2,25.3,-0.10000000000000142,8.027272727272727,8.177011494252875,-0.14973876698014799,25.2,25.3,-0.10000000000000142,8.043181818181818,7.822988505747127,0.22019331243469065,25.2,25.3,-0.10000000000000142,5.556818181818181,5.643678160919541,-0.08685997910136045,25.2,25.3,-0.10000000000000142,5.4022727272727264,5.4091954022988515,-0.006922675026125091,25.2,25.3,-0.10000000000000142
13,Standing evaporative cooler (DeLonghi),Mid,180.0,150.0,25,TskControl34,2025-02-11 14:18:01,2025-02-11_ID0_NoPCS_Ta25_TskControl34.csv,2025-02-11_ID13_Standing evaporative cooler (DeLonghi)_Mid_Angle180_Distance150_Ta25_TskControl34.csv,13.419999999999995,54.08,6.740000000000002,18.720000000000002,11.480000000000011,27.1,10.080000000000005,3.8200000000000074,8.399999999999999,37.86000000000001,3.739999999999995,49.11999999999999,23.140000000000015,50.5,26.060000000000002,26.979999999999983,9.439999999999998,0.05999999999998806,-7.780000000000001,-0.4200000000000159,-0.28000000000000114,-0.5399999999999991,-0.38000000000000256,25.2,25.1,66.02,0.0,25.1,26.17,34.0,34.0,34.0,34.0,34.0,34.0,34.0,34.0,34.0,34.0,34.0,34.0,34.0,34.0,34.0,34.0,34.0,34.0,34.0,34.0,34.0,34.0,34.0,69.52,108.66,23.0,49.14,45.38000000000001,66.42,51.82000000000001,62.82000000000001,49.4,86.58000000000001,57.42,110.05999999999999,93.62,140.94,110.12,88.99999999999999,77.02,76.55999999999999,68.56,70.72,67.78,48.56,46.68,25.3,25.3,62.41,0.07,25.3,26.08,34.0,34.0,34.0,34.0,34.0,34.0,34.0,34.0,34.0,34.0,34.0,34.0,34.0,34.0,34.0,34.0,34.0,34.0,34.0,34.0,34.0,34.0,34.0,56.1,54.58,16.259999999999998,30.419999999999998,33.9,39.32,41.74,59.0,41.0,48.720000000000006,53.68000000000001,60.94,70.47999999999999,90.44,84.06,62.02,67.58,76.5,76.34,71.14000000000001,68.06,49.1,47.06,12.208988764044946,6.273563218390805,5.935425545654141,25.1,25.3,-0.1999999999999993,2.584269662921349,1.8689655172413793,0.7153041456799696,25.1,25.3,-0.1999999999999993,5.521348314606742,3.496551724137931,2.024796590468811,25.1,25.3,-0.1999999999999993,5.0988764044943835,3.896551724137931,1.2023246803564525,25.1,25.3,-0.1999999999999993,7.462921348314608,4.519540229885058,2.94338111842955,25.1,25.3,-0.1999999999999993,5.822471910112362,4.797701149425288,1.0247707606870735,25.1,25.3,-0.1999999999999993,7.058426966292137,6.781609195402299,0.2768177708898376,25.1,25.3,-0.1999999999999993,5.55056179775281,4.71264367816092,0.8379181195918894,25.1,25.3,-0.1999999999999993,9.728089887640452,5.600000000000001,4.128089887640451,25.1,25.3,-0.1999999999999993,6.451685393258428,6.170114942528737,0.2815704507296912,25.1,25.3,-0.1999999999999993,12.366292134831461,7.004597701149426,5.361694433682035,25.1,25.3,-0.1999999999999993,10.519101123595508,8.101149425287355,2.417951698308153,25.1,25.3,-0.1999999999999993,15.835955056179778,10.395402298850575,5.440552757329202,25.1,25.3,-0.1999999999999993,12.37303370786517,9.662068965517243,2.7109647423479277,25.1,25.3,-0.1999999999999993,10.0,7.128735632183909,2.8712643678160914,25.1,25.3,-0.1999999999999993,8.653932584269663,7.767816091954024,0.8861164923156393,25.1,25.3,-0.1999999999999993,8.602247191011235,8.793103448275863,-0.19085625726462752,25.1,25.3,-0.1999999999999993,7.703370786516856,8.774712643678162,-1.0713418571613067,25.1,25.3,-0.1999999999999993,7.946067415730338,8.177011494252875,-0.23094407852253696,25.1,25.3,-0.1999999999999993,7.615730337078653,7.822988505747127,-0.20725816866847424,25.1,25.3,-0.1999999999999993,5.4561797752809,5.643678160919541,-0.18749838563864163,25.1,25.3,-0.1999999999999993,5.24494382022472,5.4091954022988515,-0.16425158207413126,25.1,25.3,-0.1999999999999993
13,Standing evaporative cooler (DeLonghi),Mid,270.0,150.0,25,TskControl34,2025-11-02 12:48:00,2025-02-11_ID0_NoPCS_Ta25_TskControl34.csv,2025-02-11_ID13_Standing evaporative cooler (DeLonghi)_Mid_Angle270_Distance150_Ta25_TskControl34.csv,12.339999999999996,49.47999999999999,14.920000000000002,4.66,2.8600000000000065,40.080000000000005,28.759999999999998,16.999999999999986,-0.7800000000000011,22.699999999999996,13.319999999999993,23.36,15.820000000000022,36.70000000000002,17.599999999999994,9.279999999999994,6.8799999999999955,1.3599999999999994,-2.0799999999999983,0.5199999999999818,2.5999999999999943,-0.6199999999999974,-0.20000000000000284,,,,,,,34.0,34.0,34.0,34.0,34.0,34.0,34.0,34.0,34.0,34.0,34.0,34.0,34.0,34.0,34.0,34.0,34.0,34.0,34.0,34.0,34.0,34.0,34.0,68.44,104.05999999999999,31.18,35.08,36.760000000000005,79.4,70.5,75.99999999999999,40.22,71.42,67.0,84.3,86.30000000000001,127.14000000000001,101.66,71.3,74.46,77.86,74.26,71.66,70.66,48.480000000000004,46.86,25.3,25.3,62.41,0.07,25.3,26.08,34.0,34.0,34.0,34.0,34.0,34.0,34.0,34.0,34.0,34.0,34.0,34.0,34.0,34.0,34.0,34.0,34.0,34.0,34.0,34.0,34.0,34.0,34.0,56.1,54.58,16.259999999999998,30.419999999999998,33.9,39.32,41.74,59.0,41.0,48.720000000000006,53.68000000000001,60.94,70.47999999999999,90.44,84.06,62.02,67.58,76.5,76.34,71.14000000000001,68.06,49.1,47.06,,6.273563218390805,,,25.3,,,1.8689655172413793,,,25.3,,,3.496551724137931,,,25.3,,,3.896551724137931,,,25.3,,,4.519540229885058,,,25.3,,,4.797701149425288,,,25.3,,,6.781609195402299,,,25.3,,,4.71264367816092,,,25.3,,,5.600000000000001,,,25.3,,,6.170114942528737,,,25.3,,,7.004597701149426,,,25.3,,,8.101149425287355,,,25.3,,,10.395402298850575,,,25.3,,,9.662068965517243,,,25.3,,,7.128735632183909,,,25.3,,,7.767816091954024,,,25.3,,,8.793103448275863,,,25.3,,,8.774712643678162,,,25.3,,,8.177011494252875,,,25.3,,,7.822988505747127,,,25.3,,,5.643678160919541,,,25.3,,,5.4091954022988515,,,25.3,
13,Standing evaporative cooler (DeLonghi),Mid,180.0,150.0,22,TskControl34,2025-02-24 16:20:27,2025-02-24_ID0_NoPCS_Ta22_TskControl34.csv,2025-02-24_ID13_Standing evaporative cooler (DeLonghi)_Mid_Angle180_Distance150_Ta22_TskControl34.csv,21.16000000000001,68.43999999999997,9.719999999999999,25.29999999999999,19.759999999999998,43.32000000000001,17.359999999999992,10.799999999999997,12.680000000000014,43.8,11.219999999999999,55.38000000000001,48.499999999999986,62.22000000000004,42.86,46.56,28.840000000000003,3.6799999999999926,-5.179999999999978,0.4399999999999835,-3.3600000000000136,0.9799999999999898,-3.059999999999974,22.0,22.0,30.12,0.03,22.0,21.84,34.0,34.0,34.0,34.0,34.0,34.0,34.0,34.0,34.0,34.0,34.0,34.0,34.0,34.0,34.0,34.0,34.0,34.0,34.0,34.0,34.0,34.0,34.0,97.46000000000001,144.47999999999996,31.04,67.33999999999999,64.66,96.02000000000001,75.58,89.7,69.52000000000001,109.35999999999999,86.16,137.72,153.95999999999998,183.54000000000002,165.92,127.82000000000001,115.72,108.46000000000001,99.68,92.1,92.7,65.38,62.38000000000001,22.4,22.4,22.88,0.13,22.4,22.0,34.0,34.0,34.0,34.0,34.0,34.0,34.0,34.0,34.0,34.0,34.0,34.0,34.0,34.0,34.0,34.0,34.0,34.0,34.0,34.0,34.0,34.0,34.0,76.3,76.03999999999999,21.32,42.04,44.9,52.7,58.220000000000006,78.9,56.839999999999996,65.55999999999999,74.94,82.33999999999999,105.46,121.31999999999998,123.05999999999999,81.26,86.88,104.78000000000002,104.85999999999999,91.66000000000001,96.06000000000002,64.4,65.43999999999998,12.039999999999997,6.555172413793102,5.484827586206896,22.0,22.4,-0.3999999999999986,2.5866666666666664,1.8379310344827584,0.748735632183908,22.0,22.4,-0.3999999999999986,5.6116666666666655,3.624137931034482,1.9875287356321834,22.0,22.4,-0.3999999999999986,5.388333333333333,3.8706896551724133,1.5176436781609195,22.0,22.4,-0.3999999999999986,8.001666666666667,4.543103448275862,3.458563218390805,22.0,22.4,-0.3999999999999986,6.298333333333333,5.018965517241379,1.2793678160919537,22.0,22.4,-0.3999999999999986,7.4750000000000005,6.801724137931034,0.6732758620689667,22.0,22.4,-0.3999999999999986,5.793333333333334,4.8999999999999995,0.8933333333333344,22.0,22.4,-0.3999999999999986,9.113333333333332,5.651724137931033,3.461609195402299,22.0,22.4,-0.3999999999999986,7.18,6.460344827586206,0.7196551724137938,22.0,22.4,-0.3999999999999986,11.476666666666667,7.098275862068964,4.378390804597703,22.0,22.4,-0.3999999999999986,12.829999999999998,9.091379310344825,3.738620689655173,22.0,22.4,-0.3999999999999986,15.295000000000002,10.45862068965517,4.836379310344832,22.0,22.4,-0.3999999999999986,13.826666666666666,10.60862068965517,3.2180459770114958,22.0,22.4,-0.3999999999999986,10.651666666666667,7.005172413793103,3.6464942528735644,22.0,22.4,-0.3999999999999986,9.643333333333333,7.489655172413792,2.153678160919541,22.0,22.4,-0.3999999999999986,9.038333333333334,9.032758620689656,0.005574712643678481,22.0,22.4,-0.3999999999999986,8.306666666666667,9.039655172413791,-0.7329885057471248,22.0,22.4,-0.3999999999999986,7.675,7.901724137931034,-0.22672413793103452,22.0,22.4,-0.3999999999999986,7.7250000000000005,8.28103448275862,-0.5560344827586201,22.0,22.4,-0.3999999999999986,5.448333333333333,5.551724137931035,-0.10339080459770145,22.0,22.4,-0.3999999999999986,5.198333333333334,5.641379310344825,-0.44304597701149095,22.0,22.4,-0.3999999999999986
13,Standing evaporative cooler (DeLonghi),Mid,225.0,150.0,22,TskControl34,2025-02-24 15:19:11,2025-02-24_ID0_NoPCS_Ta22_TskControl34.csv,2025-02-24_ID13_Standing evaporative cooler (DeLonghi)_Mid_Angle225_Distance150_Ta22_TskControl34.csv,20.739999999999995,45.42,7.439999999999998,18.32,3.700000000000003,43.040000000000006,13.739999999999988,15.599999999999994,5.740000000000002,44.900000000000006,8.64,64.60000000000001,49.32000000000001,82.48000000000003,69.62000000000002,45.69999999999999,22.200000000000003,4.019999999999982,0.3800000000000239,3.779999999999987,-2.180000000000021,-0.5799999999999983,-2.3799999999999812,21.9,22.2,30.09,0.0,22.2,21.84,34.0,34.0,34.0,34.0,34.0,34.0,34.0,34.0,34.0,34.0,34.0,34.0,34.0,32.72,34.0,34.0,34.0,34.0,34.0,34.0,34.0,34.0,34.0,97.03999999999999,121.46,28.759999999999998,60.36,48.6,95.74000000000001,71.96,94.5,62.58,110.46,83.58,146.94,154.78,203.8,192.68,126.96,109.08,108.8,105.24000000000001,95.44,93.88,63.82000000000001,63.06,22.4,22.4,22.88,0.13,22.4,22.0,34.0,34.0,34.0,34.0,34.0,34.0,34.0,34.0,34.0,34.0,34.0,34.0,34.0,34.0,34.0,34.0,34.0,34.0,34.0,34.0,34.0,34.0,34.0,76.3,76.03999999999999,21.32,42.04,44.9,52.7,58.220000000000006,78.9,56.839999999999996,65.55999999999999,74.94,82.33999999999999,105.46,121.31999999999998,123.05999999999999,81.26,86.88,104.78000000000002,104.85999999999999,91.66000000000001,96.06000000000002,64.4,65.43999999999998,10.29322033898305,6.555172413793102,3.7380479251899477,22.2,22.4,-0.1999999999999993,2.43728813559322,1.8379310344827584,0.5993571011104615,22.2,22.4,-0.1999999999999993,5.115254237288135,3.624137931034482,1.491116306253653,22.2,22.4,-0.1999999999999993,4.11864406779661,3.8706896551724133,0.2479544126241966,22.2,22.4,-0.1999999999999993,8.113559322033899,4.543103448275862,3.5704558737580365,22.2,22.4,-0.1999999999999993,6.098305084745761,5.018965517241379,1.0793395675043822,22.2,22.4,-0.1999999999999993,8.008474576271185,6.801724137931034,1.2067504383401513,22.199999999999996,22.4,-0.20000000000000284,5.303389830508474,4.8999999999999995,0.4033898305084742,22.199999999999996,22.4,-0.20000000000000284,9.36101694915254,5.651724137931033,3.7092928112215082,22.2,22.4,-0.1999999999999993,7.083050847457627,6.460344827586206,0.6227060198714209,22.2,22.4,-0.1999999999999993,12.452542372881355,7.098275862068964,5.3542665108123915,22.2,22.4,-0.1999999999999993,13.116949152542372,9.091379310344825,4.025569842197546,22.2,22.4,-0.1999999999999993,19.372623574144487,10.45862068965517,8.914002884489317,22.2,22.4,-0.1999999999999993,16.328813559322032,10.60862068965517,5.720192869666862,22.2,22.4,-0.1999999999999993,10.759322033898304,7.005172413793103,3.754149620105201,22.2,22.4,-0.1999999999999993,9.24406779661017,7.489655172413792,1.7544126241963776,22.2,22.4,-0.1999999999999993,9.220338983050846,9.032758620689656,0.18758036236119047,22.2,22.4,-0.1999999999999993,8.91864406779661,9.039655172413791,-0.12101110461718179,22.199999999999996,22.4,-0.20000000000000284,8.088135593220338,7.901724137931034,0.1864114552893037,22.2,22.4,-0.1999999999999993,7.955932203389829,8.28103448275862,-0.32510227936879144,22.2,22.4,-0.1999999999999993,5.408474576271186,5.551724137931035,-0.14324956165984837,22.199999999999996,22.4,-0.20000000000000284,5.34406779661017,5.641379310344825,-0.29731151373465536,22.2,22.4,-0.1999999999999993
13,Standing evaporative cooler (DeLonghi),Mid,270.0,150.0,22,TskControl34,2025-02-24 14:16:56,2025-02-24_ID0_NoPCS_Ta22_TskControl34.csv,2025-02-24_ID13_Standing evaporative cooler (DeLonghi)_Mid_Angle270_Distance150_Ta22_TskControl34.csv,14.620000000000005,61.380000000000024,20.360000000000007,3.3599999999999994,1.8200000000000003,51.17999999999999,30.37999999999999,19.779999999999987,-2.279999999999994,24.04000000000002,17.879999999999995,24.580000000000013,16.89999999999999,43.60000000000004,14.220000000000013,13.459999999999994,6.380000000000024,1.539999999999992,0.9400000000000119,2.3599999999999994,2.7199999999999847,0.47999999999998977,-0.3399999999999892,22.0,22.1,30.76,0.07,22.05,21.85,34.0,34.0,34.0,34.0,34.0,34.0,34.0,34.0,34.0,34.0,34.0,34.0,34.0,34.0,34.0,34.0,34.0,34.0,34.0,34.0,34.0,34.0,34.0,90.92,137.42000000000002,41.68000000000001,45.4,46.72,103.88,88.6,98.67999999999999,54.56,89.60000000000001,92.82,106.92,122.35999999999999,164.92000000000002,137.28,94.72,93.26000000000002,106.32000000000001,105.8,94.02000000000001,98.78,64.88,65.1,22.4,22.4,22.88,0.13,22.4,22.0,34.0,34.0,34.0,34.0,34.0,34.0,34.0,34.0,34.0,34.0,34.0,34.0,34.0,34.0,34.0,34.0,34.0,34.0,34.0,34.0,34.0,34.0,34.0,76.3,76.03999999999999,21.32,42.04,44.9,52.7,58.220000000000006,78.9,56.839999999999996,65.55999999999999,74.94,82.33999999999999,105.46,121.31999999999998,123.05999999999999,81.26,86.88,104.78000000000002,104.85999999999999,91.66000000000001,96.06000000000002,64.4,65.43999999999998,11.499581589958161,6.555172413793102,4.94440917616506,22.05,22.4,-0.34999999999999787,3.4878661087866116,1.8379310344827584,1.6499350743038532,22.05,22.4,-0.34999999999999787,3.799163179916318,3.624137931034482,0.1750252488818358,22.05,22.4,-0.34999999999999787,3.9096234309623434,3.8706896551724133,0.03893377578993018,22.05,22.4,-0.34999999999999787,8.692887029288704,4.543103448275862,4.149783581012842,22.050000000000004,22.4,-0.3499999999999943,7.414225941422594,5.018965517241379,2.395260424181215,22.05,22.4,-0.34999999999999787,8.257740585774059,6.801724137931034,1.4560164478430249,22.05,22.4,-0.34999999999999787,4.565690376569038,4.8999999999999995,-0.33430962343096127,22.05,22.4,-0.34999999999999787,7.497907949790796,5.651724137931033,1.8461838118597633,22.05,22.4,-0.34999999999999787,7.767364016736401,6.460344827586206,1.3070191891501954,22.05,22.4,-0.34999999999999787,8.947280334728035,7.098275862068964,1.8490044726590709,22.05,22.4,-0.34999999999999787,10.239330543933054,9.091379310344825,1.1479512335882287,22.05,22.4,-0.34999999999999787,13.800836820083685,10.45862068965517,3.3422161304285147,22.05,22.4,-0.34999999999999787,11.487866108786612,10.60862068965517,0.8792454191314416,22.05,22.4,-0.34999999999999787,7.926359832635984,7.005172413793103,0.921187418842881,22.05,22.4,-0.34999999999999787,7.8041841004184125,7.489655172413792,0.31452892800462084,22.05,22.4,-0.34999999999999787,8.897071129707115,9.032758620689656,-0.13568749098254074,22.05,22.4,-0.34999999999999787,8.853556485355648,9.039655172413791,-0.18609868705814314,22.05,22.4,-0.34999999999999787,7.867782426778244,7.901724137931034,-0.03394171115279043,22.05,22.4,-0.34999999999999787,8.266108786610879,8.28103448275862,-0.014925696147741974,22.05,22.4,-0.34999999999999787,5.42928870292887,5.551724137931035,-0.12243543500216436,22.05,22.4,-0.34999999999999787,5.447698744769874,5.641379310344825,-0.19368056557495095,22.05,22.4,-0.34999999999999787
13,Standing evaporative cooler (DeLonghi),Low,270.0,150.0,22,TskControl34,2025-02-24 13:56:16,2025-02-24_ID0_NoPCS_Ta22_TskControl34.csv,2025-02-24_ID13_Standing evaporative cooler (DeLonghi)_Low_Angle270_Distance150_Ta22_TskControl34.csv,8.340000000000018,46.31999999999999,16.019999999999996,0.28000000000000824,-1.6799999999999997,39.519999999999996,20.759999999999984,9.899999999999991,-6.939999999999991,17.580000000000013,12.740000000000009,12.440000000000012,9.340000000000003,27.040000000000006,5.8999999999999915,5.339999999999989,-0.4999999999999858,-1.7600000000000051,-5.879999999999981,0.3399999999999892,1.019999999999996,1.0199999999999818,2.842170943040401e-14,22.1,22.2,32.8,0.02,22.17,21.97,34.0,34.0,34.0,34.0,34.0,34.0,34.0,34.0,34.0,34.0,34.0,34.0,34.0,34.0,34.0,34.0,34.0,34.0,34.0,34.0,34.0,34.0,34.0,84.64000000000001,122.35999999999999,37.339999999999996,42.32000000000001,43.22,92.22,78.97999999999999,88.8,49.900000000000006,83.14,87.68,94.78,114.8,148.35999999999999,128.95999999999998,86.6,86.38000000000001,103.02000000000001,98.98,92.0,97.08000000000001,65.41999999999999,65.44000000000001,22.4,22.4,22.88,0.13,22.4,22.0,34.0,34.0,34.0,34.0,34.0,34.0,34.0,34.0,34.0,34.0,34.0,34.0,34.0,34.0,34.0,34.0,34.0,34.0,34.0,34.0,34.0,34.0,34.0,76.3,76.03999999999999,21.32,42.04,44.9,52.7,58.220000000000006,78.9,56.839999999999996,65.55999999999999,74.94,82.33999999999999,105.46,121.31999999999998,123.05999999999999,81.26,86.88,104.78000000000002,104.85999999999999,91.66000000000001,96.06000000000002,64.4,65.43999999999998,10.34319526627219,6.555172413793102,3.788022852479088,22.17,22.4,-0.22999999999999687,3.1563820794590027,1.8379310344827584,1.3184510449762443,22.17,22.4,-0.22999999999999687,3.5773457311918864,3.624137931034482,-0.04679219984259575,22.17,22.4,-0.22999999999999687,3.6534234995773462,3.8706896551724133,-0.217266155595067,22.17,22.4,-0.22999999999999687,7.795435333896873,4.543103448275862,3.252331885621011,22.17,22.4,-0.22999999999999687,6.6762468300929845,5.018965517241379,1.6572813128516053,22.17,22.4,-0.22999999999999687,7.506339814032122,6.801724137931034,0.7046156761010884,22.17,22.4,-0.22999999999999687,4.218089602704988,4.8999999999999995,-0.6819103972950114,22.17,22.4,-0.22999999999999687,7.027895181741337,5.651724137931033,1.376171043810304,22.17,22.4,-0.22999999999999687,7.411665257819106,6.460344827586206,0.9513204302328999,22.17,22.4,-0.22999999999999687,8.011834319526628,7.098275862068964,0.9135584574576638,22.17,22.4,-0.22999999999999687,9.704142011834321,9.091379310344825,0.6127627014894959,22.17,22.4,-0.22999999999999687,12.540997464074387,10.45862068965517,2.0823767744192168,22.17,22.4,-0.22999999999999687,10.901098901098901,10.60862068965517,0.292478211443731,22.17,22.4,-0.22999999999999687,7.320371935756552,7.005172413793103,0.31519952196344914,22.17,22.4,-0.22999999999999687,7.301775147928996,7.489655172413792,-0.18788002448479535,22.17,22.4,-0.22999999999999687,8.708368554522403,9.032758620689656,-0.3243900661672523,22.17,22.4,-0.22999999999999687,8.366863905325445,9.039655172413791,-0.6727912670883462,22.17,22.4,-0.22999999999999687,7.776838546069317,7.901724137931034,-0.12488559186171777,22.17,22.4,-0.22999999999999687,8.206255283178363,8.28103448275862,-0.07477919958025758,22.17,22.4,-0.22999999999999687,5.530008453085376,5.551724137931035,-0.021715684845658778,22.17,22.4,-0.22999999999999687,5.53169907016061,5.641379310344825,-0.10968024018421474,22.17,22.4,-0.22999999999999687
14,Heating pad,Level6,,,22,TskControl34,2025-02-25 13:19:00,2025-02-25_ID0_NoPCS_Ta22_TskControl34_WinterClothing.csv,2025-02-25_ID14_Heating pad_Level6_PositionBack_Ta22_TskControl34_WinterClothing.csv,-18.54,-0.8799999999999955,-0.4399999999999977,-13.220000000000002,-11.659999999999997,-39.14,-39.98,-52.48,-39.58,-2.940000000000005,-4.18,1.6799999999999997,-1.2999999999999972,2.6400000000000006,13.33999999999999,-8.439999999999998,-8.47999999999999,-61.42000000000001,-68.34000000000002,-1.4799999999999898,-2.8799999999999955,-1.980000000000004,-0.6000000000000014,22.3,22.1,20.55,0.15,22.21,21.79,34.7,34.0,34.0,34.0,34.0,36.220000000000006,35.059999999999995,41.720000000000006,35.120000000000005,34.0,34.0,34.0,34.0,34.0,34.0,34.0,34.0,34.0,34.0,34.0,34.0,34.0,34.0,42.839999999999996,71.52000000000001,22.02,13.86,16.4,0.0,0.0,0.0,0.0,38.54,37.96,48.4,47.04,107.66000000000001,121.0,48.6,58.32000000000001,34.46,37.67999999999999,91.38000000000001,91.84,63.86,62.52,22.5,22.3,18.67,0.12,22.4,21.94,34.0,34.0,34.0,34.0,34.0,34.0,34.0,34.0,34.0,34.0,34.0,34.0,34.0,34.0,34.0,34.0,34.0,34.0,34.0,34.0,34.0,34.0,34.0,61.379999999999995,72.4,22.459999999999997,27.080000000000002,28.059999999999995,39.14,39.98,52.48,39.58,41.480000000000004,42.14,46.72,48.339999999999996,105.02000000000001,107.66000000000001,57.04,66.8,95.88000000000001,106.02000000000001,92.86,94.72,65.84,63.120000000000005,6.06615776081425,6.241379310344827,-0.17522154953057711,22.21,22.4,-0.18999999999999773,1.8676844783715014,1.9362068965517236,-0.0685224181802222,22.21,22.4,-0.18999999999999773,1.1755725190839694,2.3344827586206893,-1.15891023953672,22.21,22.4,-0.18999999999999773,1.3910093299406276,2.4189655172413786,-1.027956187300751,22.21,22.4,-0.18999999999999773,0.0,3.3741379310344826,-3.3741379310344826,,22.4,,0.0,3.4465517241379304,-3.4465517241379304,,22.4,,0.0,4.524137931034482,-4.524137931034482,,22.4,,0.0,3.412068965517241,-3.412068965517241,,22.4,,3.268871925360475,3.575862068965517,-0.30699014360504195,22.21,22.4,-0.18999999999999773,3.219677692960136,3.6327586206896547,-0.4130809277295189,22.21,22.4,-0.18999999999999773,4.105173876166242,4.027586206896551,0.07758766926969152,22.21,22.4,-0.18999999999999773,3.989821882951654,4.167241379310344,-0.1774194963586897,22.21,22.4,-0.18999999999999773,9.131467345207804,9.053448275862069,0.07801906934573566,22.21,22.4,-0.18999999999999773,10.262934690415607,9.28103448275862,0.9819002076569863,22.21,22.4,-0.18999999999999773,4.122137404580153,4.917241379310344,-0.7951039747301909,22.21,22.4,-0.18999999999999773,4.946564885496184,5.758620689655172,-0.8120558041589874,22.21,22.4,-0.18999999999999773,2.9228159457167093,8.26551724137931,-5.342701295662601,22.21,22.4,-0.18999999999999773,3.1959287531806613,9.139655172413793,-5.943726419233132,22.21,22.4,-0.18999999999999773,7.750636132315523,8.005172413793103,-0.2545362814775798,22.21,22.4,-0.18999999999999773,7.789652247667516,8.165517241379309,-0.3758649937117928,22.21,22.4,-0.18999999999999773,5.416454622561493,5.675862068965517,-0.25940744640402436,22.21,22.4,-0.18999999999999773,5.302798982188296,5.441379310344828,-0.13858032815653143,22.21,22.4,-0.18999999999999773
14,Heating pad,Level1,,,22,TskControl34,2025-02-25 18:29:24,2025-02-25_ID0_NoPCS_Ta22_TskControl34_WinterClothing.csv,2025-02-25_ID14_Heating pad_Level1_PositionFeet_Ta22_TskControl34_WinterClothingWithoutShoes.csv,-16.739999999999995,-4.060000000000002,3.860000000000003,-7.48,-7.299999999999997,-8.620000000000001,-10.399999999999995,-14.919999999999995,-19.099999999999998,-4.080000000000005,-3.240000000000002,8.260000000000005,4.899999999999999,-105.02000000000001,-107.66000000000001,-3.4399999999999977,-2.8599999999999994,-4.859999999999999,-10.340000000000018,-25.78,-27.040000000000006,-65.84,-63.120000000000005,22.1,21.8,22.78,0.13,21.96,21.65,33.7,34.0,34.0,34.0,34.0,34.0,34.0,34.0,34.0,34.0,34.0,34.0,34.0,24.32,23.4,34.0,34.0,34.0,34.0,34.0,34.0,36.8,38.9,44.64,68.34,26.32,19.6,20.759999999999998,30.52,29.580000000000002,37.56,20.48,37.4,38.9,54.980000000000004,53.239999999999995,0.0,0.0,53.6,63.94,91.02000000000001,95.67999999999999,67.08,67.67999999999999,0.0,0.0,22.5,22.3,18.67,0.12,22.4,21.94,34.0,34.0,34.0,34.0,34.0,34.0,34.0,34.0,34.0,34.0,34.0,34.0,34.0,34.0,34.0,34.0,34.0,34.0,34.0,34.0,34.0,34.0,34.0,61.379999999999995,72.4,22.459999999999997,27.080000000000002,28.059999999999995,39.14,39.98,52.48,39.58,41.480000000000004,42.14,46.72,48.339999999999996,105.02000000000001,107.66000000000001,57.04,66.8,95.88000000000001,106.02000000000001,92.86,94.72,65.84,63.120000000000005,5.67607973421927,6.241379310344827,-0.5652995761255575,21.96,22.4,-0.4399999999999977,2.1860465116279073,1.9362068965517236,0.24983961507618369,21.96,22.4,-0.4399999999999977,1.6279069767441863,2.3344827586206893,-0.706575781876503,21.96,22.4,-0.4399999999999977,1.724252491694352,2.4189655172413786,-0.6947130255470266,21.96,22.4,-0.4399999999999977,2.5348837209302326,3.3741379310344826,-0.8392542101042499,21.96,22.4,-0.4399999999999977,2.4568106312292364,3.4465517241379304,-0.989741092908694,21.96,22.4,-0.4399999999999977,3.119601328903655,4.524137931034482,-1.4045366021308272,21.96,22.4,-0.4399999999999977,1.700996677740864,3.412068965517241,-1.7110722877763769,21.96,22.4,-0.4399999999999977,3.1063122923588042,3.575862068965517,-0.46954977660671293,21.96,22.4,-0.4399999999999977,3.2308970099667773,3.6327586206896547,-0.4018616107228774,21.96,22.4,-0.4399999999999977,4.566445182724253,4.027586206896551,0.5388589758277025,21.96,22.4,-0.4399999999999977,4.421926910299003,4.167241379310344,0.25468553098865954,21.96,22.4,-0.4399999999999977,0.0,9.053448275862069,-9.053448275862069,,22.4,,0.0,9.28103448275862,-9.28103448275862,,22.4,,4.451827242524917,4.917241379310344,-0.46541413678542654,21.96,22.4,-0.4399999999999977,5.310631229235881,5.758620689655172,-0.4479894604192909,21.96,22.4,-0.4399999999999977,7.559800664451829,8.26551724137931,-0.7057165769274816,21.96,22.4,-0.4399999999999977,7.946843853820598,9.139655172413793,-1.1928113185931952,21.96,22.4,-0.4399999999999977,5.571428571428572,8.005172413793103,-2.433743842364531,21.96,22.4,-0.4399999999999977,5.621262458471761,8.165517241379309,-2.544254782907548,21.96,22.4,-0.4399999999999977,0.0,5.675862068965517,-5.675862068965517,,22.4,,0.0,5.441379310344828,-5.441379310344828,,22.4,
14,Heating pad,Level1,,,22,TskControl34,2025-02-25 14:30:13,2025-02-25_ID0_NoPCS_Ta22_TskControl34_WinterClothing.csv,2025-02-25_ID14_Heating pad_Level1_PositionHands_Ta22_TskControl34_WinterClothing.csv,-12.059999999999988,-5.5400000000000205,3.960000000000001,-9.460000000000004,-9.099999999999994,-9.979999999999997,-11.599999999999994,-23.72,-27.299999999999997,-3.8200000000000003,-2.260000000000005,-5.68,-6.1399999999999935,-105.02000000000001,-107.66000000000001,-0.1600000000000037,-8.139999999999993,-6.0600000000000165,-13.100000000000023,-0.8800000000000097,-2.1999999999999886,-1.6599999999999966,0.15999999999998948,22.2,22.0,20.33,0.15,22.11,21.79,34.3,34.0,34.0,34.0,34.0,34.0,34.0,34.0,34.0,34.0,34.0,34.0,34.0,42.78000000000001,36.7,34.0,34.0,34.0,34.0,34.0,34.0,34.0,34.0,49.32000000000001,66.85999999999999,26.419999999999998,17.619999999999997,18.96,29.160000000000004,28.380000000000003,28.759999999999998,12.280000000000001,37.660000000000004,39.879999999999995,41.04,42.2,0.0,0.0,56.879999999999995,58.660000000000004,89.82,92.91999999999999,91.97999999999999,92.52000000000001,64.18,63.279999999999994,22.5,22.3,18.67,0.12,22.4,21.94,34.0,34.0,34.0,34.0,34.0,34.0,34.0,34.0,34.0,34.0,34.0,34.0,34.0,34.0,34.0,34.0,34.0,34.0,34.0,34.0,34.0,34.0,34.0,61.379999999999995,72.4,22.459999999999997,27.080000000000002,28.059999999999995,39.14,39.98,52.48,39.58,41.480000000000004,42.14,46.72,48.339999999999996,105.02000000000001,107.66000000000001,57.04,66.8,95.88000000000001,106.02000000000001,92.86,94.72,65.84,63.120000000000005,5.623212783851975,6.241379310344827,-0.6181665264928524,22.11,22.4,-0.28999999999999915,2.2220353238015136,1.9362068965517236,0.28582842724978996,22.11,22.4,-0.28999999999999915,1.4819175777964673,2.3344827586206893,-0.8525651808242221,22.11,22.4,-0.28999999999999915,1.5946173254835996,2.4189655172413786,-0.8243481917577791,22.11,22.4,-0.28999999999999915,2.4524810765349034,3.3741379310344826,-0.9216568544995791,22.11,22.4,-0.28999999999999915,2.386879730866274,3.4465517241379304,-1.0596719932716563,22.11,22.4,-0.28999999999999915,2.418839360807401,4.524137931034482,-2.105298570227081,22.11,22.4,-0.28999999999999915,1.0328006728343146,3.412068965517241,-2.3792682926829265,22.11,22.4,-0.28999999999999915,3.167367535744323,3.575862068965517,-0.408494533221194,22.11,22.4,-0.28999999999999915,3.3540790580319593,3.6327586206896547,-0.27867956265769545,22.11,22.4,-0.28999999999999915,3.4516400336417155,4.027586206896551,-0.5759461732548354,22.11,22.4,-0.28999999999999915,3.549201009251472,4.167241379310344,-0.6180403700588717,22.11,22.4,-0.28999999999999915,0.0,9.053448275862069,-9.053448275862069,,22.4,,0.0,9.28103448275862,-9.28103448275862,,22.4,,4.783851976450799,4.917241379310344,-0.13338940285954504,22.11,22.4,-0.28999999999999915,4.933557611438183,5.758620689655172,-0.8250630782169885,22.11,22.4,-0.28999999999999915,7.554247266610596,8.26551724137931,-0.7112699747687143,22.11,22.4,-0.28999999999999915,7.814970563498737,9.139655172413793,-1.3246846089150557,22.11,22.4,-0.28999999999999915,7.735912531539107,8.005172413793103,-0.269259882253996,22.11,22.4,-0.28999999999999915,7.781328847771237,8.165517241379309,-0.38418839360807233,22.11,22.4,-0.28999999999999915,5.397813288477713,5.675862068965517,-0.27804878048780424,22.11,22.4,-0.28999999999999915,5.322119428090832,5.441379310344828,-0.11925988225399564,22.11,22.4,-0.28999999999999915
14,Heating pad,Level4,,,25,TskControl34,2025-02-10 16:15:59,2025-02-10_ID0_NoPCS_Ta25_TskControl34.csv,2025-02-10_ID14_Heating pad_Level4_Ta25_TskControl34.csv,-18.37999999999999,4.960000000000001,-2.099999999999998,-13.900000000000002,-17.479999999999997,-36.92,-40.34,-57.260000000000005,-29.979999999999997,-1.8799999999999955,-7.920000000000002,7.159999999999997,-3.6599999999999824,5.099999999999994,1.1000000000000227,-1.5,-6.140000000000001,-54.480000000000004,-62.4,-4.980000000000004,-7.019999999999996,-3.740000000000002,-5.439999999999998,25.3,25.3,64.0,0.05,25.3,26.17,34.6,34.0,34.0,34.0,34.0,36.7,38.36,38.7,34.0,34.0,34.0,34.0,34.0,34.0,34.0,34.0,34.0,34.0,34.0,34.0,34.0,34.0,34.0,37.24,55.1,15.720000000000002,14.7,15.1,0.0,0.0,0.0,3.6,47.82000000000001,47.1,70.28,72.34,99.17999999999999,83.14000000000001,59.5,59.92,19.48,12.680000000000001,65.05999999999999,64.94,45.94,43.120000000000005,25.1,25.1,69.38,0.17,25.1,26.15,34.0,34.0,34.0,34.0,34.0,34.0,34.0,34.0,34.0,34.0,34.0,34.0,34.0,34.0,34.0,34.0,34.0,34.0,34.0,34.0,34.0,34.0,34.0,55.61999999999999,50.14,17.82,28.6,32.58,36.92,40.34,57.260000000000005,33.58,49.7,55.02,63.120000000000005,75.99999999999999,94.08,82.03999999999999,61.0,66.06,73.96000000000001,75.08,70.03999999999999,71.96,49.68,48.56,6.333333333333334,5.633707865168541,0.6996254681647933,25.3,25.1,0.1999999999999993,1.8068965517241384,2.0022471910112363,-0.19535063928709784,25.3,25.1,0.1999999999999993,1.6896551724137931,3.2134831460674165,-1.5238279736536233,25.3,25.1,0.1999999999999993,1.7356321839080462,3.660674157303371,-1.9250419733953248,25.3,25.1,0.1999999999999993,0.0,4.1483146067415735,-4.1483146067415735,,25.1,,0.0,4.532584269662922,-4.532584269662922,,25.1,,0.0,6.433707865168541,-6.433707865168541,,25.1,,0.4137931034482759,3.773033707865169,-3.359240604416893,25.3,25.1,0.1999999999999993,5.496551724137932,5.58426966292135,-0.08771793878341771,25.3,25.1,0.1999999999999993,5.413793103448277,6.182022471910114,-0.7682293684618369,25.3,25.1,0.1999999999999993,8.078160919540231,7.092134831460676,0.986026088079555,25.3,25.1,0.1999999999999993,8.314942528735633,8.539325842696629,-0.22438331396099542,25.3,25.1,0.1999999999999993,11.4,10.570786516853934,0.8292134831460665,25.3,25.1,0.1999999999999993,9.556321839080463,9.217977528089888,0.3383443109905748,25.3,25.1,0.1999999999999993,6.839080459770115,6.853932584269664,-0.014852124499548758,25.3,25.1,0.1999999999999993,6.887356321839081,7.422471910112361,-0.5351155882732801,25.3,25.1,0.1999999999999993,2.2390804597701153,8.310112359550564,-6.071031899780449,25.3,25.1,0.1999999999999993,1.4574712643678165,8.435955056179777,-6.978483791811961,25.3,25.1,0.1999999999999993,7.478160919540229,7.869662921348315,-0.39150200180808614,25.3,25.1,0.1999999999999993,7.464367816091954,8.085393258426967,-0.6210254423350126,25.3,25.1,0.1999999999999993,5.280459770114943,5.582022471910113,-0.3015627017951701,25.3,25.1,0.1999999999999993,4.956321839080461,5.4561797752809,-0.4998579362004385,25.3,25.1,0.1999999999999993
14,Heating pad,Level6,,,25,TskControl34,2025-02-10 16:37:59,2025-02-10_ID0_NoPCS_Ta25_TskControl34.csv,2025-02-10_ID14_Heating pad_Level6_Ta25_TskControl34.csv,-17.29999999999999,7.540000000000006,-0.9200000000000017,-16.220000000000002,-18.999999999999996,-36.92,-40.34,-57.260000000000005,-32.36,-0.720000000000006,-6.399999999999999,11.299999999999983,0.20000000000001705,14.200000000000003,9.260000000000005,1.0,-4.819999999999993,-58.12000000000001,-67.76,-1.079999999999984,-2.1399999999999864,-1.7999999999999972,-3.3599999999999994,24.8,25.2,64.7,0.05,25.03,25.83,34.8,34.0,34.0,34.0,34.0,37.480000000000004,39.32,39.68000000000001,34.0,34.0,34.0,34.0,34.0,34.0,34.0,34.0,34.0,34.0,34.0,34.0,34.0,34.0,34.0,38.32,57.68000000000001,16.9,12.379999999999999,13.580000000000002,0.0,0.0,0.0,1.22,48.98,48.620000000000005,74.41999999999999,76.2,108.28,91.3,62.0,61.24000000000001,15.839999999999998,7.3199999999999985,68.96000000000001,69.82000000000001,47.88,45.2,25.1,25.1,69.38,0.17,25.1,26.15,34.0,34.0,34.0,34.0,34.0,34.0,34.0,34.0,34.0,34.0,34.0,34.0,34.0,34.0,34.0,34.0,34.0,34.0,34.0,34.0,34.0,34.0,34.0,55.61999999999999,50.14,17.82,28.6,32.58,36.92,40.34,57.260000000000005,33.58,49.7,55.02,63.120000000000005,75.99999999999999,94.08,82.03999999999999,61.0,66.06,73.96000000000001,75.08,70.03999999999999,71.96,49.68,48.56,6.430323299888519,5.633707865168541,0.7966154347199783,25.03,25.1,-0.07000000000000028,1.884057971014493,2.0022471910112363,-0.11818921999674337,25.03,25.1,-0.07000000000000028,1.3801560758082498,3.2134831460674165,-1.8333270702591666,25.03,25.1,-0.07000000000000028,1.513935340022297,3.660674157303371,-2.146738817281074,25.03,25.1,-0.07000000000000028,0.0,4.1483146067415735,-4.1483146067415735,,25.1,,0.0,4.532584269662922,-4.532584269662922,,25.1,,0.0,6.433707865168541,-6.433707865168541,,25.1,,0.13600891861761427,3.773033707865169,-3.6370247892475547,25.03,25.1,-0.07000000000000028,5.460423634336678,5.58426966292135,-0.12384602858467186,25.03,25.1,-0.07000000000000028,5.420289855072465,6.182022471910114,-0.7617326168376488,25.03,25.1,-0.07000000000000028,8.29654403567447,7.092134831460676,1.2044092042137944,25.03,25.1,-0.07000000000000028,8.494983277591974,8.539325842696629,-0.04434256510465495,25.03,25.1,-0.07000000000000028,12.07134894091416,10.570786516853934,1.5005624240602256,25.03,25.1,-0.07000000000000028,10.178372352285397,9.217977528089888,0.9603948241955091,25.03,25.1,-0.07000000000000028,6.911928651059087,6.853932584269664,0.05799606678942304,25.03,25.1,-0.07000000000000028,6.827201783723525,7.422471910112361,-0.5952701263888365,25.03,25.1,-0.07000000000000028,1.765886287625418,8.310112359550564,-6.544226071925146,25.03,25.1,-0.07000000000000028,0.8160535117056855,8.435955056179777,-7.619901544474091,25.03,25.1,-0.07000000000000028,7.687848383500559,7.869662921348315,-0.1818145378477558,25.03,25.1,-0.07000000000000028,7.783723522853959,8.085393258426967,-0.30166973557300736,25.03,25.1,-0.07000000000000028,5.337792642140469,5.582022471910113,-0.2442298297696439,25.03,25.1,-0.07000000000000028,5.039018952062431,5.4561797752809,-0.4171608232184685,25.03,25.1,-0.07000000000000028
14,Heating pad,Level3,,,25,TskControl34,2025-02-10 15:29:59,2025-02-10_ID0_NoPCS_Ta25_TskControl34.csv,2025-02-10_ID14_Heating pad_Level3_Ta25_TskControl34.csv,-17.739999999999988,4.940000000000005,-1.9800000000000004,-11.379999999999999,-14.139999999999997,-36.92,-40.34,-57.260000000000005,-23.08,-3.3000000000000043,-8.299999999999997,5.539999999999992,-3.559999999999974,5.799999999999997,2.6400000000000006,-2.3999999999999986,-6.000000000000014,-52.00000000000001,-59.64,-5.679999999999993,-6.759999999999991,-3.8800000000000026,-6.420000000000002,25.3,25.3,63.6,0.06,25.3,26.06,34.5,34.0,34.0,34.0,34.0,36.160000000000004,37.620000000000005,37.82,34.0,34.0,34.0,34.0,34.0,34.0,34.0,34.0,34.0,34.0,34.0,34.0,34.0,34.0,34.0,37.88,55.080000000000005,15.84,17.220000000000002,18.44,0.0,0.0,0.0,10.5,46.4,46.720000000000006,68.66,72.44000000000001,99.88,84.67999999999999,58.6,60.05999999999999,21.96,15.439999999999998,64.36,65.2,45.8,42.14,25.1,25.1,69.38,0.17,25.1,26.15,34.0,34.0,34.0,34.0,34.0,34.0,34.0,34.0,34.0,34.0,34.0,34.0,34.0,34.0,34.0,34.0,34.0,34.0,34.0,34.0,34.0,34.0,34.0,55.61999999999999,50.14,17.82,28.6,32.58,36.92,40.34,57.260000000000005,33.58,49.7,55.02,63.120000000000005,75.99999999999999,94.08,82.03999999999999,61.0,66.06,73.96000000000001,75.08,70.03999999999999,71.96,49.68,48.56,6.331034482758622,5.633707865168541,0.6973266175900816,25.3,25.1,0.1999999999999993,1.8206896551724139,2.0022471910112363,-0.1815575358388224,25.3,25.1,0.1999999999999993,1.9793103448275866,3.2134831460674165,-1.2341728012398299,25.3,25.1,0.1999999999999993,2.119540229885058,3.660674157303371,-1.5411339274183131,25.3,25.1,0.1999999999999993,0.0,4.1483146067415735,-4.1483146067415735,,25.1,,0.0,4.532584269662922,-4.532584269662922,,25.1,,0.0,6.433707865168541,-6.433707865168541,,25.1,,1.2068965517241381,3.773033707865169,-2.566137156141031,25.3,25.1,0.1999999999999993,5.333333333333334,5.58426966292135,-0.2509363295880158,25.3,25.1,0.1999999999999993,5.370114942528737,6.182022471910114,-0.8119075293813767,25.3,25.1,0.1999999999999993,7.891954022988506,7.092134831460676,0.7998191915278303,25.3,25.1,0.1999999999999993,8.326436781609198,8.539325842696629,-0.21288906108743078,25.3,25.1,0.1999999999999993,11.480459770114942,10.570786516853934,0.9096732532610083,25.3,25.1,0.1999999999999993,9.733333333333333,9.217977528089888,0.5153558052434448,25.3,25.1,0.1999999999999993,6.735632183908047,6.853932584269664,-0.11830040036161726,25.3,25.1,0.1999999999999993,6.903448275862068,7.422471910112361,-0.519023634250293,25.3,25.1,0.1999999999999993,2.524137931034483,8.310112359550564,-5.785974428516081,25.3,25.1,0.1999999999999993,1.7747126436781608,8.435955056179777,-6.6612424125016165,25.3,25.1,0.1999999999999993,7.397701149425288,7.869662921348315,-0.47196177192302713,25.3,25.1,0.1999999999999993,7.4942528735632195,8.085393258426967,-0.5911403848637473,25.3,25.1,0.1999999999999993,5.264367816091954,5.582022471910113,-0.317654655818159,25.3,25.1,0.1999999999999993,4.8436781609195405,5.4561797752809,-0.6125016143613591,25.3,25.1,0.1999999999999993
14,Heating pad,Level 1,,,25,TskControl34,2025-02-10 14:36:59,2025-02-10_ID0_NoPCS_Ta25_TskControl34.csv,2025-02-10_ID14_Heating pad_Level 1_Ta25_TskControl34.csv,-15.299999999999997,6.759999999999998,-2.1800000000000033,-4.0,-8.099999999999998,-36.92,-40.34,-57.260000000000005,-8.04,-1.8000000000000043,-6.780000000000008,5.259999999999991,-3.019999999999996,5.560000000000002,3.0799999999999983,-1.8799999999999955,-5.359999999999999,-42.28000000000001,-46.76,-6.519999999999996,-8.059999999999995,-6.019999999999996,-8.200000000000003,25.3,25.3,65.63,0.0,25.3,26.17,34.2,34.0,34.0,34.0,34.0,34.559999999999995,35.32,35.42,34.0,34.0,34.0,34.0,34.0,34.0,34.0,34.0,34.0,34.0,34.0,34.0,34.0,34.0,34.0,40.31999999999999,56.9,15.639999999999997,24.6,24.48,0.0,0.0,0.0,25.54,47.9,48.239999999999995,68.38,72.97999999999999,99.64,85.11999999999999,59.120000000000005,60.7,31.68,28.32,63.519999999999996,63.9,43.660000000000004,40.36,25.1,25.1,69.38,0.17,25.1,26.15,34.0,34.0,34.0,34.0,34.0,34.0,34.0,34.0,34.0,34.0,34.0,34.0,34.0,34.0,34.0,34.0,34.0,34.0,34.0,34.0,34.0,34.0,34.0,55.61999999999999,50.14,17.82,28.6,32.58,36.92,40.34,57.260000000000005,33.58,49.7,55.02,63.120000000000005,75.99999999999999,94.08,82.03999999999999,61.0,66.06,73.96000000000001,75.08,70.03999999999999,71.96,49.68,48.56,6.540229885057472,5.633707865168541,0.9065220198889312,25.3,25.1,0.1999999999999993,1.7977011494252872,2.0022471910112363,-0.20454604158594902,25.3,25.1,0.1999999999999993,2.827586206896552,3.2134831460674165,-0.38589693917086443,25.3,25.1,0.1999999999999993,2.813793103448276,3.660674157303371,-0.8468810538550948,25.3,25.1,0.1999999999999993,0.0,4.1483146067415735,-4.1483146067415735,,25.1,,0.0,4.532584269662922,-4.532584269662922,,25.1,,0.0,6.433707865168541,-6.433707865168541,,25.1,,2.935632183908046,3.773033707865169,-0.8374015239571229,25.3,25.1,0.1999999999999993,5.505747126436782,5.58426966292135,-0.07852253648456742,25.3,25.1,0.1999999999999993,5.544827586206896,6.182022471910114,-0.6371948857032175,25.3,25.1,0.1999999999999993,7.8597701149425285,7.092134831460676,0.7676352834818525,25.3,25.1,0.1999999999999993,8.388505747126436,8.539325842696629,-0.15082009557019305,25.3,25.1,0.1999999999999993,11.452873563218391,10.570786516853934,0.8820870463644574,25.3,25.1,0.1999999999999993,9.783908045977011,9.217977528089888,0.5659305178871232,25.3,25.1,0.1999999999999993,6.795402298850576,6.853932584269664,-0.05853028541908856,25.3,25.1,0.1999999999999993,6.977011494252874,7.422471910112361,-0.44546041585948704,25.3,25.1,0.1999999999999993,3.6413793103448278,8.310112359550564,-4.668733049205736,25.3,25.1,0.1999999999999993,3.2551724137931037,8.435955056179777,-5.180782642386673,25.3,25.1,0.1999999999999993,7.301149425287356,7.869662921348315,-0.5685134960609588,25.3,25.1,0.1999999999999993,7.344827586206897,8.085393258426967,-0.74056567222007,25.3,25.1,0.1999999999999993,5.018390804597702,5.582022471910113,-0.5636316673124107,25.3,25.1,0.1999999999999993,4.639080459770115,5.4561797752809,-0.8170993155107844,25.3,25.1,0.1999999999999993
14,Heating pad,Level3,,,22,TskControl34,2025-02-25 11:45:28,2025-02-25_ID0_NoPCS_Ta22_TskControl34_WinterClothing.csv,2025-02-25_ID14_Heating pad_Level3_PositionBack_Ta22_TskControl34_WinterClothing.csv,-14.979999999999997,-1.0600000000000023,-0.05999999999999872,-4.760000000000002,-4.179999999999996,-39.14,-36.68,-52.48,-22.24,-2.3200000000000003,-3.1799999999999997,-0.6999999999999957,-0.539999999999992,0.15999999999998238,7.780000000000001,-2.260000000000005,-2.759999999999991,-49.06,-56.38000000000001,-0.2799999999999869,-2.5799999999999983,-1.240000000000009,0.5399999999999991,22.3,22.3,20.38,0.23,22.3,21.89,34.2,34.0,34.0,34.0,34.0,34.1,34.0,36.74,34.0,34.0,34.0,34.0,34.0,34.0,34.0,34.0,34.0,34.0,34.0,34.0,34.0,34.0,34.0,46.4,71.34,22.4,22.32,23.88,0.0,3.3,0.0,17.34,39.160000000000004,38.96,46.02,47.800000000000004,105.17999999999999,115.44000000000001,54.779999999999994,64.04,46.82000000000001,49.64,92.58000000000001,92.14,64.6,63.660000000000004,22.5,22.3,18.67,0.12,22.4,21.94,34.0,34.0,34.0,34.0,34.0,34.0,34.0,34.0,34.0,34.0,34.0,34.0,34.0,34.0,34.0,34.0,34.0,34.0,34.0,34.0,34.0,34.0,34.0,61.379999999999995,72.4,22.459999999999997,27.080000000000002,28.059999999999995,39.14,39.98,52.48,39.58,41.480000000000004,42.14,46.72,48.339999999999996,105.02000000000001,107.66000000000001,57.04,66.8,95.88000000000001,106.02000000000001,92.86,94.72,65.84,63.120000000000005,6.097435897435898,6.241379310344827,-0.14394341290892942,22.3,22.4,-0.09999999999999787,1.9145299145299146,1.9362068965517236,-0.02167698202180901,22.3,22.4,-0.09999999999999787,1.9076923076923078,2.3344827586206893,-0.4267904509283815,22.3,22.4,-0.09999999999999787,2.041025641025641,2.4189655172413786,-0.37793987621573777,22.299999999999997,22.4,-0.10000000000000142,0.0,3.3741379310344826,-3.3741379310344826,,22.4,,0.28205128205128205,3.4465517241379304,-3.1645004420866485,22.3,22.4,-0.09999999999999787,0.0,4.524137931034482,-4.524137931034482,,22.4,,1.4820512820512821,3.412068965517241,-1.9300176834659588,22.3,22.4,-0.09999999999999787,3.3470085470085476,3.575862068965517,-0.22885352195696962,22.3,22.4,-0.09999999999999787,3.32991452991453,3.6327586206896547,-0.30284409077512464,22.3,22.4,-0.09999999999999787,3.933333333333334,4.027586206896551,-0.09425287356321688,22.3,22.4,-0.09999999999999787,4.085470085470086,4.167241379310344,-0.08177129384025772,22.3,22.4,-0.09999999999999787,8.98974358974359,9.053448275862069,-0.0637046861184789,22.3,22.4,-0.09999999999999787,9.866666666666669,9.28103448275862,0.5856321839080483,22.3,22.4,-0.09999999999999787,4.682051282051281,4.917241379310344,-0.23519009725906237,22.299999999999997,22.4,-0.10000000000000142,5.4735042735042745,5.758620689655172,-0.2851164161508972,22.3,22.4,-0.09999999999999787,4.001709401709403,8.26551724137931,-4.263807839669908,22.3,22.4,-0.09999999999999787,4.242735042735043,9.139655172413793,-4.89692012967875,22.3,22.4,-0.09999999999999787,7.912820512820514,8.005172413793103,-0.09235190097258883,22.3,22.4,-0.09999999999999787,7.875213675213676,8.165517241379309,-0.29030356616563324,22.3,22.4,-0.09999999999999787,5.521367521367521,5.675862068965517,-0.15449454759799597,22.3,22.4,-0.09999999999999787,5.441025641025641,5.441379310344828,-0.0003536693191863449,22.299999999999997,22.4,-0.10000000000000142
14,Heating pad,Level3,,,22,TskControl34,2025-02-25 18:43:54,2025-02-25_ID0_NoPCS_Ta22_TskControl34_WinterClothing.csv,2025-02-25_ID14_Heating pad_Level3_PositionFeet_Ta22_TskControl34_WinterClothingWithoutShoes.csv,-17.739999999999995,-4.6000000000000085,3.5600000000000023,-7.640000000000001,-7.539999999999996,-8.240000000000002,-10.559999999999992,-15.119999999999997,-20.16,-4.420000000000002,-3.8200000000000003,8.019999999999996,4.839999999999996,-105.02000000000001,-107.66000000000001,-3.6200000000000045,-3.1599999999999966,-5.420000000000002,-10.640000000000015,-31.580000000000005,-33.24,-65.84,-63.120000000000005,21.9,22.1,23.59,0.12,22.0,21.66,33.82,34.0,34.0,34.0,34.0,34.0,34.0,34.0,34.0,34.0,34.0,34.0,34.0,24.2,23.4,34.0,34.0,34.0,34.0,34.0,34.0,38.339999999999996,40.64,43.64,67.8,26.02,19.44,20.52,30.9,29.420000000000005,37.36,19.419999999999998,37.06,38.32,54.739999999999995,53.17999999999999,0.0,0.0,53.419999999999995,63.64,90.46000000000001,95.38,61.279999999999994,61.48,0.0,0.0,22.5,22.3,18.67,0.12,22.4,21.94,34.0,34.0,34.0,34.0,34.0,34.0,34.0,34.0,34.0,34.0,34.0,34.0,34.0,34.0,34.0,34.0,34.0,34.0,34.0,34.0,34.0,34.0,34.0,61.379999999999995,72.4,22.459999999999997,27.080000000000002,28.059999999999995,39.14,39.98,52.48,39.58,41.480000000000004,42.14,46.72,48.339999999999996,105.02000000000001,107.66000000000001,57.04,66.8,95.88000000000001,106.02000000000001,92.86,94.72,65.84,63.120000000000005,5.6499999999999995,6.241379310344827,-0.5913793103448279,22.0,22.4,-0.3999999999999986,2.1683333333333334,1.9362068965517236,0.23212643678160982,22.0,22.4,-0.3999999999999986,1.62,2.3344827586206893,-0.7144827586206892,22.0,22.4,-0.3999999999999986,1.71,2.4189655172413786,-0.7089655172413787,22.0,22.4,-0.3999999999999986,2.5749999999999997,3.3741379310344826,-0.7991379310344828,22.0,22.4,-0.3999999999999986,2.451666666666667,3.4465517241379304,-0.9948850574712633,22.0,22.4,-0.3999999999999986,3.1133333333333333,4.524137931034482,-1.4108045977011487,22.0,22.4,-0.3999999999999986,1.6183333333333332,3.412068965517241,-1.7937356321839077,22.0,22.4,-0.3999999999999986,3.0883333333333334,3.575862068965517,-0.4875287356321838,22.0,22.4,-0.3999999999999986,3.1933333333333334,3.6327586206896547,-0.43942528735632136,22.0,22.4,-0.3999999999999986,4.5616666666666665,4.027586206896551,0.5340804597701156,22.0,22.4,-0.3999999999999986,4.431666666666666,4.167241379310344,0.264425287356322,22.0,22.4,-0.3999999999999986,0.0,9.053448275862069,-9.053448275862069,,22.4,,0.0,9.28103448275862,-9.28103448275862,,22.4,,4.451666666666666,4.917241379310344,-0.46557471264367756,22.0,22.4,-0.3999999999999986,5.303333333333334,5.758620689655172,-0.45528735632183803,22.0,22.4,-0.3999999999999986,7.538333333333334,8.26551724137931,-0.7271839080459763,22.0,22.4,-0.3999999999999986,7.948333333333333,9.139655172413793,-1.1913218390804596,22.0,22.4,-0.3999999999999986,5.1066666666666665,8.005172413793103,-2.8985057471264364,22.0,22.4,-0.3999999999999986,5.123333333333333,8.165517241379309,-3.042183908045976,22.0,22.4,-0.3999999999999986,0.0,5.675862068965517,-5.675862068965517,,22.4,,0.0,5.441379310344828,-5.441379310344828,,22.4,
14,Heating pad,Level3,,,22,TskControl34,2025-02-25 14:48:00,2025-02-25_ID0_NoPCS_Ta22_TskControl34_WinterClothing.csv,2025-02-25_ID14_Heating pad_Level3_PositionHands_Ta22_TskControl34_WinterClothing.csv,-12.15999999999999,-4.759999999999991,4.080000000000002,-7.120000000000001,-8.539999999999996,-10.219999999999995,-12.059999999999999,-19.71999999999999,-24.699999999999996,-3.8400000000000034,-2.4000000000000057,-9.82,-8.799999999999997,-105.02000000000001,-107.66000000000001,-6.339999999999996,-7.159999999999997,-6.120000000000019,-14.360000000000014,-0.6800000000000068,-2.539999999999992,-1.8599999999999994,0.01999999999999602,22.1,22.1,20.45,0.17,22.1,21.71,34.4,34.0,34.0,34.0,34.0,34.0,34.0,34.0,34.0,34.0,34.0,34.0,34.0,44.7,40.14,34.0,34.0,34.0,34.0,34.0,34.0,34.0,34.0,49.220000000000006,67.64000000000001,26.54,19.96,19.52,28.920000000000005,27.919999999999998,32.760000000000005,14.88,37.64,39.739999999999995,36.9,39.54,0.0,0.0,50.7,59.64,89.75999999999999,91.66,92.17999999999999,92.18,63.980000000000004,63.14,22.5,22.3,18.67,0.12,22.4,21.94,34.0,34.0,34.0,34.0,34.0,34.0,34.0,34.0,34.0,34.0,34.0,34.0,34.0,34.0,34.0,34.0,34.0,34.0,34.0,34.0,34.0,34.0,34.0,61.379999999999995,72.4,22.459999999999997,27.080000000000002,28.059999999999995,39.14,39.98,52.48,39.58,41.480000000000004,42.14,46.72,48.339999999999996,105.02000000000001,107.66000000000001,57.04,66.8,95.88000000000001,106.02000000000001,92.86,94.72,65.84,63.120000000000005,5.68403361344538,6.241379310344827,-0.5573456968994472,22.1,22.4,-0.29999999999999716,2.230252100840336,1.9362068965517236,0.2940452042886126,22.1,22.4,-0.29999999999999716,1.6773109243697482,2.3344827586206893,-0.6571718342509412,22.1,22.4,-0.29999999999999716,1.6403361344537817,2.4189655172413786,-0.778629382787597,22.1,22.4,-0.29999999999999716,2.430252100840337,3.3741379310344826,-0.9438858301941457,22.1,22.4,-0.29999999999999716,2.346218487394958,3.4465517241379304,-1.1003332367429723,22.1,22.4,-0.29999999999999716,2.752941176470589,4.524137931034482,-1.771196754563893,22.1,22.4,-0.29999999999999716,1.2504201680672271,3.412068965517241,-2.161648797450014,22.1,22.4,-0.29999999999999716,3.163025210084034,3.575862068965517,-0.41283685888148325,22.1,22.4,-0.29999999999999716,3.339495798319328,3.6327586206896547,-0.29326282237032686,22.1,22.4,-0.29999999999999716,3.100840336134454,4.027586206896551,-0.926745870762097,22.1,22.4,-0.29999999999999716,3.3226890756302523,4.167241379310344,-0.8445523036800915,22.1,22.4,-0.29999999999999716,0.0,9.053448275862069,-9.053448275862069,,22.4,,0.0,9.28103448275862,-9.28103448275862,,22.4,,4.260504201680673,4.917241379310344,-0.6567371776296707,22.1,22.4,-0.29999999999999716,5.011764705882354,5.758620689655172,-0.7468559837728179,22.1,22.4,-0.29999999999999716,7.542857142857143,8.26551724137931,-0.7226600985221676,22.1,22.4,-0.29999999999999716,7.702521008403362,9.139655172413793,-1.4371341640104305,22.1,22.4,-0.29999999999999716,7.746218487394958,8.005172413793103,-0.25895392639814485,22.1,22.4,-0.29999999999999716,7.74621848739496,8.165517241379309,-0.4192987539843491,22.1,22.4,-0.29999999999999716,5.3764705882352954,5.675862068965517,-0.2993914807302218,22.1,22.4,-0.29999999999999716,5.305882352941177,5.441379310344828,-0.13549695740365042,22.1,22.4,-0.29999999999999716
14,Heating pad,Level6,,,25,TskControl34,2025-02-10 16:37:59,2025-02-10_ID0_NoPCS_Ta25_TskControl34.csv,2025-02-10_ID14_Heating pad_Level6_Ta25_TskControl34.csv,-17.29999999999999,7.540000000000006,-0.9200000000000017,-16.220000000000002,-18.999999999999996,-36.92,-40.34,-57.260000000000005,-32.36,-0.720000000000006,-6.399999999999999,11.299999999999983,0.20000000000001705,14.200000000000003,9.260000000000005,1.0,-4.819999999999993,-58.12000000000001,-67.76,-1.079999999999984,-2.1399999999999864,-1.7999999999999972,-3.3599999999999994,24.8,25.2,64.7,0.05,25.03,25.83,34.8,34.0,34.0,34.0,34.0,37.480000000000004,39.32,39.68000000000001,34.0,34.0,34.0,34.0,34.0,34.0,34.0,34.0,34.0,34.0,34.0,34.0,34.0,34.0,34.0,38.32,57.68000000000001,16.9,12.379999999999999,13.580000000000002,0.0,0.0,0.0,1.22,48.98,48.620000000000005,74.41999999999999,76.2,108.28,91.3,62.0,61.24000000000001,15.839999999999998,7.3199999999999985,68.96000000000001,69.82000000000001,47.88,45.2,25.1,25.1,69.38,0.17,25.1,26.15,34.0,34.0,34.0,34.0,34.0,34.0,34.0,34.0,34.0,34.0,34.0,34.0,34.0,34.0,34.0,34.0,34.0,34.0,34.0,34.0,34.0,34.0,34.0,55.61999999999999,50.14,17.82,28.6,32.58,36.92,40.34,57.260000000000005,33.58,49.7,55.02,63.120000000000005,75.99999999999999,94.08,82.03999999999999,61.0,66.06,73.96000000000001,75.08,70.03999999999999,71.96,49.68,48.56,6.430323299888519,5.633707865168541,0.7966154347199783,25.03,25.1,-0.07000000000000028,1.884057971014493,2.0022471910112363,-0.11818921999674337,25.03,25.1,-0.07000000000000028,1.3801560758082498,3.2134831460674165,-1.8333270702591666,25.03,25.1,-0.07000000000000028,1.513935340022297,3.660674157303371,-2.146738817281074,25.03,25.1,-0.07000000000000028,0.0,4.1483146067415735,-4.1483146067415735,,25.1,,0.0,4.532584269662922,-4.532584269662922,,25.1,,0.0,6.433707865168541,-6.433707865168541,,25.1,,0.13600891861761427,3.773033707865169,-3.6370247892475547,25.03,25.1,-0.07000000000000028,5.460423634336678,5.58426966292135,-0.12384602858467186,25.03,25.1,-0.07000000000000028,5.420289855072465,6.182022471910114,-0.7617326168376488,25.03,25.1,-0.07000000000000028,8.29654403567447,7.092134831460676,1.2044092042137944,25.03,25.1,-0.07000000000000028,8.494983277591974,8.539325842696629,-0.04434256510465495,25.03,25.1,-0.07000000000000028,12.07134894091416,10.570786516853934,1.5005624240602256,25.03,25.1,-0.07000000000000028,10.178372352285397,9.217977528089888,0.9603948241955091,25.03,25.1,-0.07000000000000028,6.911928651059087,6.853932584269664,0.05799606678942304,25.03,25.1,-0.07000000000000028,6.827201783723525,7.422471910112361,-0.5952701263888365,25.03,25.1,-0.07000000000000028,1.765886287625418,8.310112359550564,-6.544226071925146,25.03,25.1,-0.07000000000000028,0.8160535117056855,8.435955056179777,-7.619901544474091,25.03,25.1,-0.07000000000000028,7.687848383500559,7.869662921348315,-0.1818145378477558,25.03,25.1,-0.07000000000000028,7.783723522853959,8.085393258426967,-0.30166973557300736,25.03,25.1,-0.07000000000000028,5.337792642140469,5.582022471910113,-0.2442298297696439,25.03,25.1,-0.07000000000000028,5.039018952062431,5.4561797752809,-0.4171608232184685,25.03,25.1,-0.07000000000000028
14,Heating pad,Level1,,,22,TskControl34,2025-02-25 11:23:13,2025-02-25_ID0_NoPCS_Ta22_TskControl34_WinterClothing.csv,2025-02-25_ID14_Heating pad_Level1_PositionBack_Ta22_TskControl34_WinterClothing.csv,-11.839999999999996,1.259999999999991,1.4000000000000057,-3.3200000000000003,-2.239999999999995,-31.02,-27.239999999999995,-52.48,-10.46,-0.9200000000000088,-1.8000000000000043,0.3200000000000003,-0.1600000000000037,-1.0000000000000284,7.259999999999991,-0.45999999999999375,-0.6599999999999824,-38.38000000000001,-46.84,1.1000000000000085,-1.9599999999999795,-1.2600000000000051,0.7999999999999972,22.3,22.5,20.72,0.17,22.39,21.96,34.1,34.0,34.0,34.0,34.0,34.0,34.0,34.88,34.0,34.0,34.0,34.0,34.0,34.0,34.0,34.0,34.0,34.0,34.0,34.0,34.0,34.0,34.0,49.54,73.66,23.860000000000003,23.76,25.82,8.120000000000001,12.74,0.0,29.119999999999997,40.559999999999995,40.339999999999996,47.04,48.17999999999999,104.01999999999998,114.92,56.580000000000005,66.14000000000001,57.5,59.18000000000001,93.96000000000001,92.76000000000002,64.58,63.92,22.5,22.3,18.67,0.12,22.4,21.94,34.0,34.0,34.0,34.0,34.0,34.0,34.0,34.0,34.0,34.0,34.0,34.0,34.0,34.0,34.0,34.0,34.0,34.0,34.0,34.0,34.0,34.0,34.0,61.379999999999995,72.4,22.459999999999997,27.080000000000002,28.059999999999995,39.14,39.98,52.48,39.58,41.480000000000004,42.14,46.72,48.339999999999996,105.02000000000001,107.66000000000001,57.04,66.8,95.88000000000001,106.02000000000001,92.86,94.72,65.84,63.120000000000005,6.344530577088717,6.241379310344827,0.10315126674388964,22.39,22.4,-0.00999999999999801,2.055124892334195,1.9362068965517236,0.11891799578247153,22.39,22.4,-0.00999999999999801,2.046511627906977,2.3344827586206893,-0.2879711307137125,22.39,22.4,-0.00999999999999801,2.223944875107666,2.4189655172413786,-0.19502064213371284,22.39,22.4,-0.00999999999999801,0.6993970714900949,3.3741379310344826,-2.6747408595443876,22.39,22.4,-0.00999999999999801,1.0973298880275626,3.4465517241379304,-2.3492218361103676,22.39,22.4,-0.00999999999999801,0.0,4.524137931034482,-4.524137931034482,,22.4,,2.508182601205857,3.412068965517241,-0.9038863643113841,22.39,22.4,-0.00999999999999801,3.4935400516795863,3.575862068965517,-0.08232201728593092,22.39,22.4,-0.00999999999999801,3.474590869939707,3.6327586206896547,-0.1581677507499477,22.39,22.4,-0.00999999999999801,4.051679586563307,4.027586206896551,0.024093379666756398,22.39,22.4,-0.00999999999999801,4.149870801033591,4.167241379310344,-0.01737057827675237,22.39,22.4,-0.00999999999999801,8.959517657192075,9.053448275862069,-0.09393061866999375,22.39,22.4,-0.00999999999999801,9.89836347975883,9.28103448275862,0.6173289970002092,22.39,22.4,-0.00999999999999801,4.873385012919897,4.917241379310344,-0.043856366390446766,22.39,22.4,-0.00999999999999801,5.696813092161931,5.758620689655172,-0.06180759749324061,22.39,22.4,-0.00999999999999801,4.952627045650302,8.26551724137931,-3.3128901957290084,22.39,22.4,-0.00999999999999801,5.097329888027564,9.139655172413793,-4.042325284386229,22.39,22.4,-0.00999999999999801,8.093023255813955,8.005172413793103,0.08785084202085258,22.39,22.4,-0.00999999999999801,7.989664082687341,8.165517241379309,-0.17585315869196805,22.39,22.4,-0.00999999999999801,5.56244616709733,5.675862068965517,-0.11341590186818706,22.39,22.4,-0.00999999999999801,5.5055986218776924,5.441379310344828,0.06421931153286486,22.39,22.4,-0.00999999999999801
14,Heating pad,Level6,,,22,TskControl34,2025-02-26 12:57:54,2025-02-26_ID0_NoPCS_Ta22_TskControl34_WinterClothingWithoutShoes.csv,2025-02-26_ID14_Heating pad_Level6_PositionFeet_Ta22_TskControl34_WinterClothingWithoutShoes.csv,-1.3999999999999915,9.180000000000007,1.3800000000000026,1.5,1.120000000000001,2.3000000000000007,2.2799999999999976,-0.17999999999999972,-0.4200000000000017,4.420000000000002,5.82,4.600000000000001,4.140000000000008,14.060000000000002,29.40000000000002,3.4199999999999946,3.719999999999999,10.240000000000009,10.200000000000003,-28.58,-26.439999999999998,-35.42,-31.28,22.0,22.0,59.68,0.12,22.0,22.4,34.7,34.0,34.0,34.0,34.0,34.0,34.0,34.0,34.0,34.0,34.0,34.0,34.0,34.0,34.0,34.0,34.0,34.0,34.0,34.0,34.0,43.220000000000006,46.519999999999996,47.720000000000006,67.54,25.880000000000003,19.919999999999998,20.8,31.080000000000002,30.04,38.14,20.919999999999998,38.440000000000005,41.50000000000001,51.160000000000004,48.7,99.58000000000001,125.14000000000001,53.839999999999996,62.58,88.66000000000001,95.64000000000001,49.67999999999999,50.64,0.0,0.0,22.0,22.0,18.61,0.06,22.0,21.6,34.0,34.0,34.0,34.0,34.0,34.0,34.0,34.0,34.0,34.0,34.0,34.0,34.0,34.0,34.0,34.0,34.0,34.0,34.0,34.0,34.0,34.0,34.0,49.12,58.36,24.5,18.419999999999998,19.68,28.78,27.76,38.32,21.34,34.02,35.68000000000001,46.56,44.559999999999995,85.52000000000001,95.74,50.42,58.86,78.42,85.44000000000001,78.25999999999999,77.08,35.42,31.28,5.628333333333334,4.863333333333333,0.7650000000000006,22.0,22.0,0.0,2.1566666666666667,2.0416666666666665,0.11500000000000021,22.0,22.0,0.0,1.66,1.535,0.125,22.0,22.0,0.0,1.7333333333333334,1.64,0.09333333333333349,22.0,22.0,0.0,2.5900000000000003,2.3983333333333334,0.19166666666666687,22.0,22.0,0.0,2.5033333333333334,2.3133333333333335,0.18999999999999995,22.0,22.0,0.0,3.1783333333333332,3.1933333333333334,-0.015000000000000124,22.0,22.0,0.0,1.7433333333333332,1.7783333333333333,-0.03500000000000014,22.0,22.0,0.0,3.2033333333333336,2.8350000000000004,0.3683333333333332,22.0,22.0,0.0,3.458333333333334,2.973333333333334,0.4849999999999999,22.0,22.0,0.0,4.263333333333334,3.8800000000000003,0.3833333333333333,22.0,22.0,0.0,4.058333333333334,3.713333333333333,0.34500000000000064,22.0,22.0,0.0,8.298333333333334,7.126666666666668,1.171666666666666,22.0,22.0,0.0,10.428333333333335,7.978333333333333,2.450000000000002,22.0,22.0,0.0,4.486666666666666,4.201666666666667,0.28499999999999925,22.0,22.0,0.0,5.215,4.905,0.3099999999999996,22.0,22.0,0.0,7.3883333333333345,6.535,0.8533333333333344,22.0,22.0,0.0,7.9700000000000015,7.120000000000001,0.8500000000000005,22.0,22.0,0.0,4.14,6.521666666666666,-2.381666666666666,22.0,22.0,0.0,4.22,6.423333333333333,-2.203333333333333,22.0,22.0,0.0,0.0,2.9516666666666667,-2.9516666666666667,,22.0,,0.0,2.606666666666667,-2.606666666666667,,22.0,
14,Heating pad,Level6,,,22,TskControl34,2025-02-25 15:41:53,2025-02-25_ID0_NoPCS_Ta22_TskControl34_WinterClothing.csv,2025-02-25_ID14_Heating pad_Level6_PositionHands_Ta22_TskControl34_WinterClothing.csv,-11.696666666666658,-6.116666666666674,3.123333333333335,-6.263333333333335,-6.5433333333333294,-9.02333333333333,-11.18,-15.629999999999995,-21.613333333333333,-3.1966666666666725,-4.373333333333335,-15.053333333333331,-14.623333333333328,-105.02000000000001,-107.66000000000001,-6.156666666666666,-7.93333333333333,-0.7800000000000011,-11.02000000000001,-1.6766666666666765,-2.7866666666666617,-1.8899999999999935,-0.903333333333336,22.0,22.2,23.45,0.19,22.08,21.74,34.5,34.0,34.0,34.0,34.0,34.0,34.0,34.0,34.0,34.0,34.0,34.0,34.0,44.699999999999996,44.800000000000004,34.0,34.0,34.0,34.0,34.0,34.0,34.0,34.0,49.68333333333334,66.28333333333333,25.583333333333332,20.816666666666666,21.516666666666666,30.11666666666667,28.799999999999997,36.85,17.966666666666665,38.28333333333333,37.766666666666666,31.666666666666668,33.71666666666667,0.0,0.0,50.88333333333333,58.86666666666667,95.10000000000001,95.0,91.18333333333332,91.93333333333334,63.95000000000001,62.21666666666667,22.5,22.3,18.67,0.12,22.4,21.94,34.0,34.0,34.0,34.0,34.0,34.0,34.0,34.0,34.0,34.0,34.0,34.0,34.0,34.0,34.0,34.0,34.0,34.0,34.0,34.0,34.0,34.0,34.0,61.379999999999995,72.4,22.459999999999997,27.080000000000002,28.059999999999995,39.14,39.98,52.48,39.58,41.480000000000004,42.14,46.72,48.339999999999996,105.02000000000001,107.66000000000001,57.04,66.8,95.88000000000001,106.02000000000001,92.86,94.72,65.84,63.120000000000005,5.560682326621923,6.241379310344827,-0.6806969837229042,22.08,22.4,-0.3200000000000003,2.146252796420581,1.9362068965517236,0.21004589986885747,22.08,22.4,-0.3200000000000003,1.7463646532438477,2.3344827586206893,-0.5881181053768416,22.08,22.4,-0.3200000000000003,1.8050894854586126,2.4189655172413786,-0.6138760317827661,22.08,22.4,-0.3200000000000003,2.526565995525727,3.3741379310344826,-0.8475719355087556,22.08,22.4,-0.3200000000000003,2.416107382550335,3.4465517241379304,-1.0304443415875952,22.08,22.4,-0.3200000000000003,3.0914429530201337,4.524137931034482,-1.4326949780143483,22.08,22.4,-0.3200000000000003,1.507270693512304,3.412068965517241,-1.904798272004937,22.08,22.4,-0.3200000000000003,3.211689038031319,3.575862068965517,-0.36417303093419795,22.08,22.4,-0.3200000000000003,3.1683445190156596,3.6327586206896547,-0.4644141016739951,22.08,22.4,-0.3200000000000003,2.6565995525727066,4.027586206896551,-1.3709866543238443,22.08,22.4,-0.3200000000000003,2.828579418344519,4.167241379310344,-1.3386619609658248,22.08,22.4,-0.3200000000000003,0.0,9.053448275862069,-9.053448275862069,,22.4,,0.0,9.28103448275862,-9.28103448275862,,22.4,,4.2687360178970915,4.917241379310344,-0.6485053614132523,22.08,22.4,-0.3200000000000003,4.938478747203579,5.758620689655172,-0.8201419424515928,22.08,22.4,-0.3200000000000003,7.978187919463087,8.26551724137931,-0.2873293219162232,22.08,22.4,-0.3200000000000003,7.96979865771812,9.139655172413793,-1.169856514695673,22.08,22.4,-0.3200000000000003,7.649608501118566,8.005172413793103,-0.3555639126745369,22.08,22.4,-0.3200000000000003,7.712527964205816,8.165517241379309,-0.4529892771734927,22.08,22.4,-0.3200000000000003,5.364932885906041,5.675862068965517,-0.3109291830594767,22.08,22.4,-0.3200000000000003,5.219519015659954,5.441379310344828,-0.22186029468487334,22.08,22.4,-0.3200000000000003
14,Heating pad,Level3,,,22,TskControl34,2025-02-26 11:56:54,2025-02-26_ID0_NoPCS_Ta22_TskControl34_WinterClothingWithoutShoes.csv,2025-02-26_ID14_Heating pad_Level3_PositionFeet_Ta22_TskControl34_WinterClothingWithoutShoes.csv,0.5466666666666669,10.223333333333343,1.4166666666666679,6.413333333333334,2.253333333333334,3.9366666666666603,3.106666666666662,0.5300000000000011,3.026666666666671,4.496666666666663,4.786666666666655,4.539999999999999,3.3233333333333377,12.846666666666664,27.376666666666665,4.013333333333335,5.823333333333338,11.84666666666665,9.809999999999988,-17.109999999999992,-17.613333333333337,-35.42,-31.28,22.1,22.1,58.17,0.17,22.1,22.37,34.5,34.0,34.0,34.0,34.0,34.0,34.0,34.0,34.0,34.0,34.0,34.0,34.0,34.0,34.0,34.0,34.0,34.0,34.0,34.0,34.0,40.4,42.61666666666667,49.666666666666664,68.58333333333334,25.916666666666668,24.833333333333332,21.933333333333334,32.71666666666666,30.866666666666664,38.85,24.36666666666667,38.516666666666666,40.46666666666666,51.1,47.88333333333333,98.36666666666667,123.11666666666666,54.43333333333334,64.68333333333334,90.26666666666665,95.25,61.15,59.46666666666666,0.0,0.0,22.0,22.0,18.61,0.06,22.0,21.6,34.0,34.0,34.0,34.0,34.0,34.0,34.0,34.0,34.0,34.0,34.0,34.0,34.0,34.0,34.0,34.0,34.0,34.0,34.0,34.0,34.0,34.0,34.0,49.12,58.36,24.5,18.419999999999998,19.68,28.78,27.76,38.32,21.34,34.02,35.68000000000001,46.56,44.559999999999995,85.52000000000001,95.74,50.42,58.86,78.42,85.44000000000001,78.25999999999999,77.08,35.42,31.28,5.763305322128853,4.863333333333333,0.89997198879552,22.1,22.0,0.10000000000000142,2.177871148459384,2.0416666666666665,0.1362044817927175,22.1,22.0,0.10000000000000142,2.0868347338935576,1.535,0.5518347338935576,22.1,22.0,0.10000000000000142,1.8431372549019611,1.64,0.20313725490196122,22.1,22.0,0.10000000000000142,2.749299719887955,2.3983333333333334,0.35096638655462176,22.1,22.0,0.10000000000000142,2.5938375350140057,2.3133333333333335,0.28050420168067225,22.1,22.0,0.10000000000000142,3.2647058823529416,3.1933333333333334,0.07137254901960821,22.1,22.0,0.10000000000000142,2.0476190476190483,1.7783333333333333,0.269285714285715,22.1,22.0,0.10000000000000142,3.236694677871149,2.8350000000000004,0.40169467787114854,22.1,22.0,0.10000000000000142,3.4005602240896358,2.973333333333334,0.4272268907563017,22.1,22.0,0.10000000000000142,4.294117647058824,3.8800000000000003,0.4141176470588239,22.1,22.0,0.10000000000000142,4.023809523809525,3.713333333333333,0.3104761904761917,22.1,22.0,0.10000000000000142,8.266106442577032,7.126666666666668,1.1394397759103638,22.1,22.0,0.10000000000000142,10.34593837535014,7.978333333333333,2.367605042016808,22.1,22.0,0.10000000000000142,4.574229691876751,4.201666666666667,0.3725630252100842,22.1,22.0,0.10000000000000142,5.435574229691878,4.905,0.5305742296918776,22.1,22.0,0.10000000000000142,7.5854341736694675,6.535,1.0504341736694673,22.1,22.0,0.10000000000000142,8.00420168067227,7.120000000000001,0.8842016806722697,22.1,22.0,0.10000000000000142,5.138655462184874,6.521666666666666,-1.3830112044817913,22.1,22.0,0.10000000000000142,4.997198879551821,6.423333333333333,-1.4261344537815122,22.1,22.0,0.10000000000000142,0.0,2.9516666666666667,-2.9516666666666667,,22.0,,0.0,2.606666666666667,-2.606666666666667,,22.0,
14,Heating pad,Level4,,,22,TskControl34,2025-02-26 12:15:09,2025-02-26_ID0_NoPCS_Ta22_TskControl34_WinterClothingWithoutShoes.csv,2025-02-26_ID14_Heating pad_Level4_PositionFeet_Ta22_TskControl34_WinterClothingWithoutShoes.csv,-0.15333333333332888,9.08999999999999,1.4500000000000028,2.613333333333337,2.236666666666668,3.6033333333333317,2.6566666666666663,0.14666666666666828,1.0266666666666637,4.346666666666664,4.153333333333329,4.056666666666665,4.123333333333342,12.379999999999981,27.476666666666688,3.846666666666657,5.473333333333329,11.063333333333347,10.243333333333325,-20.676666666666655,-18.14666666666666,-35.42,-31.28,22.0,22.2,61.65,0.09,22.1,22.45,34.5,34.0,34.0,34.0,34.0,34.0,34.0,34.0,34.0,34.0,34.0,34.0,34.0,34.0,34.0,34.0,34.0,34.0,34.0,34.0,34.0,40.5,43.18333333333334,48.96666666666667,67.44999999999999,25.950000000000003,21.033333333333335,21.916666666666668,32.38333333333333,30.416666666666668,38.46666666666667,22.366666666666664,38.36666666666667,39.833333333333336,50.61666666666667,48.68333333333334,97.89999999999999,123.21666666666668,54.26666666666666,64.33333333333333,89.48333333333335,95.68333333333334,57.583333333333336,58.93333333333334,0.0,0.0,22.0,22.0,18.61,0.06,22.0,21.6,34.0,34.0,34.0,34.0,34.0,34.0,34.0,34.0,34.0,34.0,34.0,34.0,34.0,34.0,34.0,34.0,34.0,34.0,34.0,34.0,34.0,34.0,34.0,49.12,58.36,24.5,18.419999999999998,19.68,28.78,27.76,38.32,21.34,34.02,35.68000000000001,46.56,44.559999999999995,85.52000000000001,95.74,50.42,58.86,78.42,85.44000000000001,78.25999999999999,77.08,35.42,31.28,5.668067226890756,4.863333333333333,0.8047338935574224,22.1,22.0,0.10000000000000142,2.1806722689075637,2.0416666666666665,0.1390056022408972,22.1,22.0,0.10000000000000142,1.7675070028011208,1.535,0.2325070028011209,22.1,22.0,0.10000000000000142,1.8417366946778715,1.64,0.2017366946778716,22.1,22.0,0.10000000000000142,2.7212885154061626,2.3983333333333334,0.32295518207282914,22.1,22.0,0.10000000000000142,2.5560224089635857,2.3133333333333335,0.24268907563025222,22.1,22.0,0.10000000000000142,3.23249299719888,3.1933333333333334,0.0391596638655467,22.1,22.0,0.10000000000000142,1.8795518207282913,1.7783333333333333,0.10121848739495798,22.1,22.0,0.10000000000000142,3.2240896358543423,2.8350000000000004,0.38908963585434186,22.1,22.0,0.10000000000000142,3.3473389355742302,2.973333333333334,0.3740056022408962,22.1,22.0,0.10000000000000142,4.253501400560225,3.8800000000000003,0.37350140056022463,22.1,22.0,0.10000000000000142,4.091036414565827,3.713333333333333,0.37770308123249396,22.1,22.0,0.10000000000000142,8.226890756302522,7.126666666666668,1.1002240896358542,22.1,22.0,0.10000000000000142,10.35434173669468,7.978333333333333,2.3760084033613476,22.1,22.0,0.10000000000000142,4.560224089635854,4.201666666666667,0.358557422969187,22.1,22.0,0.10000000000000142,5.406162464985995,4.905,0.5011624649859945,22.1,22.0,0.10000000000000142,7.5196078431372575,6.535,0.9846078431372574,22.1,22.0,0.10000000000000142,8.040616246498601,7.120000000000001,0.9206162464986001,22.1,22.0,0.10000000000000142,4.8389355742296924,6.521666666666666,-1.6827310924369732,22.1,22.0,0.10000000000000142,4.952380952380953,6.423333333333333,-1.4709523809523795,22.1,22.0,0.10000000000000142,0.0,2.9516666666666667,-2.9516666666666667,,22.0,,0.0,2.606666666666667,-2.606666666666667,,22.0,
14,Heating pad (Koreal),Level6,,,25,TskControl34,2025-03-01 19:44:20,2025-03-01_ID0_NoPCS_Ta22_TskControl34_WinterClothing.csv,2025-03-01_ID14_Heating pad (Koreal)_Level6_Position_Back_Ta25_TskControl34_WinterClothing.csv,-17.68,-4.260000000000005,-2.4399999999999977,-21.34,-19.5,-30.54,-30.660000000000004,-39.67999999999999,-32.96,-8.240000000000002,-5.5,-1.8799999999999955,-1.7199999999999989,-5.639999999999986,-3.440000000000012,-10.720000000000006,-8.060000000000002,-59.25999999999999,-41.78,-5.060000000000002,-6.360000000000014,-4.420000000000002,-4.719999999999999,25.3,25.1,47.05,0.18,25.21,25.27,34.9,34.0,34.0,34.0,34.0,38.519999999999996,37.220000000000006,40.86,35.339999999999996,34.0,34.0,34.0,34.0,34.0,34.0,34.0,34.0,34.0,34.0,34.0,34.0,34.0,34.0,29.78,48.56,17.880000000000003,0.24,3.5200000000000005,0.0,0.0,0.0,0.0,24.380000000000003,28.78,37.06,37.019999999999996,69.14000000000001,79.1,34.46,47.08,10.84,34.67999999999999,67.22,67.67999999999999,46.0,43.440000000000005,24.9,24.7,44.25,0.12,24.8,24.77,34.0,34.0,34.0,34.0,34.0,34.0,34.0,34.0,34.0,34.0,34.0,34.0,34.0,34.0,34.0,34.0,34.0,34.0,34.0,34.0,34.0,34.0,34.0,47.46,52.82000000000001,20.32,21.58,23.02,30.54,30.660000000000004,39.67999999999999,32.96,32.620000000000005,34.28,38.94,38.739999999999995,74.78,82.54,45.18000000000001,55.14,70.1,76.46,72.28,74.04,50.42,48.160000000000004,5.524459613196815,5.741304347826088,-0.216844734629273,25.21,24.8,0.41000000000000014,2.034129692832765,2.208695652173913,-0.17456595934114816,25.21,24.8,0.41000000000000014,0.027303754266211604,2.3456521739130434,-2.318348419646832,25.21,24.8,0.41000000000000014,0.40045506257110364,2.5021739130434786,-2.101718850472375,25.21,24.8,0.41000000000000014,0.0,3.3195652173913044,-3.3195652173913044,,24.8,,0.0,3.3326086956521745,-3.3326086956521745,,24.8,,0.0,4.3130434782608695,-4.3130434782608695,,24.800000000000004,,0.0,3.582608695652174,-3.582608695652174,,24.8,,2.773606370875996,3.5456521739130444,-0.7720458030370483,25.21,24.8,0.41000000000000014,3.2741751990898753,3.7260869565217396,-0.4519117574318643,25.21,24.8,0.41000000000000014,4.216154721274176,4.232608695652174,-0.016453974377998115,25.21,24.8,0.41000000000000014,4.21160409556314,4.210869565217391,0.000734530345749107,25.21,24.8,0.41000000000000014,7.865756541524462,8.128260869565219,-0.2625043280407571,25.21,24.800000000000004,0.4099999999999966,8.998862343572242,8.971739130434784,0.02712321313745747,25.21,24.8,0.41000000000000014,3.9203640500568833,4.910869565217393,-0.9905055151605096,25.21,24.8,0.41000000000000014,5.35608646188851,5.993478260869566,-0.6373917989810556,25.21,24.8,0.41000000000000014,1.2332195676905575,7.619565217391305,-6.386345649700747,25.21,24.8,0.41000000000000014,3.9453924914675764,8.310869565217391,-4.365477073749815,25.21,24.8,0.41000000000000014,7.647326507394768,7.856521739130436,-0.20919523173566823,25.21,24.8,0.41000000000000014,7.699658703071672,8.047826086956523,-0.34816738388485025,25.21,24.8,0.41000000000000014,5.233219567690558,5.480434782608696,-0.24721521491813814,25.21,24.8,0.41000000000000014,4.941979522184301,5.234782608695653,-0.292803086511352,25.21,24.8,0.41000000000000014
14,Heating pad (Koreal),Level4,,,25,TskControl34,2025-03-01 19:03:43,2025-03-01_ID0_NoPCS_Ta22_TskControl34_WinterClothing.csv,2025-03-01_ID14_Heating pad (Koreal)_Level4_Position_Back_Ta25_TskControl34_WinterClothing.csv,-15.419999999999995,-2.440000000000012,-2.240000000000002,-17.159999999999997,-15.719999999999999,-30.54,-30.660000000000004,-39.67999999999999,-32.96,-7.380000000000003,-4.860000000000003,-2.539999999999999,-1.6799999999999926,-5.1200000000000045,-1.5400000000000063,-8.780000000000008,-6.0,-44.16,-31.519999999999996,-5.359999999999999,-5.640000000000001,-4.180000000000007,-4.660000000000004,25.2,25.2,43.18,0.13,25.2,25.1,34.660000000000004,34.0,34.0,34.0,34.0,37.44,36.279999999999994,39.18,34.760000000000005,34.0,34.0,34.0,34.0,34.0,34.0,34.0,34.0,34.0,34.0,34.0,34.0,34.0,34.0,32.040000000000006,50.379999999999995,18.08,4.42,7.3,0.0,0.0,0.0,0.0,25.240000000000002,29.419999999999998,36.4,37.06,69.66,81.0,36.4,49.14,25.939999999999998,44.94,66.92,68.4,46.239999999999995,43.5,24.9,24.7,44.25,0.12,24.8,24.77,34.0,34.0,34.0,34.0,34.0,34.0,34.0,34.0,34.0,34.0,34.0,34.0,34.0,34.0,34.0,34.0,34.0,34.0,34.0,34.0,34.0,34.0,34.0,47.46,52.82000000000001,20.32,21.58,23.02,30.54,30.660000000000004,39.67999999999999,32.96,32.620000000000005,34.28,38.94,38.739999999999995,74.78,82.54,45.18000000000001,55.14,70.1,76.46,72.28,74.04,50.42,48.160000000000004,5.724999999999999,5.741304347826088,-0.016304347826089582,25.2,24.8,0.3999999999999986,2.0545454545454542,2.208695652173913,-0.15415019762845894,25.2,24.8,0.3999999999999986,0.5022727272727272,2.3456521739130434,-1.8433794466403162,25.2,24.8,0.3999999999999986,0.8295454545454545,2.5021739130434786,-1.672628458498024,25.2,24.8,0.3999999999999986,0.0,3.3195652173913044,-3.3195652173913044,,24.8,,0.0,3.3326086956521745,-3.3326086956521745,,24.8,,0.0,4.3130434782608695,-4.3130434782608695,,24.800000000000004,,0.0,3.582608695652174,-3.582608695652174,,24.8,,2.868181818181818,3.5456521739130444,-0.6774703557312263,25.2,24.8,0.3999999999999986,3.343181818181818,3.7260869565217396,-0.3829051383399218,25.2,24.8,0.3999999999999986,4.136363636363636,4.232608695652174,-0.09624505928853822,25.2,24.8,0.3999999999999986,4.211363636363636,4.210869565217391,0.000494071146245112,25.2,24.8,0.3999999999999986,7.91590909090909,8.128260869565219,-0.21235177865612886,25.2,24.800000000000004,0.399999999999995,9.204545454545453,8.971739130434784,0.23280632411066904,25.2,24.8,0.3999999999999986,4.136363636363636,4.910869565217393,-0.774505928853757,25.2,24.8,0.3999999999999986,5.584090909090909,5.993478260869566,-0.4093873517786566,25.2,24.8,0.3999999999999986,2.9477272727272723,7.619565217391305,-4.671837944664032,25.2,24.8,0.3999999999999986,5.1068181818181815,8.310869565217391,-3.20405138339921,25.2,24.8,0.3999999999999986,7.6045454545454545,7.856521739130436,-0.25197628458498134,25.2,24.8,0.3999999999999986,7.7727272727272725,8.047826086956523,-0.2750988142292501,25.2,24.8,0.3999999999999986,5.254545454545454,5.480434782608696,-0.2258893280632419,25.2,24.8,0.3999999999999986,4.9431818181818175,5.234782608695653,-0.2916007905138356,25.2,24.8,0.3999999999999986
14,Heating pad,Level4,,,22,TskControl34,2025-02-25 12:19:28,2025-02-25_ID0_NoPCS_Ta22_TskControl34_WinterClothing.csv,2025-02-25_ID14_Heating pad_Level4_PositionBack_Ta22_TskControl34_WinterClothing.csv,-16.61999999999999,-0.4200000000000159,1.2200000000000024,-7.639999999999997,-6.299999999999994,-39.14,-39.98,-52.48,-37.46,-3.0600000000000023,-4.119999999999997,-0.6599999999999966,-0.9599999999999866,-1.3599999999999994,9.879999999999981,-4.999999999999993,-4.960000000000001,-52.10000000000001,-60.36000000000001,-0.5600000000000023,-2.9599999999999937,-1.3600000000000136,-0.020000000000003126,22.4,22.2,20.94,0.17,22.31,21.88,34.4,34.0,34.0,34.0,34.0,34.720000000000006,34.059999999999995,38.68000000000001,34.0,34.0,34.0,34.0,34.0,34.0,34.0,34.0,34.0,34.0,34.0,34.0,34.0,34.0,34.0,44.760000000000005,71.97999999999999,23.68,19.440000000000005,21.76,0.0,0.0,0.0,2.12,38.42,38.02,46.06,47.38000000000001,103.66000000000001,117.53999999999999,52.040000000000006,61.839999999999996,43.78,45.660000000000004,92.3,91.76,64.47999999999999,63.1,22.5,22.3,18.67,0.12,22.4,21.94,34.0,34.0,34.0,34.0,34.0,34.0,34.0,34.0,34.0,34.0,34.0,34.0,34.0,34.0,34.0,34.0,34.0,34.0,34.0,34.0,34.0,34.0,34.0,61.379999999999995,72.4,22.459999999999997,27.080000000000002,28.059999999999995,39.14,39.98,52.48,39.58,41.480000000000004,42.14,46.72,48.339999999999996,105.02000000000001,107.66000000000001,57.04,66.8,95.88000000000001,106.02000000000001,92.86,94.72,65.84,63.120000000000005,6.157399486740802,6.241379310344827,-0.08397982360402523,22.31,22.4,-0.08999999999999986,2.0256629597946962,1.9362068965517236,0.08945606324297262,22.310000000000002,22.4,-0.0899999999999963,1.662959794696322,2.3344827586206893,-0.6715229639243674,22.31,22.4,-0.08999999999999986,1.8614200171086397,2.4189655172413786,-0.557545500132739,22.31,22.4,-0.08999999999999986,0.0,3.3741379310344826,-3.3741379310344826,,22.4,,0.0,3.4465517241379304,-3.4465517241379304,,22.4,,0.0,4.524137931034482,-4.524137931034482,,22.4,,0.18135158254918732,3.412068965517241,-3.2307173829680536,22.31,22.4,-0.08999999999999986,3.286569717707442,3.575862068965517,-0.2892923512580752,22.31,22.4,-0.08999999999999986,3.2523524379811803,3.6327586206896547,-0.38040618270847437,22.31,22.4,-0.08999999999999986,3.9401197604790417,4.027586206896551,-0.08746644641750922,22.31,22.4,-0.08999999999999986,4.053036783575706,4.167241379310344,-0.11420459573463759,22.31,22.4,-0.08999999999999986,8.867408041060736,9.053448275862069,-0.18604023480133236,22.310000000000002,22.4,-0.0899999999999963,10.054747647562017,9.28103448275862,0.7737131648033966,22.31,22.4,-0.08999999999999986,4.451668092386655,4.917241379310344,-0.4655732869236884,22.31,22.4,-0.08999999999999986,5.289991445680068,5.758620689655172,-0.4686292439751041,22.31,22.4,-0.08999999999999986,3.7450812660393495,8.26551724137931,-4.520435975339961,22.31,22.4,-0.08999999999999986,3.90590248075278,9.139655172413793,-5.233752691661013,22.31,22.4,-0.08999999999999986,7.8956372968349005,8.005172413793103,-0.1095351169582024,22.31,22.4,-0.08999999999999986,7.849443969204448,8.165517241379309,-0.3160732721748607,22.31,22.4,-0.08999999999999986,5.515825491873395,5.675862068965517,-0.16003657709212238,22.31,22.4,-0.08999999999999986,5.397775876817793,5.441379310344828,-0.043603433527034774,22.31,22.4,-0.08999999999999986
14,Heating pad,Level4,,,22,TskControl34,2025-02-25 15:19:43,2025-02-25_ID0_NoPCS_Ta22_TskControl34_WinterClothing.csv,2025-02-25_ID14_Heating pad_Level4_PositionHands_Ta22_TskControl34_WinterClothing.csv,-11.83999999999999,-4.360000000000014,2.8400000000000034,-8.540000000000003,-8.659999999999997,-9.479999999999997,-10.02,-16.059999999999995,-21.88,-3.8599999999999994,-2.3799999999999955,-11.86,-12.439999999999998,-105.02000000000001,-107.66000000000001,-6.140000000000001,-7.179999999999993,-4.140000000000001,-12.360000000000014,-1.440000000000012,-3.0200000000000102,-2.499999999999993,0.4799999999999969,22.0,22.1,18.93,0.06,22.06,21.68,34.5,34.0,34.0,34.0,34.0,34.0,34.0,34.0,34.0,34.0,34.0,34.0,34.0,44.7,43.42,34.0,34.0,34.0,34.0,34.0,34.0,34.0,34.0,49.540000000000006,68.03999999999999,25.3,18.54,19.4,29.660000000000004,29.959999999999997,36.42,17.7,37.620000000000005,39.760000000000005,34.86,35.9,0.0,0.0,50.9,59.620000000000005,91.74000000000001,93.66,91.41999999999999,91.69999999999999,63.34000000000001,63.6,22.5,22.3,18.67,0.12,22.4,21.94,34.0,34.0,34.0,34.0,34.0,34.0,34.0,34.0,34.0,34.0,34.0,34.0,34.0,34.0,34.0,34.0,34.0,34.0,34.0,34.0,34.0,34.0,34.0,61.379999999999995,72.4,22.459999999999997,27.080000000000002,28.059999999999995,39.14,39.98,52.48,39.58,41.480000000000004,42.14,46.72,48.339999999999996,105.02000000000001,107.66000000000001,57.04,66.8,95.88000000000001,106.02000000000001,92.86,94.72,65.84,63.120000000000005,5.698492462311557,6.241379310344827,-0.5428868480332705,22.06,22.4,-0.33999999999999986,2.11892797319933,1.9362068965517236,0.18272107664760617,22.06,22.4,-0.33999999999999986,1.5527638190954771,2.3344827586206893,-0.7817189395252122,22.06,22.4,-0.33999999999999986,1.6247906197654938,2.4189655172413786,-0.7941748974758849,22.06,22.4,-0.33999999999999986,2.4840871021775546,3.3741379310344826,-0.890050828856928,22.06,22.4,-0.33999999999999986,2.5092127303182576,3.4465517241379304,-0.9373389938196728,22.06,22.4,-0.33999999999999986,3.050251256281407,4.524137931034482,-1.473886674753075,22.06,22.4,-0.33999999999999986,1.4824120603015074,3.412068965517241,-1.9296569052157335,22.06,22.4,-0.33999999999999986,3.150753768844221,3.575862068965517,-0.4251083001212961,22.06,22.4,-0.33999999999999986,3.3299832495812396,3.6327586206896547,-0.3027753711084151,22.06,22.4,-0.33999999999999986,2.9195979899497484,4.027586206896551,-1.1079882169468025,22.06,22.4,-0.33999999999999986,3.0067001675041873,4.167241379310344,-1.1605412118061564,22.06,22.4,-0.33999999999999986,0.0,9.053448275862069,-9.053448275862069,,22.4,,0.0,9.28103448275862,-9.28103448275862,,22.4,,4.262981574539363,4.917241379310344,-0.6542598047709811,22.06,22.4,-0.33999999999999986,4.993299832495812,5.758620689655172,-0.7653208571593595,22.06,22.4,-0.33999999999999986,7.683417085427136,8.26551724137931,-0.5821001559521743,22.06,22.4,-0.33999999999999986,7.844221105527637,9.139655172413793,-1.2954340668861555,22.06,22.4,-0.33999999999999986,7.656616415410383,8.005172413793103,-0.3485559983827198,22.06,22.4,-0.33999999999999986,7.68006700167504,8.165517241379309,-0.48545023970426904,22.06,22.4,-0.33999999999999986,5.3048576214405365,5.675862068965517,-0.37100444752498074,22.06,22.4,-0.33999999999999986,5.326633165829145,5.441379310344828,-0.11474614451568232,22.06,22.4,-0.33999999999999986
14,Heating pad (Koreal),Level3,,,22,TskControl34,2025-03-01 18:41:13,2025-03-01_ID0_NoPCS_Ta22_TskControl34_WinterClothing.csv,2025-03-01_ID14_Heating pad (Koreal)_Level3_Position_Back_Ta22_TskControl34_WinterClothing.csv,-16.28,-3.140000000000015,-2.2399999999999984,-15.379999999999999,-14.079999999999998,-30.54,-30.660000000000004,-39.67999999999999,-32.96,-7.280000000000001,-5.899999999999999,-2.739999999999995,-2.9399999999999906,-6.200000000000003,-5.860000000000014,-8.320000000000007,-6.859999999999992,-49.699999999999996,-36.41999999999999,-6.280000000000001,-6.920000000000016,-4.280000000000001,-3.8200000000000074,25.3,25.3,30.23,0.09,25.3,24.65,34.6,34.0,34.0,34.0,34.0,37.14,36.1,38.760000000000005,34.4,34.0,34.0,34.0,34.0,34.0,34.0,34.0,34.0,34.0,34.0,34.0,34.0,34.0,34.0,31.18,49.67999999999999,18.080000000000002,6.2,8.940000000000001,0.0,0.0,0.0,0.0,25.340000000000003,28.380000000000003,36.2,35.800000000000004,68.58,76.67999999999999,36.86,48.28000000000001,20.4,40.040000000000006,66.0,67.11999999999999,46.14,44.339999999999996,24.9,24.7,44.25,0.12,24.8,24.77,34.0,34.0,34.0,34.0,34.0,34.0,34.0,34.0,34.0,34.0,34.0,34.0,34.0,34.0,34.0,34.0,34.0,34.0,34.0,34.0,34.0,34.0,34.0,47.46,52.82000000000001,20.32,21.58,23.02,30.54,30.660000000000004,39.67999999999999,32.96,32.620000000000005,34.28,38.94,38.739999999999995,74.78,82.54,45.18000000000001,55.14,70.1,76.46,72.28,74.04,50.42,48.160000000000004,5.710344827586207,5.741304347826088,-0.030959520239881577,25.3,24.8,0.5,2.07816091954023,2.208695652173913,-0.13053473263368298,25.3,24.8,0.5,0.7126436781609197,2.3456521739130434,-1.6330084957521236,25.3,24.8,0.5,1.027586206896552,2.5021739130434786,-1.4745877061469266,25.3,24.8,0.5,0.0,3.3195652173913044,-3.3195652173913044,,24.8,,0.0,3.3326086956521745,-3.3326086956521745,,24.8,,0.0,4.3130434782608695,-4.3130434782608695,,24.800000000000004,,0.0,3.582608695652174,-3.582608695652174,,24.8,,2.91264367816092,3.5456521739130444,-0.6330084957521245,25.3,24.8,0.5,3.262068965517242,3.7260869565217396,-0.4640179910044977,25.3,24.8,0.5,4.1609195402298855,4.232608695652174,-0.07168915542228849,25.3,24.8,0.5,4.114942528735633,4.210869565217391,-0.09592703648175771,25.3,24.8,0.5,7.882758620689656,8.128260869565219,-0.24550224887556293,25.3,24.800000000000004,0.49999999999999645,8.813793103448276,8.971739130434784,-0.15794602698650806,25.3,24.8,0.5,4.236781609195402,4.910869565217393,-0.6740879560219906,25.3,24.8,0.5,5.549425287356323,5.993478260869566,-0.4440529735132426,25.3,24.8,0.5,2.344827586206897,7.619565217391305,-5.274737631184408,25.3,24.8,0.5,4.602298850574714,8.310869565217391,-3.7085707146426774,25.3,24.8,0.5,7.586206896551725,7.856521739130436,-0.27031484257871075,25.3,24.8,0.5,7.714942528735632,8.047826086956523,-0.33288355822089066,25.3,24.8,0.5,5.30344827586207,5.480434782608696,-0.1769865067466263,25.3,24.8,0.5,5.096551724137931,5.234782608695653,-0.13823088455772226,25.3,24.8,0.5
14,Heating pad (Koreal),Level1,,,22,TskControl34,2025-03-01 17:17:48,2025-03-01_ID0_NoPCS_Ta22_TskControl34_WinterClothing.csv,2025-03-01_ID14_Heating pad (Koreal)_Level1_Position_Back_Ta22_TskControl34_WinterClothing.csv,-10.160000000000004,0.8799999999999955,-1.6600000000000037,-3.4599999999999973,-3.280000000000001,-30.54,-27.460000000000004,-39.67999999999999,-11.0,-3.320000000000004,-1.7999999999999972,-1.2999999999999972,-0.9600000000000009,-3.519999999999982,2.1999999999999886,-1.4399999999999977,2.020000000000003,-33.4,-24.340000000000003,-2.039999999999992,-2.500000000000014,-1.740000000000009,-1.2000000000000028,25.0,24.8,35.04,0.13,24.91,24.54,34.0,34.0,34.0,34.0,34.0,34.08,34.0,34.54,34.0,34.0,34.0,34.0,34.0,34.0,34.0,34.0,34.0,34.0,34.0,34.0,34.0,34.0,34.0,37.3,53.7,18.659999999999997,18.12,19.74,0.0,3.1999999999999997,0.0,21.96,29.3,32.480000000000004,37.64,37.779999999999994,71.26000000000002,84.74,43.74000000000001,57.160000000000004,36.699999999999996,52.11999999999999,70.24000000000001,71.53999999999999,48.67999999999999,46.96,24.9,24.7,44.25,0.12,24.8,24.77,34.0,34.0,34.0,34.0,34.0,34.0,34.0,34.0,34.0,34.0,34.0,34.0,34.0,34.0,34.0,34.0,34.0,34.0,34.0,34.0,34.0,34.0,34.0,47.46,52.82000000000001,20.32,21.58,23.02,30.54,30.660000000000004,39.67999999999999,32.96,32.620000000000005,34.28,38.94,38.739999999999995,74.78,82.54,45.18000000000001,55.14,70.1,76.46,72.28,74.04,50.42,48.160000000000004,5.907590759075908,5.741304347826088,0.16628641124981947,24.91,24.8,0.10999999999999943,2.0528052805280526,2.208695652173913,-0.15589037164586061,24.91,24.8,0.10999999999999943,1.9933993399339935,2.3456521739130434,-0.35225283397904983,24.91,24.8,0.10999999999999943,2.1716171617161715,2.5021739130434786,-0.3305567513273071,24.91,24.8,0.10999999999999943,0.0,3.3195652173913044,-3.3195652173913044,,24.8,,0.352035203520352,3.3326086956521745,-2.9805734921318225,24.91,24.8,0.10999999999999943,0.0,4.3130434782608695,-4.3130434782608695,,24.800000000000004,,2.4158415841584158,3.582608695652174,-1.1667671114937583,24.91,24.8,0.10999999999999943,3.2233223322332236,3.5456521739130444,-0.3223298416798208,24.91,24.8,0.10999999999999943,3.5731573157315735,3.7260869565217396,-0.15292964079016613,24.91,24.8,0.10999999999999943,4.140814081408141,4.232608695652174,-0.09179461424403268,24.91,24.8,0.10999999999999943,4.156215621562156,4.210869565217391,-0.054653943655234904,24.91,24.8,0.10999999999999943,7.8393839383938415,8.128260869565219,-0.28887693117137747,24.91,24.800000000000004,0.10999999999999588,9.322332233223323,8.971739130434784,0.3505931027885385,24.91,24.8,0.10999999999999943,4.811881188118813,4.910869565217393,-0.09898837709858022,24.91,24.8,0.10999999999999943,6.288228822882289,5.993478260869566,0.2947505620127231,24.91,24.8,0.10999999999999943,4.037403740374037,7.619565217391305,-3.5821614770172676,24.91,24.8,0.10999999999999943,5.733773377337733,8.310869565217391,-2.5770961878796586,24.91,24.8,0.10999999999999943,7.727172717271729,7.856521739130436,-0.12934902185870722,24.91,24.8,0.10999999999999943,7.87018701870187,8.047826086956523,-0.1776390682546527,24.91,24.8,0.10999999999999943,5.355335533553355,5.480434782608696,-0.1250992490553413,24.91,24.8,0.10999999999999943,5.166116611661166,5.234782608695653,-0.06866599703448717,24.91,24.8,0.10999999999999943
15,Foot warmer (Essuntial),Level8,90.0,100.0,25,TskControl34,2025-03-03 13:53:00,2025-03-03_ID0_NoPCS_Ta25_TskControl34_WinterClothing.csv,2025-03-03_ID15_Foot warmer (Essuntial)_Level8_Angle90_Distance100_Ta25_TskControl34_WinterClothing.csv,-4.680000000000007,-2.8400000000000034,-0.09999999999999787,-2.480000000000002,-2.4000000000000004,-2.480000000000004,-2.8599999999999994,-2.9800000000000004,-5.5,-1.8200000000000003,-2.219999999999999,-0.8600000000000065,-0.38000000000000256,-1.0999999999999943,0.020000000000010232,-3.680000000000007,-4.299999999999997,-3.9799999999999898,-1.1200000000000045,-16.400000000000006,-15.620000000000005,-12.840000000000003,-10.559999999999995,25.3,25.0,46.44,0.05,25.12,25.15,34.0,34.0,34.0,34.0,34.0,34.0,34.0,34.0,34.0,34.0,34.0,34.0,34.0,34.0,34.0,34.0,34.0,34.0,34.0,34.0,34.0,34.0,34.0,38.86,49.84,19.04,14.040000000000001,15.819999999999999,21.54,21.36,28.7,16.139999999999997,27.560000000000002,29.540000000000003,36.839999999999996,36.279999999999994,68.02000000000001,81.32000000000001,37.519999999999996,52.620000000000005,60.760000000000005,70.14,52.760000000000005,55.0,34.62,35.2,25.1,25.1,48.87,0.18,25.1,25.15,34.0,34.0,34.0,34.0,34.0,34.0,34.0,34.0,34.0,34.0,34.0,34.0,34.0,34.0,34.0,34.0,34.0,34.0,34.0,34.0,34.0,34.0,34.0,43.540000000000006,52.68000000000001,19.139999999999997,16.520000000000003,18.22,24.020000000000003,24.22,31.68,21.639999999999997,29.380000000000003,31.76,37.7,36.66,69.12,81.3,41.2,56.92,64.74,71.26,69.16000000000001,70.62,47.46,45.76,5.6126126126126135,5.9191011235955076,-0.3064885109828941,25.12,25.1,0.019999999999999574,2.1441441441441444,2.150561797752809,-0.00641765360866442,25.12,25.1,0.019999999999999574,1.5810810810810814,1.8561797752808995,-0.27509869419981814,25.12,25.1,0.019999999999999574,1.7815315315315317,2.047191011235955,-0.2656594797044234,25.12,25.1,0.019999999999999574,2.425675675675676,2.6988764044943827,-0.27320072881870683,25.12,25.1,0.019999999999999574,2.4054054054054057,2.721348314606742,-0.31594290920133616,25.12,25.1,0.019999999999999574,3.231981981981982,3.5595505617977534,-0.32756857981577125,25.12,25.1,0.019999999999999574,1.8175675675675675,2.4314606741573033,-0.6138931065897357,25.12,25.1,0.019999999999999574,3.103603603603604,3.3011235955056186,-0.19751999190201452,25.12,25.1,0.019999999999999574,3.3265765765765773,3.568539325842697,-0.24196274926611983,25.12,25.1,0.019999999999999574,4.148648648648649,4.235955056179776,-0.08730640753112695,25.120000000000005,25.1,0.020000000000003126,4.085585585585585,4.119101123595506,-0.033515538009920576,25.12,25.1,0.019999999999999574,7.659909909909912,7.766292134831462,-0.1063822249215507,25.12,25.1,0.019999999999999574,9.15765765765766,9.134831460674159,0.022826196983501745,25.12,25.1,0.019999999999999574,4.225225225225225,4.629213483146068,-0.4039882579208429,25.12,25.1,0.019999999999999574,5.925675675675677,6.39550561797753,-0.4698299423018524,25.12,25.1,0.019999999999999574,6.842342342342343,7.274157303370787,-0.43181496102844363,25.12,25.1,0.019999999999999574,7.89864864864865,8.00674157303371,-0.10809292438505924,25.12,25.1,0.019999999999999574,5.941441441441443,7.770786516853935,-1.8293450754124922,25.12,25.1,0.019999999999999574,6.193693693693694,7.934831460674159,-1.741137766980465,25.12,25.1,0.019999999999999574,3.8986486486486487,5.332584269662922,-1.4339356210142733,25.12,25.1,0.019999999999999574,3.9639639639639648,5.141573033707866,-1.1776090697439012,25.12,25.1,0.019999999999999574
15,Foot warmer (Essuntial),Level5,90.0,100.0,25,TskControl34,2025-03-03 13:24:40,2025-03-03_ID0_NoPCS_Ta25_TskControl34_WinterClothing.csv,2025-03-03_ID15_Foot warmer (Essuntial)_Level5_Angle90_Distance100_Ta25_TskControl34_WinterClothing.csv,-2.8400000000000034,-1.420000000000016,-0.899999999999995,-1.9400000000000013,-1.9799999999999969,-2.0600000000000023,-2.1000000000000014,-1.8599999999999994,-4.739999999999998,-1.7000000000000028,-1.879999999999999,-0.6400000000000077,-0.11999999999999744,-0.5200000000000102,2.4000000000000057,-2.740000000000002,-2.8999999999999986,-0.9199999999999875,1.2000000000000028,-10.100000000000009,-9.620000000000005,-6.980000000000004,-6.780000000000001,25.3,24.9,47.36,0.19,25.13,25.19,34.0,34.0,34.0,34.0,34.0,34.0,34.0,34.0,34.0,34.0,34.0,34.0,34.0,34.0,34.0,34.0,34.0,34.0,34.0,34.0,34.0,34.0,34.0,40.7,51.25999999999999,18.240000000000002,14.580000000000002,16.240000000000002,21.96,22.119999999999997,29.82,16.9,27.68,29.880000000000003,37.059999999999995,36.54,68.6,83.7,38.46,54.02,63.82000000000001,72.46000000000001,59.06,61.0,40.48,38.98,25.1,25.1,48.87,0.18,25.1,25.15,34.0,34.0,34.0,34.0,34.0,34.0,34.0,34.0,34.0,34.0,34.0,34.0,34.0,34.0,34.0,34.0,34.0,34.0,34.0,34.0,34.0,34.0,34.0,43.540000000000006,52.68000000000001,19.139999999999997,16.520000000000003,18.22,24.020000000000003,24.22,31.68,21.639999999999997,29.380000000000003,31.76,37.7,36.66,69.12,81.3,41.2,56.92,64.74,71.26,69.16000000000001,70.62,47.46,45.76,5.779030439684328,5.9191011235955076,-0.14007068391117983,25.13,25.1,0.029999999999997584,2.0563697857948138,2.150561797752809,-0.09419201195799509,25.13,25.1,0.029999999999997584,1.6437429537767756,1.8561797752808995,-0.2124368215041239,25.13,25.1,0.029999999999997584,1.830890642615558,2.047191011235955,-0.21630036862039703,25.13,25.1,0.029999999999997584,2.47576099210823,2.6988764044943827,-0.22311541238615273,25.13,25.1,0.029999999999997584,2.4937993235625697,2.721348314606742,-0.22754899104417214,25.13,25.1,0.029999999999997584,3.3618940248027056,3.5595505617977534,-0.19765653699504782,25.13,25.1,0.029999999999997584,1.9052987598647122,2.4314606741573033,-0.5261619142925911,25.13,25.1,0.029999999999997584,3.1206313416009017,3.3011235955056186,-0.1804922539047169,25.13,25.1,0.029999999999997584,3.3686583990980834,3.568539325842697,-0.19988092674461377,25.13,25.1,0.029999999999997584,4.178128523111611,4.235955056179776,-0.0578265330681651,25.13,25.1,0.029999999999997584,4.119503945885005,4.119101123595506,0.0004028222894989497,25.13,25.1,0.029999999999997584,7.733934611048476,7.766292134831462,-0.032357523782986064,25.13,25.1,0.029999999999997584,9.43630214205186,9.134831460674159,0.30147068137770106,25.13,25.1,0.029999999999997584,4.335963923337091,4.629213483146068,-0.29324955980897727,25.13,25.1,0.029999999999997584,6.090191657271702,6.39550561797753,-0.3053139607058277,25.13,25.1,0.029999999999997584,7.195039458850056,7.274157303370787,-0.07911784452073078,25.13,25.1,0.029999999999997584,8.169109357384443,8.00674157303371,0.1623677843507334,25.13,25.1,0.029999999999997584,6.658399098083427,7.770786516853935,-1.112387418770508,25.13,25.1,0.029999999999997584,6.877113866967305,7.934831460674159,-1.0577175937068546,25.13,25.1,0.029999999999997584,4.563697857948139,5.332584269662922,-0.7688864117147833,25.13,25.1,0.029999999999997584,4.394588500563697,5.141573033707866,-0.7469845331441691,25.13,25.1,0.029999999999997584
15,Foot warmer (Essuntial),Level8,,,22,TskControl34,2025-02-28 12:18:39,2025-02-28_ID0_NoPCS_Ta22_TskControl34_WinterClothing.csv,2025-02-28_ID15_Foot warmer (Essuntial)_Level8_Ta22_TskControl34_WinterClothing.csv,-18.58,-7.0,-1.1400000000000041,-13.099999999999994,-13.579999999999998,-15.099999999999994,-14.879999999999999,-23.4,-31.900000000000002,-8.899999999999991,-8.34000000000001,-4.760000000000012,-6.259999999999998,-13.559999999999988,-7.180000000000007,-16.980000000000004,-19.780000000000015,-25.659999999999997,-29.74000000000001,-32.259999999999984,-37.800000000000004,-27.419999999999987,-23.680000000000007,22.4,22.4,59.78,0.11,22.4,22.73,34.0,34.0,34.0,34.0,34.0,34.0,34.0,34.0,34.0,34.0,34.0,34.0,34.0,34.0,34.0,34.0,34.0,34.0,34.0,34.0,34.0,34.0,34.0,47.760000000000005,64.72,24.52,19.240000000000002,20.46,30.72,30.320000000000004,38.6,21.459999999999997,36.32,37.48,47.18,44.18,92.16,102.32,47.08,54.11999999999999,76.0,83.16,62.660000000000004,57.52,44.7,40.279999999999994,22.2,22.4,53.45,0.09,22.3,22.47,34.0,34.0,34.0,34.0,34.0,34.0,34.0,34.0,34.0,34.0,34.0,34.0,34.0,34.0,34.0,34.0,34.0,34.0,34.0,34.0,34.0,34.0,34.0,66.34,71.72,25.660000000000004,32.339999999999996,34.04,45.81999999999999,45.2,62.0,53.36,45.21999999999999,45.82000000000001,51.94000000000001,50.44,105.71999999999998,109.5,64.06,73.9,101.66,112.9,94.91999999999999,95.32000000000001,72.11999999999999,63.96,5.579310344827586,6.12991452991453,-0.5506041850869448,22.4,22.3,0.09999999999999787,2.1137931034482755,2.193162393162394,-0.07936928971411827,22.4,22.300000000000004,0.09999999999999432,1.6586206896551723,2.764102564102564,-1.1054818744473918,22.4,22.3,0.09999999999999787,1.7637931034482757,2.9094017094017097,-1.145608605953434,22.4,22.3,0.09999999999999787,2.648275862068965,3.916239316239316,-1.267963454170351,22.4,22.3,0.09999999999999787,2.613793103448276,3.8632478632478637,-1.2494547597995878,22.4,22.3,0.09999999999999787,3.3275862068965516,5.2991452991453,-1.9715590922487483,22.4,22.3,0.09999999999999787,1.8499999999999996,4.5606837606837605,-2.710683760683761,22.4,22.299999999999997,0.10000000000000142,3.1310344827586203,3.8649572649572645,-0.7339227821986443,22.4,22.3,0.09999999999999787,3.23103448275862,3.916239316239317,-0.685204833480697,22.4,22.3,0.09999999999999787,4.067241379310344,4.43931623931624,-0.3720748600058963,22.4,22.3,0.09999999999999787,3.808620689655172,4.311111111111111,-0.5024904214559389,22.4,22.3,0.09999999999999787,7.9448275862068956,9.035897435897436,-1.0910698496905402,22.4,22.3,0.09999999999999787,8.820689655172412,9.35897435897436,-0.5382847038019474,22.4,22.3,0.09999999999999787,4.0586206896551715,5.475213675213675,-1.4165929855585038,22.4,22.299999999999997,0.10000000000000142,4.665517241379309,6.316239316239317,-1.650722074860008,22.4,22.3,0.09999999999999787,6.551724137931034,8.68888888888889,-2.137164750957856,22.4,22.300000000000004,0.09999999999999432,7.168965517241378,9.64957264957265,-2.480607132331273,22.4,22.3,0.09999999999999787,5.401724137931034,8.112820512820512,-2.711096374889478,22.4,22.3,0.09999999999999787,4.958620689655172,8.147008547008548,-3.1883878573533764,22.4,22.3,0.09999999999999787,3.853448275862069,6.1641025641025635,-2.3106542882404946,22.4,22.3,0.09999999999999787,3.4724137931034473,5.466666666666667,-1.9942528735632195,22.4,22.3,0.09999999999999787
15,Foot warmer (foldable),Level1,,,25,TskControl34,2025-02-10 12:42:59,2025-02-10_ID0_NoPCS_Ta25_TskControl34.csv,2025-02-10_ID15_Foot warmer (foldable)_Level1_Ta25_TskControl34.csv,1.720000000000006,1.8800000000000026,1.0399999999999991,1.6599999999999966,-0.4199999999999946,3.819999999999993,0.13999999999999346,1.1399999999999935,1.740000000000002,2.3200000000000003,0.8799999999999955,6.579999999999998,1.3400000000000176,12.779999999999987,9.200000000000017,-0.1600000000000037,0.8799999999999955,1.1199999999999903,2.5,1.8000000000000114,-0.9599999999999937,0.240000000000002,-0.8599999999999994,24.9,25.0,68.05,0.07,24.95,25.93,34.0,34.0,34.0,34.0,34.0,34.0,34.0,34.0,34.0,34.0,34.0,34.0,34.0,34.0,34.0,34.0,34.0,34.0,34.0,34.0,34.0,34.0,34.0,57.339999999999996,52.02,18.86,30.259999999999998,32.160000000000004,40.739999999999995,40.48,58.4,35.32,52.02,55.9,69.7,77.34,106.85999999999999,91.24000000000001,60.839999999999996,66.94,75.08,77.58,71.84,71.0,49.92,47.7,25.1,25.1,69.38,0.17,25.1,26.15,34.0,34.0,34.0,34.0,34.0,34.0,34.0,34.0,34.0,34.0,34.0,34.0,34.0,34.0,34.0,34.0,34.0,34.0,34.0,34.0,34.0,34.0,34.0,55.61999999999999,50.14,17.82,28.6,32.58,36.92,40.34,57.260000000000005,33.58,49.7,55.02,63.120000000000005,75.99999999999999,94.08,82.03999999999999,61.0,66.06,73.96000000000001,75.08,70.03999999999999,71.96,49.68,48.56,5.7480662983425415,5.633707865168541,0.11435843317400085,24.95,25.1,-0.15000000000000213,2.083977900552486,2.0022471910112363,0.08173070954124961,24.95,25.1,-0.15000000000000213,3.3436464088397786,3.2134831460674165,0.13016326277236212,24.95,25.1,-0.15000000000000213,3.5535911602209946,3.660674157303371,-0.10708299708237634,24.95,25.1,-0.15000000000000213,4.501657458563535,4.1483146067415735,0.3533428518219619,24.95,25.1,-0.15000000000000213,4.4729281767955795,4.532584269662922,-0.059656092867342636,24.95,25.1,-0.15000000000000213,6.453038674033149,6.433707865168541,0.019330808864607363,24.95,25.1,-0.15000000000000213,3.902762430939226,3.773033707865169,0.12972872307405714,24.95,25.1,-0.15000000000000213,5.7480662983425415,5.58426966292135,0.16379663542119172,24.95,25.1,-0.15000000000000213,6.176795580110497,6.182022471910114,-0.005226891799616773,24.95,25.1,-0.15000000000000213,7.701657458563536,7.092134831460676,0.6095226271028595,24.95,25.1,-0.15000000000000213,8.54585635359116,8.539325842696629,0.006530510894531716,24.95,25.1,-0.15000000000000213,11.807734806629831,10.570786516853934,1.2369482897758974,24.95,25.1,-0.15000000000000213,10.081767955801105,9.217977528089888,0.8637904277112174,24.95,25.1,-0.15000000000000213,6.722651933701656,6.853932584269664,-0.13128065056800775,24.95,25.1,-0.15000000000000213,7.396685082872927,7.422471910112361,-0.025786827239434373,24.95,25.1,-0.15000000000000213,8.296132596685082,8.310112359550564,-0.01397976286548186,24.95,25.1,-0.15000000000000213,8.572375690607734,8.435955056179777,0.1364206344279566,24.95,25.1,-0.15000000000000213,7.938121546961326,7.869662921348315,0.06845862561301086,24.95,25.1,-0.15000000000000213,7.845303867403314,8.085393258426967,-0.2400893910236528,24.95,25.1,-0.15000000000000213,5.516022099447514,5.582022471910113,-0.06600037246259927,24.95,25.1,-0.15000000000000213,5.2707182320441985,5.4561797752809,-0.18546154323670105,24.95,25.1,-0.15000000000000213
15,Foot warmer (Essuntial),Level4,90.0,100.0,25,TskControl34,2025-03-03 12:47:15,2025-03-03_ID0_NoPCS_Ta25_TskControl34_WinterClothing.csv,2025-03-03_ID15_Foot warmer (Essuntial)_Level4_Angle90_Distance100_Ta25_TskControl34_WinterClothing.csv,-2.240000000000009,-0.6400000000000077,0.860000000000003,-1.5000000000000018,-1.3599999999999959,-1.600000000000005,-1.5199999999999996,-0.7600000000000016,-3.5,-0.9600000000000044,-1.0999999999999979,-0.2600000000000051,0.3200000000000074,-1.3200000000000074,2.4000000000000057,-1.1000000000000014,-4.0,-5.3799999999999955,0.18000000000000682,-7.660000000000011,-7.000000000000014,-4.299999999999997,-4.140000000000001,25.2,25.0,47.96,0.16,25.11,25.21,34.0,34.0,34.0,34.0,34.0,34.0,34.0,34.0,34.0,34.0,34.0,34.0,34.0,34.0,34.0,34.0,34.0,34.0,34.0,34.0,34.0,34.0,34.0,41.3,52.04,20.0,15.020000000000001,16.860000000000003,22.419999999999998,22.7,30.919999999999998,18.139999999999997,28.419999999999998,30.660000000000004,37.44,36.980000000000004,67.8,83.7,40.1,52.92,59.36,71.44000000000001,61.5,63.61999999999999,43.160000000000004,41.62,25.1,25.1,48.87,0.18,25.1,25.15,34.0,34.0,34.0,34.0,34.0,34.0,34.0,34.0,34.0,34.0,34.0,34.0,34.0,34.0,34.0,34.0,34.0,34.0,34.0,34.0,34.0,34.0,34.0,43.540000000000006,52.68000000000001,19.139999999999997,16.520000000000003,18.22,24.020000000000003,24.22,31.68,21.639999999999997,29.380000000000003,31.76,37.7,36.66,69.12,81.3,41.2,56.92,64.74,71.26,69.16000000000001,70.62,47.46,45.76,5.853768278965129,5.9191011235955076,-0.0653328446303787,25.11,25.1,0.00999999999999801,2.249718785151856,2.150561797752809,0.09915698739904721,25.11,25.1,0.00999999999999801,1.6895388076490439,1.8561797752808995,-0.16664096763185565,25.11,25.1,0.00999999999999801,1.8965129358830148,2.047191011235955,-0.1506780753529402,25.11,25.1,0.00999999999999801,2.52193475815523,2.6988764044943827,-0.17694164633915266,25.11,25.1,0.00999999999999801,2.5534308211473564,2.721348314606742,-0.16791749345938545,25.11,25.1,0.00999999999999801,3.478065241844769,3.5595505617977534,-0.08148531995298436,25.11,25.1,0.00999999999999801,2.040494938132733,2.4314606741573033,-0.3909657360245702,25.11,25.1,0.00999999999999801,3.196850393700787,3.3011235955056186,-0.10427320180483157,25.11,25.1,0.00999999999999801,3.4488188976377954,3.568539325842697,-0.11972042820490181,25.11,25.1,0.00999999999999801,4.211473565804274,4.235955056179776,-0.024481490375501735,25.11,25.1,0.00999999999999801,4.159730033745782,4.119101123595506,0.04062891015027592,25.11,25.1,0.00999999999999801,7.626546681664791,7.766292134831462,-0.13974545316667175,25.11,25.1,0.00999999999999801,9.415073115860517,9.134831460674159,0.2802416551863587,25.11,25.1,0.00999999999999801,4.5106861642294716,4.629213483146068,-0.11852731891659651,25.11,25.1,0.00999999999999801,5.952755905511811,6.39550561797753,-0.4427497124657185,25.11,25.1,0.00999999999999801,6.677165354330708,7.274157303370787,-0.5969919490400786,25.11,25.1,0.00999999999999801,8.03599550056243,8.00674157303371,0.029253927528721135,25.11,25.1,0.00999999999999801,6.917885264341956,7.770786516853935,-0.8529012525119786,25.11,25.1,0.00999999999999801,7.156355455568052,7.934831460674159,-0.778476005106107,25.11,25.1,0.00999999999999801,4.854893138357705,5.332584269662922,-0.47769113130521657,25.11,25.1,0.00999999999999801,4.681664791901012,5.141573033707866,-0.4599082418068541,25.11,25.1,0.00999999999999801
15,Foot warmer (Essuntial),Level1,90.0,100.0,25,TskControl34,2025-03-03 12:35:50,2025-03-03_ID0_NoPCS_Ta25_TskControl34_WinterClothing.csv,2025-03-03_ID15_Foot warmer (Essuntial)_Level1_Angle90_Distance100_Ta25_TskControl34_WinterClothing.csv,-1.2800000000000011,-0.46000000000001506,0.360000000000003,-0.8800000000000026,-0.759999999999998,-0.7999999999999972,-0.6600000000000001,-0.5999999999999979,-1.9799999999999933,-1.1000000000000014,-0.6400000000000041,-0.5600000000000023,-1.7399999999999949,1.3399999999999892,0.960000000000008,-3.200000000000003,-3.1400000000000077,-1.1599999999999966,0.29999999999998295,-3.5600000000000165,-3.6200000000000045,-1.6600000000000037,-1.2000000000000028,25.1,25.1,47.93,0.13,25.1,25.19,34.0,34.0,34.0,34.0,34.0,34.0,34.0,34.0,34.0,34.0,34.0,34.0,34.0,34.0,34.0,34.0,34.0,34.0,34.0,34.0,34.0,34.0,34.0,42.260000000000005,52.21999999999999,19.5,15.64,17.46,23.220000000000006,23.56,31.080000000000002,19.660000000000004,28.28,31.119999999999997,37.14,34.92,70.46,82.26,38.0,53.779999999999994,63.58,71.55999999999999,65.6,67.0,45.8,44.559999999999995,25.1,25.1,48.87,0.18,25.1,25.15,34.0,34.0,34.0,34.0,34.0,34.0,34.0,34.0,34.0,34.0,34.0,34.0,34.0,34.0,34.0,34.0,34.0,34.0,34.0,34.0,34.0,34.0,34.0,43.540000000000006,52.68000000000001,19.139999999999997,16.520000000000003,18.22,24.020000000000003,24.22,31.68,21.639999999999997,29.380000000000003,31.76,37.7,36.66,69.12,81.3,41.2,56.92,64.74,71.26,69.16000000000001,70.62,47.46,45.76,5.867415730337079,5.9191011235955076,-0.05168539325842847,25.1,25.1,0.0,2.1910112359550564,2.150561797752809,0.040449438202247556,25.1,25.1,0.0,1.757303370786517,1.8561797752808995,-0.0988764044943824,25.1,25.1,0.0,1.9617977528089892,2.047191011235955,-0.08539325842696588,25.1,25.1,0.0,2.6089887640449447,2.6988764044943827,-0.08988764044943798,25.1,25.1,0.0,2.647191011235955,2.721348314606742,-0.07415730337078674,25.1,25.1,0.0,3.492134831460675,3.5595505617977534,-0.06741573033707837,25.1,25.1,0.0,2.2089887640449444,2.4314606741573033,-0.2224719101123589,25.1,25.1,0.0,3.177528089887641,3.3011235955056186,-0.12359550561797761,25.1,25.1,0.0,3.4966292134831463,3.568539325842697,-0.07191011235955092,25.1,25.1,0.0,4.173033707865169,4.235955056179776,-0.06292134831460672,25.1,25.1,0.0,3.9235955056179783,4.119101123595506,-0.19550561797752763,25.1,25.1,0.0,7.91685393258427,7.766292134831462,0.15056179775280754,25.1,25.1,0.0,9.242696629213485,9.134831460674159,0.10786516853932682,25.1,25.1,0.0,4.269662921348315,4.629213483146068,-0.3595505617977528,25.1,25.1,0.0,6.042696629213483,6.39550561797753,-0.3528089887640462,25.1,25.1,0.0,7.143820224719102,7.274157303370787,-0.1303370786516851,25.1,25.1,0.0,8.040449438202247,8.00674157303371,0.03370786516853741,25.1,25.1,0.0,7.370786516853933,7.770786516853935,-0.40000000000000213,25.1,25.1,0.0,7.5280898876404505,7.934831460674159,-0.4067415730337087,25.1,25.1,0.0,5.146067415730338,5.332584269662922,-0.18651685393258433,25.1,25.1,0.0,5.006741573033708,5.141573033707866,-0.13483146067415763,25.1,25.1,0.0
15,Foot warmer (Essuntial),Level5,,,22,TskControl34,2025-02-28 11:50:09,2025-02-28_ID0_NoPCS_Ta22_TskControl34_WinterClothing.csv,2025-02-28_ID15_Foot warmer (Essuntial)_Level5_Ta22_TskControl34_WinterClothing.csv,-14.219999999999999,-5.340000000000003,-1.000000000000007,-10.759999999999998,-12.299999999999997,-14.04,-13.600000000000001,-22.58,-28.5,-6.29999999999999,-7.400000000000006,-3.1000000000000156,-5.059999999999995,-8.780000000000001,-3.559999999999988,-13.619999999999997,-15.920000000000002,-24.439999999999998,-23.940000000000012,-21.560000000000002,-17.179999999999993,-19.599999999999994,-12.420000000000002,22.2,22.4,58.2,0.16,22.29,22.58,34.0,34.0,34.0,34.0,34.0,34.0,34.0,34.0,34.0,34.0,34.0,34.0,34.0,34.0,34.0,34.0,34.0,34.0,34.0,34.0,34.0,34.0,34.0,52.120000000000005,66.38,24.659999999999997,21.58,21.740000000000002,31.779999999999994,31.6,39.42,24.86,38.92,38.42,48.839999999999996,45.38,96.93999999999998,105.94000000000001,50.440000000000005,57.980000000000004,77.22,88.96,73.35999999999999,78.14000000000001,52.519999999999996,51.54,22.2,22.4,53.45,0.09,22.3,22.47,34.0,34.0,34.0,34.0,34.0,34.0,34.0,34.0,34.0,34.0,34.0,34.0,34.0,34.0,34.0,34.0,34.0,34.0,34.0,34.0,34.0,34.0,34.0,66.34,71.72,25.660000000000004,32.339999999999996,34.04,45.81999999999999,45.2,62.0,53.36,45.21999999999999,45.82000000000001,51.94000000000001,50.44,105.71999999999998,109.5,64.06,73.9,101.66,112.9,94.91999999999999,95.32000000000001,72.11999999999999,63.96,5.668659265584969,6.12991452991453,-0.4612552643295613,22.29,22.3,-0.010000000000001563,2.105892399658411,2.193162393162394,-0.08726999350398268,22.29,22.300000000000004,-0.010000000000005116,1.8428693424423568,2.764102564102564,-0.9212332216602073,22.29,22.3,-0.010000000000001563,1.856532877882152,2.9094017094017097,-1.0528688315195578,22.29,22.3,-0.010000000000001563,2.7139197267292907,3.916239316239316,-1.2023195895100254,22.29,22.3,-0.010000000000001563,2.6985482493595216,3.8632478632478637,-1.164699613888342,22.29,22.3,-0.010000000000001563,3.3663535439795047,5.2991452991453,-1.9327917551657952,22.29,22.3,-0.010000000000001563,2.1229718189581552,4.5606837606837605,-2.4377119417256052,22.29,22.299999999999997,-0.00999999999999801,3.323654995730145,3.8649572649572645,-0.5413022692271197,22.29,22.3,-0.010000000000001563,3.2809564474807855,3.916239316239317,-0.6352828687585315,22.29,22.3,-0.010000000000001563,4.1707941929974375,4.43931623931624,-0.26852204631880294,22.29,22.3,-0.010000000000001563,3.87532023911187,4.311111111111111,-0.4357908719992407,22.29,22.3,-0.010000000000001563,8.278394534585821,9.035897435897436,-0.7575029013116144,22.29,22.3,-0.010000000000001563,9.046968403074295,9.35897435897436,-0.3120059559000641,22.29,22.3,-0.010000000000001563,4.3074295473953885,5.475213675213675,-1.1677841278182868,22.29,22.299999999999997,-0.00999999999999801,4.95132365499573,6.316239316239317,-1.3649156612435869,22.29,22.3,-0.010000000000001563,6.594363791631084,8.68888888888889,-2.0945250972578062,22.29,22.300000000000004,-0.010000000000005116,7.596925704526045,9.64957264957265,-2.0526469450466056,22.29,22.3,-0.010000000000001563,6.264730999146027,8.112820512820512,-1.848089513674485,22.29,22.3,-0.010000000000001563,6.672929120409907,8.147008547008548,-1.4740794265986414,22.29,22.3,-0.010000000000001563,4.4850555081127235,6.1641025641025635,-1.67904705598984,22.29,22.3,-0.010000000000001563,4.401366353543979,5.466666666666667,-1.0653003131226875,22.29,22.3,-0.010000000000001563
15,Foot warmer (Essuntial),Level1,,,22,TskControl34,2025-02-28 11:04:29,2025-02-28_ID0_NoPCS_Ta22_TskControl34_WinterClothing.csv,2025-02-28_ID15_Foot warmer (Essuntial)_Level1_Ta22_TskControl34_WinterClothing.csv,-9.040000000000006,-4.819999999999993,-1.2600000000000051,-7.599999999999994,-9.920000000000002,-10.479999999999997,-10.160000000000004,-16.36,-19.72,-4.339999999999982,-4.340000000000003,-1.8400000000000105,-2.0799999999999983,-6.619999999999976,-2.9399999999999835,-7.960000000000001,-9.54000000000002,-13.980000000000004,-16.900000000000006,-9.719999999999985,-8.739999999999995,-10.920000000000002,-6.079999999999991,22.2,22.5,58.2,0.08,22.36,22.67,34.0,34.0,34.0,34.0,34.0,34.0,34.0,34.0,34.0,34.0,34.0,34.0,34.0,34.0,34.0,34.0,34.0,34.0,34.0,34.0,34.0,34.0,34.0,57.3,66.9,24.4,24.740000000000002,24.119999999999997,35.339999999999996,35.04,45.64,33.64,40.88000000000001,41.480000000000004,50.1,48.36,99.10000000000001,106.56000000000002,56.1,64.35999999999999,87.67999999999999,96.0,85.2,86.58000000000001,61.19999999999999,57.88000000000001,22.2,22.4,53.45,0.09,22.3,22.47,34.0,34.0,34.0,34.0,34.0,34.0,34.0,34.0,34.0,34.0,34.0,34.0,34.0,34.0,34.0,34.0,34.0,34.0,34.0,34.0,34.0,34.0,34.0,66.34,71.72,25.660000000000004,32.339999999999996,34.04,45.81999999999999,45.2,62.0,53.36,45.21999999999999,45.82000000000001,51.94000000000001,50.44,105.71999999999998,109.5,64.06,73.9,101.66,112.9,94.91999999999999,95.32000000000001,72.11999999999999,63.96,5.747422680412371,6.12991452991453,-0.3824918495021592,22.36,22.3,0.05999999999999872,2.0962199312714773,2.193162393162394,-0.09694246189091649,22.36,22.300000000000004,0.05999999999999517,2.125429553264605,2.764102564102564,-0.6386730108379592,22.36,22.3,0.05999999999999872,2.072164948453608,2.9094017094017097,-0.8372367609481017,22.36,22.3,0.05999999999999872,3.0360824742268036,3.916239316239316,-0.8801568420125125,22.36,22.3,0.05999999999999872,3.0103092783505154,3.8632478632478637,-0.8529385848973483,22.36,22.3,0.05999999999999872,3.9209621993127146,5.2991452991453,-1.3781830998325852,22.36,22.3,0.05999999999999872,2.8900343642611683,4.5606837606837605,-1.6706493964225921,22.36,22.299999999999997,0.060000000000002274,3.5120274914089356,3.8649572649572645,-0.352929773548329,22.36,22.3,0.05999999999999872,3.5635738831615122,3.916239316239317,-0.35266543307780474,22.36,22.3,0.05999999999999872,4.304123711340206,4.43931623931624,-0.13519252797603443,22.36,22.3,0.05999999999999872,4.154639175257731,4.311111111111111,-0.15647193585337948,22.36,22.3,0.05999999999999872,8.513745704467354,9.035897435897436,-0.5221517314300819,22.36,22.3,0.05999999999999872,9.154639175257733,9.35897435897436,-0.2043351837166263,22.36,22.3,0.05999999999999872,4.819587628865979,5.475213675213675,-0.6556260463476962,22.36,22.299999999999997,0.060000000000002274,5.529209621993125,6.316239316239317,-0.7870296942461916,22.36,22.3,0.05999999999999872,7.532646048109965,8.68888888888889,-1.1562428407789254,22.36,22.300000000000004,0.05999999999999517,8.24742268041237,9.64957264957265,-1.4021499691602806,22.36,22.3,0.05999999999999872,7.319587628865979,8.112820512820512,-0.7932328839545333,22.36,22.3,0.05999999999999872,7.438144329896908,8.147008547008548,-0.7088642171116399,22.36,22.3,0.05999999999999872,5.257731958762886,6.1641025641025635,-0.9063706053396778,22.36,22.3,0.05999999999999872,4.972508591065293,5.466666666666667,-0.4941580756013737,22.36,22.3,0.05999999999999872
15,Foot warmer (Essuntial),Level4,,,22,TskControl34,2025-02-28 11:30:34,2025-02-28_ID0_NoPCS_Ta22_TskControl34_WinterClothing.csv,2025-02-28_ID15_Foot warmer (Essuntial)_Level4_Ta22_TskControl34_WinterClothing.csv,-12.399999999999991,-5.0,-0.6600000000000072,-9.959999999999997,-10.7,-12.479999999999997,-12.5,-20.439999999999998,-25.400000000000002,-5.999999999999993,-5.740000000000009,-2.3400000000000105,-3.299999999999997,-8.719999999999985,-3.0,-11.799999999999997,-13.18,-20.079999999999984,-22.5,-18.579999999999984,-13.88000000000001,-17.339999999999996,-10.419999999999995,22.3,22.5,55.62,0.11,22.4,22.62,34.0,34.0,34.0,34.0,34.0,34.0,34.0,34.0,34.0,34.0,34.0,34.0,34.0,34.0,34.0,34.0,34.0,34.0,34.0,34.0,34.0,34.0,34.0,53.94000000000001,66.72,24.999999999999996,22.38,23.34,33.339999999999996,32.7,41.56,27.959999999999997,39.22,40.08,49.6,47.14,97.0,106.5,52.260000000000005,60.720000000000006,81.58000000000001,90.4,76.34,81.44,54.779999999999994,53.540000000000006,22.2,22.4,53.45,0.09,22.3,22.47,34.0,34.0,34.0,34.0,34.0,34.0,34.0,34.0,34.0,34.0,34.0,34.0,34.0,34.0,34.0,34.0,34.0,34.0,34.0,34.0,34.0,34.0,34.0,66.34,71.72,25.660000000000004,32.339999999999996,34.04,45.81999999999999,45.2,62.0,53.36,45.21999999999999,45.82000000000001,51.94000000000001,50.44,105.71999999999998,109.5,64.06,73.9,101.66,112.9,94.91999999999999,95.32000000000001,72.11999999999999,63.96,5.751724137931034,6.12991452991453,-0.37819039198349635,22.4,22.3,0.09999999999999787,2.1551724137931028,2.193162393162394,-0.03798997936929105,22.4,22.300000000000004,0.09999999999999432,1.929310344827586,2.764102564102564,-0.8347922192749782,22.4,22.3,0.09999999999999787,2.012068965517241,2.9094017094017097,-0.8973327438844687,22.4,22.3,0.09999999999999787,2.874137931034482,3.916239316239316,-1.042101385204834,22.4,22.3,0.09999999999999787,2.818965517241379,3.8632478632478637,-1.0442823460064847,22.4,22.3,0.09999999999999787,3.582758620689655,5.2991452991453,-1.716386678455645,22.4,22.3,0.09999999999999787,2.4103448275862065,4.5606837606837605,-2.150338933097554,22.4,22.299999999999997,0.10000000000000142,3.3810344827586203,3.8649572649572645,-0.48392278219864426,22.4,22.3,0.09999999999999787,3.455172413793103,3.916239316239317,-0.46106690244621396,22.4,22.3,0.09999999999999787,4.275862068965517,4.43931623931624,-0.16345417035072352,22.4,22.3,0.09999999999999787,4.063793103448275,4.311111111111111,-0.24731800766283563,22.4,22.3,0.09999999999999787,8.36206896551724,9.035897435897436,-0.6738284703801956,22.4,22.3,0.09999999999999787,9.18103448275862,9.35897435897436,-0.17793987621574026,22.4,22.3,0.09999999999999787,4.505172413793104,5.475213675213675,-0.9700412614205716,22.4,22.299999999999997,0.10000000000000142,5.23448275862069,6.316239316239317,-1.0817565576186272,22.4,22.3,0.09999999999999787,7.0327586206896555,8.68888888888889,-1.6561302681992345,22.4,22.300000000000004,0.09999999999999432,7.793103448275861,9.64957264957265,-1.8564692012967896,22.4,22.3,0.09999999999999787,6.5810344827586205,8.112820512820512,-1.531786030061892,22.4,22.3,0.09999999999999787,7.020689655172413,8.147008547008548,-1.126318891836135,22.4,22.3,0.09999999999999787,4.722413793103447,6.1641025641025635,-1.4416887709991162,22.4,22.3,0.09999999999999787,4.61551724137931,5.466666666666667,-0.8511494252873568,22.4,22.3,0.09999999999999787
16,Halogen heater (Goldair),Low,90.0,100.0,22,TskControl34,2025-02-28 13:57:29,2025-02-28_ID0_NoPCS_Ta22_TskControl34_WinterClothing.csv,2025-02-28_ID16_Halogen heater (Goldair)_Low_Angle90_Distance100_Ta22_TskControl34_WinterClothing.csv,-19.22,-6.980000000000004,-1.1400000000000041,-13.559999999999995,-14.32,-17.55999999999999,-15.560000000000006,-24.96,-37.3,-8.779999999999987,-8.780000000000001,-3.660000000000018,-5.359999999999999,-11.939999999999984,-6.700000000000003,-16.660000000000004,-19.08,-20.980000000000004,-23.459999999999994,-42.819999999999986,-38.82000000000001,-33.599999999999994,-24.560000000000002,22.4,22.6,61.34,0.13,22.49,22.87,34.0,34.0,34.0,34.0,34.0,34.0,34.0,34.0,34.0,34.0,34.0,34.0,34.0,34.0,34.0,34.0,34.0,34.0,34.0,34.0,34.0,34.0,34.0,47.120000000000005,64.74,24.52,18.78,19.72,28.26,29.639999999999997,37.04,16.06,36.440000000000005,37.040000000000006,48.279999999999994,45.08,93.78,102.8,47.4,54.82000000000001,80.67999999999999,89.44000000000001,52.1,56.5,38.519999999999996,39.4,22.2,22.4,53.45,0.09,22.3,22.47,34.0,34.0,34.0,34.0,34.0,34.0,34.0,34.0,34.0,34.0,34.0,34.0,34.0,34.0,34.0,34.0,34.0,34.0,34.0,34.0,34.0,34.0,34.0,66.34,71.72,25.660000000000004,32.339999999999996,34.04,45.81999999999999,45.2,62.0,53.36,45.21999999999999,45.82000000000001,51.94000000000001,50.44,105.71999999999998,109.5,64.06,73.9,101.66,112.9,94.91999999999999,95.32000000000001,72.11999999999999,63.96,5.624674196350998,6.12991452991453,-0.505240333563532,22.49,22.3,0.18999999999999773,2.130321459600347,2.193162393162394,-0.06284093356204679,22.489999999999995,22.300000000000004,0.18999999999999062,1.631624674196351,2.764102564102564,-1.1324778899062131,22.49,22.3,0.18999999999999773,1.713292788879235,2.9094017094017097,-1.1961089205224746,22.49,22.3,0.18999999999999773,2.4552562988705473,3.916239316239316,-1.4609830173687688,22.49,22.3,0.18999999999999773,2.5751520417028666,3.8632478632478637,-1.2880958215449971,22.49,22.3,0.18999999999999773,3.2180712423979143,5.2991452991453,-2.0810740567473855,22.49,22.3,0.18999999999999773,1.3953084274543872,4.5606837606837605,-3.165375333229373,22.49,22.299999999999997,0.19000000000000128,3.1659426585577757,3.8649572649572645,-0.6990146063994889,22.49,22.3,0.18999999999999773,3.2180712423979148,3.916239316239317,-0.6981680738414022,22.49,22.3,0.18999999999999773,4.1946133796698515,4.43931623931624,-0.24470285964638894,22.49,22.3,0.18999999999999773,3.916594265855777,4.311111111111111,-0.39451684525533404,22.49,22.3,0.18999999999999773,8.147697654213726,9.035897435897436,-0.8881997816837099,22.49,22.3,0.18999999999999773,8.931364031277148,9.35897435897436,-0.4276103276972112,22.49,22.3,0.18999999999999773,4.118158123370981,5.475213675213675,-1.357055551842694,22.49,22.299999999999997,0.19000000000000128,4.762814943527368,6.316239316239317,-1.553424372711949,22.490000000000002,22.3,0.19000000000000128,7.009556907037357,8.68888888888889,-1.6793319818515329,22.49,22.300000000000004,0.18999999999999417,7.770634231103388,9.64957264957265,-1.8789384184692626,22.49,22.3,0.18999999999999773,4.526498696785404,8.112820512820512,-3.5863218160351087,22.49,22.3,0.18999999999999773,4.908774978279756,8.147008547008548,-3.238233568728792,22.49,22.3,0.18999999999999773,3.3466550825369237,6.1641025641025635,-2.81744748156564,22.49,22.3,0.18999999999999773,3.4231103388357944,5.466666666666667,-2.0435563278308724,22.49,22.3,0.18999999999999773
16,Foot warmer (halogen heater),Low,,,25,TskControl34,2025-02-10 13:22:59,2025-02-10_ID0_NoPCS_Ta25_TskControl34.csv,2025-02-10_ID16_Foot warmer (halogen heater)_Low_Ta25_TskControl34.csv,-8.359999999999985,1.0200000000000031,0.1999999999999993,-0.03999999999999915,-2.6799999999999997,2.719999999999999,-2.039999999999999,-1.1199999999999974,-4.539999999999999,1.0799999999999983,-2.8000000000000114,4.4199999999999875,-3.1599999999999824,9.5,2.7800000000000153,-4.899999999999999,-11.939999999999998,-10.860000000000007,-8.519999999999982,-36.239999999999995,-39.959999999999994,-23.44,-25.000000000000004,25.0,25.2,67.23,0.08,25.11,26.0,34.0,34.0,34.0,34.0,34.0,34.0,34.0,34.0,34.0,34.0,34.0,34.0,34.0,34.0,34.0,34.0,34.0,34.0,34.0,34.0,34.0,34.0,34.0,47.260000000000005,51.160000000000004,18.02,28.560000000000002,29.9,39.64,38.300000000000004,56.14000000000001,29.04,50.78,52.21999999999999,67.53999999999999,72.84,103.58,84.82000000000001,56.1,54.120000000000005,63.1,66.56000000000002,33.8,32.0,26.24,23.56,25.1,25.1,69.38,0.17,25.1,26.15,34.0,34.0,34.0,34.0,34.0,34.0,34.0,34.0,34.0,34.0,34.0,34.0,34.0,34.0,34.0,34.0,34.0,34.0,34.0,34.0,34.0,34.0,34.0,55.61999999999999,50.14,17.82,28.6,32.58,36.92,40.34,57.260000000000005,33.58,49.7,55.02,63.120000000000005,75.99999999999999,94.08,82.03999999999999,61.0,66.06,73.96000000000001,75.08,70.03999999999999,71.96,49.68,48.56,5.7547806524184475,5.633707865168541,0.12107278724990689,25.11,25.1,0.00999999999999801,2.026996625421822,2.0022471910112363,0.024749434410585636,25.11,25.1,0.00999999999999801,3.2125984251968505,3.2134831460674165,-0.0008847208705660137,25.11,25.1,0.00999999999999801,3.3633295838020243,3.660674157303371,-0.2973445735013467,25.11,25.1,0.00999999999999801,4.458942632170978,4.1483146067415735,0.3106280254294047,25.11,25.1,0.00999999999999801,4.308211473565804,4.532584269662922,-0.2243727960971178,25.11,25.1,0.00999999999999801,6.31496062992126,6.433707865168541,-0.11874723524728115,25.11,25.1,0.00999999999999801,3.2665916760404947,3.773033707865169,-0.5064420318246743,25.11,25.1,0.00999999999999801,5.712035995500562,5.58426966292135,0.12776633257921244,25.11,25.1,0.00999999999999801,5.8740157480314945,6.182022471910114,-0.30800672387861905,25.11,25.1,0.00999999999999801,7.597300337457816,7.092134831460676,0.50516550599714,25.11,25.1,0.00999999999999801,8.19347581552306,8.539325842696629,-0.3458500271735687,25.11,25.1,0.00999999999999801,11.651293588301462,10.570786516853934,1.0805070714475278,25.11,25.1,0.00999999999999801,9.541057367829021,9.217977528089888,0.32307983973913323,25.11,25.1,0.00999999999999801,6.310461192350956,6.853932584269664,-0.5434713919187084,25.11,25.1,0.00999999999999801,6.087739032620923,7.422471910112361,-1.3347328774914384,25.11,25.1,0.00999999999999801,7.097862767154106,8.310112359550564,-1.212249592396458,25.11,25.1,0.00999999999999801,7.487064116985378,8.435955056179777,-0.9488909391943992,25.11,25.1,0.00999999999999801,3.802024746906636,7.869662921348315,-4.067638174441679,25.11,25.1,0.00999999999999801,3.599550056242969,8.085393258426967,-4.485843202183998,25.11,25.1,0.00999999999999801,2.9516310461192345,5.582022471910113,-2.6303914257908785,25.11,25.1,0.00999999999999801,2.650168728908886,5.4561797752809,-2.8060110463720136,25.11,25.1,0.00999999999999801
16,Halogen heater (Goldair),High,90.0,100.0,22,TskControl34,2025-02-28 14:18:24,2025-02-28_ID0_NoPCS_Ta22_TskControl34_WinterClothing.csv,2025-02-28_ID16_Halogen heater (Goldair)_High_Angle90_Distance100_Ta22_TskControl34_WinterClothing.csv,-27.220000000000006,-6.260000000000005,-2.860000000000003,-14.939999999999998,-14.959999999999997,-17.619999999999994,-15.96,-26.08,-41.04,-11.999999999999986,-7.820000000000007,-6.540000000000013,-5.619999999999997,-12.659999999999968,0.44000000000001194,-24.28000000000001,-19.60000000000001,-30.039999999999992,-36.24000000000001,-82.32,-77.20000000000002,-50.579999999999984,-39.260000000000005,22.7,22.7,61.02,0.05,22.7,23.09,34.0,34.0,34.019999999999996,34.0,34.0,34.0,34.0,34.0,34.0,34.0,34.0,34.0,34.0,34.0,34.0,34.0,34.0,34.0,34.0,34.0,34.0,34.0,34.0,39.12,65.46,22.8,17.4,19.080000000000002,28.2,29.240000000000002,35.92,12.319999999999999,33.220000000000006,38.0,45.4,44.82,93.06000000000002,109.94000000000001,39.779999999999994,54.3,71.62,76.66,12.6,18.119999999999997,21.540000000000003,24.7,22.2,22.4,53.45,0.09,22.3,22.47,34.0,34.0,34.0,34.0,34.0,34.0,34.0,34.0,34.0,34.0,34.0,34.0,34.0,34.0,34.0,34.0,34.0,34.0,34.0,34.0,34.0,34.0,34.0,66.34,71.72,25.660000000000004,32.339999999999996,34.04,45.81999999999999,45.2,62.0,53.36,45.21999999999999,45.82000000000001,51.94000000000001,50.44,105.71999999999998,109.5,64.06,73.9,101.66,112.9,94.91999999999999,95.32000000000001,72.11999999999999,63.96,5.7929203539823,6.12991452991453,-0.33699417593223036,22.7,22.3,0.3999999999999986,2.014134275618375,2.193162393162394,-0.1790281175440187,22.7,22.300000000000004,0.399999999999995,1.5398230088495573,2.764102564102564,-1.2242795552530068,22.7,22.3,0.3999999999999986,1.688495575221239,2.9094017094017097,-1.2209061341804708,22.7,22.3,0.3999999999999986,2.495575221238938,3.916239316239316,-1.4206640950003782,22.7,22.3,0.3999999999999986,2.5876106194690265,3.8632478632478637,-1.2756372437788372,22.7,22.3,0.3999999999999986,3.1787610619469024,5.2991452991453,-2.1203842371983974,22.7,22.3,0.3999999999999986,1.0902654867256636,4.5606837606837605,-3.4704182739580967,22.7,22.299999999999997,0.40000000000000213,2.939823008849558,3.8649572649572645,-0.9251342561077065,22.7,22.3,0.3999999999999986,3.3628318584070795,3.916239316239317,-0.5534074578322374,22.7,22.3,0.3999999999999986,4.017699115044247,4.43931623931624,-0.42161712427199305,22.7,22.3,0.3999999999999986,3.966371681415929,4.311111111111111,-0.3447394296951818,22.7,22.3,0.3999999999999986,8.235398230088496,9.035897435897436,-0.80049920580894,22.699999999999996,22.3,0.399999999999995,9.72920353982301,9.35897435897436,0.37022918084865,22.7,22.3,0.3999999999999986,3.5203539823008843,5.475213675213675,-1.954859692912791,22.7,22.299999999999997,0.40000000000000213,4.805309734513274,6.316239316239317,-1.5109295817260433,22.7,22.3,0.3999999999999986,6.338053097345132,8.68888888888889,-2.3508357915437577,22.7,22.300000000000004,0.399999999999995,6.784070796460176,9.64957264957265,-2.865501853112475,22.7,22.3,0.3999999999999986,1.1150442477876106,8.112820512820512,-6.997776265032902,22.7,22.3,0.3999999999999986,1.6035398230088493,8.147008547008548,-6.543468723999699,22.7,22.3,0.3999999999999986,1.906194690265487,6.1641025641025635,-4.257907873837077,22.7,22.3,0.3999999999999986,2.1858407079646014,5.466666666666667,-3.2808259587020654,22.699999999999996,22.3,0.399999999999995
16,Halogen heater (Goldair),Low,90.0,100.0,25,TskControl34,2025-03-03 14:19:10,2025-03-03_ID0_NoPCS_Ta25_TskControl34_WinterClothing.csv,2025-03-03_ID16_Halogen heater (Goldair)_Low_Angle90_Distance100_Ta25_TskControl34_WinterClothing.csv,-8.780000000000001,-2.6600000000000037,-0.17999999999999616,-2.560000000000004,-3.179999999999998,-2.9000000000000057,-3.9399999999999977,-3.8999999999999986,-8.399999999999997,-2.1400000000000006,-2.240000000000002,-0.9799999999999969,-2.299999999999997,3.8800000000000097,-2.4200000000000017,-11.560000000000006,-8.899999999999999,-8.179999999999993,-3.799999999999997,-32.96000000000001,-33.28,-20.840000000000003,-20.36,25.4,25.1,46.17,0.07,25.24,25.24,34.0,34.0,34.0,34.0,34.0,34.0,34.0,34.0,34.0,34.0,34.0,34.0,34.0,34.0,34.0,34.019999999999996,34.0,34.0,34.0,34.0,34.0,34.0,34.0,34.760000000000005,50.02,18.96,13.959999999999999,15.040000000000001,21.119999999999997,20.28,27.78,13.24,27.240000000000002,29.52,36.720000000000006,34.36,73.00000000000001,78.88,29.639999999999997,48.02,56.56,67.46000000000001,36.2,37.34,26.619999999999997,25.4,25.1,25.1,48.87,0.18,25.1,25.15,34.0,34.0,34.0,34.0,34.0,34.0,34.0,34.0,34.0,34.0,34.0,34.0,34.0,34.0,34.0,34.0,34.0,34.0,34.0,34.0,34.0,34.0,34.0,43.540000000000006,52.68000000000001,19.139999999999997,16.520000000000003,18.22,24.020000000000003,24.22,31.68,21.639999999999997,29.380000000000003,31.76,37.7,36.66,69.12,81.3,41.2,56.92,64.74,71.26,69.16000000000001,70.62,47.46,45.76,5.710045662100456,5.9191011235955076,-0.20905546149505128,25.24,25.1,0.13999999999999702,2.1643835616438354,2.150561797752809,0.013821763891026517,25.24,25.1,0.13999999999999702,1.5936073059360727,1.8561797752808995,-0.2625724693448268,25.24,25.1,0.13999999999999702,1.7168949771689497,2.047191011235955,-0.33029603406700536,25.24,25.1,0.13999999999999702,2.4109589041095885,2.6988764044943827,-0.28791750038479424,25.24,25.1,0.13999999999999702,2.315068493150685,2.721348314606742,-0.406279821456057,25.24,25.1,0.13999999999999702,3.1712328767123283,3.5595505617977534,-0.3883176850854251,25.24,25.1,0.13999999999999702,1.511415525114155,2.4314606741573033,-0.9200451490431483,25.24,25.1,0.13999999999999702,3.10958904109589,3.3011235955056186,-0.19153455440972866,25.24,25.1,0.13999999999999702,3.3698630136986294,3.568539325842697,-0.19867631214406778,25.24,25.1,0.13999999999999702,4.191780821917808,4.235955056179776,-0.04417423426196798,25.24,25.1,0.13999999999999702,3.9223744292237437,4.119101123595506,-0.19672669437176227,25.24,25.1,0.13999999999999702,8.333333333333334,7.766292134831462,0.5670411985018715,25.24,25.1,0.13999999999999702,9.00456621004566,9.134831460674159,-0.13026525062849892,25.24,25.1,0.13999999999999702,3.3758542141230072,4.629213483146068,-1.2533592690230608,25.24,25.1,0.13999999999999702,5.481735159817351,6.39550561797753,-0.9137704581601787,25.24,25.1,0.13999999999999702,6.456621004566209,7.274157303370787,-0.817536298804578,25.24,25.1,0.13999999999999702,7.700913242009132,8.00674157303371,-0.3058283310245775,25.24,25.1,0.13999999999999702,4.1324200913242,7.770786516853935,-3.6383664255297345,25.24,25.1,0.13999999999999702,4.26255707762557,7.934831460674159,-3.672274383048589,25.24,25.1,0.13999999999999702,3.038812785388127,5.332584269662922,-2.293771484274795,25.24,25.1,0.13999999999999702,2.8995433789954332,5.141573033707866,-2.2420296547124328,25.24,25.1,0.13999999999999702
16,Foot warmer (halogen heater),High,,,25,TskControl34,2025-02-10 13:42:59,2025-02-10_ID0_NoPCS_Ta25_TskControl34.csv,2025-02-10_ID16_Foot warmer (halogen heater)_High_Ta25_TskControl34.csv,-17.059999999999988,-1.2199999999999989,0.28000000000000114,-2.200000000000003,-4.099999999999998,-0.12000000000000455,-4.420000000000002,-4.560000000000002,-8.519999999999996,-1.8800000000000026,-6.180000000000007,-0.8200000000000074,-3.6999999999999886,-2.5999999999999943,2.8999999999999915,-12.100000000000001,-19.46,-19.92000000000001,-18.160000000000004,-70.03999999999999,-71.96,-39.72,-41.56,25.3,25.3,65.63,0.1,25.3,26.17,34.1,34.0,34.0,34.0,34.0,34.0,34.0,34.0,34.0,34.0,34.0,34.0,34.0,34.0,34.0,34.0,34.0,34.0,34.0,34.42,34.7,34.0,34.0,38.56,48.92,18.1,26.4,28.48,36.8,35.92,52.7,25.060000000000002,47.82,48.839999999999996,62.3,72.3,91.48,84.93999999999998,48.9,46.6,54.04,56.919999999999995,0.0,0.0,9.96,7.0,25.1,25.1,69.38,0.17,25.1,26.15,34.0,34.0,34.0,34.0,34.0,34.0,34.0,34.0,34.0,34.0,34.0,34.0,34.0,34.0,34.0,34.0,34.0,34.0,34.0,34.0,34.0,34.0,34.0,55.61999999999999,50.14,17.82,28.6,32.58,36.92,40.34,57.260000000000005,33.58,49.7,55.02,63.120000000000005,75.99999999999999,94.08,82.03999999999999,61.0,66.06,73.96000000000001,75.08,70.03999999999999,71.96,49.68,48.56,5.622988505747127,5.633707865168541,-0.010719359421413444,25.3,25.1,0.1999999999999993,2.0804597701149428,2.0022471910112363,0.07821257910370649,25.3,25.1,0.1999999999999993,3.03448275862069,3.2134831460674165,-0.17900038744672653,25.3,25.1,0.1999999999999993,3.2735632183908048,3.660674157303371,-0.3871109389125662,25.3,25.1,0.1999999999999993,4.2298850574712645,4.1483146067415735,0.08157045072969105,25.3,25.1,0.1999999999999993,4.128735632183909,4.532584269662922,-0.40384863747901356,25.3,25.1,0.1999999999999993,6.057471264367817,6.433707865168541,-0.3762366008007243,25.3,25.1,0.1999999999999993,2.880459770114943,3.773033707865169,-0.892573937750226,25.3,25.1,0.1999999999999993,5.496551724137931,5.58426966292135,-0.0877179387834186,25.3,25.1,0.1999999999999993,5.613793103448276,6.182022471910114,-0.5682293684618376,25.3,25.1,0.1999999999999993,7.1609195402298855,7.092134831460676,0.0687847087692095,25.3,25.1,0.1999999999999993,8.310344827586206,8.539325842696629,-0.22898101511042235,25.3,25.1,0.1999999999999993,10.514942528735633,10.570786516853934,-0.05584398811830127,25.3,25.1,0.1999999999999993,9.763218390804596,9.217977528089888,0.5452408627147083,25.3,25.1,0.1999999999999993,5.620689655172414,6.853932584269664,-1.2332429290972504,25.3,25.1,0.1999999999999993,5.356321839080461,7.422471910112361,-2.0661500710319007,25.3,25.1,0.1999999999999993,6.211494252873564,8.310112359550564,-2.0986181066769998,25.3,25.1,0.1999999999999993,6.5425287356321835,8.435955056179777,-1.8934263205475936,25.3,25.1,0.1999999999999993,0.0,7.869662921348315,-7.869662921348315,,25.1,,0.0,8.085393258426967,-8.085393258426967,,25.1,,1.1448275862068968,5.582022471910113,-4.437194885703216,25.3,25.1,0.1999999999999993,0.8045977011494253,5.4561797752809,-4.651582074131475,25.3,25.1,0.1999999999999993
16,Halogen heater (Goldair),High,90.0,100.0,25,TskControl34,2025-03-03 14:42:50,2025-03-03_ID0_NoPCS_Ta25_TskControl34_WinterClothing.csv,2025-03-03_ID16_Halogen heater (Goldair)_High_Angle90_Distance100_Ta25_TskControl34_WinterClothing.csv,-15.880000000000003,-4.3600000000000065,-0.49999999999999645,-3.4400000000000013,-3.3199999999999985,-3.520000000000003,-3.8799999999999955,-4.940000000000001,-10.959999999999996,-2.9600000000000044,-4.300000000000001,-1.8799999999999955,-2.539999999999992,0.20000000000000284,0.7999999999999972,-10.200000000000003,-15.599999999999994,-16.04,-10.860000000000007,-69.16000000000001,-70.62,-34.519999999999996,-33.72,25.5,25.2,45.0,0.0,25.2,25.29,34.0,34.0,34.0,34.0,34.0,34.0,34.0,34.0,34.0,34.0,34.0,34.0,34.0,34.0,34.0,34.0,34.0,34.0,34.0,34.160000000000004,34.120000000000005,34.0,34.0,27.660000000000004,48.32,18.64,13.080000000000002,14.9,20.5,20.340000000000003,26.74,10.680000000000001,26.419999999999998,27.46,35.82000000000001,34.120000000000005,69.32000000000001,82.1,31.0,41.32000000000001,48.699999999999996,60.4,0.0,0.0,12.940000000000001,12.040000000000001,25.1,25.1,48.87,0.18,25.1,25.15,34.0,34.0,34.0,34.0,34.0,34.0,34.0,34.0,34.0,34.0,34.0,34.0,34.0,34.0,34.0,34.0,34.0,34.0,34.0,34.0,34.0,34.0,34.0,43.540000000000006,52.68000000000001,19.139999999999997,16.520000000000003,18.22,24.020000000000003,24.22,31.68,21.639999999999997,29.380000000000003,31.76,37.7,36.66,69.12,81.3,41.2,56.92,64.74,71.26,69.16000000000001,70.62,47.46,45.76,5.49090909090909,5.9191011235955076,-0.42819203268641726,25.2,25.1,0.09999999999999787,2.118181818181818,2.150561797752809,-0.0323799795709907,25.2,25.1,0.09999999999999787,1.4863636363636366,1.8561797752808995,-0.36981613891726295,25.2,25.1,0.09999999999999787,1.6931818181818181,2.047191011235955,-0.3540091930541369,25.2,25.1,0.09999999999999787,2.329545454545454,2.6988764044943827,-0.36933094994892857,25.2,25.1,0.09999999999999787,2.3113636363636365,2.721348314606742,-0.40998467824310536,25.2,25.1,0.09999999999999787,3.038636363636363,3.5595505617977534,-0.5209141981613903,25.2,25.1,0.09999999999999787,1.2136363636363636,2.4314606741573033,-1.2178243105209396,25.2,25.1,0.09999999999999787,3.002272727272727,3.3011235955056186,-0.29885086823289164,25.2,25.1,0.09999999999999787,3.120454545454545,3.568539325842697,-0.448084780388152,25.2,25.1,0.09999999999999787,4.070454545454546,4.235955056179776,-0.16550051072522987,25.2,25.1,0.09999999999999787,3.8772727272727274,4.119101123595506,-0.24182839632277853,25.2,25.1,0.09999999999999787,7.877272727272728,7.766292134831462,0.11098059244126546,25.2,25.1,0.09999999999999787,9.329545454545453,9.134831460674159,0.19471399387129473,25.2,25.1,0.09999999999999787,3.5227272727272725,4.629213483146068,-1.1064862104187956,25.2,25.1,0.09999999999999787,4.695454545454546,6.39550561797753,-1.7000510725229834,25.2,25.1,0.09999999999999787,5.534090909090908,7.274157303370787,-1.7400663942798786,25.2,25.1,0.09999999999999787,6.863636363636363,8.00674157303371,-1.143105209397346,25.2,25.1,0.09999999999999787,0.0,7.770786516853935,-7.770786516853935,,25.1,,0.0,7.934831460674159,-7.934831460674159,,25.1,,1.4704545454545455,5.332584269662922,-3.8621297242083763,25.2,25.1,0.09999999999999787,1.3681818181818182,5.141573033707866,-3.773391215526048,25.2,25.1,0.09999999999999787
17,Foot warmer (Hodeamy),Level4,,,22,TskControl34,2025-02-27 17:52:38,2025-02-27_ID0_NoPCS_Ta22_TskControl34_WinterClothingWithoutShoes.csv,2025-02-27_ID17_Foot warmer (Hodeamy)_Level4_Ta22_TskControl34_WinterClothingWithoutShoes.csv,-3.039999999999985,-0.7800000000000011,-0.21999999999999886,-1.0800000000000018,-1.2399999999999984,-0.3000000000000007,-0.08000000000000185,-1.5799999999999983,-2.979999999999997,-0.29999999999999716,-0.539999999999992,-0.3999999999999915,0.6399999999999935,-1.6600000000000108,-0.7199999999999847,-2.760000000000005,0.12000000000000455,-3.4399999999999977,-4.040000000000006,-5.060000000000002,-5.179999999999993,-27.880000000000003,-17.66,21.9,22.1,22.5,0.16,21.99,21.73,34.0,34.0,34.0,34.0,34.0,34.0,34.0,34.0,34.0,34.0,34.0,34.0,34.0,34.0,34.0,34.0,34.0,34.0,34.0,34.0,34.0,34.0,34.0,52.68000000000001,66.56,25.32,19.38,20.1,30.920000000000005,30.619999999999997,37.42,18.660000000000004,38.5,38.760000000000005,50.36,48.64,99.47999999999999,125.24000000000001,51.36,63.98,89.78,94.72,86.29999999999998,86.42,11.24,16.2,22.1,21.9,19.13,0.11,22.0,21.61,34.0,34.0,34.0,34.0,34.0,34.0,34.0,34.0,34.0,34.0,34.0,34.0,34.0,34.0,34.0,34.0,34.0,34.0,34.0,34.0,34.0,34.0,34.0,55.71999999999999,67.34,25.54,20.46,21.34,31.220000000000006,30.7,39.0,21.64,38.8,39.3,50.75999999999999,48.00000000000001,101.14,125.96,54.120000000000005,63.85999999999999,93.22,98.76,91.35999999999999,91.6,39.120000000000005,33.86,5.542048293089092,5.611666666666667,-0.06961837357757528,21.99,22.0,-0.010000000000001563,2.108243130724396,2.1283333333333334,-0.020090202608937346,21.99,22.0,-0.010000000000001563,1.6136552872606158,1.705,-0.09134471273938427,21.99,22.0,-0.010000000000001563,1.6736053288925894,1.7783333333333333,-0.10472800444074393,21.99,22.0,-0.010000000000001563,2.5745212323064113,2.601666666666667,-0.027145434360255738,21.99,22.0,-0.010000000000001563,2.5495420482930884,2.558333333333333,-0.008791285040244734,21.99,22.0,-0.010000000000001563,3.115736885928393,3.25,-0.13426311407160707,21.99,22.0,-0.010000000000001563,1.5537052456286429,1.8033333333333335,-0.24962808770469058,21.99,22.0,-0.010000000000001563,3.2056619483763527,3.233333333333333,-0.027671384956980294,21.99,22.0,-0.010000000000001563,3.2273105745212325,3.275,-0.04768942547876742,21.99,22.0,-0.010000000000001563,4.193172356369692,4.2299999999999995,-0.03682764363030788,21.990000000000002,22.0,-0.00999999999999801,4.049958368026644,4.000000000000001,0.04995836802664311,21.99,22.0,-0.010000000000001563,8.28309741881765,8.428333333333333,-0.1452359145156823,21.99,22.0,-0.010000000000001563,10.42797668609492,10.496666666666666,-0.06868998057174558,21.99,22.0,-0.010000000000001563,4.276436303080765,4.510000000000001,-0.2335636969192354,21.99,22.0,-0.010000000000001563,5.3272273105745205,5.321666666666666,0.005560643907854157,21.99,22.0,-0.010000000000001563,7.475437135720232,7.7683333333333335,-0.2928961976131017,21.99,22.0,-0.010000000000001563,7.886761032472938,8.23,-0.3432389675270624,21.99,22.0,-0.010000000000001563,7.185678601165693,7.613333333333332,-0.42765473216763983,21.99,22.0,-0.010000000000001563,7.1956702747710235,7.633333333333333,-0.43766305856230936,21.99,22.0,-0.010000000000001563,0.9358867610324728,3.2600000000000002,-2.324113238967527,21.99,22.0,-0.010000000000001563,1.3488759367194003,2.8216666666666668,-1.4727907299472665,21.99,22.0,-0.010000000000001563
17,Foot warmer (lomitech),Low,,,25,TskControl34,2025-03-04 13:02:31,2025-03-04_ID0_NoPCS_Ta25_TskControl34_WinterClothingWithoutShoes.csv,2025-03-04_ID17_Foot warmer (lomitech)_Low_Ta25_TskControl34_WinterClothingWithoutShoes.csv,-11.659999999999997,-3.240000000000002,-0.21999999999999886,-8.299999999999999,-8.52,-7.920000000000005,-9.32,-13.399999999999999,-19.599999999999994,-4.9999999999999964,-5.059999999999999,-1.6799999999999926,-2.5,-4.359999999999999,-4.300000000000026,-5.339999999999996,-8.399999999999999,-8.019999999999982,-4.160000000000011,-13.019999999999996,-12.52000000000001,-73.4,-70.44000000000001,25.2,24.9,53.88,0.0,24.9,25.29,34.6,34.0,34.0,34.0,34.0,34.0,34.0,34.0,34.0,34.0,34.0,34.0,34.0,34.0,34.0,34.0,34.0,34.0,34.0,34.0,34.0,45.18000000000001,43.86,38.940000000000005,50.92,18.9,15.180000000000001,16.66,23.859999999999996,22.48,29.04,17.880000000000003,29.179999999999996,31.359999999999996,37.900000000000006,37.16,70.22,77.46,42.7,54.48,65.56000000000002,75.92,59.3,59.61999999999999,0.0,0.0,25.1,25.0,63.95,0.05,25.04,25.76,34.0,34.0,34.0,34.0,34.0,34.0,34.0,34.0,34.0,34.0,34.0,34.0,34.0,34.0,34.0,34.0,34.0,34.0,34.0,34.0,34.0,34.0,34.0,50.6,54.160000000000004,19.119999999999997,23.48,25.18,31.78,31.8,42.44,37.48,34.17999999999999,36.419999999999995,39.58,39.66,74.58,81.76000000000002,48.04,62.879999999999995,73.58,80.08000000000001,72.32,72.14,73.4,70.44000000000001,5.595604395604395,6.044642857142857,-0.4490384615384615,24.9,25.04,-0.14000000000000057,2.0769230769230766,2.1339285714285707,-0.05700549450549408,24.9,25.04,-0.14000000000000057,1.668131868131868,2.620535714285714,-0.952403846153846,24.9,25.04,-0.14000000000000057,1.8307692307692305,2.8102678571428568,-0.9794986263736263,24.9,25.04,-0.14000000000000057,2.621978021978021,3.546875,-0.9248969780219789,24.9,25.04,-0.14000000000000057,2.47032967032967,3.549107142857143,-1.0787774725274728,24.9,25.04,-0.14000000000000057,3.1912087912087905,4.736607142857142,-1.5453983516483518,24.9,25.04,-0.14000000000000057,1.9648351648351647,4.1830357142857135,-2.2182005494505486,24.9,25.04,-0.14000000000000057,3.206593406593406,3.8147321428571415,-0.6081387362637356,24.9,25.04,-0.14000000000000057,3.446153846153845,4.0647321428571415,-0.6185782967032964,24.9,25.04,-0.14000000000000057,4.164835164835165,4.4174107142857135,-0.2525755494505484,24.9,25.04,-0.14000000000000057,4.083516483516482,4.426339285714285,-0.34282280219780237,24.9,25.04,-0.14000000000000057,7.716483516483515,8.323660714285714,-0.6071771978021987,24.9,25.04,-0.14000000000000057,8.51208791208791,9.125000000000002,-0.6129120879120915,24.9,25.04,-0.14000000000000057,4.692307692307692,5.361607142857142,-0.6692994505494507,24.9,25.04,-0.14000000000000057,5.986813186813186,7.0178571428571415,-1.0310439560439555,24.9,25.04,-0.14000000000000057,7.2043956043956054,8.212053571428571,-1.0076579670329657,24.9,25.04,-0.14000000000000057,8.342857142857142,8.9375,-0.5946428571428584,24.9,25.04,-0.14000000000000057,6.5164835164835155,8.07142857142857,-1.5549450549450539,24.9,25.04,-0.14000000000000057,6.55164835164835,8.051339285714285,-1.499690934065935,24.9,25.04,-0.14000000000000057,0.0,8.191964285714285,-8.191964285714285,,25.04,,0.0,7.861607142857143,-7.861607142857143,,25.04,
17,Foot warmer (lomitech),High,,,22,TskControl34,2025-02-27 16:42:00,2025-02-27_ID0_NoPCS_Ta22_TskControl34_WinterClothingWithoutShoes.csv,2025-02-27_ID17_Foot warmer (lomitech)_High_Ta22_TskControl34_WinterClothingWithoutShoes.csv,-3.8399999999999963,1.1399999999999864,0.35999999999999943,-0.28000000000000114,-0.019999999999999574,-1.080000000000009,-1.1999999999999993,0.35999999999999943,-1.2799999999999976,-1.519999999999996,0.6800000000000068,-0.11999999999999034,1.039999999999992,-0.3999999999999915,-7.900000000000006,-0.22000000000000597,0.28000000000000824,-1.3400000000000034,-1.8200000000000074,-8.920000000000002,-9.439999999999998,-39.120000000000005,-33.86,21.9,22.0,20.88,0.05,21.96,21.63,34.8,34.0,34.0,34.0,34.0,34.0,34.0,34.0,34.0,34.0,34.0,34.0,34.0,34.0,34.0,34.0,34.0,34.0,34.0,34.0,34.0,45.08,48.0,51.879999999999995,68.47999999999999,25.9,20.18,21.32,30.139999999999997,29.5,39.36,20.360000000000003,37.28,39.980000000000004,50.64,49.04,100.74000000000001,118.05999999999999,53.9,64.14,91.88,96.94,82.43999999999998,82.16,0.0,0.0,22.1,21.9,19.13,0.11,22.0,21.61,34.0,34.0,34.0,34.0,34.0,34.0,34.0,34.0,34.0,34.0,34.0,34.0,34.0,34.0,34.0,34.0,34.0,34.0,34.0,34.0,34.0,34.0,34.0,55.71999999999999,67.34,25.54,20.46,21.34,31.220000000000006,30.7,39.0,21.64,38.8,39.3,50.75999999999999,48.00000000000001,101.14,125.96,54.120000000000005,63.85999999999999,93.22,98.76,91.35999999999999,91.6,39.120000000000005,33.86,5.687707641196013,5.611666666666667,0.076040974529346,21.96,22.0,-0.03999999999999915,2.1511627906976742,2.1283333333333334,0.022829457364340833,21.96,22.0,-0.03999999999999915,1.6760797342192693,1.705,-0.028920265780730814,21.96,22.0,-0.03999999999999915,1.770764119601329,1.7783333333333333,-0.007569213732004254,21.96,22.0,-0.03999999999999915,2.5033222591362128,2.601666666666667,-0.09834440753045426,21.96,22.0,-0.03999999999999915,2.450166112956811,2.558333333333333,-0.10816722037652227,21.96,22.0,-0.03999999999999915,3.2691029900332227,3.25,0.01910299003322269,21.96,22.0,-0.03999999999999915,1.6910299003322262,1.8033333333333335,-0.11230343300110723,21.96,22.0,-0.03999999999999915,3.0963455149501664,3.233333333333333,-0.13698781838316654,21.96,22.0,-0.03999999999999915,3.3205980066445187,3.275,0.04559800664451874,21.96,22.0,-0.03999999999999915,4.205980066445183,4.2299999999999995,-0.024019933554816575,21.96,22.0,-0.03999999999999915,4.073089700996678,4.000000000000001,0.07308970099667711,21.96,22.0,-0.03999999999999915,8.367109634551497,8.428333333333333,-0.06122369878183598,21.96,22.0,-0.03999999999999915,9.805647840531561,10.496666666666666,-0.6910188261351049,21.96,22.0,-0.03999999999999915,4.476744186046512,4.510000000000001,-0.03325581395348909,21.96,22.0,-0.03999999999999915,5.327242524916944,5.321666666666666,0.005575858250277399,21.96,22.0,-0.03999999999999915,7.631229235880399,7.7683333333333335,-0.1371040974529345,21.96,22.0,-0.03999999999999915,8.051495016611296,8.23,-0.17850498338870402,21.96,22.0,-0.03999999999999915,6.8471760797342185,7.613333333333332,-0.7661572535991139,21.96,22.0,-0.03999999999999915,6.823920265780731,7.633333333333333,-0.8094130675526019,21.96,22.0,-0.03999999999999915,0.0,3.2600000000000002,-3.2600000000000002,,22.0,,0.0,2.8216666666666668,-2.8216666666666668,,22.0,
17,Foot warmer (Hodeamy),Level1,,,22,TskControl34,2025-02-27 17:31:28,2025-02-27_ID0_NoPCS_Ta22_TskControl34_WinterClothingWithoutShoes.csv,2025-02-27_ID17_Foot warmer (Hodeamy)_Level1_Ta22_TskControl34_WinterClothingWithoutShoes.csv,1.5200000000000173,0.12000000000000455,0.6600000000000001,-1.1400000000000006,-1.3000000000000007,-0.7000000000000064,-0.21999999999999886,-1.6799999999999926,-1.5599999999999987,-0.23999999999999488,0.9000000000000057,0.22000000000000597,1.039999999999992,-2.6400000000000006,-1.740000000000009,-0.6200000000000045,-0.09999999999998721,-4.779999999999987,-4.200000000000017,-4.119999999999976,-3.1199999999999903,44.8,46.900000000000006,21.8,22.1,21.54,0.12,21.94,21.63,34.0,34.0,34.0,34.0,34.0,34.0,34.0,34.0,34.0,34.0,34.0,34.0,34.0,34.0,34.0,34.0,34.0,34.0,34.0,34.0,34.0,34.0,34.0,57.24000000000001,67.46000000000001,26.2,19.32,20.04,30.52,30.48,37.32000000000001,20.080000000000002,38.56,40.2,50.98,49.04,98.5,124.21999999999998,53.5,63.760000000000005,88.44000000000001,94.55999999999999,87.24000000000001,88.48,83.92,80.76,22.1,21.9,19.13,0.11,22.0,21.61,34.0,34.0,34.0,34.0,34.0,34.0,34.0,34.0,34.0,34.0,34.0,34.0,34.0,34.0,34.0,34.0,34.0,34.0,34.0,34.0,34.0,34.0,34.0,55.71999999999999,67.34,25.54,20.46,21.34,31.220000000000006,30.7,39.0,21.64,38.8,39.3,50.75999999999999,48.00000000000001,101.14,125.96,54.120000000000005,63.85999999999999,93.22,98.76,91.35999999999999,91.6,39.120000000000005,33.86,5.593698175787729,5.611666666666667,-0.017968490878938148,21.94,22.0,-0.05999999999999872,2.172470978441128,2.1283333333333334,0.04413764510779439,21.94,22.0,-0.05999999999999872,1.601990049751244,1.705,-0.10300995024875603,21.94,22.0,-0.05999999999999872,1.6616915422885574,1.7783333333333333,-0.1166417910447759,21.94,22.0,-0.05999999999999872,2.5306799336650085,2.601666666666667,-0.07098673300165848,21.94,22.0,-0.05999999999999872,2.5273631840796025,2.558333333333333,-0.03097014925373065,21.94,22.0,-0.05999999999999872,3.0945273631840804,3.25,-0.1554726368159196,21.94,22.0,-0.05999999999999872,1.665008291873964,1.8033333333333335,-0.13832504145936952,21.94,22.0,-0.05999999999999872,3.1973466003316755,3.233333333333333,-0.035986733001657445,21.94,22.0,-0.05999999999999872,3.333333333333334,3.275,0.058333333333334014,21.94,22.0,-0.05999999999999872,4.227197346600332,4.2299999999999995,-0.002802653399667676,21.94,22.0,-0.05999999999999872,4.066334991708127,4.000000000000001,0.06633499170812573,21.94,22.0,-0.05999999999999872,8.167495854063018,8.428333333333333,-0.26083747927031453,21.939999999999998,22.0,-0.060000000000002274,10.30016583747927,10.496666666666666,-0.19650082918739642,21.94,22.0,-0.05999999999999872,4.436152570480929,4.510000000000001,-0.07384742951907164,21.94,22.0,-0.05999999999999872,5.286898839137646,5.321666666666666,-0.03476782752901997,21.94,22.0,-0.05999999999999872,7.333333333333335,7.7683333333333335,-0.4349999999999987,21.94,22.0,-0.05999999999999872,7.840796019900497,8.23,-0.3892039800995031,21.94,22.0,-0.05999999999999872,7.233830845771146,7.613333333333332,-0.37950248756218663,21.94,22.0,-0.05999999999999872,7.336650082918741,7.633333333333333,-0.296683250414592,21.94,22.0,-0.05999999999999872,6.958540630182422,3.2600000000000002,3.6985406301824217,21.94,22.0,-0.05999999999999872,6.696517412935324,2.8216666666666668,3.8748507462686574,21.94,22.0,-0.05999999999999872
17,Foot warmer (lomitech),Mid,,,22,TskControl34,2025-02-26 16:19:50,2025-02-26_ID0_NoPCS_Ta22_TskControl34_WinterClothingWithoutShoes.csv,2025-02-26_ID17_Foot warmer (lomitech)_Mid_Ta22_TskControl34_WinterClothingWithoutShoes.csv,3.3000000000000043,9.620000000000005,1.1599999999999966,1.2600000000000016,1.2600000000000016,1.7199999999999989,2.0,-0.1599999999999966,-1.4400000000000013,3.8799999999999955,3.6399999999999935,3.8399999999999963,4.059999999999995,11.019999999999982,24.40000000000002,3.780000000000001,5.060000000000002,13.980000000000004,9.379999999999995,10.940000000000012,12.11999999999999,-35.42,-31.28,22.0,21.8,19.74,0.1,21.9,21.53,34.279999999999994,34.0,34.0,34.0,34.0,34.0,34.0,34.0,34.0,34.0,34.0,34.0,34.0,34.0,34.0,34.0,34.0,34.0,34.0,34.0,34.0,38.1,39.3,52.42,67.98,25.659999999999997,19.68,20.94,30.5,29.76,38.160000000000004,19.9,37.9,39.32,50.4,48.61999999999999,96.53999999999999,120.14000000000001,54.2,63.92,92.4,94.82000000000001,89.2,89.19999999999999,0.0,0.0,22.0,22.0,18.61,0.06,22.0,21.6,34.0,34.0,34.0,34.0,34.0,34.0,34.0,34.0,34.0,34.0,34.0,34.0,34.0,34.0,34.0,34.0,34.0,34.0,34.0,34.0,34.0,34.0,34.0,49.12,58.36,24.5,18.419999999999998,19.68,28.78,27.76,38.32,21.34,34.02,35.68000000000001,46.56,44.559999999999995,85.52000000000001,95.74,50.42,58.86,78.42,85.44000000000001,78.25999999999999,77.08,35.42,31.28,5.618181818181818,4.863333333333333,0.7548484848484849,21.9,22.0,-0.10000000000000142,2.120661157024793,2.0416666666666665,0.07899449035812633,21.9,22.0,-0.10000000000000142,1.6264462809917353,1.535,0.09144628099173535,21.9,22.0,-0.10000000000000142,1.7305785123966941,1.64,0.09057851239669423,21.9,22.0,-0.10000000000000142,2.520661157024793,2.3983333333333334,0.12232782369145978,21.9,22.0,-0.10000000000000142,2.459504132231405,2.3133333333333335,0.14617079889807139,21.9,22.0,-0.10000000000000142,3.1537190082644626,3.1933333333333334,-0.03961432506887075,21.9,22.0,-0.10000000000000142,1.6446280991735533,1.7783333333333333,-0.13370523415977997,21.9,22.0,-0.10000000000000142,3.1322314049586772,2.8350000000000004,0.29723140495867684,21.9,22.0,-0.10000000000000142,3.2495867768595037,2.973333333333334,0.27625344352616965,21.9,22.0,-0.10000000000000142,4.165289256198347,3.8800000000000003,0.2852892561983462,21.9,22.0,-0.10000000000000142,4.018181818181817,3.713333333333333,0.3048484848484838,21.9,22.0,-0.10000000000000142,7.978512396694213,7.126666666666668,0.851845730027545,21.9,22.0,-0.10000000000000142,9.928925619834711,7.978333333333333,1.9505922865013785,21.9,22.0,-0.10000000000000142,4.479338842975206,4.201666666666667,0.27767217630853924,21.9,22.0,-0.10000000000000142,5.282644628099173,4.905,0.37764462809917276,21.9,22.0,-0.10000000000000142,7.636363636363636,6.535,1.1013636363636357,21.9,22.0,-0.10000000000000142,7.836363636363636,7.120000000000001,0.716363636363635,21.9,22.0,-0.10000000000000142,7.37190082644628,6.521666666666666,0.8502341597796148,21.9,22.0,-0.10000000000000142,7.3719008264462795,6.423333333333333,0.9485674931129466,21.9,22.0,-0.10000000000000142,0.0,2.9516666666666667,-2.9516666666666667,,22.0,,0.0,2.606666666666667,-2.606666666666667,,22.0,
17,Foot warmer (lomitech),Mid,,,22,TskControl34,2025-02-27 15:05:00,2025-02-27_ID0_NoPCS_Ta22_TskControl34_WinterClothingWithoutShoes.csv,2025-02-27_ID17_Foot warmer (lomitech)_Mid_Ta22_TskControl34_WinterClothingWithoutShoes.csv,-3.4399999999999835,1.1599999999999966,0.0400000000000027,-0.5,-0.16000000000000014,-0.9200000000000053,-0.039999999999995595,-0.759999999999998,-1.9400000000000013,-1.0399999999999991,0.46000000000000085,-0.2799999999999869,0.779999999999994,-1.4399999999999977,-3.980000000000004,0.0,0.8600000000000065,-2.4000000000000057,-1.2800000000000011,-4.639999999999986,-7.47999999999999,-39.120000000000005,-33.86,22.0,22.0,18.61,0.17,22.0,21.68,34.6,34.0,34.0,34.0,34.0,34.0,34.0,34.0,34.0,34.0,34.0,34.0,34.0,34.0,34.0,34.0,34.0,34.0,34.0,34.0,34.0,41.96,46.32000000000001,52.28000000000001,68.5,25.580000000000002,19.96,21.18,30.3,30.660000000000004,38.24,19.7,37.76,39.76,50.480000000000004,48.78,99.7,121.97999999999999,54.120000000000005,64.72,90.82,97.48,86.72,84.12,0.0,0.0,22.1,21.9,19.13,0.11,22.0,21.61,34.0,34.0,34.0,34.0,34.0,34.0,34.0,34.0,34.0,34.0,34.0,34.0,34.0,34.0,34.0,34.0,34.0,34.0,34.0,34.0,34.0,34.0,34.0,55.71999999999999,67.34,25.54,20.46,21.34,31.220000000000006,30.7,39.0,21.64,38.8,39.3,50.75999999999999,48.00000000000001,101.14,125.96,54.120000000000005,63.85999999999999,93.22,98.76,91.35999999999999,91.6,39.120000000000005,33.86,5.708333333333333,5.611666666666667,0.09666666666666579,22.0,22.0,0.0,2.131666666666667,2.1283333333333334,0.0033333333333334103,22.0,22.0,0.0,1.6633333333333333,1.705,-0.04166666666666674,22.0,22.0,0.0,1.765,1.7783333333333333,-0.01333333333333342,22.0,22.0,0.0,2.525,2.601666666666667,-0.0766666666666671,22.0,22.0,0.0,2.555,2.558333333333333,-0.0033333333333329662,22.0,22.0,0.0,3.186666666666667,3.25,-0.06333333333333302,22.0,22.0,0.0,1.6416666666666666,1.8033333333333335,-0.16166666666666685,22.0,22.0,0.0,3.1466666666666665,3.233333333333333,-0.08666666666666645,22.0,22.0,0.0,3.313333333333333,3.275,0.03833333333333311,22.0,22.0,0.0,4.206666666666667,4.2299999999999995,-0.02333333333333254,22.0,22.0,0.0,4.065,4.000000000000001,0.0649999999999995,22.0,22.0,0.0,8.308333333333334,8.428333333333333,-0.11999999999999922,22.0,22.0,0.0,10.165,10.496666666666666,-0.331666666666667,22.0,22.0,0.0,4.510000000000001,4.510000000000001,0.0,22.0,22.0,0.0,5.3933333333333335,5.321666666666666,0.07166666666666721,22.0,22.0,0.0,7.5683333333333325,7.7683333333333335,-0.20000000000000107,22.0,22.0,0.0,8.123333333333333,8.23,-0.10666666666666735,22.0,22.0,0.0,7.226666666666667,7.613333333333332,-0.3866666666666658,22.0,22.0,0.0,7.010000000000001,7.633333333333333,-0.6233333333333322,22.0,22.0,0.0,0.0,3.2600000000000002,-3.2600000000000002,,22.0,,0.0,2.8216666666666668,-2.8216666666666668,,22.0,
17,Foot warmer (lomitech),Low,,,22,TskControl34,2025-02-26 13:58:00,2025-02-26_ID0_NoPCS_Ta22_TskControl34_WinterClothingWithoutShoes.csv,2025-02-26_ID17_Foot warmer (lomitech)_Low_Ta22_TskControl34_WinterClothingWithoutShoes.csv,3.780000000000001,8.199999999999989,1.7600000000000016,1.4600000000000044,1.1400000000000006,1.9399999999999977,2.039999999999999,0.12000000000000455,-0.5,3.4199999999999946,3.599999999999987,4.100000000000001,5.020000000000003,12.699999999999989,28.260000000000005,3.0799999999999983,5.199999999999989,13.86,11.73999999999998,12.320000000000022,13.060000000000016,-35.42,-31.28,22.0,22.0,55.91,0.15,22.0,22.22,34.3,34.0,34.0,34.0,34.0,34.0,34.0,34.0,34.0,34.0,34.0,34.0,34.0,34.0,34.0,34.0,34.0,34.0,34.0,34.0,34.0,38.12,39.82000000000001,52.9,66.55999999999999,26.26,19.880000000000003,20.82,30.72,29.8,38.440000000000005,20.84,37.44,39.279999999999994,50.660000000000004,49.58,98.22,124.0,53.5,64.05999999999999,92.28,97.17999999999999,90.58000000000001,90.14000000000001,0.0,0.0,22.0,22.0,18.61,0.06,22.0,21.6,34.0,34.0,34.0,34.0,34.0,34.0,34.0,34.0,34.0,34.0,34.0,34.0,34.0,34.0,34.0,34.0,34.0,34.0,34.0,34.0,34.0,34.0,34.0,49.12,58.36,24.5,18.419999999999998,19.68,28.78,27.76,38.32,21.34,34.02,35.68000000000001,46.56,44.559999999999995,85.52000000000001,95.74,50.42,58.86,78.42,85.44000000000001,78.25999999999999,77.08,35.42,31.28,5.546666666666666,4.863333333333333,0.6833333333333327,22.0,22.0,0.0,2.1883333333333335,2.0416666666666665,0.14666666666666694,22.0,22.0,0.0,1.656666666666667,1.535,0.12166666666666703,22.0,22.0,0.0,1.735,1.64,0.0950000000000002,22.0,22.0,0.0,2.56,2.3983333333333334,0.16166666666666663,22.0,22.0,0.0,2.4833333333333334,2.3133333333333335,0.16999999999999993,22.0,22.0,0.0,3.2033333333333336,3.1933333333333334,0.010000000000000231,22.0,22.0,0.0,1.7366666666666666,1.7783333333333333,-0.04166666666666674,22.0,22.0,0.0,3.1199999999999997,2.8350000000000004,0.28499999999999925,22.0,22.0,0.0,3.273333333333333,2.973333333333334,0.29999999999999893,22.0,22.0,0.0,4.221666666666667,3.8800000000000003,0.34166666666666634,22.0,22.0,0.0,4.131666666666667,3.713333333333333,0.4183333333333339,22.0,22.0,0.0,8.185,7.126666666666668,1.0583333333333327,22.0,22.0,0.0,10.333333333333334,7.978333333333333,2.3550000000000013,22.0,22.0,0.0,4.458333333333333,4.201666666666667,0.25666666666666593,22.0,22.0,0.0,5.338333333333332,4.905,0.4333333333333318,22.0,22.0,0.0,7.69,6.535,1.1550000000000002,22.0,22.0,0.0,8.098333333333333,7.120000000000001,0.9783333333333317,22.0,22.0,0.0,7.548333333333335,6.521666666666666,1.026666666666669,22.0,22.0,0.0,7.511666666666668,6.423333333333333,1.0883333333333347,22.0,22.0,0.0,0.0,2.9516666666666667,-2.9516666666666667,,22.0,,0.0,2.606666666666667,-2.606666666666667,,22.0,
17,Foot warmer (lomitech),Mid,,,25,TskControl34,2025-03-04 14:27:21,2025-03-04_ID0_NoPCS_Ta25_TskControl34_WinterClothingWithoutShoes.csv,2025-03-04_ID17_Foot warmer (lomitech)_Mid_Ta25_TskControl34_WinterClothingWithoutShoes.csv,-12.260000000000005,-3.980000000000011,-0.7600000000000016,-8.920000000000002,-8.439999999999998,-10.96,-8.7,-13.68,-20.82,-5.499999999999993,-6.039999999999999,-1.7800000000000011,-2.059999999999995,-6.039999999999992,-2.980000000000018,-5.939999999999998,-8.859999999999992,-6.819999999999993,-5.300000000000011,-15.679999999999993,-14.14,-73.4,-70.44000000000001,25.1,24.8,51.48,0.04,24.92,25.08,34.8,34.0,34.0,34.0,34.0,34.0,34.0,34.0,34.0,34.0,34.0,34.0,34.0,34.0,34.0,34.0,34.0,34.0,34.0,34.0,34.0,47.6,46.38,38.339999999999996,50.17999999999999,18.359999999999996,14.559999999999999,16.740000000000002,20.82,23.1,28.759999999999998,16.659999999999997,28.68,30.379999999999995,37.8,37.6,68.54,78.78,42.1,54.02,66.76,74.78,56.64,58.0,0.0,0.0,25.1,25.0,63.95,0.05,25.04,25.76,34.0,34.0,34.0,34.0,34.0,34.0,34.0,34.0,34.0,34.0,34.0,34.0,34.0,34.0,34.0,34.0,34.0,34.0,34.0,34.0,34.0,34.0,34.0,50.6,54.160000000000004,19.119999999999997,23.48,25.18,31.78,31.8,42.44,37.48,34.17999999999999,36.419999999999995,39.58,39.66,74.58,81.76000000000002,48.04,62.879999999999995,73.58,80.08000000000001,72.32,72.14,73.4,70.44000000000001,5.526431718061675,6.044642857142857,-0.5182111390811821,24.92,25.04,-0.11999999999999744,2.0220264317180616,2.1339285714285707,-0.11190213971050911,24.92,25.04,-0.11999999999999744,1.6035242290748901,2.620535714285714,-1.0170114852108239,24.92,25.04,-0.11999999999999744,1.8436123348017628,2.8102678571428568,-0.966655522341094,24.92,25.04,-0.11999999999999744,2.2929515418502207,3.546875,-1.2539234581497793,24.92,25.04,-0.11999999999999744,2.544052863436124,3.549107142857143,-1.0050542794210187,24.92,25.04,-0.11999999999999744,3.167400881057269,4.736607142857142,-1.5692062617998732,24.92,25.04,-0.11999999999999744,1.8348017621145374,4.1830357142857135,-2.348233952171176,24.92,25.04,-0.11999999999999744,3.1585903083700444,3.8147321428571415,-0.6561418344870971,24.92,25.04,-0.11999999999999744,3.345814977973568,4.0647321428571415,-0.7189171648835733,24.92,25.04,-0.11999999999999744,4.1629955947136565,4.4174107142857135,-0.254415119572057,24.92,25.04,-0.11999999999999744,4.140969162995596,4.426339285714285,-0.2853701227186889,24.92,25.04,-0.11999999999999744,7.548458149779738,8.323660714285714,-0.7752025645059755,24.92,25.04,-0.11999999999999744,8.676211453744495,9.125000000000002,-0.448788546255507,24.92,25.04,-0.11999999999999744,4.636563876651984,5.361607142857142,-0.7250432662051587,24.92,25.04,-0.11999999999999744,5.949339207048459,7.0178571428571415,-1.068517935808682,24.92,25.04,-0.11999999999999744,7.352422907488989,8.212053571428571,-0.8596306639395825,24.92,25.04,-0.11999999999999744,8.235682819383262,8.9375,-0.7018171806167377,24.92,25.04,-0.11999999999999744,6.2378854625550675,8.07142857142857,-1.833543108873502,24.92,25.04,-0.11999999999999744,6.387665198237887,8.051339285714285,-1.663674087476398,24.92,25.04,-0.11999999999999744,0.0,8.191964285714285,-8.191964285714285,,25.04,,0.0,7.861607142857143,-7.861607142857143,,25.04,
17,Foot warmer (lomitech),BACKUP,,,22,TskControl34,2025-02-27 15:58:41,2025-02-27_ID0_NoPCS_Ta22_TskControl34_WinterClothingWithoutShoes.csv,2025-02-27_ID17_Foot warmer (lomitech)_BACKUP_High_Ta22_TskControl34_WinterClothingWithoutShoes.csv,-4.199999999999989,2.039999999999992,0.4200000000000017,-0.8000000000000007,-1.5799999999999983,-0.6400000000000041,-0.7199999999999989,-0.35999999999999943,-2.020000000000003,-0.8399999999999963,-3.460000000000001,-0.15999999999998948,1.4799999999999969,-2.660000000000011,-2.559999999999988,-1.0000000000000142,0.020000000000003126,-3.519999999999996,-2.5800000000000267,-7.759999999999991,-9.799999999999997,-39.120000000000005,-33.86,21.9,22.0,18.26,0.01,21.98,21.59,34.660000000000004,34.0,34.0,34.0,34.0,34.0,34.0,34.0,34.0,34.0,34.0,34.0,34.0,34.0,34.0,34.0,34.0,34.0,34.0,34.0,34.0,43.059999999999995,47.0,51.52,69.38,25.96,19.66,19.76,30.580000000000002,29.98,38.64,19.619999999999997,37.96,35.839999999999996,50.6,49.480000000000004,98.47999999999999,123.4,53.11999999999999,63.879999999999995,89.7,96.17999999999998,83.6,81.8,0.0,0.0,22.1,21.9,19.13,0.11,22.0,21.61,34.0,34.0,34.0,34.0,34.0,34.0,34.0,34.0,34.0,34.0,34.0,34.0,34.0,34.0,34.0,34.0,34.0,34.0,34.0,34.0,34.0,34.0,34.0,55.71999999999999,67.34,25.54,20.46,21.34,31.220000000000006,30.7,39.0,21.64,38.8,39.3,50.75999999999999,48.00000000000001,101.14,125.96,54.120000000000005,63.85999999999999,93.22,98.76,91.35999999999999,91.6,39.120000000000005,33.86,5.772046589018303,5.611666666666667,0.16037992235163578,21.98,22.0,-0.019999999999999574,2.15973377703827,2.1283333333333334,0.03140044370493644,21.98,22.0,-0.019999999999999574,1.6356073211314477,1.705,-0.06939267886855238,21.98,22.0,-0.019999999999999574,1.6439267886855242,1.7783333333333333,-0.1344065446478091,21.98,22.0,-0.019999999999999574,2.544093178036606,2.601666666666667,-0.057573488630060954,21.98,22.0,-0.019999999999999574,2.4941763727121464,2.558333333333333,-0.0641569606211867,21.98,22.0,-0.019999999999999574,3.214642262895175,3.25,-0.03535773710482504,21.98,22.0,-0.019999999999999574,1.6322795341098169,1.8033333333333335,-0.1710537992235166,21.98,22.0,-0.019999999999999574,3.1580698835274545,3.233333333333333,-0.0752634498058784,21.98,22.0,-0.019999999999999574,2.9816971713810316,3.275,-0.2933028286189683,21.98,22.0,-0.019999999999999574,4.2096505823627295,4.2299999999999995,-0.02034941763727005,21.980000000000004,22.0,-0.01999999999999602,4.116472545757072,4.000000000000001,0.11647254575707144,21.980000000000004,22.0,-0.01999999999999602,8.193011647254576,8.428333333333333,-0.23532168607875725,21.98,22.0,-0.019999999999999574,10.26622296173045,10.496666666666666,-0.23044370493621535,21.98,22.0,-0.019999999999999574,4.419301164725457,4.510000000000001,-0.09069883527454348,21.98,22.0,-0.019999999999999574,5.314475873544093,5.321666666666666,-0.0071907931225734245,21.98,22.0,-0.019999999999999574,7.462562396006656,7.7683333333333335,-0.3057709373266775,21.98,22.0,-0.019999999999999574,8.001663893510814,8.23,-0.228336106489186,21.980000000000004,22.0,-0.01999999999999602,6.955074875207987,7.613333333333332,-0.6582584581253457,21.98,22.0,-0.019999999999999574,6.805324459234609,7.633333333333333,-0.8280088740987237,21.98,22.0,-0.019999999999999574,0.0,3.2600000000000002,-3.2600000000000002,,22.0,,0.0,2.8216666666666668,-2.8216666666666668,,22.0,
17,Foot warmer (Hodeamy),Level5,,,22,TskControl34,2025-02-27 18:59:43,2025-02-27_ID0_NoPCS_Ta22_TskControl34_WinterClothingWithoutShoes.csv,2025-02-27_ID17_Foot warmer (Hodeamy)_Level5_Ta22_TskControl34_WinterClothingWithoutShoes.csv,-4.0,-0.960000000000008,0.22000000000000242,-1.4200000000000017,-1.2199999999999989,-0.4000000000000057,-0.019999999999999574,-2.1199999999999903,-1.1400000000000006,-0.8599999999999923,-0.29999999999999716,-1.0999999999999943,0.79999999999999,-1.8799999999999955,-5.739999999999995,-0.20000000000000284,-1.5399999999999991,1.1800000000000068,-4.61999999999999,-7.499999999999986,-6.300000000000011,-39.120000000000005,-33.86,21.9,22.1,23.06,0.12,22.0,21.65,34.1,34.0,34.0,34.0,34.0,34.0,34.0,34.0,34.0,34.0,34.0,34.0,34.0,34.0,34.0,34.0,34.0,34.0,34.0,34.0,34.0,36.92,35.94,51.71999999999999,66.38,25.76,19.04,20.12,30.82,30.68,36.88000000000001,20.5,37.940000000000005,39.0,49.66,48.8,99.26,120.22,53.92,62.31999999999999,94.4,94.14000000000001,83.86,85.29999999999998,0.0,0.0,22.1,21.9,19.13,0.11,22.0,21.61,34.0,34.0,34.0,34.0,34.0,34.0,34.0,34.0,34.0,34.0,34.0,34.0,34.0,34.0,34.0,34.0,34.0,34.0,34.0,34.0,34.0,34.0,34.0,55.71999999999999,67.34,25.54,20.46,21.34,31.220000000000006,30.7,39.0,21.64,38.8,39.3,50.75999999999999,48.00000000000001,101.14,125.96,54.120000000000005,63.85999999999999,93.22,98.76,91.35999999999999,91.6,39.120000000000005,33.86,5.531666666666666,5.611666666666667,-0.08000000000000096,22.0,22.0,0.0,2.146666666666667,2.1283333333333334,0.018333333333333535,22.0,22.0,0.0,1.5866666666666667,1.705,-0.1183333333333334,22.0,22.0,0.0,1.6766666666666667,1.7783333333333333,-0.10166666666666657,22.0,22.0,0.0,2.5683333333333334,2.601666666666667,-0.03333333333333366,22.0,22.0,0.0,2.5566666666666666,2.558333333333333,-0.0016666666666664831,22.0,22.0,0.0,3.073333333333334,3.25,-0.17666666666666586,22.0,22.0,0.0,1.7083333333333333,1.8033333333333335,-0.0950000000000002,22.0,22.0,0.0,3.161666666666667,3.233333333333333,-0.07166666666666588,22.0,22.0,0.0,3.25,3.275,-0.02499999999999991,22.0,22.0,0.0,4.138333333333333,4.2299999999999995,-0.09166666666666679,22.0,22.0,0.0,4.066666666666666,4.000000000000001,0.06666666666666554,22.0,22.0,0.0,8.271666666666667,8.428333333333333,-0.1566666666666663,22.0,22.0,0.0,10.018333333333333,10.496666666666666,-0.4783333333333335,22.0,22.0,0.0,4.493333333333333,4.510000000000001,-0.016666666666667496,22.0,22.0,0.0,5.1933333333333325,5.321666666666666,-0.12833333333333385,22.0,22.0,0.0,7.866666666666667,7.7683333333333335,0.0983333333333336,22.0,22.0,0.0,7.8450000000000015,8.23,-0.3849999999999989,22.0,22.0,0.0,6.988333333333333,7.613333333333332,-0.6249999999999991,22.0,22.0,0.0,7.108333333333332,7.633333333333333,-0.5250000000000012,22.0,22.0,0.0,0.0,3.2600000000000002,-3.2600000000000002,,22.0,,0.0,2.8216666666666668,-2.8216666666666668,,22.0,
17,Foot warmer (lomitech),High,,,25,TskControl34,2025-04-03 16:48:00,2025-03-04_ID0_NoPCS_Ta25_TskControl34_WinterClothingWithoutShoes.csv,2025-03-04_ID17_Foot warmer (lomitech)_High_Ta25_TskControl34_WinterClothingWithoutShoes.csv,-12.399999999999999,-3.160000000000011,-0.05999999999999872,-9.5,-10.259999999999998,-9.66,-8.86,-14.119999999999997,-22.679999999999996,-6.219999999999992,-5.839999999999993,-1.6999999999999957,-2.259999999999998,-5.640000000000001,0.7399999999999807,-6.700000000000003,-6.140000000000001,-9.100000000000009,-7.220000000000027,-16.65999999999999,-12.959999999999994,-73.4,-70.44000000000001,,,,,,,34.8,34.0,34.0,34.0,34.0,34.0,34.0,34.0,34.0,34.0,34.0,34.0,34.0,34.0,34.0,34.0,34.0,34.0,34.0,34.0,34.0,47.6,45.279999999999994,38.2,50.99999999999999,19.06,13.98,14.920000000000002,22.12,22.94,28.32,14.8,27.96,30.580000000000002,37.88,37.4,68.94,82.5,41.339999999999996,56.739999999999995,64.47999999999999,72.85999999999999,55.660000000000004,59.18000000000001,0.0,0.0,25.1,25.0,63.95,0.05,25.04,25.76,34.0,34.0,34.0,34.0,34.0,34.0,34.0,34.0,34.0,34.0,34.0,34.0,34.0,34.0,34.0,34.0,34.0,34.0,34.0,34.0,34.0,34.0,34.0,50.6,54.160000000000004,19.119999999999997,23.48,25.18,31.78,31.8,42.44,37.48,34.17999999999999,36.419999999999995,39.58,39.66,74.58,81.76000000000002,48.04,62.879999999999995,73.58,80.08000000000001,72.32,72.14,73.4,70.44000000000001,,6.044642857142857,,,25.04,,,2.1339285714285707,,,25.04,,,2.620535714285714,,,25.04,,,2.8102678571428568,,,25.04,,,3.546875,,,25.04,,,3.549107142857143,,,25.04,,,4.736607142857142,,,25.04,,,4.1830357142857135,,,25.04,,,3.8147321428571415,,,25.04,,,4.0647321428571415,,,25.04,,,4.4174107142857135,,,25.04,,,4.426339285714285,,,25.04,,,8.323660714285714,,,25.04,,,9.125000000000002,,,25.04,,,5.361607142857142,,,25.04,,,7.0178571428571415,,,25.04,,,8.212053571428571,,,25.04,,,8.9375,,,25.04,,,8.07142857142857,,,25.04,,,8.051339285714285,,,25.04,,,8.191964285714285,,,25.04,,,7.861607142857143,,,25.04,
18,Foot warmer (Hodeamy),Level8,,,25,TskControl34,2025-05-03 15:05:00,2025-03-05_ID0_NoPCS_Ta25_TskControl34_WinterClothingWithoutShoes.csv,2025-03-05_ID18_Foot warmer (Hodeamy)_Level8_Ta25_TskControl34_WinterClothingWithoutShoes.csv,-8.320000000000007,-0.6600000000000037,-4.739999999999997,-3.0600000000000005,-0.9999999999999964,-4.0,-0.32000000000000384,-3.8999999999999986,-7.039999999999999,-2.239999999999995,-3.039999999999999,-0.6200000000000045,0.4000000000000057,-3.700000000000017,-2.09999999999998,-3.020000000000003,-3.8600000000000065,-6.879999999999988,-6.61999999999999,-9.480000000000018,-7.619999999999997,-71.98,-72.78,,,,,,,34.3,34.0,34.019999999999996,34.0,34.0,34.0,34.0,34.0,34.0,34.0,34.0,34.0,34.0,34.0,34.0,34.0,34.0,34.0,34.0,34.0,34.0,39.3,38.36,37.879999999999995,51.4,14.680000000000001,14.76,16.78,22.4,26.02,29.379999999999995,17.18,28.1,30.939999999999998,37.739999999999995,37.220000000000006,71.11999999999999,79.7,40.9,55.4,59.220000000000006,67.62,58.75999999999999,59.660000000000004,0.0,0.0,24.9,24.9,56.64,0.11,24.9,25.28,34.0,34.0,34.0,34.0,34.0,34.0,34.0,34.0,34.0,34.0,34.0,34.0,34.0,34.0,34.0,34.0,34.0,34.0,34.0,34.0,34.0,34.0,34.0,46.2,52.06,19.419999999999998,17.82,17.779999999999998,26.4,26.340000000000003,33.279999999999994,24.22,30.339999999999996,33.98,38.36,36.82,74.82000000000001,81.79999999999998,43.92,59.260000000000005,66.1,74.24,68.24000000000001,67.28,71.98,72.78,,5.72087912087912,,,24.9,,,2.1340659340659336,,,24.9,,,1.958241758241758,,,24.9,,,1.9538461538461533,,,24.9,,,2.9010989010989006,,,24.9,,,2.8945054945054944,,,24.9,,,3.6571428571428557,,,24.9,,,2.661538461538461,,,24.9,,,3.3340659340659333,,,24.9,,,3.7340659340659332,,,24.9,,,4.215384615384615,,,24.9,,,4.046153846153846,,,24.9,,,8.221978021978021,,,24.9,,,8.989010989010985,,,24.9,,,4.826373626373626,,,24.9,,,6.512087912087912,,,24.9,,,7.263736263736262,,,24.9,,,8.158241758241756,,,24.9,,,7.498901098901099,,,24.9,,,7.393406593406592,,,24.9,,,7.909890109890109,,,24.9,,,7.997802197802197,,,24.9,
18,Foot warmer (Hodeamy),Level1,,,25,TskControl34,2025-03-05 12:19:23,2025-03-05_ID0_NoPCS_Ta25_TskControl34_WinterClothingWithoutShoes.csv,2025-03-05_ID18_Foot warmer (Hodeamy)_Level1_Ta25_TskControl34_WinterClothingWithoutShoes.csv,-1.1200000000000045,-0.7800000000000082,-0.37999999999999545,-1.0600000000000023,2.200000000000003,-1.6199999999999974,-1.3800000000000026,-1.4599999999999902,-3.2399999999999984,-0.8999999999999986,-0.3199999999999932,-0.46000000000000085,1.5599999999999952,-1.6800000000000068,2.8800000000000097,-1.5,-1.3000000000000114,-1.2399999999999949,-1.5600000000000023,-1.5600000000000023,0.2400000000000091,-6.240000000000023,-5.759999999999991,25.0,24.8,54.88,0.12,24.9,25.21,34.0,34.0,34.0,34.0,34.0,34.0,34.0,34.0,34.0,34.0,34.0,34.0,34.0,34.0,34.0,34.0,34.0,34.0,34.0,34.0,34.0,34.0,34.0,45.08,51.279999999999994,19.040000000000003,16.759999999999998,19.98,24.78,24.96,31.820000000000004,20.98,29.439999999999998,33.660000000000004,37.9,38.379999999999995,73.14,84.67999999999999,42.42,57.959999999999994,64.86,72.67999999999999,66.68,67.52000000000001,65.73999999999998,67.02000000000001,24.9,24.9,56.64,0.11,24.9,25.28,34.0,34.0,34.0,34.0,34.0,34.0,34.0,34.0,34.0,34.0,34.0,34.0,34.0,34.0,34.0,34.0,34.0,34.0,34.0,34.0,34.0,34.0,34.0,46.2,52.06,19.419999999999998,17.82,17.779999999999998,26.4,26.340000000000003,33.279999999999994,24.22,30.339999999999996,33.98,38.36,36.82,74.82000000000001,81.79999999999998,43.92,59.260000000000005,66.1,74.24,68.24000000000001,67.28,71.98,72.78,5.635164835164834,5.72087912087912,-0.0857142857142863,24.9,24.9,0.0,2.0923076923076924,2.1340659340659336,-0.041758241758241166,24.9,24.9,0.0,1.8417582417582412,1.958241758241758,-0.11648351648351674,24.9,24.9,0.0,2.1956043956043954,1.9538461538461533,0.241758241758242,24.9,24.9,0.0,2.7230769230769227,2.9010989010989006,-0.17802197802197783,24.9,24.9,0.0,2.7428571428571424,2.8945054945054944,-0.151648351648352,24.9,24.9,0.0,3.4967032967032967,3.6571428571428557,-0.16043956043955898,24.9,24.9,0.0,2.3054945054945053,2.661538461538461,-0.35604395604395567,24.9,24.9,0.0,3.2351648351648343,3.3340659340659333,-0.098901098901099,24.9,24.9,0.0,3.6989010989010986,3.7340659340659332,-0.035164835164834596,24.9,24.9,0.0,4.164835164835164,4.215384615384615,-0.05054945054945037,24.9,24.9,0.0,4.217582417582417,4.046153846153846,0.17142857142857082,24.9,24.9,0.0,8.037362637362635,8.221978021978021,-0.18461538461538574,24.9,24.9,0.0,9.305494505494503,8.989010989010985,0.31648351648351714,24.9,24.9,0.0,4.661538461538461,4.826373626373626,-0.16483516483516514,24.9,24.9,0.0,6.369230769230768,6.512087912087912,-0.14285714285714413,24.9,24.9,0.0,7.127472527472526,7.263736263736262,-0.13626373626373578,24.9,24.9,0.0,7.986813186813185,8.158241758241756,-0.17142857142857082,24.9,24.9,0.0,7.327472527472527,7.498901098901099,-0.1714285714285717,24.9,24.9,0.0,7.41978021978022,7.393406593406592,0.026373626373628056,24.9,24.9,0.0,7.224175824175821,7.909890109890109,-0.6857142857142886,24.9,24.9,0.0,7.364835164835164,7.997802197802197,-0.6329670329670325,24.9,24.9,0.0
18,Foot warmer (Hodeamy),Level4,,,25,TskControl34,2025-03-05 13:00:23,2025-03-05_ID0_NoPCS_Ta25_TskControl34_WinterClothingWithoutShoes.csv,2025-03-05_ID18_Foot warmer (Hodeamy)_Level4_Ta25_TskControl34_WinterClothingWithoutShoes.csv,-6.700000000000003,-1.1200000000000045,-0.3599999999999959,-2.8000000000000007,-0.5599999999999987,2.700000000000003,-2.9800000000000004,-2.919999999999991,-5.719999999999999,-1.7199999999999989,-3.539999999999999,-0.4799999999999969,0.10000000000000142,-3.9000000000000057,-1.1599999999999824,-2.020000000000003,-5.420000000000009,-4.239999999999995,-4.079999999999998,-4.760000000000012,-2.1200000000000045,-70.48,-69.5,25.1,24.9,54.2,0.17,25.01,25.29,34.0,34.0,34.0,34.0,34.0,34.0,34.0,34.0,34.0,34.0,34.0,34.0,34.0,34.0,34.0,34.0,34.0,34.0,34.0,34.0,34.0,34.0,34.0,39.5,50.94,19.060000000000002,15.02,17.22,29.1,23.360000000000003,30.360000000000003,18.5,28.619999999999997,30.439999999999998,37.88,36.92,70.92,80.64,41.9,53.839999999999996,61.86,70.16,63.48,65.16,1.5,3.28,24.9,24.9,56.64,0.11,24.9,25.28,34.0,34.0,34.0,34.0,34.0,34.0,34.0,34.0,34.0,34.0,34.0,34.0,34.0,34.0,34.0,34.0,34.0,34.0,34.0,34.0,34.0,34.0,34.0,46.2,52.06,19.419999999999998,17.82,17.779999999999998,26.4,26.340000000000003,33.279999999999994,24.22,30.339999999999996,33.98,38.36,36.82,74.82000000000001,81.79999999999998,43.92,59.260000000000005,66.1,74.24,68.24000000000001,67.28,71.98,72.78,5.6662958843159075,5.72087912087912,-0.05458323656321262,25.01,24.9,0.11000000000000298,2.1201334816462745,2.1340659340659336,-0.013932452419659125,25.01,24.9,0.11000000000000298,1.670745272525028,1.958241758241758,-0.2874964857167299,25.01,24.9,0.11000000000000298,1.9154616240266966,1.9538461538461533,-0.038384529819456725,25.01,24.9,0.11000000000000298,3.236929922135707,2.9010989010989006,0.3358310210368063,25.01,24.9,0.11000000000000298,2.5984427141268083,2.8945054945054944,-0.29606278037868616,25.01,24.9,0.11000000000000298,3.3770856507230267,3.6571428571428557,-0.280057206419829,25.01,24.9,0.11000000000000298,2.0578420467185765,2.661538461538461,-0.6036964148198845,25.01,24.9,0.11000000000000298,3.183537263626252,3.3340659340659333,-0.15052867043968154,25.01,24.9,0.11000000000000298,3.3859844271412682,3.7340659340659332,-0.348081506924665,25.01,24.9,0.11000000000000298,4.213570634037821,4.215384615384615,-0.0018139813467934474,25.01,24.9,0.11000000000000298,4.106785317018911,4.046153846153846,0.06063147086506504,25.01,24.9,0.11000000000000298,7.888765294771971,8.221978021978021,-0.33321272720605055,25.01,24.9,0.11000000000000298,8.969966629588432,8.989010989010985,-0.019044359422553114,25.01,24.9,0.11000000000000298,4.660734149054505,4.826373626373626,-0.16563947731912076,25.01,24.9,0.11000000000000298,5.9888765294771975,6.512087912087912,-0.5232113826107145,25.01,24.9,0.11000000000000298,6.880978865406008,7.263736263736262,-0.3827573983302539,25.01,24.9,0.11000000000000298,7.804226918798666,8.158241758241756,-0.35401483944308954,25.01,24.9,0.11000000000000298,7.061179087875418,7.498901098901099,-0.43772201102568076,25.01,24.9,0.11000000000000298,7.248053392658511,7.393406593406592,-0.14535320074808133,25.01,24.9,0.11000000000000298,0.16685205784204674,7.909890109890109,-7.743038052048062,25.01,24.9,0.11000000000000298,0.3648498331479422,7.997802197802197,-7.632952364654255,25.01,24.9,0.11000000000000298
18,Foot warmer (Hodeamy),Level5,,,25,TskControl34,2025-03-05 14:06:23,2025-03-05_ID0_NoPCS_Ta25_TskControl34_WinterClothingWithoutShoes.csv,2025-03-05_ID18_Foot warmer (Hodeamy)_Level5_Ta25_TskControl34_WinterClothingWithoutShoes.csv,-7.840000000000003,-0.7800000000000082,-2.0799999999999983,-3.1000000000000014,-1.819999999999995,-3.8199999999999967,-3.4600000000000044,-3.839999999999989,-8.36,-2.1799999999999926,-3.039999999999999,-1.2999999999999972,0.6800000000000068,-4.420000000000002,-2.2199999999999847,-3.219999999999999,-4.420000000000009,-5.299999999999997,-5.959999999999994,-5.480000000000004,-4.18,-71.98,-72.78,25.0,25.0,51.12,0.07,25.0,25.14,34.1,34.0,34.0,34.0,34.0,34.0,34.0,34.0,34.0,34.0,34.0,34.0,34.0,34.0,34.0,34.0,34.0,34.0,34.0,34.0,34.0,35.7,35.1,38.36,51.279999999999994,17.34,14.719999999999999,15.960000000000003,22.580000000000002,22.88,29.440000000000005,15.86,28.160000000000004,30.939999999999998,37.06,37.50000000000001,70.4,79.58,40.7,54.839999999999996,60.8,68.28,62.760000000000005,63.1,0.0,0.0,24.9,24.9,56.64,0.11,24.9,25.28,34.0,34.0,34.0,34.0,34.0,34.0,34.0,34.0,34.0,34.0,34.0,34.0,34.0,34.0,34.0,34.0,34.0,34.0,34.0,34.0,34.0,34.0,34.0,46.2,52.06,19.419999999999998,17.82,17.779999999999998,26.4,26.340000000000003,33.279999999999994,24.22,30.339999999999996,33.98,38.36,36.82,74.82000000000001,81.79999999999998,43.92,59.260000000000005,66.1,74.24,68.24000000000001,67.28,71.98,72.78,5.697777777777777,5.72087912087912,-0.023101343101343375,25.0,24.9,0.10000000000000142,1.9266666666666667,2.1340659340659336,-0.20739926739926684,25.0,24.9,0.10000000000000142,1.6355555555555554,1.958241758241758,-0.3226862026862025,25.0,24.9,0.10000000000000142,1.7733333333333337,1.9538461538461533,-0.1805128205128197,25.0,24.9,0.10000000000000142,2.508888888888889,2.9010989010989006,-0.3922100122100116,25.0,24.9,0.10000000000000142,2.542222222222222,2.8945054945054944,-0.3522832722832723,25.0,24.9,0.10000000000000142,3.2711111111111117,3.6571428571428557,-0.38603174603174395,25.0,24.9,0.10000000000000142,1.7622222222222221,2.661538461538461,-0.8993162393162388,25.0,24.9,0.10000000000000142,3.1288888888888895,3.3340659340659333,-0.20517704517704383,25.0,24.9,0.10000000000000142,3.4377777777777774,3.7340659340659332,-0.29628815628815586,25.0,24.9,0.10000000000000142,4.117777777777778,4.215384615384615,-0.0976068376068362,25.0,24.9,0.10000000000000142,4.166666666666668,4.046153846153846,0.12051282051282186,25.0,24.9,0.10000000000000142,7.822222222222223,8.221978021978021,-0.39975579975579834,25.0,24.9,0.10000000000000142,8.842222222222222,8.989010989010985,-0.14678876678876307,25.0,24.9,0.10000000000000142,4.522222222222222,4.826373626373626,-0.30415140415140396,25.0,24.9,0.10000000000000142,6.093333333333333,6.512087912087912,-0.4187545787545792,25.0,24.9,0.10000000000000142,6.7555555555555555,7.263736263736262,-0.5081807081807064,25.0,24.9,0.10000000000000142,7.586666666666667,8.158241758241756,-0.571575091575089,25.0,24.9,0.10000000000000142,6.973333333333334,7.498901098901099,-0.5255677655677653,25.0,24.9,0.10000000000000142,7.011111111111111,7.393406593406592,-0.38229548229548094,25.0,24.9,0.10000000000000142,0.0,7.909890109890109,-7.909890109890109,,24.9,,0.0,7.997802197802197,-7.997802197802197,,24.9,
19,Hand warmer (desk mat),Level1,,,25,TskControl34,2025-02-07 16:23:54,2025-02-07_ID0_NoPCS_Ta25_TskControl34.csv,2025-02-07_ID19_Hand warmer (desk mat)_Level1_Ta25_TskControl34.csv,-6.18,-0.8399999999999963,0.5,-1.779999999999994,-0.7199999999999989,1.2800000000000082,-0.4399999999999977,-0.5,-0.17999999999999972,0.19999999999999574,1.6200000000000045,-27.519999999999992,-62.78000000000001,-68.26,-64.32,-0.30000000000000426,-1.1600000000000037,-0.22000000000001307,-0.18000000000000682,1.440000000000012,-0.4200000000000017,0.6599999999999966,0.11999999999999744,24.9,25.0,71.09,0.07,24.95,26.2,34.0,34.0,34.0,34.0,34.0,34.0,34.0,34.0,34.0,34.0,34.0,34.0,34.9,34.3,34.059999999999995,34.0,34.0,34.0,34.0,34.0,34.0,34.0,34.0,44.339999999999996,48.54,18.56,25.3,31.0,35.720000000000006,38.9,55.160000000000004,29.880000000000003,46.14,56.8,26.2,0.0,0.0,0.0,42.8,50.86,69.55999999999999,73.66,68.32000000000001,70.22,46.279999999999994,46.38,24.9,25.1,71.54,0.08,25.01,26.32,34.0,34.0,34.0,34.0,34.0,34.0,34.0,34.0,34.0,34.0,34.0,34.0,34.0,34.0,34.0,34.0,34.0,34.0,34.0,34.0,34.0,34.0,34.0,50.519999999999996,49.379999999999995,18.06,27.079999999999995,31.72,34.44,39.339999999999996,55.660000000000004,30.060000000000002,45.940000000000005,55.17999999999999,53.71999999999999,62.78000000000001,68.26,64.32,43.1,52.02,69.78,73.84,66.88,70.64,45.62,46.260000000000005,5.363535911602209,5.492769744160179,-0.12923383255796939,24.95,25.01,-0.060000000000002274,2.0508287292817675,2.008898776418243,0.04192995286352463,24.95,25.01,-0.060000000000002274,2.7955801104972373,3.012235817575083,-0.21665570707784587,24.95,25.01,-0.060000000000002274,3.4254143646408837,3.5283648498331486,-0.1029504851922649,24.95,25.01,-0.060000000000002274,3.9469613259668512,3.8309232480533932,0.116038077913458,24.95,25.01,-0.060000000000002274,4.2983425414364635,4.3759733036707456,-0.077630762234282,24.95,25.01,-0.060000000000002274,6.095027624309393,6.191323692992215,-0.0962960686828227,24.95,25.01,-0.060000000000002274,3.301657458563536,3.343715239154617,-0.042057780591080896,24.95,25.01,-0.060000000000002274,5.098342541436463,5.110122358175753,-0.011779816739289295,24.95,25.01,-0.060000000000002274,6.276243093922651,6.137931034482759,0.1383120594398921,24.95,25.01,-0.060000000000002274,2.895027624309392,5.975528364849834,-3.0805007405404417,24.95,25.01,-0.060000000000002274,0.0,6.983314794215797,-6.983314794215797,,25.01,,0.0,7.5928809788654075,-7.5928809788654075,,25.01,,0.0,7.1546162402669635,-7.1546162402669635,,25.01,,4.729281767955801,4.794215795328143,-0.06493402737234266,24.95,25.01,-0.060000000000002274,5.6198895027624305,5.7864293659621815,-0.166539863199751,24.95,25.01,-0.060000000000002274,7.6861878453038655,7.761957730812015,-0.07576988550814967,24.95,25.01,-0.060000000000002274,8.139226519337015,8.213570634037822,-0.07434411470080704,24.95,25.01,-0.060000000000002274,7.549171270718232,7.439377085650724,0.10979418506750793,24.95,25.01,-0.060000000000002274,7.759116022099446,7.857619577308122,-0.09850355520867549,24.95,25.01,-0.060000000000002274,5.113812154696132,5.074527252502781,0.03928490219335057,24.95,25.01,-0.060000000000002274,5.124861878453038,5.145717463848722,-0.020855585395683995,24.95,25.01,-0.060000000000002274
19,Hand warmer (desk mat),Level5,,,25,TskControl34,2025-02-07 16:09:54,2025-02-07_ID0_NoPCS_Ta25_TskControl34.csv,2025-02-07_ID19_Hand warmer (desk mat)_Level5_Ta25_TskControl34.csv,-5.699999999999996,-2.319999999999993,0.5799999999999983,-1.0,-1.0399999999999991,1.6400000000000006,-0.539999999999992,-0.37999999999999545,0.11999999999999744,0.6199999999999974,1.6600000000000037,-19.65999999999999,-62.78000000000001,-68.26,-63.379999999999995,0.7999999999999972,-0.04000000000000625,-0.01999999999999602,-0.4800000000000182,0.6400000000000148,0.9200000000000017,0.7000000000000028,0.21999999999999176,24.9,25.0,71.09,0.06,24.96,26.29,34.0,34.0,34.0,34.0,34.0,34.0,34.0,34.0,34.0,34.0,34.0,34.0,34.660000000000004,34.379999999999995,34.0,34.0,34.0,34.0,34.0,34.0,34.0,34.0,34.0,44.82,47.06,18.639999999999997,26.079999999999995,30.68,36.08,38.800000000000004,55.28000000000001,30.18,46.56,56.839999999999996,34.06,0.0,0.0,0.9399999999999998,43.9,51.98,69.76,73.35999999999999,67.52000000000001,71.56,46.32,46.48,24.9,25.1,71.54,0.08,25.01,26.32,34.0,34.0,34.0,34.0,34.0,34.0,34.0,34.0,34.0,34.0,34.0,34.0,34.0,34.0,34.0,34.0,34.0,34.0,34.0,34.0,34.0,34.0,34.0,50.519999999999996,49.379999999999995,18.06,27.079999999999995,31.72,34.44,39.339999999999996,55.660000000000004,30.060000000000002,45.940000000000005,55.17999999999999,53.71999999999999,62.78000000000001,68.26,64.32,43.1,52.02,69.78,73.84,66.88,70.64,45.62,46.260000000000005,5.205752212389381,5.492769744160179,-0.2870175317707977,24.96,25.01,-0.05000000000000071,2.061946902654867,2.008898776418243,0.05304812623662425,24.96,25.01,-0.05000000000000071,2.884955752212389,3.012235817575083,-0.1272800653626942,24.96,25.01,-0.05000000000000071,3.3938053097345136,3.5283648498331486,-0.13455954009863502,24.96,25.01,-0.05000000000000071,3.9911504424778763,3.8309232480533932,0.16022719442448308,24.96,25.01,-0.05000000000000071,4.292035398230089,4.3759733036707456,-0.08393790544065638,24.96,25.01,-0.05000000000000071,6.115044247787612,6.191323692992215,-0.07627944520460339,24.96,25.01,-0.05000000000000071,3.338495575221239,3.343715239154617,-0.005219663933377916,24.96,25.01,-0.05000000000000071,5.150442477876107,5.110122358175753,0.040320119700353985,24.96,25.01,-0.05000000000000071,6.287610619469027,6.137931034482759,0.1496795849862682,24.96,25.01,-0.05000000000000071,3.7676991150442483,5.975528364849834,-2.2078292498055854,24.96,25.01,-0.05000000000000071,0.0,6.983314794215797,-6.983314794215797,,25.01,,0.0,7.5928809788654075,-7.5928809788654075,,25.01,,0.10398230088495575,7.1546162402669635,-7.050633939382008,24.96,25.01,-0.05000000000000071,4.856194690265487,4.794215795328143,0.061978894937343654,24.96,25.01,-0.05000000000000071,5.75,5.7864293659621815,-0.03642936596218149,24.96,25.01,-0.05000000000000071,7.716814159292037,7.761957730812015,-0.04514357151997839,24.96,25.01,-0.05000000000000071,8.11504424778761,8.213570634037822,-0.09852638625021193,24.96,25.01,-0.05000000000000071,7.469026548672568,7.439377085650724,0.029649463021844014,24.96,25.01,-0.05000000000000071,7.915929203539824,7.857619577308122,0.05830962623170244,24.96,25.01,-0.05000000000000071,5.123893805309735,5.074527252502781,0.04936655280695401,24.96,25.01,-0.05000000000000071,5.1415929203539825,5.145717463848722,-0.004124543494739896,24.96,25.01,-0.05000000000000071
19,Hand warmer (desk mat),Level3,,,25,TskControl34,2025-02-07 15:51:54,2025-02-07_ID0_NoPCS_Ta25_TskControl34.csv,2025-02-07_ID19_Hand warmer (desk mat)_Level3_Ta25_TskControl34.csv,-6.559999999999995,-2.519999999999996,3.552713678800501e-15,-1.7999999999999936,-1.0599999999999952,0.1600000000000037,-1.259999999999998,-1.0200000000000031,-1.1199999999999974,0.4199999999999946,0.38000000000000966,-25.819999999999993,-62.78000000000001,-68.26,-61.67999999999999,2.8200000000000003,-7.105427357601002e-15,-0.6999999999999886,-2.219999999999999,-1.9399999999999835,-1.6199999999999903,0.259999999999998,-0.21999999999999886,25.2,25.2,68.97,0.23,25.2,26.32,34.0,34.0,34.0,34.0,34.0,34.0,34.0,34.0,34.0,34.0,34.0,34.0,34.4,34.3,33.980000000000004,34.0,34.0,34.0,34.0,34.0,34.0,34.0,34.0,43.96,46.86,18.060000000000002,25.28,30.660000000000004,34.6,38.08,54.64,28.940000000000005,46.36,55.56,27.9,0.0,0.0,2.64,45.92,52.019999999999996,69.08000000000001,71.62,64.94000000000001,69.02000000000001,45.879999999999995,46.040000000000006,24.9,25.1,71.54,0.08,25.01,26.32,34.0,34.0,34.0,34.0,34.0,34.0,34.0,34.0,34.0,34.0,34.0,34.0,34.0,34.0,34.0,34.0,34.0,34.0,34.0,34.0,34.0,34.0,34.0,50.519999999999996,49.379999999999995,18.06,27.079999999999995,31.72,34.44,39.339999999999996,55.660000000000004,30.060000000000002,45.940000000000005,55.17999999999999,53.71999999999999,62.78000000000001,68.26,64.32,43.1,52.02,69.78,73.84,66.88,70.64,45.62,46.260000000000005,5.324999999999999,5.492769744160179,-0.16776974416017953,25.2,25.01,0.18999999999999773,2.0522727272727272,2.008898776418243,0.04337395085448437,25.2,25.01,0.18999999999999773,2.8727272727272726,3.012235817575083,-0.1395085448478106,25.2,25.01,0.18999999999999773,3.4840909090909093,3.5283648498331486,-0.044273940742239226,25.2,25.01,0.18999999999999773,3.9318181818181817,3.8309232480533932,0.10089493376478842,25.2,25.01,0.18999999999999773,4.327272727272727,4.3759733036707456,-0.04870057639801839,25.2,25.01,0.18999999999999773,6.209090909090909,6.191323692992215,0.017767216098693694,25.2,25.01,0.18999999999999773,3.288636363636364,3.343715239154617,-0.05507887551825297,25.2,25.01,0.18999999999999773,5.268181818181818,5.110122358175753,0.15805946000606497,25.2,25.01,0.18999999999999773,6.3136363636363635,6.137931034482759,0.1757053291536046,25.2,25.01,0.18999999999999773,3.170454545454545,5.975528364849834,-2.8050738193952887,25.2,25.01,0.18999999999999773,0.0,6.983314794215797,-6.983314794215797,,25.01,,0.0,7.5928809788654075,-7.5928809788654075,,25.01,,0.30068337129840533,7.1546162402669635,-6.853932868968558,25.2,25.01,0.18999999999999773,5.218181818181818,4.794215795328143,0.4239660228536746,25.2,25.01,0.18999999999999773,5.911363636363635,5.7864293659621815,0.12493427040145377,25.2,25.01,0.18999999999999773,7.8500000000000005,7.761957730812015,0.08804226918798541,25.2,25.01,0.18999999999999773,8.138636363636364,8.213570634037822,-0.07493427040145839,25.2,25.01,0.18999999999999773,7.379545454545456,7.439377085650724,-0.05983163110526846,25.2,25.01,0.18999999999999773,7.843181818181819,7.857619577308122,-0.014437759126303185,25.2,25.01,0.18999999999999773,5.213636363636363,5.074527252502781,0.13910911113358182,25.2,25.01,0.18999999999999773,5.231818181818182,5.145717463848722,0.08610071796945995,25.2,25.01,0.18999999999999773
19,Hand warmer (desk mat),Mid,,,25,TskControl34,2025-03-03 15:20:10,2025-03-03_ID0_NoPCS_Ta25_TskControl34_WinterClothing.csv,2025-03-03_ID19_Hand warmer (desk mat)_Mid_Ta25_TskControl34_WinterClothing.csv,-7.88000000000001,-3.1200000000000045,-0.019999999999999574,-3.240000000000002,-3.1800000000000015,-3.3000000000000043,-2.0600000000000023,-2.9800000000000004,-6.539999999999997,-1.7800000000000011,-2.240000000000002,-13.840000000000003,-27.099999999999998,-69.12,-70.3,-4.040000000000006,-8.780000000000001,-2.1399999999999935,-0.3400000000000034,-4.800000000000026,-6.040000000000006,-5.699999999999996,-6.839999999999996,25.3,24.9,45.24,0.21,25.14,25.11,34.0,34.0,34.0,34.0,34.0,34.0,34.0,34.0,34.0,34.0,34.0,34.0,34.0,34.96,34.0,34.0,34.0,34.0,34.0,34.0,34.0,34.0,34.0,35.66,49.56,19.119999999999997,13.280000000000001,15.039999999999997,20.72,22.159999999999997,28.7,15.1,27.6,29.52,23.86,9.559999999999999,0.0,11.0,37.16,48.14,62.6,70.92,64.35999999999999,64.58,41.760000000000005,38.92,25.1,25.1,48.87,0.18,25.1,25.15,34.0,34.0,34.0,34.0,34.0,34.0,34.0,34.0,34.0,34.0,34.0,34.0,34.0,34.0,34.0,34.0,34.0,34.0,34.0,34.0,34.0,34.0,34.0,43.540000000000006,52.68000000000001,19.139999999999997,16.520000000000003,18.22,24.020000000000003,24.22,31.68,21.639999999999997,29.380000000000003,31.76,37.7,36.66,69.12,81.3,41.2,56.92,64.74,71.26,69.16000000000001,70.62,47.46,45.76,5.593679458239278,5.9191011235955076,-0.3254216653562292,25.14,25.1,0.03999999999999915,2.1580135440180586,2.150561797752809,0.007451746265249692,25.14,25.1,0.03999999999999915,1.4988713318284426,1.8561797752808995,-0.35730844345245694,25.14,25.1,0.03999999999999915,1.6975169300225732,2.047191011235955,-0.34967408121338184,25.14,25.1,0.03999999999999915,2.3386004514672685,2.6988764044943827,-0.36027595302711424,25.14,25.1,0.03999999999999915,2.501128668171557,2.721348314606742,-0.22021964643518466,25.14,25.1,0.03999999999999915,3.239277652370203,3.5595505617977534,-0.32027290942755027,25.14,25.1,0.03999999999999915,1.7042889390519187,2.4314606741573033,-0.7271717351053846,25.14,25.1,0.03999999999999915,3.1151241534988716,3.3011235955056186,-0.185999442006747,25.14,25.1,0.03999999999999915,3.3318284424379234,3.568539325842697,-0.23671088340477375,25.14,25.1,0.03999999999999915,2.6930022573363432,4.235955056179776,-1.5429527988434328,25.14,25.1,0.03999999999999915,1.0790067720090293,4.119101123595506,-3.0400943515864767,25.14,25.1,0.03999999999999915,0.0,7.766292134831462,-7.766292134831462,,25.1,,1.2415349887133185,9.134831460674159,-7.89329647196084,25.14,25.1,0.03999999999999915,4.194130925507901,4.629213483146068,-0.43508255763816717,25.14,25.1,0.03999999999999915,5.4334085778781045,6.39550561797753,-0.9620970400994251,25.14,25.1,0.03999999999999915,7.06546275395034,7.274157303370787,-0.2086945494204473,25.14,25.1,0.03999999999999915,8.00451467268623,8.00674157303371,-0.002226900347478633,25.14,25.1,0.03999999999999915,7.2641083521444685,7.770786516853935,-0.5066781647094665,25.14,25.1,0.03999999999999915,7.288939051918736,7.934831460674159,-0.6458924087554232,25.14,25.1,0.03999999999999915,4.71331828442438,5.332584269662922,-0.6192659852385418,25.14,25.1,0.03999999999999915,4.392776523702032,5.141573033707866,-0.7487965100058336,25.14,25.1,0.03999999999999915
19,Hand wamer (desk mat),Mid,,,22,TskControl34,2025-02-24 17:49:02,2025-02-24_ID0_NoPCS_Ta22_TskControl34.csv,2025-02-24_ID19_Hand wamer (desk mat)_Mid_Ta22_TskControl34_WinterClothing.csv,-26.36,-6.060000000000002,0.5400000000000027,-18.54,-22.22,-19.78,-24.04,-38.50000000000001,-34.3,-27.679999999999986,-34.5,-51.41999999999999,-86.88,-107.15999999999998,-85.88,-32.1,-27.679999999999993,-20.480000000000004,-11.559999999999974,-5.120000000000019,-7.840000000000018,-2.40000000000002,-4.9399999999999835,22.3,22.3,29.58,0.13,22.3,22.1,34.0,34.0,34.0,34.0,34.0,34.0,34.0,34.0,34.0,34.0,34.0,34.0,34.0,34.0,34.0,34.0,34.0,34.0,34.0,34.0,34.0,34.0,34.0,49.94,69.97999999999999,21.860000000000003,23.5,22.68,32.92,34.18000000000001,40.4,22.54,37.88,40.44,30.919999999999998,18.580000000000002,14.160000000000002,37.17999999999999,49.160000000000004,59.2,84.30000000000001,93.30000000000001,86.53999999999999,88.22,61.999999999999986,60.5,22.4,22.4,22.88,0.13,22.4,22.0,34.0,34.0,34.0,34.0,34.0,34.0,34.0,34.0,34.0,34.0,34.0,34.0,34.0,34.0,34.0,34.0,34.0,34.0,34.0,34.0,34.0,34.0,34.0,76.3,76.03999999999999,21.32,42.04,44.9,52.7,58.220000000000006,78.9,56.839999999999996,65.55999999999999,74.94,82.33999999999999,105.46,121.31999999999998,123.05999999999999,81.26,86.88,104.78000000000002,104.85999999999999,91.66000000000001,96.06000000000002,64.4,65.43999999999998,5.98119658119658,6.555172413793102,-0.5739758325965214,22.3,22.4,-0.09999999999999787,1.8683760683760688,1.8379310344827584,0.030445033893310436,22.3,22.4,-0.09999999999999787,2.0085470085470085,3.624137931034482,-1.6155909224874736,22.3,22.4,-0.09999999999999787,1.9384615384615385,3.8706896551724133,-1.9322281167108748,22.3,22.4,-0.09999999999999787,2.813675213675214,4.543103448275862,-1.7294282346006482,22.3,22.4,-0.09999999999999787,2.921367521367522,5.018965517241379,-2.097597995873857,22.3,22.4,-0.09999999999999787,3.452991452991453,6.801724137931034,-3.3487326849395807,22.3,22.4,-0.09999999999999787,1.9264957264957265,4.8999999999999995,-2.9735042735042727,22.3,22.4,-0.09999999999999787,3.237606837606838,5.651724137931033,-2.4141173003241945,22.3,22.4,-0.09999999999999787,3.4564102564102566,6.460344827586206,-3.0039345711759493,22.3,22.4,-0.09999999999999787,2.6427350427350427,7.098275862068964,-4.455540819333921,22.3,22.4,-0.09999999999999787,1.5880341880341884,9.091379310344825,-7.503345122310637,22.3,22.4,-0.09999999999999787,1.2102564102564104,10.45862068965517,-9.24836427939876,22.299999999999997,22.4,-0.10000000000000142,3.177777777777777,10.60862068965517,-7.430842911877393,22.3,22.4,-0.09999999999999787,4.201709401709402,7.005172413793103,-2.803463012083701,22.299999999999997,22.4,-0.10000000000000142,5.0598290598290605,7.489655172413792,-2.429826112584731,22.3,22.4,-0.09999999999999787,7.205128205128206,9.032758620689656,-1.8276304155614493,22.3,22.4,-0.09999999999999787,7.974358974358976,9.039655172413791,-1.0652961980548152,22.3,22.4,-0.09999999999999787,7.396581196581196,7.901724137931034,-0.5051429413498383,22.3,22.4,-0.09999999999999787,7.540170940170941,8.28103448275862,-0.7408635425876797,22.3,22.4,-0.09999999999999787,5.299145299145298,5.551724137931035,-0.2525788387857366,22.3,22.4,-0.09999999999999787,5.170940170940171,5.641379310344825,-0.47043913940465387,22.3,22.4,-0.09999999999999787
20,Desk fan heater,High,125.0,90.0,22,TskControl34,2025-02-28 16:17:14,2025-02-28_ID0_NoPCS_Ta22_TskControl34_WinterClothing.csv,2025-02-28_ID20_Desk fan heater_High_Angle125_Distance90_Ta22_TskControl34_WinterClothing.csv,-15.620000000000005,-10.420000000000002,-2.640000000000004,-15.659999999999997,-14.620000000000001,-18.759999999999998,-16.200000000000003,-25.04,-34.7,-12.599999999999994,-9.040000000000006,-5.880000000000017,-5.640000000000001,-19.699999999999974,3.440000000000012,-17.660000000000004,-13.280000000000001,-25.620000000000005,-29.879999999999995,-14.719999999999985,-12.720000000000013,-14.839999999999982,-8.96,22.9,22.9,56.14,0.16,22.9,23.16,34.0,34.0,34.0,34.0,34.0,34.0,34.0,34.0,34.0,34.0,34.0,34.0,34.0,34.0,34.0,34.0,34.0,34.0,34.0,34.0,34.0,34.0,34.0,50.72,61.3,23.02,16.68,19.419999999999998,27.059999999999995,29.0,36.96,18.66,32.62,36.78,46.059999999999995,44.8,86.02000000000001,112.94000000000001,46.4,60.620000000000005,76.03999999999999,83.02000000000001,80.2,82.6,57.28000000000001,55.0,22.2,22.4,53.45,0.09,22.3,22.47,34.0,34.0,34.0,34.0,34.0,34.0,34.0,34.0,34.0,34.0,34.0,34.0,34.0,34.0,34.0,34.0,34.0,34.0,34.0,34.0,34.0,34.0,34.0,66.34,71.72,25.660000000000004,32.339999999999996,34.04,45.81999999999999,45.2,62.0,53.36,45.21999999999999,45.82000000000001,51.94000000000001,50.44,105.71999999999998,109.5,64.06,73.9,101.66,112.9,94.91999999999999,95.32000000000001,72.11999999999999,63.96,5.522522522522522,6.12991452991453,-0.6073920073920087,22.9,22.3,0.5999999999999979,2.0738738738738736,2.193162393162394,-0.11928851928852024,22.9,22.300000000000004,0.5999999999999943,1.5027027027027025,2.764102564102564,-1.2613998613998616,22.9,22.3,0.5999999999999979,1.7495495495495492,2.9094017094017097,-1.1598521598521605,22.9,22.3,0.5999999999999979,2.437837837837837,3.916239316239316,-1.4784014784014792,22.9,22.3,0.5999999999999979,2.612612612612612,3.8632478632478637,-1.2506352506352516,22.9,22.3,0.5999999999999979,3.3297297297297295,5.2991452991453,-1.9694155694155704,22.9,22.3,0.5999999999999979,1.6810810810810808,4.5606837606837605,-2.8796026796026797,22.9,22.299999999999997,0.6000000000000014,2.938738738738738,3.8649572649572645,-0.9262185262185265,22.9,22.3,0.5999999999999979,3.313513513513513,3.916239316239317,-0.602725802725804,22.9,22.3,0.5999999999999979,4.1495495495495485,4.43931623931624,-0.28976668976669195,22.9,22.3,0.5999999999999979,4.036036036036036,4.311111111111111,-0.2750750750750752,22.9,22.3,0.5999999999999979,7.74954954954955,9.035897435897436,-1.2863478863478859,22.9,22.3,0.5999999999999979,10.174774774774775,9.35897435897436,0.8158004158004157,22.9,22.3,0.5999999999999979,4.180180180180179,5.475213675213675,-1.295033495033496,22.9,22.299999999999997,0.6000000000000014,5.461261261261261,6.316239316239317,-0.8549780549780559,22.9,22.3,0.5999999999999979,6.850450450450449,8.68888888888889,-1.8384384384384411,22.9,22.300000000000004,0.5999999999999943,7.479279279279279,9.64957264957265,-2.170293370293372,22.9,22.3,0.5999999999999979,7.225225225225224,8.112820512820512,-0.8875952875952882,22.9,22.3,0.5999999999999979,7.44144144144144,8.147008547008548,-0.7055671055671082,22.9,22.3,0.5999999999999979,5.16036036036036,6.1641025641025635,-1.0037422037422035,22.9,22.3,0.5999999999999979,4.954954954954954,5.466666666666667,-0.5117117117117127,22.9,22.3,0.5999999999999979
20,Desk fan heater,Low,125.0,90.0,25,TskControl34,2025-03-03 15:49:35,2025-03-03_ID0_NoPCS_Ta25_TskControl34_WinterClothing.csv,2025-03-03_ID20_Desk fan heater_Low_Angle125_Distance90_Ta25_TskControl34_WinterClothing.csv,-7.3600000000000065,-4.440000000000012,-1.2599999999999945,-4.8000000000000025,-3.9000000000000004,-3.820000000000004,-2.5,-5.0,-7.339999999999996,-4.900000000000002,-3.280000000000001,-8.800000000000004,-10.139999999999997,-22.340000000000003,-11.519999999999996,-9.600000000000001,-15.880000000000003,-6.339999999999996,-6.960000000000008,-9.980000000000018,-11.439999999999998,-7.660000000000004,-7.359999999999999,25.7,25.3,44.47,0.0,25.3,25.37,34.0,34.0,34.0,34.0,34.0,34.0,34.0,34.0,34.0,34.0,34.0,34.0,34.0,34.0,34.0,34.0,34.0,34.0,34.0,34.0,34.0,34.0,34.0,36.18,48.239999999999995,17.880000000000003,11.72,14.319999999999999,20.2,21.72,26.68,14.3,24.48,28.48,28.9,26.52,46.78,69.78,31.6,41.04,58.4,64.3,59.17999999999999,59.18000000000001,39.8,38.4,25.1,25.1,48.87,0.18,25.1,25.15,34.0,34.0,34.0,34.0,34.0,34.0,34.0,34.0,34.0,34.0,34.0,34.0,34.0,34.0,34.0,34.0,34.0,34.0,34.0,34.0,34.0,34.0,34.0,43.540000000000006,52.68000000000001,19.139999999999997,16.520000000000003,18.22,24.020000000000003,24.22,31.68,21.639999999999997,29.380000000000003,31.76,37.7,36.66,69.12,81.3,41.2,56.92,64.74,71.26,69.16000000000001,70.62,47.46,45.76,5.544827586206896,5.9191011235955076,-0.37427353738861147,25.3,25.1,0.1999999999999993,2.055172413793104,2.150561797752809,-0.09538938395970487,25.3,25.1,0.1999999999999993,1.3471264367816094,1.8561797752808995,-0.5090533384992901,25.3,25.1,0.1999999999999993,1.645977011494253,2.047191011235955,-0.40121399974170213,25.3,25.1,0.1999999999999993,2.32183908045977,2.6988764044943827,-0.37703732403461254,25.3,25.1,0.1999999999999993,2.496551724137931,2.721348314606742,-0.22479659046881073,25.3,25.1,0.1999999999999993,3.066666666666667,3.5595505617977534,-0.49288389513108655,25.3,25.1,0.1999999999999993,1.6436781609195406,2.4314606741573033,-0.7877825132377627,25.3,25.1,0.1999999999999993,2.813793103448276,3.3011235955056186,-0.48733049205734247,25.3,25.1,0.1999999999999993,3.2735632183908048,3.568539325842697,-0.2949761074518924,25.3,25.1,0.1999999999999993,3.32183908045977,4.235955056179776,-0.9141159757200059,25.3,25.1,0.1999999999999993,3.048275862068966,4.119101123595506,-1.0708252615265401,25.3,25.1,0.1999999999999993,5.377011494252874,7.766292134831462,-2.3892806405785887,25.3,25.1,0.1999999999999993,8.020689655172415,9.134831460674159,-1.1141418055017436,25.3,25.1,0.1999999999999993,3.6321839080459775,4.629213483146068,-0.9970295751000906,25.3,25.1,0.1999999999999993,4.717241379310345,6.39550561797753,-1.6782642386671842,25.3,25.1,0.1999999999999993,6.71264367816092,7.274157303370787,-0.5615136252098667,25.3,25.1,0.1999999999999993,7.39080459770115,8.00674157303371,-0.6159369753325592,25.3,25.1,0.1999999999999993,6.802298850574712,7.770786516853935,-0.9684876662792226,25.3,25.1,0.1999999999999993,6.802298850574714,7.934831460674159,-1.132532610099445,25.3,25.1,0.1999999999999993,4.574712643678161,5.332584269662922,-0.7578716259847607,25.3,25.1,0.1999999999999993,4.413793103448276,5.141573033707866,-0.7277799302595902,25.3,25.1,0.1999999999999993
20,Desk fan heater,Low,125.0,90.0,22,TskControl34,2025-02-28 16:04:39,2025-02-28_ID0_NoPCS_Ta22_TskControl34_WinterClothing.csv,2025-02-28_ID20_Desk fan heater_Low_Angle125_Distance90_Ta22_TskControl34_WinterClothing.csv,-14.420000000000002,-8.059999999999995,-2.020000000000003,-14.299999999999997,-14.259999999999998,-18.199999999999996,-15.46,-25.0,-33.379999999999995,-11.679999999999993,-7.980000000000011,-5.380000000000017,-4.979999999999997,-18.279999999999987,7.459999999999994,-13.080000000000005,-13.220000000000013,-23.78,-28.720000000000013,-13.36,-11.440000000000012,-14.019999999999989,-8.259999999999998,22.8,23.0,56.11,0.18,22.89,23.06,34.0,34.0,34.0,34.0,34.0,34.0,34.0,34.0,34.0,34.0,34.0,34.0,34.0,34.0,34.0,34.0,34.0,34.0,34.0,34.0,34.0,34.0,34.0,51.92,63.660000000000004,23.64,18.04,19.78,27.619999999999997,29.740000000000002,37.0,19.98,33.54,37.839999999999996,46.559999999999995,45.46,87.44,116.96,50.98,60.67999999999999,77.88,84.17999999999999,81.55999999999999,83.88,58.1,55.7,22.2,22.4,53.45,0.09,22.3,22.47,34.0,34.0,34.0,34.0,34.0,34.0,34.0,34.0,34.0,34.0,34.0,34.0,34.0,34.0,34.0,34.0,34.0,34.0,34.0,34.0,34.0,34.0,34.0,66.34,71.72,25.660000000000004,32.339999999999996,34.04,45.81999999999999,45.2,62.0,53.36,45.21999999999999,45.82000000000001,51.94000000000001,50.44,105.71999999999998,109.5,64.06,73.9,101.66,112.9,94.91999999999999,95.32000000000001,72.11999999999999,63.96,5.729972997299731,6.12991452991453,-0.3999415326147995,22.89,22.3,0.5899999999999999,2.127812781278128,2.193162393162394,-0.0653496118842658,22.89,22.300000000000004,0.5899999999999963,1.6237623762376239,2.764102564102564,-1.1403401878649402,22.89,22.3,0.5899999999999999,1.7803780378037806,2.9094017094017097,-1.1290236715979292,22.89,22.3,0.5899999999999999,2.486048604860486,3.916239316239316,-1.4301907113788301,22.89,22.3,0.5899999999999999,2.676867686768677,3.8632478632478637,-1.1863801764791866,22.89,22.3,0.5899999999999999,3.3303330333033303,5.2991452991453,-1.9688122658419696,22.89,22.3,0.5899999999999999,1.7983798379837985,4.5606837606837605,-2.762303922699962,22.89,22.299999999999997,0.5900000000000034,3.018901890189019,3.8649572649572645,-0.8460553747682455,22.89,22.3,0.5899999999999999,3.405940594059406,3.916239316239317,-0.5102987221799111,22.89,22.3,0.5899999999999999,4.190819081908191,4.43931623931624,-0.24849715740804967,22.89,22.3,0.5899999999999999,4.0918091809180925,4.311111111111111,-0.21930193019301836,22.89,22.3,0.5899999999999999,7.87038703870387,9.035897435897436,-1.1655103971935654,22.89,22.3,0.5899999999999999,10.527452745274527,9.35897435897436,1.1684783863001673,22.89,22.3,0.5899999999999999,4.588658865886589,5.475213675213675,-0.8865548093270865,22.89,22.299999999999997,0.5900000000000034,5.461746174617462,6.316239316239317,-0.8544931416218553,22.89,22.3,0.5899999999999999,7.00990099009901,8.68888888888889,-1.67898789878988,22.89,22.300000000000004,0.5899999999999963,7.576957695769576,9.64957264957265,-2.0726149538030745,22.89,22.3,0.5899999999999999,7.34113411341134,8.112820512820512,-0.7716863994091723,22.89,22.3,0.5899999999999999,7.54995499549955,8.147008547008548,-0.5970535515089983,22.89,22.3,0.5899999999999999,5.22952295229523,6.1641025641025635,-0.934579611807334,22.89,22.3,0.5899999999999999,5.013501350135014,5.466666666666667,-0.4531653165316527,22.89,22.3,0.5899999999999999
20,Desk fan heater,High,125.0,90.0,25,TskControl34,2025-03-03 16:39:45,2025-03-03_ID0_NoPCS_Ta25_TskControl34_WinterClothing.csv,2025-03-03_ID20_Desk fan heater_High_Angle125_Distance90_Ta25_TskControl34_WinterClothing.csv,-6.3600000000000065,-4.960000000000001,-2.019999999999996,-4.260000000000003,-4.479999999999999,-4.020000000000003,-2.240000000000002,-4.719999999999999,-6.939999999999998,-5.360000000000003,-4.460000000000001,-6.060000000000006,-6.279999999999994,-12.580000000000005,-1.3400000000000034,-5.8799999999999955,-12.199999999999996,-6.679999999999993,-9.319999999999993,-10.460000000000008,-10.920000000000002,-4.800000000000004,-6.18,25.8,25.2,44.21,0.05,25.45,25.37,34.0,34.0,34.0,34.0,34.0,34.0,34.0,34.0,34.0,34.0,34.0,34.0,34.0,34.0,34.0,34.0,34.0,34.0,34.0,34.0,34.0,34.0,34.0,37.18,47.720000000000006,17.12,12.26,13.74,20.0,21.979999999999997,26.96,14.7,24.02,27.3,31.639999999999997,30.380000000000003,56.54,79.96,35.32000000000001,44.720000000000006,58.06,61.94000000000001,58.7,59.7,42.66,39.58,25.1,25.1,48.87,0.18,25.1,25.15,34.0,34.0,34.0,34.0,34.0,34.0,34.0,34.0,34.0,34.0,34.0,34.0,34.0,34.0,34.0,34.0,34.0,34.0,34.0,34.0,34.0,34.0,34.0,43.540000000000006,52.68000000000001,19.139999999999997,16.520000000000003,18.22,24.020000000000003,24.22,31.68,21.639999999999997,29.380000000000003,31.76,37.7,36.66,69.12,81.3,41.2,56.92,64.74,71.26,69.16000000000001,70.62,47.46,45.76,5.5812865497076025,5.9191011235955076,-0.33781457388790503,25.45,25.1,0.34999999999999787,2.00233918128655,2.150561797752809,-0.148222616466259,25.45,25.1,0.34999999999999787,1.4339181286549707,1.8561797752808995,-0.4222616466259288,25.45,25.1,0.34999999999999787,1.607017543859649,2.047191011235955,-0.440173467376306,25.45,25.1,0.34999999999999787,2.3391812865497075,2.6988764044943827,-0.35969511794467524,25.45,25.1,0.34999999999999787,2.570760233918128,2.721348314606742,-0.15058808068861396,25.45,25.1,0.34999999999999787,3.1532163742690056,3.5595505617977534,-0.40633418752874784,25.45,25.1,0.34999999999999787,1.7192982456140349,2.4314606741573033,-0.7121624285432684,25.45,25.1,0.34999999999999787,2.8093567251461984,3.3011235955056186,-0.49176687035942024,25.45,25.1,0.34999999999999787,3.1929824561403506,3.568539325842697,-0.3755568697023466,25.45,25.1,0.34999999999999787,3.7005847953216366,4.235955056179776,-0.5353702608581394,25.45,25.1,0.34999999999999787,3.553216374269006,4.119101123595506,-0.5658847493265,25.45,25.1,0.34999999999999787,6.612865497076022,7.766292134831462,-1.15342663775544,25.45,25.1,0.34999999999999787,9.35204678362573,9.134831460674159,0.21721532295157076,25.45,25.1,0.34999999999999787,4.130994152046784,4.629213483146068,-0.49821933109928374,25.45,25.1,0.34999999999999787,5.230409356725146,6.39550561797753,-1.1650962612523834,25.45,25.1,0.34999999999999787,6.790643274853801,7.274157303370787,-0.48351402851698566,25.45,25.1,0.34999999999999787,7.244444444444445,8.00674157303371,-0.7622971285892639,25.45,25.1,0.34999999999999787,6.8654970760233915,7.770786516853935,-0.9052894408305434,25.45,25.1,0.34999999999999787,6.982456140350877,7.934831460674159,-0.9523753203232825,25.45,25.1,0.34999999999999787,4.989473684210526,5.332584269662922,-0.34311058545239614,25.45,25.1,0.34999999999999787,4.629239766081871,5.141573033707866,-0.5123332676259951,25.45,25.1,0.34999999999999787
21,"Big desk fan (daison, short)",Mid,125.0,90.0,22,TskControl34,2025-02-28 17:32:59,2025-02-28_ID0_NoPCS_Ta22_TskControl34_WinterClothing.csv,"2025-02-28_ID21_Big desk fan (daison, short)_Mid_Angle125_Distance90_Ta22_TskControl34_WinterClothing.csv",-18.340000000000003,-31.759999999999998,-11.980000000000002,-14.039999999999996,-15.600000000000001,-20.05999999999999,-19.160000000000004,-28.519999999999996,-34.54,-12.5,-12.120000000000005,-5.200000000000017,-7.939999999999991,-22.279999999999973,-10.060000000000002,-14.86,-15.260000000000005,-27.19999999999999,-35.879999999999995,-13.419999999999987,-15.080000000000013,-14.439999999999984,-11.380000000000003,23.7,23.4,52.12,0.11,23.55,23.68,34.0,34.0,34.0,34.0,34.0,34.0,34.0,34.0,34.0,34.0,34.0,34.0,34.0,34.0,34.0,34.0,34.0,34.0,34.0,34.0,34.0,34.0,34.0,48.0,39.96,13.680000000000001,18.3,18.439999999999998,25.76,26.04,33.480000000000004,18.82,32.71999999999999,33.7,46.739999999999995,42.50000000000001,83.44000000000001,99.44,49.2,58.64,74.46000000000001,77.02000000000001,81.5,80.24,57.68000000000001,52.58,22.2,22.4,53.45,0.09,22.3,22.47,34.0,34.0,34.0,34.0,34.0,34.0,34.0,34.0,34.0,34.0,34.0,34.0,34.0,34.0,34.0,34.0,34.0,34.0,34.0,34.0,34.0,34.0,34.0,66.34,71.72,25.660000000000004,32.339999999999996,34.04,45.81999999999999,45.2,62.0,53.36,45.21999999999999,45.82000000000001,51.94000000000001,50.44,105.71999999999998,109.5,64.06,73.9,101.66,112.9,94.91999999999999,95.32000000000001,72.11999999999999,63.96,3.823923444976077,6.12991452991453,-2.3059910849384533,23.55,22.3,1.25,1.3090909090909093,2.193162393162394,-0.8840714840714845,23.55,22.300000000000004,1.2499999999999964,1.751196172248804,2.764102564102564,-1.01290639185376,23.55,22.3,1.25,1.7645933014354065,2.9094017094017097,-1.1448084079663032,23.55,22.3,1.25,2.4650717703349287,3.916239316239316,-1.4511675459043873,23.55,22.3,1.25,2.491866028708134,3.8632478632478637,-1.3713818345397297,23.55,22.3,1.25,3.203827751196173,5.2991452991453,-2.095317547949127,23.55,22.3,1.25,1.8009569377990433,4.5606837606837605,-2.7597268228847174,23.55,22.299999999999997,1.2500000000000036,3.131100478468899,3.8649572649572645,-0.7338567864883654,23.55,22.3,1.25,3.2248803827751202,3.916239316239317,-0.6913589334641967,23.55,22.3,1.25,4.472727272727273,4.43931623931624,0.03341103341103224,23.55,22.3,1.25,4.066985645933015,4.311111111111111,-0.24412546517809552,23.55,22.3,1.25,7.984688995215313,9.035897435897436,-1.0512084406821227,23.55,22.3,1.25,9.515789473684212,9.35897435897436,0.1568151147098522,23.55,22.3,1.25,4.708133971291867,5.475213675213675,-0.7670797039218087,23.55,22.299999999999997,1.2500000000000036,5.611483253588517,6.316239316239317,-0.7047560626507998,23.55,22.3,1.25,7.125358851674642,8.68888888888889,-1.5635300372142478,23.55,22.300000000000004,1.2499999999999964,7.370334928229666,9.64957264957265,-2.2792377213429846,23.55,22.3,1.25,7.799043062200957,8.112820512820512,-0.313777450619555,23.55,22.3,1.25,7.6784688995215316,8.147008547008548,-0.4685396474870167,23.55,22.3,1.25,5.519617224880384,6.1641025641025635,-0.6444853392221797,23.55,22.3,1.25,5.031578947368422,5.466666666666667,-0.4350877192982452,23.55,22.3,1.25
21,"Big desk fan (daison, short)",High,125.0,90.0,22,TskControl34,2025-02-28 17:45:49,2025-02-28_ID0_NoPCS_Ta22_TskControl34_WinterClothing.csv,"2025-02-28_ID21_Big desk fan (daison, short)_High_Angle125_Distance90_Ta22_TskControl34_WinterClothing.csv",-19.340000000000003,-50.26,-16.740000000000006,-16.199999999999996,-17.959999999999997,-19.979999999999997,-19.740000000000002,-29.760000000000005,-34.839999999999996,-12.93999999999999,-12.700000000000003,-8.080000000000013,-8.04,-18.47999999999999,-2.280000000000001,-15.400000000000006,-16.140000000000015,-28.299999999999983,-30.25999999999999,-14.079999999999984,-15.280000000000015,-16.51999999999999,-11.86,24.1,23.6,50.88,0.08,23.84,23.95,34.0,34.0,34.0,34.0,34.0,34.0,34.0,34.0,34.0,34.0,34.0,34.0,34.0,34.0,34.0,34.0,34.0,34.0,34.0,34.0,34.0,34.0,34.0,47.0,21.46,8.919999999999998,16.14,16.080000000000002,25.839999999999996,25.46,32.239999999999995,18.520000000000003,32.28,33.120000000000005,43.86,42.4,87.24,107.22,48.66,57.75999999999999,73.36000000000001,82.64000000000001,80.84,80.03999999999999,55.6,52.1,22.2,22.4,53.45,0.09,22.3,22.47,34.0,34.0,34.0,34.0,34.0,34.0,34.0,34.0,34.0,34.0,34.0,34.0,34.0,34.0,34.0,34.0,34.0,34.0,34.0,34.0,34.0,34.0,34.0,66.34,71.72,25.660000000000004,32.339999999999996,34.04,45.81999999999999,45.2,62.0,53.36,45.21999999999999,45.82000000000001,51.94000000000001,50.44,105.71999999999998,109.5,64.06,73.9,101.66,112.9,94.91999999999999,95.32000000000001,72.11999999999999,63.96,2.112204724409449,6.12991452991453,-4.017709805505081,23.840000000000003,22.3,1.5400000000000027,0.8779527559055116,2.193162393162394,-1.3152096372568822,23.84,22.300000000000004,1.5399999999999956,1.5885826771653544,2.764102564102564,-1.1755198869372097,23.84,22.3,1.5399999999999991,1.5826771653543308,2.9094017094017097,-1.326724544047379,23.84,22.3,1.5399999999999991,2.5433070866141727,3.916239316239316,-1.3729322296251434,23.84,22.3,1.5399999999999991,2.5059055118110236,3.8632478632478637,-1.3573423514368401,23.84,22.3,1.5399999999999991,3.173228346456692,5.2991452991453,-2.1259169526886077,23.84,22.3,1.5399999999999991,1.8228346456692917,4.5606837606837605,-2.737849115014469,23.84,22.299999999999997,1.5400000000000027,3.177165354330709,3.8649572649572645,-0.6877919106265558,23.84,22.3,1.5399999999999991,3.25984251968504,3.916239316239317,-0.6563967965542772,23.84,22.3,1.5399999999999991,4.316929133858268,4.43931623931624,-0.12238710545797282,23.84,22.3,1.5399999999999991,4.173228346456693,4.311111111111111,-0.1378827646544183,23.84,22.3,1.5399999999999991,8.586614173228346,9.035897435897436,-0.44928326266908947,23.84,22.3,1.5399999999999991,10.553149606299213,9.35897435897436,1.1941752473248535,23.84,22.3,1.5399999999999991,4.789370078740157,5.475213675213675,-0.6858435964735179,23.84,22.299999999999997,1.5400000000000027,5.685039370078739,6.316239316239317,-0.631199946160578,23.84,22.3,1.5399999999999991,7.220472440944883,8.68888888888889,-1.4684164479440067,23.84,22.300000000000004,1.5399999999999956,8.133858267716537,9.64957264957265,-1.5157143818561138,23.84,22.3,1.5399999999999991,7.956692913385827,8.112820512820512,-0.15612759943468557,23.84,22.3,1.5399999999999991,7.877952755905511,8.147008547008548,-0.2690557911030371,23.84,22.3,1.5399999999999991,5.47244094488189,6.1641025641025635,-0.6916616192206737,23.84,22.3,1.5399999999999991,5.127952755905512,5.466666666666667,-0.33871391076115476,23.84,22.3,1.5399999999999991
21,"Big desk fan (daison, short)",Low,125.0,90.0,22,TskControl34,2025-02-28 17:18:59,2025-02-28_ID0_NoPCS_Ta22_TskControl34_WinterClothing.csv,"2025-02-28_ID21_Big desk fan (daison, short)_Low_Angle125_Distance90_Ta22_TskControl34_WinterClothing.csv",-15.200000000000003,-19.059999999999995,-6.440000000000001,-14.239999999999995,-15.040000000000003,-17.65999999999999,-17.12,-26.96,-34.28,-10.919999999999995,-10.860000000000007,-6.120000000000012,-5.559999999999995,-17.379999999999995,0.8399999999999892,-12.520000000000003,-12.820000000000007,-24.560000000000002,-25.260000000000005,-10.519999999999982,-11.600000000000009,-12.699999999999996,-9.579999999999991,23.3,23.2,52.01,0.04,23.24,23.27,34.0,34.0,34.0,34.0,34.0,34.0,34.0,34.0,34.0,34.0,34.0,34.0,34.0,34.0,34.0,34.0,34.0,34.0,34.0,34.0,34.0,34.0,34.0,51.14,52.660000000000004,19.220000000000002,18.1,18.999999999999996,28.160000000000004,28.080000000000002,35.04,19.080000000000002,34.3,34.96,45.82,44.88,88.33999999999999,110.33999999999999,51.54,61.08,77.1,87.64,84.4,83.72,59.419999999999995,54.38000000000001,22.2,22.4,53.45,0.09,22.3,22.47,34.0,34.0,34.0,34.0,34.0,34.0,34.0,34.0,34.0,34.0,34.0,34.0,34.0,34.0,34.0,34.0,34.0,34.0,34.0,34.0,34.0,34.0,34.0,66.34,71.72,25.660000000000004,32.339999999999996,34.04,45.81999999999999,45.2,62.0,53.36,45.21999999999999,45.82000000000001,51.94000000000001,50.44,105.71999999999998,109.5,64.06,73.9,101.66,112.9,94.91999999999999,95.32000000000001,72.11999999999999,63.96,4.894052044609665,6.12991452991453,-1.2358624853048656,23.24,22.3,0.9399999999999977,1.7862453531598512,2.193162393162394,-0.4069170400025426,23.24,22.300000000000004,0.9399999999999942,1.682156133828996,2.764102564102564,-1.081946430273568,23.24,22.3,0.9399999999999977,1.7657992565055756,2.9094017094017097,-1.1436024528961342,23.24,22.3,0.9399999999999977,2.617100371747212,3.916239316239316,-1.2991389444921042,23.24,22.3,0.9399999999999977,2.6096654275092934,3.8632478632478637,-1.2535824357385703,23.24,22.3,0.9399999999999977,3.256505576208178,5.2991452991453,-2.042639722937122,23.24,22.3,0.9399999999999977,1.7732342007434942,4.5606837606837605,-2.787449559940266,23.24,22.299999999999997,0.9400000000000013,3.1877323420074344,3.8649572649572645,-0.6772249229498302,23.24,22.3,0.9399999999999977,3.24907063197026,3.916239316239317,-0.6671686842690572,23.24,22.3,0.9399999999999977,4.258364312267657,4.43931623931624,-0.1809519270485831,23.24,22.3,0.9399999999999977,4.171003717472119,4.311111111111111,-0.14010739363899205,23.24,22.3,0.9399999999999977,8.210037174721187,9.035897435897436,-0.8258602611762491,23.239999999999995,22.3,0.9399999999999942,10.254646840148697,9.35897435897436,0.8956724811743371,23.24,22.3,0.9399999999999977,4.78996282527881,5.475213675213675,-0.6852508499348655,23.24,22.299999999999997,0.9400000000000013,5.6765799256505565,6.316239316239317,-0.6396593905887604,23.24,22.3,0.9399999999999977,7.1654275092936786,8.68888888888889,-1.5234613795952114,23.24,22.300000000000004,0.9399999999999942,8.144981412639405,9.64957264957265,-1.504591236933246,23.240000000000002,22.3,0.9400000000000013,7.843866171003717,8.112820512820512,-0.26895434181679523,23.24,22.3,0.9399999999999977,7.780669144981411,8.147008547008548,-0.3663394020271369,23.24,22.3,0.9399999999999977,5.522304832713753,6.1641025641025635,-0.6417977313888104,23.24,22.3,0.9399999999999977,5.053903345724907,5.466666666666667,-0.4127633209417594,23.24,22.3,0.9399999999999977
