PCS_ID,Category,Physical_Effect,Type,Size,Brand,Model_Name,Model_Number,Product_Reference,Availability,Image,Publication,PCS_Level,Price_USD,Year,Target_Body,Angle_Horizontal,Distance_Horizontal,Distance_Vertical,Plug_Power,Research_Center,Country,Context,Posture,Manikin_Company,Manikin_Type,Manikin_Gender,Manikin_Body_Segments,Control_Method,Baseline_Ta,Baseline_MRT,Baseline_RH,Baseline_V,Baseline_Tsk_All,Baseline_Tsk_Head,Baseline_Tsk_Chest,Baseline_Tsk_Back,Baseline_Tsk_Pelvis,Baseline_Tsk_Left_Upper_Arm,Baseline_Tsk_Right_Upper_Arm,Baseline_Tsk_Left_Forearm,Baseline_Tsk_Right_Forearm,Baseline_Tsk_Left_Hand,Baseline_Tsk_Right_Hand,Baseline_Tsk_Left_Thigh,Baseline_Tsk_Right_Thigh,Baseline_Tsk_Left_Lower_Leg,Baseline_Tsk_Right_Lower_Leg,Baseline_Tsk_Left_Foot,Baseline_Tsk_Right_Foot,Baseline_P_All,Baseline_P_Head,Baseline_P_Chest,Baseline_P_Back,Baseline_P_Pelvis,Baseline_P_Left_Upper_Arm,Baseline_P_Right_Upper_Arm,Baseline_P_Left_Forearm,Baseline_P_Right_Forearm,Baseline_P_Left_Hand,Baseline_P_Right_Hand,Baseline_P_Left_Thigh,Baseline_P_Right_Thigh,Baseline_P_Left_Lower_Leg,Baseline_P_Right_Lower_Leg,Baseline_P_Left_Foot,Baseline_P_Right_Foot,PCS_Ta,PCS_MRT,PCS_RH,PCS_V,PCS_Tsk_All,PCS_Tsk_Head,PCS_Tsk_Chest,PCS_Tsk_Back,PCS_Tsk_Pelvis,PCS_Tsk_Left_Upper_Arm,PCS_Tsk_Right_Upper_Arm,PCS_Tsk_Left_Forearm,PCS_Tsk_Right_Forearm,PCS_Tsk_Left_Hand,PCS_Tsk_Right_Hand,PCS_Tsk_Left_Thigh,PCS_Tsk_Right_Thigh,PCS_Tsk_Left_Lower_Leg,PCS_Tsk_Right_Lower_Leg,PCS_Tsk_Left_Foot,PCS_Tsk_Right_Foot,PCS_P_All,PCS_P_Head,PCS_P_Chest,PCS_P_Back,PCS_P_Pelvis,PCS_P_Left_Upper_Arm,PCS_P_Right_Upper_Arm,PCS_P_Left_Forearm,PCS_P_Right_Forearm,PCS_P_Left_Hand,PCS_P_Right_Hand,PCS_P_Left_Thigh,PCS_P_Right_Thigh,PCS_P_Left_Lower_Leg,PCS_P_Right_Lower_Leg,PCS_P_Left_Foot,PCS_P_Right_Foot,Delta_Teq_All,Delta_Teq_Head,Delta_Teq_Chest,Delta_Teq_Back,Delta_Teq_Pelvis,Delta_Teq_Left_Upper_Arm,Delta_Teq_Right_Upper_Arm,Delta_Teq_Left_Forearm,Delta_Teq_Right_Forearm,Delta_Teq_Left_Hand,Delta_Teq_Right_Hand,Delta_Teq_Left_Thigh,Delta_Teq_Right_Thigh,Delta_Teq_Left_Lower_Leg,Delta_Teq_Right_Lower_Leg,Delta_Teq_Left_Foot,Delta_Teq_Right_Foot,Delta_P_All,Delta_P_Head,Delta_P_Chest,Delta_P_Back,Delta_P_Pelvis,Delta_P_Left_Upper_Arm,Delta_P_Right_Upper_Arm,Delta_P_Left_Forearm,Delta_P_Right_Forearm,Delta_P_Left_Hand,Delta_P_Right_Hand,Delta_P_Left_Thigh,Delta_P_Right_Thigh,Delta_P_Left_Lower_Leg,Delta_P_Right_Lower_Leg,Delta_P_Left_Foot,Delta_P_Right_Foot,Clo_All,Clo_Head,Clo_Chest,Clo_Back,Clo_Pelvis,Clo_Left_Upper_Arm,Clo_Right_Upper_Arm,Clo_Left_Forearm,Clo_Right_Forearm,Clo_Left_Hand,Clo_Right_Hand,Clo_Left_Thigh,Clo_Right_Thigh,Clo_Left_Lower_Leg,Clo_Right_Lower_Leg,Clo_Left_Foot,Clo_Right_Foot
1,Cooling,Convective,Desk fan,"12.8D, 12.6W, 5H",Simpeak,S20,S20,https://a.co/d/54m7ADL,Market-ready,ID1_desk_fan_angled.png,,Mid,13.0,2024.0,Face,135.0,60.0,,3.0,The University of Sydney,Australia,Office,Sitting,PT Manikins,Thermal,Female,22.0,TskControl34,24.8,25.4,62.29,0.26,34.0,34.0,34.0,34.0,34.0,34.0,34.0,34.0,34.0,34.0,34.0,34.0,34.0,34.0,34.0,34.0,34.0,53.42,28.867,29.24,46.5736,34.32000000000001,44.7,54.52,58.36,74.28,97.82,86.98,62.74,66.03999999999999,66.82000000000001,65.92,48.78,45.3,25.0,25.3,62.34,0.04,34.0,34.0,34.0,34.0,34.0,34.0,34.0,34.0,34.0,34.0,34.0,34.0,34.0,34.0,34.0,34.0,34.0,53.616666666666674,34.370000000000005,28.575000000000003,46.54333333333334,32.36666666666667,44.6,54.083333333333336,64.63333333333333,76.5,109.0,88.96666666666668,61.875,65.66666666666667,62.58333333333332,62.76666666666666,44.85,44.46666666666667,,0.1499999999999985,0.1499999999999985,0.1499999999999985,0.1499999999999985,0.1499999999999985,0.1499999999999985,0.1499999999999985,0.1499999999999985,0.1499999999999985,0.1499999999999985,0.1499999999999985,0.1499999999999985,0.1499999999999985,0.1499999999999985,0.1499999999999985,0.1499999999999985,0.1966666666666796,5.503000000000002,-0.6649999999999956,-0.0302666666666638,-1.95333333333334,-0.1000000000000014,-0.4366666666666674,6.273333333333326,2.219999999999999,11.179999999999993,1.9866666666666788,-0.8649999999999913,-0.3733333333333242,-4.236666666666686,-3.153333333333343,-3.9299999999999926,-0.8333333333333286,0.4,0.54,1.44,0.68,0.99,0.71,0.59,0.34,0.16,0.03,0.01,0.15,0.16,0.2,0.24,0.72,0.71
1,Cooling,Convective,Desk fan,"12.8D, 12.6W, 5H",Simpeak,S20,S20,https://a.co/d/54m7ADL,Market-ready,ID1_desk_fan_angled.png,,High,13.0,2024.0,Face,135.0,60.0,,3.0,The University of Sydney,Australia,Office,Sitting,PT Manikins,Thermal,Female,22.0,TskControl34,24.8,25.4,62.29,0.26,34.0,34.0,34.0,34.0,34.0,34.0,34.0,34.0,34.0,34.0,34.0,34.0,34.0,34.0,34.0,34.0,34.0,53.42,28.867,29.24,46.5736,34.32000000000001,44.7,54.52,58.36,74.28,97.82,86.98,62.74,66.03999999999999,66.82000000000001,65.92,48.78,45.3,25.2,25.2,62.78,0.18,34.0,34.0,34.0,34.0,34.0,34.0,34.0,34.0,34.0,34.0,34.0,34.0,34.0,34.0,34.0,34.0,34.0,54.46666666666666,44.243333333333325,30.125,46.00666666666668,31.183333333333334,46.15,52.03333333333333,66.13333333333334,75.03333333333333,109.15,88.53333333333332,62.78333333333334,64.15833333333333,62.31666666666666,63.96666666666667,44.91666666666666,44.81666666666666,,0.1699999999999981,0.1699999999999981,0.1699999999999981,0.1699999999999981,0.1699999999999981,0.1699999999999981,0.1699999999999981,0.1699999999999981,0.1699999999999981,0.1699999999999981,0.1699999999999981,0.1699999999999981,0.1699999999999981,0.1699999999999981,0.1699999999999981,0.1699999999999981,1.0466666666666669,15.376333333333331,0.8850000000000016,-0.5669333333333281,-3.136666666666674,1.4499999999999955,-2.486666666666672,7.7733333333333405,0.7533333333333303,11.329999999999984,1.5533333333333132,0.0433333333333436,-1.881666666666664,-4.5033333333333445,-1.9533333333333327,-3.8633333333333297,-0.4833333333333343,0.4,0.54,1.44,0.68,0.99,0.71,0.59,0.34,0.16,0.03,0.01,0.15,0.16,0.2,0.24,0.72,0.71
1,Cooling,Convective,Desk fan,"12.8D, 12.6W, 5H",Simpeak,S20,S20,https://a.co/d/54m7ADL,Market-ready,ID1_desk_fan_angled.png,,Low,13.0,2024.0,Face,135.0,60.0,,3.0,The University of Sydney,Australia,Office,Sitting,PT Manikins,Thermal,Female,22.0,TskControl34,24.8,25.4,62.29,0.26,34.0,34.0,34.0,34.0,34.0,34.0,34.0,34.0,34.0,34.0,34.0,34.0,34.0,34.0,34.0,34.0,34.0,53.42,28.867,29.24,46.5736,34.32000000000001,44.7,54.52,58.36,74.28,97.82,86.98,62.74,66.03999999999999,66.82000000000001,65.92,48.78,45.3,25.0,25.1,60.78,0.03,34.0,34.0,34.0,34.0,34.0,34.0,34.0,34.0,34.0,34.0,34.0,34.0,34.0,34.0,34.0,34.0,34.0,53.86,33.065,29.17,47.064,34.14,43.940000000000005,54.04,63.620000000000005,73.67999999999999,105.93999999999998,90.4,62.25,66.75,62.66,64.46000000000001,46.12,45.42,,0.0299999999999975,0.0299999999999975,0.0299999999999975,0.0299999999999975,0.0299999999999975,0.0299999999999975,0.0299999999999975,0.0299999999999975,0.0299999999999975,0.0299999999999975,0.0299999999999975,0.0299999999999975,0.0299999999999975,0.0299999999999975,0.0299999999999975,0.0299999999999975,0.4400000000000048,4.197999999999997,-0.0700000000000002,0.490400000000001,-0.1800000000000068,-0.759999999999998,-0.480000000000004,5.260000000000005,-0.6000000000000085,8.119999999999976,3.4200000000000017,-0.4899999999999949,0.7099999999999973,-4.160000000000004,-1.4599999999999935,-2.6599999999999966,0.1200000000000045,0.4,0.54,1.44,0.68,0.99,0.71,0.59,0.34,0.16,0.03,0.01,0.15,0.16,0.2,0.24,0.72,0.71
1,Cooling,Convective,Desk fan,"12.8D, 12.6W, 5H",Simpeak,S20,S20,https://a.co/d/54m7ADL,Market-ready,ID1_desk_fan_angled.png,,Mid,13.0,2024.0,Face,135.0,60.0,,3.0,The University of Sydney,Australia,Office,Sitting,PT Manikins,Thermal,Female,22.0,TskControl34,22.1,22.3,9.94,0.1,34.0,34.0,34.0,34.0,34.0,34.0,34.0,34.0,34.0,34.0,34.0,34.0,34.0,34.0,34.0,34.0,34.0,73.42,38.81,41.48,59.89840000000001,46.24,64.85999999999999,71.8,84.52000000000001,96.12,125.18,113.52,90.2,94.58,90.86,95.06,64.08,64.25999999999999,22.3,22.3,12.88,0.08,34.0,34.0,34.0,34.0,34.0,34.0,34.0,34.0,34.0,34.0,34.0,34.0,34.0,34.0,34.0,34.0,34.0,74.16,51.735,40.57000000000001,59.568,45.24,64.88,70.0,87.82000000000001,98.08,134.24,120.88,88.33,91.35,90.08,93.84,63.24,64.34,,0.1000000000000001,0.1000000000000014,0.1000000000000004,0.1000000000000014,0.1000000000000014,0.1000000000000014,0.1000000000000014,0.1000000000000014,0.1000000000000014,0.1000000000000014,0.1000000000000014,0.1000000000000014,0.1000000000000014,0.0999999999999943,0.0999999999999978,0.1000000000000014,0.7399999999999949,12.925,-0.909999999999993,-0.3304000000000019,-0.9999999999999928,0.0200000000000102,-1.7999999999999972,3.299999999999997,1.9599999999999935,9.060000000000016,7.359999999999985,-1.8699999999999972,-3.230000000000004,-0.7799999999999727,-1.2199999999999849,-0.8400000000000034,0.0800000000000125,0.4,0.54,1.44,0.68,0.99,0.71,0.59,0.34,0.16,0.03,0.01,0.15,0.16,0.2,0.24,0.72,0.71
1,Cooling,Convective,Desk fan,"12.8D, 12.6W, 5H",Simpeak,S20,S20,https://a.co/d/54m7ADL,Market-ready,ID1_desk_fan_angled.png,,High,13.0,2024.0,Face,135.0,60.0,,3.0,The University of Sydney,Australia,Office,Sitting,PT Manikins,Thermal,Female,22.0,TskControl34,22.1,22.3,9.94,0.1,34.0,34.0,34.0,34.0,34.0,34.0,34.0,34.0,34.0,34.0,34.0,34.0,34.0,34.0,34.0,34.0,34.0,73.42,38.81,41.48,59.89840000000001,46.24,64.85999999999999,71.8,84.52000000000001,96.12,125.18,113.52,90.2,94.58,90.86,95.06,64.08,64.25999999999999,22.2,22.3,25.63,0.06,34.0,34.0,34.0,34.0,34.0,34.0,34.0,34.0,34.0,34.0,34.0,34.0,34.0,34.0,34.0,34.0,34.0,74.22,56.075,40.88,59.55200000000001,45.2,64.78,68.12,89.19999999999999,99.92,141.2,124.4,87.65,88.87,87.50000000000001,92.6,62.8,63.35999999999999,,0.0600000000000045,0.0600000000000022,0.0600000000000012,0.0600000000000022,0.0599999999999987,0.0600000000000022,0.0600000000000022,0.0600000000000058,0.0600000000000022,0.0600000000000022,0.0600000000000022,0.0600000000000005,0.0600000000000022,0.0599999999999987,0.0600000000000022,0.0600000000000022,0.7999999999999972,17.265,-0.6000000000000014,-0.3463999999999976,-1.039999999999992,-0.079999999999984,-3.6799999999999926,4.679999999999978,3.799999999999983,16.019999999999996,10.879999999999995,-2.549999999999997,-5.710000000000001,-3.359999999999971,-2.4599999999999937,-1.2800000000000011,-0.8999999999999986,0.4,0.54,1.44,0.68,0.99,0.71,0.59,0.34,0.16,0.03,0.01,0.15,0.16,0.2,0.24,0.72,0.71
1,Cooling,Convective,Desk fan,"12.8D, 12.6W, 5H",Simpeak,S20,S20,https://a.co/d/54m7ADL,Market-ready,ID1_desk_fan_angled.png,,Low,13.0,2024.0,Face,135.0,60.0,,3.0,The University of Sydney,Australia,Office,Sitting,PT Manikins,Thermal,Female,22.0,TskControl34,22.1,22.3,9.94,0.1,34.0,34.0,34.0,34.0,34.0,34.0,34.0,34.0,34.0,34.0,34.0,34.0,34.0,34.0,34.0,34.0,34.0,73.42,38.81,41.48,59.89840000000001,46.24,64.85999999999999,71.8,84.52000000000001,96.12,125.18,113.52,90.2,94.58,90.86,95.06,64.08,64.25999999999999,22.1,22.2,22.97,0.0,34.0,34.0,34.0,34.0,34.0,34.0,34.0,34.0,34.0,34.0,34.0,34.0,34.0,34.0,34.0,34.0,34.0,74.88,49.511,41.45,60.5592,47.2,64.88,71.16,87.28,97.54,137.18,115.96,90.43,94.06,90.20000000000002,94.68,63.74000000000001,64.03999999999999,,1.2434497875801752e-15,0.0,-9.947598300641404e-16,0.0,0.0,0.0,0.0,3.552713678800501e-15,0.0,0.0,1.7763568394002505e-15,-1.7763568394002505e-15,0.0,-7.105427357601002e-15,0.0,0.0,1.4599999999999935,10.701000000000002,-0.0300000000000011,0.6608000000000024,0.960000000000008,0.0200000000000102,-0.6400000000000006,2.759999999999991,1.4200000000000017,12.000000000000014,2.4399999999999977,0.230000000000011,-0.5200000000000031,-0.6599999999999682,-0.3799999999999812,-0.3399999999999892,-0.2199999999999988,0.4,0.54,1.44,0.68,0.99,0.71,0.59,0.34,0.16,0.03,0.01,0.15,0.16,0.2,0.24,0.72,0.71
1,Cooling,Convective,Desk fan,"12.8D, 12.6W, 5H",Simpeak,S20,S20,https://a.co/d/54m7ADL,Market-ready,ID1_desk_fan_angled.png,,Low,13.0,2024.0,Face,135.0,60.0,,3.0,The University of Sydney,Australia,Office,Sitting,PT Manikins,Thermal,Female,22.0,TskControl34,28.6,28.5,31.5,0.0,34.0,34.0,34.0,34.0,34.0,34.0,34.0,34.0,34.0,34.0,34.0,34.0,34.0,34.0,34.0,34.0,34.0,33.94,19.479,16.45,31.0616,20.32,30.34,31.12,39.48,41.34,47.44,46.12,41.42,43.17,44.52,43.46,33.480000000000004,30.18,28.6,28.5,31.5,0.0,34.0,34.0,34.0,34.0,34.0,34.0,34.0,34.0,34.0,34.0,34.0,34.0,34.0,34.0,34.0,34.0,34.0,36.18,29.264999999999997,20.3,31.092800000000004,20.06,33.17999999999999,32.54,51.52,42.3,52.2,46.46,42.46,43.39,45.58,44.46,33.279999999999994,30.18,,0.0,0.0,0.0,0.0,0.0,0.0,0.0,0.0,0.0,0.0,0.0,0.0,0.0,0.0,0.0,0.0,2.240000000000002,9.785999999999996,3.8500000000000014,0.0312000000000021,-0.2600000000000015,2.8399999999999963,1.4200000000000017,12.04,0.9599999999999936,4.760000000000005,0.3399999999999963,1.0400000000000027,0.2200000000000024,1.0600000000000025,1.0,-0.2000000000000099,0.0,0.4,0.54,1.44,0.68,0.99,0.71,0.59,0.34,0.16,0.03,0.01,0.15,0.16,0.2,0.24,0.72,0.71
1,Cooling,Convective,Desk fan,"12.8D, 12.6W, 5H",Simpeak,S20,S20,https://a.co/d/54m7ADL,Market-ready,ID1_desk_fan_angled.png,,High,13.0,2024.0,Face,135.0,60.0,,3.0,The University of Sydney,Australia,Office,Sitting,PT Manikins,Thermal,Female,22.0,TskControl34,28.6,28.5,31.5,0.0,34.0,34.0,34.0,34.0,34.0,34.0,34.0,34.0,34.0,34.0,34.0,34.0,34.0,34.0,34.0,34.0,34.0,33.94,19.479,16.45,31.0616,20.32,30.34,31.12,39.48,41.34,47.44,46.12,41.42,43.17,44.52,43.46,33.480000000000004,30.18,28.6,28.5,31.5,0.0,34.0,34.0,34.0,34.0,34.0,34.0,34.0,34.0,34.0,34.0,34.0,34.0,34.0,34.0,34.0,34.0,34.0,37.64,34.178999999999995,22.090000000000003,31.8856,19.28,35.36,33.84,62.24000000000001,41.58,62.8,46.94,42.23,43.29,46.0,44.86,33.2,30.379999999999995,,0.0,0.0,0.0,0.0,0.0,0.0,0.0,0.0,0.0,0.0,0.0,0.0,0.0,0.0,0.0,0.0,3.700000000000003,14.699999999999998,5.640000000000002,0.8240000000000001,-1.0399999999999991,5.020000000000003,2.719999999999999,22.76000000000001,0.2399999999999948,15.36,0.8200000000000003,0.8100000000000058,0.120000000000001,1.480000000000004,1.4000000000000057,-0.2800000000000011,0.1999999999999957,0.4,0.54,1.44,0.68,0.99,0.71,0.59,0.34,0.16,0.03,0.01,0.15,0.16,0.2,0.24,0.72,0.71
1,Cooling,Convective,Desk fan,"12.8D, 12.6W, 5H",Simpeak,S20,S20,https://a.co/d/54m7ADL,Market-ready,ID1_desk_fan_angled.png,,Mid,13.0,2024.0,Face,135.0,60.0,,3.0,The University of Sydney,Australia,Office,Sitting,PT Manikins,Thermal,Female,22.0,TskControl34,28.6,28.5,31.5,0.0,34.0,34.0,34.0,34.0,34.0,34.0,34.0,34.0,34.0,34.0,34.0,34.0,34.0,34.0,34.0,34.0,34.0,33.94,19.479,16.45,31.0616,20.32,30.34,31.12,39.48,41.34,47.44,46.12,41.42,43.17,44.52,43.46,33.480000000000004,30.18,28.6,28.5,31.5,0.0,34.0,34.0,34.0,34.0,34.0,34.0,34.0,34.0,34.0,34.0,34.0,34.0,34.0,34.0,34.0,34.0,34.0,37.3,32.01899999999999,21.36,31.882400000000004,19.9,34.5,33.040000000000006,58.16,42.620000000000005,59.67999999999999,46.7,42.54,43.85,46.220000000000006,45.86,33.54,29.96,,0.0,0.0,0.0,0.0,0.0,0.0,0.0,0.0,0.0,0.0,0.0,0.0,0.0,0.0,0.0,0.0,3.3599999999999994,12.539999999999996,4.91,0.8208000000000016,-0.4200000000000017,4.160000000000004,1.9200000000000088,18.680000000000007,1.2800000000000011,12.239999999999997,0.5800000000000054,1.120000000000001,0.6800000000000033,1.70000000000001,2.4000000000000057,0.0599999999999951,-0.2199999999999988,0.4,0.54,1.44,0.68,0.99,0.71,0.59,0.34,0.16,0.03,0.01,0.15,0.16,0.2,0.24,0.72,0.71
2,Cooling,Convective,Desk fan,20D,,Lileng,,,Market-ready,ID2_desk_fan_angled.png,,Mid (On-Off),,2024.0,Face,135.0,60.0,,5.0,The University of Sydney,Australia,Office,Sitting,PT Manikins,Thermal,Female,22.0,TskControl34,28.6,28.5,31.5,0.0,34.0,34.0,34.0,34.0,34.0,34.0,34.0,34.0,34.0,34.0,34.0,34.0,34.0,34.0,34.0,34.0,34.0,33.94,19.479,16.45,31.0616,20.32,30.34,31.12,39.48,41.34,47.44,46.12,41.42,43.17,44.52,43.46,33.480000000000004,30.18,28.6,28.5,31.5,0.0,34.0,34.0,34.0,34.0,34.0,34.0,34.0,34.0,34.0,34.0,34.0,34.0,34.0,34.0,34.0,34.0,34.0,37.7,25.67,23.89,31.225600000000007,21.6,35.82000000000001,38.06,57.11999999999999,50.220000000000006,68.6,48.28,42.97,43.400000000000006,46.16,45.52,33.52,30.68,,0.0,0.0,0.0,0.0,0.0,0.0,0.0,0.0,0.0,0.0,0.0,0.0,0.0,0.0,0.0,0.0,3.760000000000005,6.190999999999997,7.440000000000001,0.1640000000000031,1.2800000000000011,5.480000000000011,6.940000000000005,17.639999999999993,8.880000000000003,21.16,2.1599999999999966,1.5500000000000007,0.2300000000000039,1.6400000000000006,2.0600000000000094,0.039999999999992,0.4999999999999964,0.4,0.54,1.44,0.68,0.99,0.71,0.59,0.34,0.16,0.03,0.01,0.15,0.16,0.2,0.24,0.72,0.71
2,Cooling,Convective,Desk fan,20D,,Lileng,,,Market-ready,ID2_desk_fan_angled.png,,Mid (On-Off),,2024.0,Face,135.0,60.0,,5.0,The University of Sydney,Australia,Office,Sitting,PT Manikins,Thermal,Female,22.0,TskControl34,22.1,22.3,9.94,0.1,34.0,34.0,34.0,34.0,34.0,34.0,34.0,34.0,34.0,34.0,34.0,34.0,34.0,34.0,34.0,34.0,34.0,73.42,38.81,41.48,59.89840000000001,46.24,64.85999999999999,71.8,84.52000000000001,96.12,125.18,113.52,90.2,94.58,90.86,95.06,64.08,64.25999999999999,22.2,22.4,32.6,0.13,34.0,34.0,34.0,34.0,34.0,34.0,34.0,34.0,34.0,34.0,34.0,34.0,34.0,34.0,34.0,34.0,34.0,72.94,45.945,41.49,57.18560000000001,43.98,65.0,69.12,90.58,101.5,138.16000000000005,124.81999999999998,85.59,88.44,87.61999999999999,95.11999999999998,63.48,64.35999999999999,,0.0899999999999998,0.0899999999999998,0.0899999999999988,0.0899999999999998,0.0899999999999998,0.0899999999999998,0.0899999999999998,0.0899999999999998,0.0899999999999998,0.0899999999999998,0.0899999999999998,0.0899999999999998,0.0899999999999998,0.0899999999999963,0.0899999999999998,0.0899999999999998,-0.480000000000004,7.134999999999999,0.0100000000000015,-2.712800000000001,-2.259999999999998,0.1400000000000147,-2.6799999999999926,6.060000000000002,5.379999999999996,12.980000000000032,11.299999999999969,-4.609999999999999,-6.140000000000015,-3.239999999999995,0.059999999999988,-0.6000000000000014,0.0999999999999943,0.4,0.54,1.44,0.68,0.99,0.71,0.59,0.34,0.16,0.03,0.01,0.15,0.16,0.2,0.24,0.72,0.71
2,Cooling,Convective,Desk fan,20D,,Lileng,,,Market-ready,ID2_desk_fan_angled.png,,Mid (On-Off),,2024.0,Face,135.0,60.0,,5.0,The University of Sydney,Australia,Office,Sitting,PT Manikins,Thermal,Female,22.0,TskControl34,24.8,25.4,62.29,0.26,34.0,34.0,34.0,34.0,34.0,34.0,34.0,34.0,34.0,34.0,34.0,34.0,34.0,34.0,34.0,34.0,34.0,53.42,28.867,29.24,46.5736,34.32000000000001,44.7,54.52,58.36,74.28,97.82,86.98,62.74,66.03999999999999,66.82000000000001,65.92,48.78,45.3,25.1,25.4,64.76,0.08,34.0,34.0,34.0,34.0,34.0,34.0,34.0,34.0,34.0,34.0,34.0,34.0,34.0,34.0,34.0,34.0,34.0,54.32000000000001,31.561,31.33,46.284000000000006,31.42,45.1,55.8,67.9,82.32,116.28,100.4,62.59,65.46,61.66,62.98,43.2,44.00000000000001,,0.2300000000000004,0.2300000000000004,0.2300000000000004,0.2300000000000004,0.2300000000000004,0.2300000000000004,0.2300000000000004,0.2300000000000004,0.2300000000000004,0.2300000000000004,0.2300000000000004,0.2300000000000004,0.2300000000000004,0.2300000000000004,0.2300000000000004,0.2300000000000004,0.9000000000000128,2.694,2.0900000000000034,-0.2895999999999932,-2.900000000000009,0.3999999999999915,1.279999999999994,9.540000000000006,8.039999999999992,18.459999999999997,13.420000000000002,-0.149999999999995,-0.5800000000000054,-5.160000000000004,-2.940000000000005,-5.579999999999998,-1.29999999999999,0.4,0.54,1.44,0.68,0.99,0.71,0.59,0.34,0.16,0.03,0.01,0.15,0.16,0.2,0.24,0.72,0.71
3,Cooling,"Convective, Evaporative",Evaporative cooler,"17, 17, 17",Evapolar,evaCHILL,EV-500L,https://www.evapolar.com/products/evachill,Market-ready,ID3_evaporative_cooler_angled.png,,Level3,119.0,2024.0,Face,135.0,60.0,,7.5,The University of Sydney,Australia,Office,Sitting,PT Manikins,Thermal,Female,22.0,TskControl34,22.1,22.3,9.94,0.1,34.0,34.0,34.0,34.0,34.0,34.0,34.0,34.0,34.0,34.0,34.0,34.0,34.0,34.0,34.0,34.0,34.0,73.42,38.81,41.48,59.89840000000001,46.24,64.85999999999999,71.8,84.52000000000001,96.12,125.18,113.52,90.2,94.58,90.86,95.06,64.08,64.25999999999999,22.2,22.2,34.7,0.07,34.0,34.0,34.0,34.0,34.0,34.0,34.0,34.0,34.0,34.0,34.0,34.0,34.0,34.0,34.0,34.0,34.0,72.78,58.39999999999999,40.88,57.1568,43.84,63.74,67.55999999999999,84.84,98.64,125.94,121.10000000000002,85.14999999999999,86.25999999999999,87.22,93.88,63.220000000000006,63.84000000000001,,0.0,0.0,-9.947598300641404e-16,0.0,0.0,0.0,0.0,0.0,0.0,0.0,0.0,0.0,0.0,-3.552713678800501e-15,0.0,0.0,-0.6400000000000006,19.58999999999999,-0.5999999999999979,-2.741600000000004,-2.3999999999999986,-1.1199999999999903,-4.240000000000009,0.3199999999999932,2.519999999999996,0.7600000000000193,7.5800000000000125,-5.050000000000004,-8.320000000000007,-3.6399999999999855,-1.1799999999999926,-0.8599999999999923,-0.4199999999999804,0.4,0.54,1.44,0.68,0.99,0.71,0.59,0.34,0.16,0.03,0.01,0.15,0.16,0.2,0.24,0.72,0.71
3,Cooling,"Convective, Evaporative",Evaporative cooler,"17, 17, 17",Evapolar,evaCHILL,EV-500L,https://www.evapolar.com/products/evachill,Market-ready,ID3_evaporative_cooler_angled.png,,Level2,119.0,2024.0,Face,135.0,60.0,,7.5,The University of Sydney,Australia,Office,Sitting,PT Manikins,Thermal,Female,22.0,TskControl34,22.1,22.3,9.94,0.1,34.0,34.0,34.0,34.0,34.0,34.0,34.0,34.0,34.0,34.0,34.0,34.0,34.0,34.0,34.0,34.0,34.0,73.42,38.81,41.48,59.89840000000001,46.24,64.85999999999999,71.8,84.52000000000001,96.12,125.18,113.52,90.2,94.58,90.86,95.06,64.08,64.25999999999999,22.2,22.4,10.7,0.1,34.0,34.0,34.0,34.0,34.0,34.0,34.0,34.0,34.0,34.0,34.0,34.0,34.0,34.0,34.0,34.0,34.0,72.14000000000001,51.81,40.78,57.4344,44.6,63.96,68.16000000000001,85.0,96.42,125.06,115.72,82.93,88.16999999999999,88.04,93.62,65.91999999999999,63.720000000000006,,0.1000000000000001,0.1000000000000014,0.1000000000000014,0.1000000000000014,0.1000000000000014,0.1000000000000014,0.1000000000000014,0.1000000000000014,0.1000000000000014,0.1000000000000014,0.1000000000000014,0.1000000000000014,0.1000000000000014,0.0999999999999943,0.1000000000000014,0.1000000000000014,-1.279999999999987,13.000000000000004,-0.6999999999999922,-2.4639999999999973,-1.6399999999999937,-0.8999999999999844,-3.6399999999999855,0.4799999999999897,0.2999999999999971,-0.1200000000000045,2.1999999999999886,-7.269999999999996,-6.410000000000011,-2.819999999999979,-1.4399999999999835,1.8399999999999888,-0.5399999999999849,0.4,0.54,1.44,0.68,0.99,0.71,0.59,0.34,0.16,0.03,0.01,0.15,0.16,0.2,0.24,0.72,0.71
3,Cooling,"Convective, Evaporative",Evaporative cooler,"17, 17, 17",Evapolar,evaCHILL,EV-500L,https://www.evapolar.com/products/evachill,Market-ready,ID3_evaporative_cooler_angled.png,,Level1,119.0,2024.0,Face,135.0,60.0,,7.5,The University of Sydney,Australia,Office,Sitting,PT Manikins,Thermal,Female,22.0,TskControl34,22.1,22.3,9.94,0.1,34.0,34.0,34.0,34.0,34.0,34.0,34.0,34.0,34.0,34.0,34.0,34.0,34.0,34.0,34.0,34.0,34.0,73.42,38.81,41.48,59.89840000000001,46.24,64.85999999999999,71.8,84.52000000000001,96.12,125.18,113.52,90.2,94.58,90.86,95.06,64.08,64.25999999999999,22.1,22.5,13.97,0.15,34.0,34.0,34.0,34.0,34.0,34.0,34.0,34.0,34.0,34.0,34.0,34.0,34.0,34.0,34.0,34.0,34.0,71.78,43.124,39.260000000000005,57.5992,44.48,63.54,68.28,85.24000000000001,96.1,126.82,115.54,87.52,88.49000000000001,88.78,92.74,63.86,63.46,,0.0800000000000018,0.0800000000000018,0.0800000000000008,0.0800000000000018,0.0800000000000018,0.0800000000000018,0.0800000000000018,0.0800000000000018,0.0800000000000018,0.0800000000000018,0.0800000000000018,0.0800000000000018,0.0800000000000018,0.0799999999999983,0.0800000000000018,0.0800000000000018,-1.6400000000000006,4.313999999999999,-2.219999999999992,-2.299200000000005,-1.759999999999991,-1.319999999999986,-3.519999999999996,0.7199999999999989,-0.0200000000000102,1.6400000000000148,2.019999999999996,-2.68,-6.089999999999996,-2.079999999999984,-2.319999999999979,-0.2199999999999988,-0.79999999999999,0.4,0.54,1.44,0.68,0.99,0.71,0.59,0.34,0.16,0.03,0.01,0.15,0.16,0.2,0.24,0.72,0.71
3,Cooling,"Convective, Evaporative",Evaporative cooler,"17, 17, 17",Evapolar,evaCHILL,EV-500L,https://www.evapolar.com/products/evachill,Market-ready,ID3_evaporative_cooler_angled.png,,Level4,119.0,2024.0,Face,135.0,60.0,,7.5,The University of Sydney,Australia,Office,Sitting,PT Manikins,Thermal,Female,22.0,TskControl34,22.1,22.3,9.94,0.1,34.0,34.0,34.0,34.0,34.0,34.0,34.0,34.0,34.0,34.0,34.0,34.0,34.0,34.0,34.0,34.0,34.0,73.42,38.81,41.48,59.89840000000001,46.24,64.85999999999999,71.8,84.52000000000001,96.12,125.18,113.52,90.2,94.58,90.86,95.06,64.08,64.25999999999999,22.2,22.3,29.55,0.02,34.0,34.0,34.0,34.0,34.0,34.0,34.0,34.0,34.0,34.0,34.0,34.0,34.0,34.0,34.0,34.0,34.0,72.67999999999999,65.055,41.36,56.952,42.8,63.14,65.66,83.72,97.58,124.68,125.58,83.78999999999999,85.07000000000001,86.02,91.52,63.18000000000001,62.760000000000005,,0.0700000000000002,0.0700000000000002,0.0699999999999992,0.0700000000000002,0.0700000000000002,0.0700000000000002,0.0700000000000002,0.0700000000000038,0.0700000000000002,0.0700000000000002,0.0700000000000002,0.0700000000000002,0.0700000000000002,0.0699999999999967,0.0700000000000002,0.0700000000000002,-0.7400000000000091,26.245,-0.1199999999999974,-2.9464000000000032,-3.4399999999999977,-1.7199999999999849,-6.140000000000001,-0.8000000000000114,1.460000000000008,-0.5,12.059999999999988,-6.409999999999997,-9.509999999999998,-4.839999999999989,-3.539999999999978,-0.8999999999999915,-1.4999999999999858,0.4,0.54,1.44,0.68,0.99,0.71,0.59,0.34,0.16,0.03,0.01,0.15,0.16,0.2,0.24,0.72,0.71
3,Cooling,"Convective, Evaporative",Evaporative cooler,"17, 17, 17",Evapolar,evaCHILL,EV-500L,https://www.evapolar.com/products/evachill,Market-ready,ID3_evaporative_cooler_angled.png,,Level1,119.0,2024.0,Face,135.0,60.0,,7.5,The University of Sydney,Australia,Office,Sitting,PT Manikins,Thermal,Female,22.0,TskControl34,28.6,28.5,31.5,0.0,34.0,34.0,34.0,34.0,34.0,34.0,34.0,34.0,34.0,34.0,34.0,34.0,34.0,34.0,34.0,34.0,34.0,33.94,19.479,16.45,31.0616,20.32,30.34,31.12,39.48,41.34,47.44,46.12,41.42,43.17,44.52,43.46,33.480000000000004,30.18,28.6,28.5,31.5,0.0,,0.0,0.0,0.0,,,,,,,,0.0,0.0,,,,,,0.0,0.0,0.0,,,,,,,,0.0,0.0,,,,,,0.0,0.0,0.0,,,,,,,,0.0,0.0,,,,,,0.0,0.0,0.0,,,,,,,,0.0,0.0,,,,,0.4,0.54,1.44,0.68,0.99,0.71,0.59,0.34,0.16,0.03,0.01,0.15,0.16,0.2,0.24,0.72,0.71
3,Cooling,"Convective, Evaporative",Evaporative cooler,"17, 17, 17",Evapolar,evaCHILL,EV-500L,https://www.evapolar.com/products/evachill,Market-ready,ID3_evaporative_cooler_angled.png,,Level2,119.0,2024.0,Face,135.0,60.0,,7.5,The University of Sydney,Australia,Office,Sitting,PT Manikins,Thermal,Female,22.0,TskControl34,28.6,28.5,31.5,0.0,34.0,34.0,34.0,34.0,34.0,34.0,34.0,34.0,34.0,34.0,34.0,34.0,34.0,34.0,34.0,34.0,34.0,33.94,19.479,16.45,31.0616,20.32,30.34,31.12,39.48,41.34,47.44,46.12,41.42,43.17,44.52,43.46,33.480000000000004,30.18,28.6,28.5,31.5,0.0,34.0,34.0,34.0,34.0,34.0,34.0,34.0,34.0,34.0,34.0,34.0,34.0,34.0,34.0,34.0,34.0,34.0,34.86,25.926,17.0,30.5912,19.26,31.34,32.94,42.06,41.68,48.81999999999999,46.02,41.68000000000001,42.72,46.3,44.56,33.54,29.92,,0.0,0.0,0.0,0.0,0.0,0.0,0.0,0.0,0.0,0.0,0.0,0.0,0.0,0.0,0.0,0.0,0.9200000000000016,6.447,0.5500000000000025,-0.4704000000000015,-1.0599999999999987,1.0,1.8200000000000005,2.5800000000000054,0.3399999999999963,1.3799999999999957,-0.0999999999999943,0.2600000000000051,-0.4499999999999993,1.7800000000000011,1.1000000000000083,0.0599999999999951,-0.2600000000000015,0.4,0.54,1.44,0.68,0.99,0.71,0.59,0.34,0.16,0.03,0.01,0.15,0.16,0.2,0.24,0.72,0.71
3,Cooling,"Convective, Evaporative",Evaporative cooler,"17, 17, 17",Evapolar,evaCHILL,EV-500L,https://www.evapolar.com/products/evachill,Market-ready,ID3_evaporative_cooler_angled.png,,Level3,119.0,2024.0,Face,135.0,60.0,,7.5,The University of Sydney,Australia,Office,Sitting,PT Manikins,Thermal,Female,22.0,TskControl34,28.6,28.5,31.5,0.0,34.0,34.0,34.0,34.0,34.0,34.0,34.0,34.0,34.0,34.0,34.0,34.0,34.0,34.0,34.0,34.0,34.0,33.94,19.479,16.45,31.0616,20.32,30.34,31.12,39.48,41.34,47.44,46.12,41.42,43.17,44.52,43.46,33.480000000000004,30.18,28.6,28.5,31.5,0.0,34.0,34.0,34.0,34.0,34.0,34.0,34.0,34.0,34.0,34.0,34.0,34.0,34.0,34.0,34.0,34.0,34.0,35.31999999999999,29.643,17.740000000000002,31.292,18.12,32.160000000000004,32.34,43.4,41.6,50.760000000000005,44.96,41.88,43.28,44.6,44.22,32.760000000000005,30.08,,0.0,0.0,0.0,0.0,0.0,0.0,0.0,0.0,0.0,0.0,0.0,0.0,0.0,0.0,0.0,0.0,1.3799999999999957,10.164,1.290000000000001,0.2304,-2.1999999999999997,1.8200000000000076,1.2199999999999989,3.9200000000000017,0.259999999999998,3.3200000000000074,-1.1599999999999966,0.4600000000000008,0.1099999999999994,0.0800000000000054,0.7600000000000051,-0.7199999999999989,-0.0999999999999978,0.4,0.54,1.44,0.68,0.99,0.71,0.59,0.34,0.16,0.03,0.01,0.15,0.16,0.2,0.24,0.72,0.71
3,Cooling,"Convective, Evaporative",Evaporative cooler,"17, 17, 17",Evapolar,evaCHILL,EV-500L,https://www.evapolar.com/products/evachill,Market-ready,ID3_evaporative_cooler_angled.png,,Level4,119.0,2024.0,Face,135.0,60.0,,7.5,The University of Sydney,Australia,Office,Sitting,PT Manikins,Thermal,Female,22.0,TskControl34,28.6,28.5,31.5,0.0,34.0,34.0,34.0,34.0,34.0,34.0,34.0,34.0,34.0,34.0,34.0,34.0,34.0,34.0,34.0,34.0,34.0,33.94,19.479,16.45,31.0616,20.32,30.34,31.12,39.48,41.34,47.44,46.12,41.42,43.17,44.52,43.46,33.480000000000004,30.18,28.6,28.5,31.5,0.0,34.0,34.0,34.0,34.0,34.0,34.0,34.0,34.0,34.0,34.0,34.0,34.0,34.0,34.0,34.0,34.0,34.0,33.160000000000004,31.097,16.71,28.535200000000003,17.36,29.320000000000004,29.840000000000003,38.46,40.4,45.04,45.36,38.65,40.59,41.22,40.81999999999999,32.4,28.72,,0.0,0.0,0.0,0.0,0.0,0.0,0.0,0.0,0.0,0.0,0.0,0.0,0.0,0.0,0.0,0.0,-0.779999999999994,11.618,0.2600000000000015,-2.526399999999999,-2.960000000000001,-1.0199999999999925,-1.279999999999994,-1.019999999999996,-0.9400000000000048,-2.3999999999999986,-0.759999999999998,-2.77,-2.5799999999999947,-3.299999999999997,-2.640000000000001,-1.0800000000000054,-1.4600000000000009,0.4,0.54,1.44,0.68,0.99,0.71,0.59,0.34,0.16,0.03,0.01,0.15,0.16,0.2,0.24,0.72,0.71
3,Cooling,"Convective, Evaporative",Evaporative cooler,"17, 17, 17",Evapolar,evaCHILL,EV-500L,https://www.evapolar.com/products/evachill,Market-ready,ID3_evaporative_cooler_angled.png,,Level4,119.0,2024.0,Face,135.0,60.0,,7.5,The University of Sydney,Australia,Office,Sitting,PT Manikins,Thermal,Female,22.0,TskControl34,24.8,25.4,62.29,0.26,34.0,34.0,34.0,34.0,34.0,34.0,34.0,34.0,34.0,34.0,34.0,34.0,34.0,34.0,34.0,34.0,34.0,53.42,28.867,29.24,46.5736,34.32000000000001,44.7,54.52,58.36,74.28,97.82,86.98,62.74,66.03999999999999,66.82000000000001,65.92,48.78,45.3,25.0,25.3,63.13,0.11,34.0,34.0,34.0,34.0,34.0,34.0,34.0,34.0,34.0,34.0,34.0,34.0,34.0,34.0,34.0,34.0,34.0,56.36,54.163,33.129999999999995,46.70960000000001,31.26,47.68,53.6,66.53999999999999,73.94,103.78,87.12,63.21,66.17,64.53999999999999,66.42,45.99999999999999,46.04,,0.1199999999999974,0.1199999999999974,0.1199999999999974,0.1199999999999974,0.1199999999999974,0.1199999999999974,0.1199999999999974,0.1199999999999974,0.1199999999999974,0.1199999999999974,0.1199999999999974,0.1199999999999974,0.1199999999999974,0.1199999999999974,0.1199999999999974,0.1199999999999974,2.940000000000005,25.295999999999992,3.890000000000001,0.1360000000000056,-3.0600000000000094,2.979999999999997,-0.9200000000000016,8.179999999999993,-0.3400000000000034,5.959999999999994,0.1400000000000005,0.4700000000000059,0.129999999999999,-2.280000000000016,0.5,-2.780000000000001,0.740000000000002,0.4,0.54,1.44,0.68,0.99,0.71,0.59,0.34,0.16,0.03,0.01,0.15,0.16,0.2,0.24,0.72,0.71
3,Cooling,"Convective, Evaporative",Evaporative cooler,"17, 17, 17",Evapolar,evaCHILL,EV-500L,https://www.evapolar.com/products/evachill,Market-ready,ID3_evaporative_cooler_angled.png,,Level3,119.0,2024.0,Face,135.0,60.0,,7.5,The University of Sydney,Australia,Office,Sitting,PT Manikins,Thermal,Female,22.0,TskControl34,24.8,25.4,62.29,0.26,34.0,34.0,34.0,34.0,34.0,34.0,34.0,34.0,34.0,34.0,34.0,34.0,34.0,34.0,34.0,34.0,34.0,53.42,28.867,29.24,46.5736,34.32000000000001,44.7,54.52,58.36,74.28,97.82,86.98,62.74,66.03999999999999,66.82000000000001,65.92,48.78,45.3,24.8,25.3,64.7,0.15,34.0,34.0,34.0,34.0,34.0,34.0,34.0,34.0,34.0,34.0,34.0,34.0,34.0,34.0,34.0,34.0,34.0,56.620000000000005,49.55199999999999,34.09,46.8952,33.4,48.1,54.04,67.47999999999999,76.8,110.16,90.92,63.14,66.61000000000001,65.32000000000001,66.36,46.52,46.12,,-0.0100000000000015,-0.0100000000000015,-0.0100000000000015,-0.0100000000000015,-0.0100000000000015,-0.0100000000000015,-0.0100000000000015,-0.0100000000000015,-0.0100000000000015,-0.0100000000000015,-0.0100000000000015,-0.0100000000000015,-0.0100000000000015,-0.0100000000000015,-0.0100000000000015,-0.0100000000000015,3.20000000000001,20.685,4.850000000000001,0.3216000000000034,-0.9200000000000088,3.3999999999999986,-0.480000000000004,9.11999999999999,2.519999999999996,12.33999999999999,3.9399999999999977,0.4000000000000021,0.5700000000000074,-1.5,0.4399999999999977,-2.259999999999991,0.8200000000000003,0.4,0.54,1.44,0.68,0.99,0.71,0.59,0.34,0.16,0.03,0.01,0.15,0.16,0.2,0.24,0.72,0.71
3,Cooling,"Convective, Evaporative",Evaporative cooler,"17, 17, 17",Evapolar,evaCHILL,EV-500L,https://www.evapolar.com/products/evachill,Market-ready,ID3_evaporative_cooler_angled.png,,Level2,119.0,2024.0,Face,135.0,60.0,,7.5,The University of Sydney,Australia,Office,Sitting,PT Manikins,Thermal,Female,22.0,TskControl34,24.8,25.4,62.29,0.26,34.0,34.0,34.0,34.0,34.0,34.0,34.0,34.0,34.0,34.0,34.0,34.0,34.0,34.0,34.0,34.0,34.0,53.42,28.867,29.24,46.5736,34.32000000000001,44.7,54.52,58.36,74.28,97.82,86.98,62.74,66.03999999999999,66.82000000000001,65.92,48.78,45.3,24.9,25.2,64.72,0.09,34.0,34.0,34.0,34.0,34.0,34.0,34.0,34.0,34.0,34.0,34.0,34.0,34.0,34.0,34.0,34.0,34.0,56.58,43.498,34.17,46.9128,33.160000000000004,48.220000000000006,54.52,67.68,80.12,110.7,93.46,62.95,68.47,65.74,67.47999999999999,46.14,45.64,,0.0199999999999995,0.0199999999999995,0.0199999999999995,0.0199999999999995,0.0199999999999995,0.0199999999999995,0.0199999999999995,0.0199999999999995,0.0199999999999995,0.0199999999999995,0.0199999999999995,0.0199999999999995,0.0199999999999995,0.0199999999999995,0.0199999999999995,0.0199999999999995,3.160000000000004,14.630999999999998,4.930000000000003,0.3391999999999994,-1.1600000000000037,3.520000000000003,0.0,9.320000000000007,5.840000000000003,12.879999999999995,6.480000000000004,0.2100000000000079,2.4300000000000037,-1.0800000000000125,1.559999999999988,-2.639999999999993,0.3400000000000034,0.4,0.54,1.44,0.68,0.99,0.71,0.59,0.34,0.16,0.03,0.01,0.15,0.16,0.2,0.24,0.72,0.71
3,Cooling,"Convective, Evaporative",Evaporative cooler,"17, 17, 17",Evapolar,evaCHILL,EV-500L,https://www.evapolar.com/products/evachill,Market-ready,ID3_evaporative_cooler_angled.png,,Level1,119.0,2024.0,Face,135.0,60.0,,7.5,The University of Sydney,Australia,Office,Sitting,PT Manikins,Thermal,Female,22.0,TskControl34,24.8,25.4,62.29,0.26,34.0,34.0,34.0,34.0,34.0,34.0,34.0,34.0,34.0,34.0,34.0,34.0,34.0,34.0,34.0,34.0,34.0,53.42,28.867,29.24,46.5736,34.32000000000001,44.7,54.52,58.36,74.28,97.82,86.98,62.74,66.03999999999999,66.82000000000001,65.92,48.78,45.3,24.9,25.2,65.95,0.06,34.0,34.0,34.0,34.0,34.0,34.0,34.0,34.0,34.0,34.0,34.0,34.0,34.0,34.0,34.0,34.0,34.0,53.73333333333333,33.11083333333333,31.29166666666667,44.50533333333334,31.850000000000005,47.13333333333333,51.43333333333333,68.48333333333333,77.66666666666667,107.23333333333332,95.55,60.47500000000001,66.13333333333333,63.68333333333334,64.94999999999999,45.11666666666667,44.46666666666667,,0.0399999999999991,0.0399999999999991,0.0399999999999991,0.0399999999999991,0.0399999999999991,0.0399999999999991,0.0399999999999991,0.0399999999999991,0.0399999999999991,0.0399999999999991,0.0399999999999991,0.0399999999999991,0.0399999999999991,0.0399999999999991,0.0399999999999991,0.0399999999999991,0.3133333333333326,4.243833333333331,2.051666666666671,-2.068266666666665,-2.4700000000000024,2.43333333333333,-3.086666666666673,10.123333333333337,3.3866666666666703,9.413333333333329,8.570000000000007,-2.26499999999999,0.0933333333333337,-3.1366666666666703,-0.9700000000000132,-3.663333333333327,-0.8333333333333286,0.4,0.54,1.44,0.68,0.99,0.71,0.59,0.34,0.16,0.03,0.01,0.15,0.16,0.2,0.24,0.72,0.71
4,Cooling,"Convective, Evaporative",Evaporative cooler,"9D, 21W, 26H",Quixnova,Quixnova Air Fan,EJ-JHQ01,https://amzn.asia/d/cBzO26O,Market-ready,ID4_evaporative_cooler_angled.png,,Low,22.0,2024.0,Face,135.0,60.0,,10.0,The University of Sydney,Australia,Office,Sitting,PT Manikins,Thermal,Female,22.0,TskControl34,25.4,25.2,56.77,0.08,34.0,34.0,34.0,34.0,34.0,34.0,34.0,34.0,34.0,34.0,34.0,34.0,34.0,34.0,34.0,34.0,34.0,55.82000000000001,29.032,32.18,50.1696,43.26,48.9,54.260000000000005,59.7,69.11999999999999,85.25999999999999,83.22,68.87,70.09,68.4,68.36,49.66,48.260000000000005,25.5,25.4,56.79,0.0,34.0,34.0,34.0,34.0,34.0,34.0,34.0,34.0,34.0,34.0,34.0,34.0,34.0,34.0,34.0,34.0,34.0,57.44,53.932,34.209999999999994,49.5744,39.04,51.4,53.67999999999999,62.8,69.35999999999999,94.72,84.16,65.72,67.23,65.4,67.58000000000001,48.21999999999999,48.0,,0.1099999999999994,0.1099999999999994,0.1099999999999994,0.1099999999999994,0.1099999999999994,0.1099999999999994,0.1099999999999994,0.1099999999999994,0.1099999999999994,0.1099999999999994,0.1099999999999994,0.1099999999999994,0.1099999999999994,0.1099999999999994,0.1099999999999994,0.1099999999999994,1.6199999999999903,24.9,2.0299999999999976,-0.5952000000000015,-4.219999999999999,2.5,-0.5800000000000125,3.0999999999999943,0.2399999999999948,9.460000000000008,0.9399999999999976,-3.150000000000002,-2.8599999999999994,-3.0,-0.7799999999999869,-1.440000000000012,-0.2600000000000051,0.4,0.54,1.44,0.68,0.99,0.71,0.59,0.34,0.16,0.03,0.01,0.15,0.16,0.2,0.24,0.72,0.71
4,Cooling,"Convective, Evaporative",Evaporative cooler,"9D, 21W, 26H",Quixnova,Quixnova Air Fan,EJ-JHQ01,https://amzn.asia/d/cBzO26O,Market-ready,ID4_evaporative_cooler_angled.png,,Mid,22.0,2024.0,Face,135.0,60.0,,10.0,The University of Sydney,Australia,Office,Sitting,PT Manikins,Thermal,Female,22.0,TskControl34,25.4,25.2,56.77,0.08,34.0,34.0,34.0,34.0,34.0,34.0,34.0,34.0,34.0,34.0,34.0,34.0,34.0,34.0,34.0,34.0,34.0,55.82000000000001,29.032,32.18,50.1696,43.26,48.9,54.260000000000005,59.7,69.11999999999999,85.25999999999999,83.22,68.87,70.09,68.4,68.36,49.66,48.260000000000005,25.6,25.4,56.1,0.09,34.0,34.0,34.0,34.0,34.0,34.0,34.0,34.0,34.0,34.0,34.0,34.0,34.0,34.0,34.0,34.0,34.0,56.620000000000005,56.595,34.239999999999995,47.95360000000001,36.31999999999999,49.48,52.78,61.75999999999999,67.82000000000001,92.62,86.3,64.17,65.31,65.5,66.82,48.14,46.48,,0.2100000000000008,0.2100000000000008,0.2100000000000008,0.2100000000000008,0.2100000000000008,0.2100000000000008,0.2100000000000008,0.2100000000000008,0.2100000000000008,0.2100000000000008,0.2100000000000008,0.2100000000000008,0.2100000000000008,0.2100000000000008,0.2100000000000008,0.2100000000000008,0.7999999999999972,27.56300000000001,2.0599999999999987,-2.215999999999997,-6.940000000000005,0.5799999999999983,-1.480000000000011,2.059999999999988,-1.299999999999983,7.360000000000014,3.0799999999999983,-4.700000000000003,-4.779999999999998,-2.9000000000000057,-1.5400000000000065,-1.5200000000000031,-1.7800000000000011,0.4,0.54,1.44,0.68,0.99,0.71,0.59,0.34,0.16,0.03,0.01,0.15,0.16,0.2,0.24,0.72,0.71
4,Cooling,"Convective, Evaporative",Evaporative cooler,"9D, 21W, 26H",Quixnova,Quixnova Air Fan,EJ-JHQ01,https://amzn.asia/d/cBzO26O,Market-ready,ID4_evaporative_cooler_angled.png,,High,22.0,2024.0,Face,135.0,60.0,,10.0,The University of Sydney,Australia,Office,Sitting,PT Manikins,Thermal,Female,22.0,TskControl34,25.4,25.2,56.77,0.08,34.0,34.0,34.0,34.0,34.0,34.0,34.0,34.0,34.0,34.0,34.0,34.0,34.0,34.0,34.0,34.0,34.0,55.82000000000001,29.032,32.18,50.1696,43.26,48.9,54.260000000000005,59.7,69.11999999999999,85.25999999999999,83.22,68.87,70.09,68.4,68.36,49.66,48.260000000000005,25.4,25.4,53.93,0.02,34.0,34.0,34.0,34.0,34.0,34.0,34.0,34.0,34.0,34.0,34.0,34.0,34.0,34.0,34.0,34.0,34.0,56.88,60.312,33.81999999999999,46.75840000000001,36.04,49.46,51.48,64.66,68.78,97.48,86.52000000000001,64.31,64.01,66.16,67.08000000000001,48.54,47.88,,0.1099999999999994,0.1099999999999994,0.1099999999999994,0.1099999999999994,0.1099999999999994,0.1099999999999994,0.1099999999999994,0.1099999999999994,0.1099999999999994,0.1099999999999994,0.1099999999999994,0.1099999999999994,0.1099999999999994,0.1099999999999994,0.1099999999999994,0.1099999999999994,1.059999999999988,31.28,1.639999999999997,-3.411199999999998,-7.219999999999999,0.5600000000000023,-2.780000000000008,4.959999999999994,-0.3399999999999892,12.22,3.300000000000012,-4.560000000000002,-6.080000000000002,-2.240000000000009,-1.279999999999987,-1.1200000000000043,-0.3800000000000025,0.4,0.54,1.44,0.68,0.99,0.71,0.59,0.34,0.16,0.03,0.01,0.15,0.16,0.2,0.24,0.72,0.71
4,Cooling,"Convective, Evaporative",Evaporative cooler,"9D, 21W, 26H",Quixnova,Quixnova Air Fan,EJ-JHQ01,https://amzn.asia/d/cBzO26O,Market-ready,ID4_evaporative_cooler_angled.png,,High,22.0,2024.0,Face,135.0,60.0,,10.0,The University of Sydney,Australia,Office,Sitting,PT Manikins,Thermal,Female,22.0,TskControl34,22.1,22.3,49.02,0.15,34.0,33.987,34.0,34.0,34.0,34.0,34.0,34.0,34.0,34.0,34.0,34.0,34.0,34.0,34.0,34.0,34.0,76.72,47.931,45.0,64.0704,57.65999999999999,68.84,72.14,84.05999999999999,96.18,122.52,113.6,93.0,95.12,93.8,98.56,66.9,66.88,22.2,22.2,52.06,0.23,34.0,34.0,34.0,34.0,34.0,34.0,34.0,34.0,34.0,34.0,34.0,34.0,34.0,34.0,34.0,34.0,34.0,77.75999999999999,81.16099999999999,48.56,60.864,45.36,70.28,68.8,95.76,100.46,142.84,121.28,86.62,86.83,88.34,94.82,64.56,65.03999999999999,,0.009999999999998,0.0099999999999997,0.009999999999997,0.009999999999998,0.009999999999998,0.009999999999998,0.009999999999998,0.009999999999998,0.009999999999998,0.009999999999998,0.0099999999999962,0.0099999999999997,0.009999999999998,0.0099999999999944,0.009999999999998,0.009999999999998,1.039999999999992,33.22999999999999,3.5599999999999987,-3.206399999999997,-12.29999999999999,1.4399999999999975,-3.3400000000000034,11.700000000000005,4.280000000000001,20.319999999999997,7.680000000000007,-6.379999999999996,-8.29,-5.459999999999994,-3.7399999999999807,-2.3400000000000034,-1.8400000000000036,0.4,0.54,1.44,0.68,0.99,0.71,0.59,0.34,0.16,0.03,0.01,0.15,0.16,0.2,0.24,0.72,0.71
4,Cooling,"Convective, Evaporative",Evaporative cooler,"9D, 21W, 26H",Quixnova,Quixnova Air Fan,EJ-JHQ01,https://amzn.asia/d/cBzO26O,Market-ready,ID4_evaporative_cooler_angled.png,,Mid,22.0,2024.0,Face,135.0,60.0,,10.0,The University of Sydney,Australia,Office,Sitting,PT Manikins,Thermal,Female,22.0,TskControl34,22.1,22.3,49.02,0.15,34.0,33.987,34.0,34.0,34.0,34.0,34.0,34.0,34.0,34.0,34.0,34.0,34.0,34.0,34.0,34.0,34.0,76.72,47.931,45.0,64.0704,57.65999999999999,68.84,72.14,84.05999999999999,96.18,122.52,113.6,93.0,95.12,93.8,98.56,66.9,66.88,22.1,22.3,48.7,0.16,34.0,34.0,34.0,34.0,34.0,34.0,34.0,34.0,34.0,34.0,34.0,34.0,34.0,34.0,34.0,34.0,34.0,77.38,77.89699999999999,47.89,61.27760000000001,46.24,71.11999999999999,68.84,91.32,99.84,142.78,121.78,87.11999999999999,85.06,88.97999999999999,95.78,65.35999999999999,64.72,,0.0,0.0,-1.9895196601282807e-15,0.0,0.0,0.0,0.0,-3.552713678800501e-15,0.0,0.0,-1.7763568394002505e-15,1.7763568394002505e-15,0.0,-3.552713678800501e-15,0.0,0.0,0.6599999999999966,29.965999999999987,2.890000000000001,-2.7927999999999966,-11.419999999999987,2.279999999999987,-3.299999999999997,7.260000000000019,3.660000000000011,20.25999999999999,8.180000000000007,-5.88000000000001,-10.060000000000002,-4.820000000000007,-2.779999999999987,-1.5400000000000205,-2.1599999999999966,0.4,0.54,1.44,0.68,0.99,0.71,0.59,0.34,0.16,0.03,0.01,0.15,0.16,0.2,0.24,0.72,0.71
4,Cooling,"Convective, Evaporative",Evaporative cooler,"9D, 21W, 26H",Quixnova,Quixnova Air Fan,EJ-JHQ01,https://amzn.asia/d/cBzO26O,Market-ready,ID4_evaporative_cooler_angled.png,,Low,22.0,2024.0,Face,135.0,60.0,,10.0,The University of Sydney,Australia,Office,Sitting,PT Manikins,Thermal,Female,22.0,TskControl34,22.1,22.3,49.02,0.15,34.0,33.987,34.0,34.0,34.0,34.0,34.0,34.0,34.0,34.0,34.0,34.0,34.0,34.0,34.0,34.0,34.0,76.72,47.931,45.0,64.0704,57.65999999999999,68.84,72.14,84.05999999999999,96.18,122.52,113.6,93.0,95.12,93.8,98.56,66.9,66.88,22.1,22.2,48.05,0.01,34.0,34.0,34.0,34.0,34.0,34.0,34.0,34.0,34.0,34.0,34.0,34.0,34.0,34.0,34.0,34.0,34.0,77.5,74.633,47.85,61.99040000000001,47.7,69.24000000000001,68.26,90.48,96.22,137.56,121.92,88.00999999999999,88.24000000000001,89.11999999999999,97.5,64.84,65.9,,-0.0100000000000015,-0.0100000000000015,-0.0100000000000025,-0.0100000000000015,-0.0100000000000015,-0.0100000000000015,-0.0100000000000015,-0.0100000000000015,-0.0100000000000015,-0.0100000000000015,-0.0100000000000033,-0.0099999999999997,-0.0100000000000015,-0.0100000000000051,-0.0100000000000015,-0.0100000000000015,0.7800000000000011,26.70199999999999,2.8500000000000014,-2.0799999999999974,-9.959999999999988,0.4000000000000057,-3.879999999999996,6.420000000000002,0.0400000000000062,15.039999999999992,8.319999999999993,-4.990000000000002,-6.879999999999996,-4.680000000000007,-1.059999999999988,-2.0600000000000023,-0.9799999999999898,0.4,0.54,1.44,0.68,0.99,0.71,0.59,0.34,0.16,0.03,0.01,0.15,0.16,0.2,0.24,0.72,0.71
4,Cooling,"Convective, Evaporative",Evaporative cooler,"9D, 21W, 26H",Quixnova,Quixnova Air Fan,EJ-JHQ01,https://amzn.asia/d/cBzO26O,Market-ready,ID4_evaporative_cooler_angled.png,,High,22.0,2024.0,Face,135.0,60.0,,10.0,The University of Sydney,Australia,Office,Sitting,PT Manikins,Thermal,Female,22.0,TskControl34,28.1,28.0,15.79,0.0,34.0,34.0,34.0,34.0,34.0,34.0,34.0,34.0,34.0,34.0,34.0,34.0,34.0,34.0,34.0,34.0,34.0,32.739999999999995,18.595,14.96,29.2808,17.42,28.1,30.12,38.2,40.08,43.44,44.15999999999999,40.42,42.33,43.3,43.02,35.1,31.7,28.1,28.0,15.79,0.0,34.0,34.0,34.0,34.0,34.0,34.0,34.0,34.0,34.0,34.0,34.0,34.0,34.0,34.0,34.0,34.0,34.0,36.86,39.604,22.21,31.242400000000004,18.92,32.5,32.56,45.64,40.74,58.9,46.17999999999999,41.8,43.13,43.5,42.74,34.62,31.76,,0.0,0.0,0.0,0.0,0.0,0.0,0.0,0.0,0.0,0.0,0.0,0.0,0.0,0.0,0.0,0.0,4.1200000000000045,21.008999999999997,7.249999999999998,1.961600000000001,1.4999999999999964,4.399999999999999,2.440000000000005,7.439999999999998,0.6599999999999966,15.46,2.020000000000003,1.3799999999999957,0.8000000000000007,0.2000000000000028,-0.279999999999994,-0.480000000000004,0.0600000000000022,0.4,0.54,1.44,0.68,0.99,0.71,0.59,0.34,0.16,0.03,0.01,0.15,0.16,0.2,0.24,0.72,0.71
4,Cooling,"Convective, Evaporative",Evaporative cooler,"9D, 21W, 26H",Quixnova,Quixnova Air Fan,EJ-JHQ01,https://amzn.asia/d/cBzO26O,Market-ready,ID4_evaporative_cooler_angled.png,,Mid,22.0,2024.0,Face,135.0,60.0,,10.0,The University of Sydney,Australia,Office,Sitting,PT Manikins,Thermal,Female,22.0,TskControl34,28.1,28.0,15.79,0.0,34.0,34.0,34.0,34.0,34.0,34.0,34.0,34.0,34.0,34.0,34.0,34.0,34.0,34.0,34.0,34.0,34.0,32.739999999999995,18.595,14.96,29.2808,17.42,28.1,30.12,38.2,40.08,43.44,44.15999999999999,40.42,42.33,43.3,43.02,35.1,31.7,28.1,28.0,15.79,0.0,34.0,34.0,34.0,34.0,34.0,34.0,34.0,34.0,34.0,34.0,34.0,34.0,34.0,34.0,34.0,34.0,34.0,36.12,37.332,21.61,31.0984,17.380000000000003,32.62,32.32000000000001,43.7,40.040000000000006,55.3,45.54,41.22,42.3,42.84,42.68,34.6,30.860000000000003,,0.0,0.0,0.0,0.0,0.0,0.0,0.0,0.0,0.0,0.0,0.0,0.0,0.0,0.0,0.0,0.0,3.3800000000000026,18.737,6.65,1.8175999999999988,-0.0399999999999991,4.519999999999996,2.20000000000001,5.5,-0.039999999999992,11.86,1.3800000000000097,0.7999999999999972,-0.0300000000000011,-0.4599999999999937,-0.3399999999999963,-0.5,-0.8399999999999963,0.4,0.54,1.44,0.68,0.99,0.71,0.59,0.34,0.16,0.03,0.01,0.15,0.16,0.2,0.24,0.72,0.71
4,Cooling,"Convective, Evaporative",Evaporative cooler,"9D, 21W, 26H",Quixnova,Quixnova Air Fan,EJ-JHQ01,https://amzn.asia/d/cBzO26O,Market-ready,ID4_evaporative_cooler_angled.png,,Low,22.0,2024.0,Face,135.0,60.0,,10.0,The University of Sydney,Australia,Office,Sitting,PT Manikins,Thermal,Female,22.0,TskControl34,28.1,28.0,15.79,0.0,34.0,34.0,34.0,34.0,34.0,34.0,34.0,34.0,34.0,34.0,34.0,34.0,34.0,34.0,34.0,34.0,34.0,32.739999999999995,18.595,14.96,29.2808,17.42,28.1,30.12,38.2,40.08,43.44,44.15999999999999,40.42,42.33,43.3,43.02,35.1,31.7,28.1,28.0,15.79,0.0,34.0,34.0,34.0,34.0,34.0,34.0,34.0,34.0,34.0,34.0,34.0,34.0,34.0,34.0,34.0,34.0,34.0,36.44,36.048,21.19,31.5712,18.86,31.7,33.02,44.06,40.74,55.4,45.8,42.2,43.06999999999999,43.52,43.620000000000005,34.559999999999995,31.14,,0.0,0.0,0.0,0.0,0.0,0.0,0.0,0.0,0.0,0.0,0.0,0.0,0.0,0.0,0.0,0.0,3.700000000000003,17.453,6.23,2.2904,1.4399999999999975,3.599999999999998,2.8999999999999986,5.859999999999999,0.6599999999999966,11.96,1.6400000000000077,1.7799999999999976,0.7399999999999949,0.2199999999999988,0.6000000000000085,-0.5400000000000063,-0.5600000000000023,0.4,0.54,1.44,0.68,0.99,0.71,0.59,0.34,0.16,0.03,0.01,0.15,0.16,0.2,0.24,0.72,0.71
5,Cooling,Convective,Desk fan,"5.95, 11.3, 15.3",Dyson,Dyson Hot+Cool Jet Focus,,https://www.dyson.com.au/dyson-hot-cool-jet-focus-fan-heater-white-silver,Market-ready,ID5_desk_fan_angled.png,,Level10,,2024.0,Face,135.0,90.0,,,The University of Sydney,Australia,Office,Sitting,PT Manikins,Thermal,Female,22.0,TskControl34,22.1,22.3,49.02,0.15,34.0,33.987,34.0,34.0,34.0,34.0,34.0,34.0,34.0,34.0,34.0,34.0,34.0,34.0,34.0,34.0,34.0,76.72,47.931,45.0,64.0704,57.65999999999999,68.84,72.14,84.05999999999999,96.18,122.52,113.6,93.0,95.12,93.8,98.56,66.9,66.88,22.2,22.3,39.54,0.0,34.0,33.979,34.0,34.0,34.0,34.0,34.0,34.0,34.0,34.0,34.0,34.0,34.0,34.0,34.0,34.0,34.0,80.96000000000001,89.83399999999999,52.04,63.956,45.17999999999999,73.68,75.64000000000001,94.0,103.34,147.3,131.04000000000002,87.14000000000001,91.66,89.35999999999999,97.74,62.9,62.6,,0.1099999999999994,0.1099999999999994,0.1099999999999984,0.1099999999999994,0.1099999999999994,0.1099999999999994,0.1099999999999994,0.1099999999999994,0.1099999999999994,0.1099999999999994,0.1099999999999976,0.1100000000000012,0.1099999999999994,0.1099999999999958,0.1099999999999994,0.1099999999999994,4.240000000000009,41.903,7.039999999999999,-0.1143999999999949,-12.479999999999997,4.840000000000003,3.500000000000014,9.940000000000012,7.160000000000011,24.78,17.440000000000026,-5.859999999999992,-3.4599999999999937,-4.440000000000012,-0.8199999999999932,-4.000000000000007,-4.279999999999994,0.4,0.54,1.44,0.68,0.99,0.71,0.59,0.34,0.16,0.03,0.01,0.15,0.16,0.2,0.24,0.72,0.71
5,Cooling,Convective,Desk fan,"5.95, 11.3, 15.3",Dyson,Dyson Hot+Cool Jet Focus,,https://www.dyson.com.au/dyson-hot-cool-jet-focus-fan-heater-white-silver,Market-ready,ID5_desk_fan_angled.png,,Level3,,2024.0,Face,135.0,90.0,,,The University of Sydney,Australia,Office,Sitting,PT Manikins,Thermal,Female,22.0,TskControl34,22.1,22.3,49.02,0.15,34.0,33.987,34.0,34.0,34.0,34.0,34.0,34.0,34.0,34.0,34.0,34.0,34.0,34.0,34.0,34.0,34.0,76.72,47.931,45.0,64.0704,57.65999999999999,68.84,72.14,84.05999999999999,96.18,122.52,113.6,93.0,95.12,93.8,98.56,66.9,66.88,22.2,22.3,37.18,0.0,34.0,34.0,34.0,34.0,34.0,34.0,34.0,34.0,34.0,34.0,34.0,34.0,34.0,34.0,34.0,34.0,34.0,76.03999999999999,66.18299999999999,46.96,60.68960000000001,44.36,69.2,69.6,88.4,98.22,137.38,123.79999999999998,86.34,88.71000000000001,88.04,95.78,63.6,64.88000000000001,,0.1099999999999994,0.1100000000000012,0.1099999999999984,0.1099999999999994,0.1099999999999994,0.1099999999999994,0.1099999999999994,0.1099999999999994,0.1099999999999994,0.1099999999999994,0.1099999999999976,0.1100000000000012,0.1099999999999994,0.1099999999999958,0.1099999999999994,0.1099999999999958,-0.6800000000000068,18.251999999999995,1.9600000000000009,-3.3807999999999896,-13.29999999999999,0.3599999999999994,-2.5400000000000063,4.340000000000018,2.0400000000000063,14.859999999999983,10.199999999999989,-6.660000000000004,-6.4099999999999895,-5.759999999999991,-2.779999999999987,-3.3000000000000043,-1.9999999999999856,0.4,0.54,1.44,0.68,0.99,0.71,0.59,0.34,0.16,0.03,0.01,0.15,0.16,0.2,0.24,0.72,0.71
5,Cooling,Convective,Desk fan,"5.95, 11.3, 15.3",Dyson,Dyson Hot+Cool Jet Focus,,https://www.dyson.com.au/dyson-hot-cool-jet-focus-fan-heater-white-silver,Market-ready,ID5_desk_fan_angled.png,,Level10,,2024.0,Face,135.0,90.0,,,The University of Sydney,Australia,Office,Sitting,PT Manikins,Thermal,Female,22.0,TskControl34,25.4,25.2,56.77,0.08,34.0,34.0,34.0,34.0,34.0,34.0,34.0,34.0,34.0,34.0,34.0,34.0,34.0,34.0,34.0,34.0,34.0,55.82000000000001,29.032,32.18,50.1696,43.26,48.9,54.260000000000005,59.7,69.11999999999999,85.25999999999999,83.22,68.87,70.09,68.4,68.36,49.66,48.260000000000005,25.4,25.2,52.56,0.18,34.0,34.0,34.0,34.0,34.0,34.0,34.0,34.0,34.0,34.0,34.0,34.0,34.0,34.0,34.0,34.0,34.0,59.220000000000006,65.371,38.24,47.68000000000001,32.04,54.5,56.88,68.9,75.28,110.34,96.32,65.78,65.52000000000001,65.1,65.92,47.4,45.58,,0.0199999999999995,0.0199999999999995,0.0199999999999995,0.0199999999999995,0.0199999999999995,0.0199999999999995,0.0199999999999995,0.0199999999999995,0.0199999999999995,0.0199999999999995,0.0199999999999995,0.0200000000000013,0.0199999999999995,0.0199999999999995,0.0199999999999995,0.0199999999999995,3.3999999999999986,36.339,6.059999999999999,-2.489599999999996,-11.22,5.600000000000001,2.6199999999999903,9.200000000000005,6.160000000000011,25.08,13.099999999999994,-3.0900000000000105,-4.57,-3.300000000000012,-2.4399999999999977,-2.260000000000005,-2.680000000000007,0.4,0.54,1.44,0.68,0.99,0.71,0.59,0.34,0.16,0.03,0.01,0.15,0.16,0.2,0.24,0.72,0.71
5,Cooling,Convective,Desk fan,"5.95, 11.3, 15.3",Dyson,Dyson Hot+Cool Jet Focus,,https://www.dyson.com.au/dyson-hot-cool-jet-focus-fan-heater-white-silver,Market-ready,ID5_desk_fan_angled.png,,Level8,,2024.0,Face,135.0,90.0,,,The University of Sydney,Australia,Office,Sitting,PT Manikins,Thermal,Female,22.0,TskControl34,25.4,25.2,56.77,0.08,34.0,34.0,34.0,34.0,34.0,34.0,34.0,34.0,34.0,34.0,34.0,34.0,34.0,34.0,34.0,34.0,34.0,55.82000000000001,29.032,32.18,50.1696,43.26,48.9,54.260000000000005,59.7,69.11999999999999,85.25999999999999,83.22,68.87,70.09,68.4,68.36,49.66,48.260000000000005,25.3,25.3,52.54,0.05,34.0,34.0,34.0,34.0,34.0,34.0,34.0,34.0,34.0,34.0,34.0,34.0,34.0,34.0,34.0,34.0,34.0,59.04,61.833,38.31,48.35280000000001,32.760000000000005,54.0,57.04,68.46000000000001,70.04,108.68,96.86,66.35,65.72999999999999,65.66,66.9,47.3,46.66,,0.0100000000000015,0.0100000000000015,0.0100000000000015,0.0100000000000015,0.0100000000000015,0.0100000000000015,0.0100000000000015,0.0100000000000015,0.0100000000000015,0.0100000000000015,0.0100000000000015,0.0100000000000015,0.0100000000000015,0.0100000000000015,0.0100000000000015,0.0100000000000015,3.219999999999992,32.800999999999995,6.129999999999999,-1.8167999999999955,-10.499999999999991,5.100000000000001,2.779999999999994,8.760000000000005,0.920000000000016,23.42,13.64,-2.5200000000000067,-4.360000000000007,-2.740000000000009,-1.4599999999999935,-2.3600000000000065,-1.6000000000000083,0.4,0.54,1.44,0.68,0.99,0.71,0.59,0.34,0.16,0.03,0.01,0.15,0.16,0.2,0.24,0.72,0.71
5,Cooling,Convective,Desk fan,"5.95, 11.3, 15.3",Dyson,Dyson Hot+Cool Jet Focus,,https://www.dyson.com.au/dyson-hot-cool-jet-focus-fan-heater-white-silver,Market-ready,ID5_desk_fan_angled.png,,Level1,,2024.0,Face,135.0,90.0,,,The University of Sydney,Australia,Office,Sitting,PT Manikins,Thermal,Female,22.0,TskControl34,22.1,22.3,49.02,0.15,34.0,33.987,34.0,34.0,34.0,34.0,34.0,34.0,34.0,34.0,34.0,34.0,34.0,34.0,34.0,34.0,34.0,76.72,47.931,45.0,64.0704,57.65999999999999,68.84,72.14,84.05999999999999,96.18,122.52,113.6,93.0,95.12,93.8,98.56,66.9,66.88,22.3,22.3,40.39,0.11,34.0,34.0,34.0,34.0,34.0,34.0,34.0,34.0,34.0,34.0,34.0,34.0,34.0,34.0,34.0,34.0,34.0,74.62,59.22099999999999,44.43,59.3048,44.82000000000001,67.22,69.8,86.97999999999999,97.70000000000002,132.98,120.74,85.82000000000001,88.63999999999999,88.78,95.26000000000002,64.47999999999999,64.32,,0.1099999999999994,0.1099999999999994,0.1099999999999984,0.1099999999999994,0.1099999999999994,0.1099999999999994,0.1099999999999994,0.1099999999999994,0.1099999999999994,0.1099999999999994,0.1099999999999976,0.1100000000000012,0.1099999999999994,0.1099999999999923,0.1099999999999994,0.1099999999999994,-2.0999999999999943,11.289999999999996,-0.5700000000000003,-4.765600000000001,-12.839999999999982,-1.6200000000000043,-2.3400000000000034,2.9200000000000017,1.5200000000000244,10.45999999999998,7.140000000000015,-7.179999999999993,-6.480000000000004,-5.019999999999996,-3.2999999999999687,-2.420000000000016,-2.5600000000000023,0.4,0.54,1.44,0.68,0.99,0.71,0.59,0.34,0.16,0.03,0.01,0.15,0.16,0.2,0.24,0.72,0.71
5,Cooling,Convective,Desk fan,"5.95, 11.3, 15.3",Dyson,Dyson Hot+Cool Jet Focus,,https://www.dyson.com.au/dyson-hot-cool-jet-focus-fan-heater-white-silver,Market-ready,ID5_desk_fan_angled.png,,Level8,,2024.0,Face,135.0,90.0,,,The University of Sydney,Australia,Office,Sitting,PT Manikins,Thermal,Female,22.0,TskControl34,22.1,22.3,49.02,0.15,34.0,33.987,34.0,34.0,34.0,34.0,34.0,34.0,34.0,34.0,34.0,34.0,34.0,34.0,34.0,34.0,34.0,76.72,47.931,45.0,64.0704,57.65999999999999,68.84,72.14,84.05999999999999,96.18,122.52,113.6,93.0,95.12,93.8,98.56,66.9,66.88,22.2,22.4,36.17,0.18,34.0,34.0,34.0,34.0,34.0,34.0,34.0,34.0,34.0,34.0,34.0,34.0,34.0,34.0,34.0,34.0,34.0,80.23999999999998,88.799,49.870000000000005,62.644000000000005,44.88000000000001,72.03999999999999,73.24000000000001,93.6,102.46,144.98,129.78000000000003,87.35,91.63,89.24000000000001,97.94,63.74,64.16,,0.0999999999999978,0.0999999999999978,0.0999999999999968,0.0999999999999978,0.0999999999999978,0.0999999999999978,0.0999999999999978,0.0999999999999978,0.0999999999999978,0.0999999999999978,0.099999999999996,0.0999999999999996,0.0999999999999978,0.0999999999999943,0.0999999999999978,0.0999999999999978,3.519999999999982,40.868,4.870000000000001,-1.4263999999999986,-12.77999999999998,3.1999999999999886,1.1000000000000083,9.540000000000006,6.280000000000001,22.45999999999998,16.180000000000035,-5.650000000000006,-3.490000000000002,-4.559999999999988,-0.6199999999999903,-3.160000000000011,-2.719999999999999,0.4,0.54,1.44,0.68,0.99,0.71,0.59,0.34,0.16,0.03,0.01,0.15,0.16,0.2,0.24,0.72,0.71
5,Cooling,Convective,Desk fan,"5.95, 11.3, 15.3",Dyson,Dyson Hot+Cool Jet Focus,,https://www.dyson.com.au/dyson-hot-cool-jet-focus-fan-heater-white-silver,Market-ready,ID5_desk_fan_angled.png,,Level5,,2024.0,Face,135.0,90.0,,,The University of Sydney,Australia,Office,Sitting,PT Manikins,Thermal,Female,22.0,TskControl34,22.1,22.3,49.02,0.15,34.0,33.987,34.0,34.0,34.0,34.0,34.0,34.0,34.0,34.0,34.0,34.0,34.0,34.0,34.0,34.0,34.0,76.72,47.931,45.0,64.0704,57.65999999999999,68.84,72.14,84.05999999999999,96.18,122.52,113.6,93.0,95.12,93.8,98.56,66.9,66.88,22.2,22.3,41.47,0.07,34.0,34.0,34.0,34.0,34.0,34.0,34.0,34.0,34.0,34.0,34.0,34.0,34.0,34.0,34.0,34.0,34.0,77.7,78.574,48.53999999999999,59.6544,44.50000000000001,69.58,71.62,89.52000000000001,101.98,136.68,126.24,85.86,90.43,89.25999999999999,97.24,62.88000000000001,64.25999999999999,,0.0599999999999987,0.0599999999999987,0.0599999999999977,0.0599999999999987,0.0599999999999987,0.0599999999999987,0.0599999999999987,0.0599999999999987,0.0599999999999987,0.0599999999999987,0.0599999999999969,0.0600000000000005,0.0599999999999987,0.0599999999999951,0.0599999999999987,0.0599999999999987,0.980000000000004,30.642999999999997,3.539999999999996,-4.416,-13.159999999999982,0.7399999999999949,-0.519999999999996,5.460000000000022,5.800000000000011,14.159999999999997,12.640000000000017,-7.140000000000001,-4.689999999999998,-4.540000000000006,-1.3199999999999932,-4.019999999999996,-2.6200000000000045,0.4,0.54,1.44,0.68,0.99,0.71,0.59,0.34,0.16,0.03,0.01,0.15,0.16,0.2,0.24,0.72,0.71
5,Cooling,Convective,Desk fan,"5.95, 11.3, 15.3",Dyson,Dyson Hot+Cool Jet Focus,,https://www.dyson.com.au/dyson-hot-cool-jet-focus-fan-heater-white-silver,Market-ready,ID5_desk_fan_angled.png,,Level3,,2024.0,Face,135.0,90.0,,,The University of Sydney,Australia,Office,Sitting,PT Manikins,Thermal,Female,22.0,TskControl34,25.4,25.2,56.77,0.08,34.0,34.0,34.0,34.0,34.0,34.0,34.0,34.0,34.0,34.0,34.0,34.0,34.0,34.0,34.0,34.0,34.0,55.82000000000001,29.032,32.18,50.1696,43.26,48.9,54.260000000000005,59.7,69.11999999999999,85.25999999999999,83.22,68.87,70.09,68.4,68.36,49.66,48.260000000000005,25.2,25.2,53.54,0.17,34.0,34.0,34.0,34.0,34.0,34.0,34.0,34.0,34.0,34.0,34.0,34.0,34.0,34.0,34.0,34.0,34.0,57.92,50.51299999999999,37.35000000000001,49.3728,35.4,53.96,56.96,68.34,73.14000000000001,103.18,90.08,62.43000000000001,67.7,66.0,67.97999999999999,48.36,47.32000000000001,,-0.0899999999999998,-0.0899999999999998,-0.0899999999999998,-0.0899999999999998,-0.0899999999999998,-0.0899999999999998,-0.0899999999999998,-0.0899999999999998,-0.0899999999999998,-0.0899999999999998,-0.0899999999999998,-0.0899999999999998,-0.0899999999999998,-0.0899999999999998,-0.0899999999999998,-0.0899999999999998,2.0999999999999943,21.480999999999995,5.170000000000005,-0.7967999999999997,-7.859999999999999,5.060000000000002,2.699999999999996,8.64,4.020000000000024,17.92,6.859999999999999,-6.440000000000001,-2.390000000000001,-2.4000000000000057,-0.3800000000000096,-1.3000000000000045,-0.9399999999999976,0.4,0.54,1.44,0.68,0.99,0.71,0.59,0.34,0.16,0.03,0.01,0.15,0.16,0.2,0.24,0.72,0.71
5,Cooling,Convective,Desk fan,"5.95, 11.3, 15.3",Dyson,Dyson Hot+Cool Jet Focus,,https://www.dyson.com.au/dyson-hot-cool-jet-focus-fan-heater-white-silver,Market-ready,ID5_desk_fan_angled.png,,Level5,,2024.0,Face,135.0,90.0,,,The University of Sydney,Australia,Office,Sitting,PT Manikins,Thermal,Female,22.0,TskControl34,25.4,25.2,56.77,0.08,34.0,34.0,34.0,34.0,34.0,34.0,34.0,34.0,34.0,34.0,34.0,34.0,34.0,34.0,34.0,34.0,34.0,55.82000000000001,29.032,32.18,50.1696,43.26,48.9,54.260000000000005,59.7,69.11999999999999,85.25999999999999,83.22,68.87,70.09,68.4,68.36,49.66,48.260000000000005,25.2,25.2,53.19,0.13,34.0,34.0,34.0,34.0,34.0,34.0,34.0,34.0,34.0,34.0,34.0,34.0,34.0,34.0,34.0,34.0,34.0,58.14,56.227,37.31,48.3336,33.3,53.34000000000001,55.48,65.82000000000001,71.58,104.92,91.46,66.04,65.82,65.92,67.61999999999999,47.1,47.28,,-0.0899999999999998,-0.0899999999999998,-0.0899999999999998,-0.0899999999999998,-0.0899999999999998,-0.0899999999999998,-0.0899999999999998,-0.0899999999999998,-0.0899999999999998,-0.0899999999999998,-0.0899999999999998,-0.0899999999999998,-0.0899999999999998,-0.0899999999999998,-0.0899999999999998,-0.0899999999999998,2.319999999999993,27.195,5.129999999999996,-1.8360000000000003,-9.96,4.440000000000012,1.2199999999999918,6.1200000000000045,2.460000000000008,19.66000000000001,8.240000000000009,-2.8299999999999983,-4.270000000000014,-2.480000000000004,-0.7400000000000091,-2.5600000000000094,-0.9800000000000112,0.4,0.54,1.44,0.68,0.99,0.71,0.59,0.34,0.16,0.03,0.01,0.15,0.16,0.2,0.24,0.72,0.71
5,Cooling,Convective,Desk fan,"5.95, 11.3, 15.3",Dyson,Dyson Hot+Cool Jet Focus,,https://www.dyson.com.au/dyson-hot-cool-jet-focus-fan-heater-white-silver,Market-ready,ID5_desk_fan_angled.png,,Level1,,2024.0,Face,135.0,90.0,,,The University of Sydney,Australia,Office,Sitting,PT Manikins,Thermal,Female,22.0,TskControl34,25.4,25.2,56.77,0.08,34.0,34.0,34.0,34.0,34.0,34.0,34.0,34.0,34.0,34.0,34.0,34.0,34.0,34.0,34.0,34.0,34.0,55.82000000000001,29.032,32.18,50.1696,43.26,48.9,54.260000000000005,59.7,69.11999999999999,85.25999999999999,83.22,68.87,70.09,68.4,68.36,49.66,48.260000000000005,25.4,25.4,53.59,0.09,34.0,34.0,34.0,34.0,34.0,34.0,34.0,34.0,34.0,34.0,34.0,34.0,34.0,34.0,34.0,34.0,34.0,56.1,44.284000000000006,34.77,46.692800000000005,32.760000000000005,48.64,53.38000000000001,61.96,69.97999999999999,92.62,86.16,64.55,70.48,67.1,67.46000000000001,48.16,47.24,,0.1099999999999994,0.1099999999999994,0.1099999999999994,0.1099999999999994,0.1099999999999994,0.1099999999999994,0.1099999999999994,0.1099999999999994,0.1099999999999994,0.1099999999999994,0.1099999999999994,0.1099999999999994,0.1099999999999994,0.1099999999999994,0.1099999999999994,0.1099999999999994,0.279999999999994,15.252000000000002,2.59,-3.476799999999998,-10.499999999999991,-0.259999999999998,-0.8799999999999955,2.259999999999991,0.8599999999999994,7.360000000000014,2.9399999999999977,-4.320000000000004,0.3900000000000005,-1.3000000000000114,-0.8999999999999915,-1.5,-1.0200000000000102,0.4,0.54,1.44,0.68,0.99,0.71,0.59,0.34,0.16,0.03,0.01,0.15,0.16,0.2,0.24,0.72,0.71
6,Cooling,Convective,Neck fan,"19.6D, 19.6W, 5.8H",JisuLife,Neck Fan Life3,FA12,https://jisulife.com/en-jp/products/jisulife-bladeless-neck-fan,Market-ready,ID6_neck_fan_front.png,,Level1,46.0,2024.0,"Neck, Face",,,,5.0,The University of Sydney,Australia,Office,Sitting,PT Manikins,Thermal,Female,22.0,TskControl34,25.4,25.2,56.77,0.08,34.0,34.0,34.0,34.0,34.0,34.0,34.0,34.0,34.0,34.0,34.0,34.0,34.0,34.0,34.0,34.0,34.0,55.82000000000001,29.032,32.18,50.1696,43.26,48.9,54.260000000000005,59.7,69.11999999999999,85.25999999999999,83.22,68.87,70.09,68.4,68.36,49.66,48.260000000000005,25.3,25.3,52.88,0.05,34.0,34.0,34.0,34.0,34.0,34.0,34.0,34.0,34.0,34.0,34.0,34.0,34.0,34.0,34.0,34.0,34.0,56.34,50.929,32.260000000000005,48.3952,36.42,47.02,52.64000000000001,62.94,72.52000000000001,97.26,88.47999999999999,63.76,65.87,66.3,67.24,47.33999999999999,46.92,,0.0100000000000015,0.0100000000000015,0.0100000000000015,0.0100000000000015,0.0100000000000015,0.0100000000000015,0.0100000000000015,0.0100000000000015,0.0100000000000015,0.0100000000000015,0.0100000000000015,0.0100000000000015,0.0100000000000015,0.0100000000000015,0.0100000000000015,0.0100000000000015,0.5199999999999889,21.897,0.0800000000000018,-1.774399999999996,-6.839999999999996,-1.8800000000000023,-1.6199999999999974,3.239999999999995,3.40000000000002,12.000000000000014,5.259999999999991,-5.110000000000007,-4.219999999999999,-2.1000000000000085,-1.1200000000000043,-2.3200000000000145,-1.3400000000000034,0.4,0.54,1.44,0.68,0.99,0.71,0.59,0.34,0.16,0.03,0.01,0.15,0.16,0.2,0.24,0.72,0.71
6,Cooling,Convective,Neck fan,"19.6D, 19.6W, 5.8H",JisuLife,Neck Fan Life3,FA12,https://jisulife.com/en-jp/products/jisulife-bladeless-neck-fan,Market-ready,ID6_neck_fan_front.png,,Level3,46.0,2024.0,"Neck, Face",,,,5.0,The University of Sydney,Australia,Office,Sitting,PT Manikins,Thermal,Female,22.0,TskControl34,22.1,22.3,49.02,0.15,34.0,33.987,34.0,34.0,34.0,34.0,34.0,34.0,34.0,34.0,34.0,34.0,34.0,34.0,34.0,34.0,34.0,76.72,47.931,45.0,64.0704,57.65999999999999,68.84,72.14,84.05999999999999,96.18,122.52,113.6,93.0,95.12,93.8,98.56,66.9,66.88,22.1,22.3,39.51,0.24,34.0,34.0,34.0,34.0,34.0,34.0,34.0,34.0,34.0,34.0,34.0,34.0,34.0,34.0,34.0,34.0,34.0,75.97999999999999,76.815,43.55,59.89200000000001,44.0,64.56,73.94000000000001,83.35999999999999,101.54,124.78,110.62,86.68,89.44,89.32,94.86,63.44,64.44,,-0.0100000000000015,-0.0100000000000015,-0.0100000000000025,-0.0100000000000015,-0.0100000000000015,-0.0100000000000015,-0.0100000000000015,-0.0100000000000015,-0.0100000000000015,-0.0100000000000015,-0.0100000000000033,-0.0099999999999997,-0.0100000000000015,-0.0100000000000051,-0.0100000000000015,-0.0100000000000015,-0.7400000000000091,28.883999999999997,-1.4499999999999993,-4.178399999999995,-13.65999999999999,-4.280000000000001,1.8000000000000114,-0.7000000000000028,5.359999999999999,2.259999999999991,-2.9799999999999898,-6.32,-5.680000000000007,-4.480000000000004,-3.6999999999999886,-3.460000000000008,-2.4399999999999977,0.4,0.54,1.44,0.68,0.99,0.71,0.59,0.34,0.16,0.03,0.01,0.15,0.16,0.2,0.24,0.72,0.71
6,Cooling,Convective,Neck fan,"19.6D, 19.6W, 5.8H",JisuLife,Neck Fan Life3,FA12,https://jisulife.com/en-jp/products/jisulife-bladeless-neck-fan,Market-ready,ID6_neck_fan_front.png,,Level3,46.0,2024.0,"Neck, Face",,,,5.0,The University of Sydney,Australia,Office,Sitting,PT Manikins,Thermal,Female,22.0,TskControl34,25.4,25.2,56.77,0.08,34.0,34.0,34.0,34.0,34.0,34.0,34.0,34.0,34.0,34.0,34.0,34.0,34.0,34.0,34.0,34.0,34.0,55.82000000000001,29.032,32.18,50.1696,43.26,48.9,54.260000000000005,59.7,69.11999999999999,85.25999999999999,83.22,68.87,70.09,68.4,68.36,49.66,48.260000000000005,25.3,25.2,52.2,0.0,34.0,34.0,34.0,34.0,34.0,34.0,34.0,34.0,34.0,34.0,34.0,34.0,34.0,34.0,34.0,34.0,34.0,56.24,59.237,32.260000000000005,45.852,33.14,47.06,53.42,60.46,70.3,91.14,88.8,63.92000000000001,65.3,66.74,66.9,47.0,46.5,,-0.0899999999999998,-0.0899999999999998,-0.0899999999999998,-0.0899999999999998,-0.0899999999999998,-0.0899999999999998,-0.0899999999999998,-0.0899999999999998,-0.0899999999999998,-0.0899999999999998,-0.0899999999999998,-0.0899999999999998,-0.0899999999999998,-0.0899999999999998,-0.0899999999999998,-0.0899999999999998,0.4199999999999875,30.205000000000005,0.0800000000000036,-4.317599999999993,-10.119999999999996,-1.8399999999999963,-0.8400000000000034,0.759999999999998,1.1800000000000068,5.880000000000024,5.579999999999998,-4.949999999999996,-4.790000000000003,-1.6600000000000108,-1.4599999999999935,-2.660000000000004,-1.7600000000000051,0.4,0.54,1.44,0.68,0.99,0.71,0.59,0.34,0.16,0.03,0.01,0.15,0.16,0.2,0.24,0.72,0.71
6,Cooling,Convective,Neck fan,"19.6D, 19.6W, 5.8H",JisuLife,Neck Fan Life3,FA12,https://jisulife.com/en-jp/products/jisulife-bladeless-neck-fan,Market-ready,ID6_neck_fan_front.png,,Level5,46.0,2024.0,"Neck, Face",,,,5.0,The University of Sydney,Australia,Office,Sitting,PT Manikins,Thermal,Female,22.0,TskControl34,25.4,25.2,56.77,0.08,34.0,34.0,34.0,34.0,34.0,34.0,34.0,34.0,34.0,34.0,34.0,34.0,34.0,34.0,34.0,34.0,34.0,55.82000000000001,29.032,32.18,50.1696,43.26,48.9,54.260000000000005,59.7,69.11999999999999,85.25999999999999,83.22,68.87,70.09,68.4,68.36,49.66,48.260000000000005,25.3,25.3,52.2,0.09,34.0,34.0,34.0,34.0,34.0,34.0,34.0,34.0,34.0,34.0,34.0,34.0,34.0,34.0,34.0,34.0,34.0,56.64,64.08,32.81,45.7608,31.92,49.34,52.9,61.2,70.97999999999999,88.82,88.2,65.1,64.6,65.34,66.72,46.84,45.88,,0.0100000000000015,0.0100000000000015,0.0100000000000015,0.0100000000000015,0.0100000000000015,0.0100000000000015,0.0100000000000015,0.0100000000000015,0.0100000000000015,0.0100000000000015,0.0100000000000015,0.0100000000000015,0.0100000000000015,0.0100000000000015,0.0100000000000015,0.0100000000000015,0.8199999999999932,35.047999999999995,0.629999999999999,-4.408799999999998,-11.34,0.4400000000000048,-1.3600000000000063,1.5,1.8599999999999997,3.5600000000000023,4.980000000000004,-3.770000000000007,-5.490000000000009,-3.0600000000000023,-1.6400000000000006,-2.8200000000000074,-2.3800000000000026,0.4,0.54,1.44,0.68,0.99,0.71,0.59,0.34,0.16,0.03,0.01,0.15,0.16,0.2,0.24,0.72,0.71
6,Cooling,Convective,Neck fan,"19.6D, 19.6W, 5.8H",JisuLife,Neck Fan Life3,FA12,https://jisulife.com/en-jp/products/jisulife-bladeless-neck-fan,Market-ready,ID6_neck_fan_front.png,,Level5,46.0,2024.0,"Neck, Face",,,,5.0,The University of Sydney,Australia,Office,Sitting,PT Manikins,Thermal,Female,22.0,TskControl34,22.1,22.3,49.02,0.15,34.0,33.987,34.0,34.0,34.0,34.0,34.0,34.0,34.0,34.0,34.0,34.0,34.0,34.0,34.0,34.0,34.0,76.72,47.931,45.0,64.0704,57.65999999999999,68.84,72.14,84.05999999999999,96.18,122.52,113.6,93.0,95.12,93.8,98.56,66.9,66.88,22.1,22.2,37.15,0.07,34.0,33.881,34.0,34.0,34.0,34.0,34.0,34.0,34.0,34.0,34.0,34.0,34.0,34.0,34.0,34.0,34.0,76.92,85.13,45.25,59.2392,44.440000000000005,64.38,74.12,84.18,104.26,123.81999999999998,113.1,86.99000000000001,89.07,89.04,94.5,64.62,64.0,,-0.0400000000000027,-0.0400000000000027,-0.0400000000000037,-0.0400000000000027,-0.0400000000000027,-0.0400000000000027,-0.0400000000000027,-0.0400000000000027,-0.0400000000000027,-0.0400000000000027,-0.0400000000000044,-0.0400000000000009,-0.0400000000000027,-0.0400000000000062,-0.0400000000000027,-0.0400000000000027,0.2000000000000028,37.199,0.25,-4.831199999999996,-13.219999999999985,-4.460000000000008,1.980000000000004,0.1200000000000187,8.079999999999998,1.2999999999999687,-0.5,-6.009999999999998,-6.049999999999997,-4.759999999999991,-4.060000000000002,-2.280000000000001,-2.8799999999999955,0.4,0.54,1.44,0.68,0.99,0.71,0.59,0.34,0.16,0.03,0.01,0.15,0.16,0.2,0.24,0.72,0.71
6,Cooling,Convective,Neck fan,"19.6D, 19.6W, 5.8H",JisuLife,Neck Fan Life3,FA12,https://jisulife.com/en-jp/products/jisulife-bladeless-neck-fan,Market-ready,ID6_neck_fan_front.png,,Level1,46.0,2024.0,"Neck, Face",,,,5.0,The University of Sydney,Australia,Office,Sitting,PT Manikins,Thermal,Female,22.0,TskControl34,22.1,22.3,49.02,0.15,34.0,33.987,34.0,34.0,34.0,34.0,34.0,34.0,34.0,34.0,34.0,34.0,34.0,34.0,34.0,34.0,34.0,76.72,47.931,45.0,64.0704,57.65999999999999,68.84,72.14,84.05999999999999,96.18,122.52,113.6,93.0,95.12,93.8,98.56,66.9,66.88,22.1,22.2,31.23,0.07,34.0,34.0,34.0,34.0,34.0,34.0,34.0,34.0,34.0,34.0,34.0,34.0,34.0,34.0,34.0,34.0,34.0,75.22,63.826,42.45,59.9072,46.16,64.93999999999998,75.74,82.94000000000001,103.94,125.62,115.23999999999998,87.38999999999999,88.85,90.0,94.54,66.02000000000001,64.24,,-0.0400000000000027,-0.0400000000000027,-0.0400000000000037,-0.0400000000000027,-0.0400000000000027,-0.0400000000000027,-0.0400000000000027,-0.0400000000000027,-0.0400000000000027,-0.0400000000000027,-0.0400000000000044,-0.0400000000000009,-0.0400000000000027,-0.0400000000000062,-0.0400000000000027,-0.0400000000000027,-1.5,15.895,-2.549999999999997,-4.1632,-11.499999999999986,-3.90000000000002,3.5999999999999943,-1.119999999999976,7.760000000000019,3.0999999999999943,1.6399999999999864,-5.610000000000007,-6.270000000000003,-3.799999999999997,-4.019999999999996,-0.8799999999999955,-2.640000000000001,0.4,0.54,1.44,0.68,0.99,0.71,0.59,0.34,0.16,0.03,0.01,0.15,0.16,0.2,0.24,0.72,0.71
7,Cooling,Convective,Handhend fan,"4D, 8.5W, 16.4H",JisuLife,FA20X,20x,,Market-ready,ID7_handheld_fan_angled.png,,High,,2024.0,Face,90.0,60.0,,5.0,The University of Sydney,Australia,Office,Sitting,PT Manikins,Thermal,Female,22.0,TskControl34,22.1,22.3,49.02,0.15,34.0,33.987,34.0,34.0,34.0,34.0,34.0,34.0,34.0,34.0,34.0,34.0,34.0,34.0,34.0,34.0,34.0,76.72,47.931,45.0,64.0704,57.65999999999999,68.84,72.14,84.05999999999999,96.18,122.52,113.6,93.0,95.12,93.8,98.56,66.9,66.88,22.3,22.3,37.98,0.09,34.0,33.678,34.0,34.0,34.0,34.0,34.0,34.0,34.0,34.0,34.0,34.0,34.0,34.0,34.0,34.0,34.0,77.34,94.913,40.03,59.9472,44.28,64.46,72.14000000000001,80.91999999999999,103.34,117.9,117.66,88.85,89.35,89.74000000000001,93.1,63.6,64.24000000000001,,0.1099999999999981,0.1099999999999994,0.1099999999999984,0.1099999999999994,0.1099999999999994,0.1099999999999994,0.1099999999999994,0.1099999999999958,0.1099999999999994,0.1099999999999994,0.1099999999999976,0.1100000000000012,0.1099999999999994,0.1099999999999958,0.1099999999999994,0.1099999999999994,0.6200000000000045,46.982,-4.969999999999999,-4.1232,-13.379999999999995,-4.38000000000001,1.4210854715202004e-14,-3.140000000000001,7.159999999999997,-4.6200000000000045,4.060000000000002,-4.149999999999999,-5.770000000000003,-4.059999999999988,-5.45999999999998,-3.3000000000000043,-2.6399999999999864,0.4,0.54,1.44,0.68,0.99,0.71,0.59,0.34,0.16,0.03,0.01,0.15,0.16,0.2,0.24,0.72,0.71
7,Cooling,Convective,Handhend fan,"4D, 8.5W, 16.4H",JisuLife,FA20X,20x,,Market-ready,ID7_handheld_fan_angled.png,,Mid,,2024.0,Face,90.0,60.0,,5.0,The University of Sydney,Australia,Office,Sitting,PT Manikins,Thermal,Female,22.0,TskControl34,22.1,22.3,49.02,0.15,34.0,33.987,34.0,34.0,34.0,34.0,34.0,34.0,34.0,34.0,34.0,34.0,34.0,34.0,34.0,34.0,34.0,76.72,47.931,45.0,64.0704,57.65999999999999,68.84,72.14,84.05999999999999,96.18,122.52,113.6,93.0,95.12,93.8,98.56,66.9,66.88,22.2,22.3,39.01,0.02,34.0,34.0,34.0,34.0,34.0,34.0,34.0,34.0,34.0,34.0,34.0,34.0,34.0,34.0,34.0,34.0,34.0,75.96000000000001,81.64499999999998,39.92,58.839200000000005,43.86,63.06,72.61999999999999,81.14000000000001,105.82,121.46,119.96,88.03,88.89,89.35999999999999,93.14,63.28000000000001,63.67999999999999,,0.0799999999999983,0.0799999999999983,0.0799999999999963,0.0799999999999983,0.0799999999999983,0.0799999999999983,0.0799999999999983,0.0799999999999983,0.0799999999999983,0.0799999999999983,0.0799999999999965,0.08,0.0799999999999983,0.0799999999999947,0.0799999999999983,0.0799999999999983,-0.7599999999999909,33.71399999999999,-5.080000000000002,-5.231199999999991,-13.79999999999999,-5.780000000000001,0.4799999999999897,-2.9199999999999733,9.640000000000017,-1.0600000000000165,6.360000000000014,-4.969999999999992,-6.229999999999997,-4.440000000000012,-5.419999999999988,-3.619999999999997,-3.200000000000003,0.4,0.54,1.44,0.68,0.99,0.71,0.59,0.34,0.16,0.03,0.01,0.15,0.16,0.2,0.24,0.72,0.71
7,Cooling,Convective,Handhend fan,"4D, 8.5W, 16.4H",JisuLife,FA20X,20x,,Market-ready,ID7_handheld_fan_angled.png,,Low,,2024.0,Face,90.0,60.0,,5.0,The University of Sydney,Australia,Office,Sitting,PT Manikins,Thermal,Female,22.0,TskControl34,22.1,22.3,49.02,0.15,34.0,33.987,34.0,34.0,34.0,34.0,34.0,34.0,34.0,34.0,34.0,34.0,34.0,34.0,34.0,34.0,34.0,76.72,47.931,45.0,64.0704,57.65999999999999,68.84,72.14,84.05999999999999,96.18,122.52,113.6,93.0,95.12,93.8,98.56,66.9,66.88,22.2,22.2,42.61,0.0,34.0,34.0,34.0,34.0,34.0,34.0,34.0,34.0,34.0,34.0,34.0,34.0,34.0,34.0,34.0,34.0,34.0,75.44000000000001,70.07399999999998,40.01,59.3224,45.16,63.61999999999999,73.26,82.6,106.3,123.86,119.5,90.66,88.81,88.94000000000001,92.36,63.220000000000006,63.7,,0.009999999999998,0.009999999999998,0.009999999999997,0.009999999999998,0.009999999999998,0.009999999999998,0.009999999999998,0.009999999999998,0.009999999999998,0.009999999999998,0.0099999999999962,0.0099999999999997,0.009999999999998,0.0099999999999944,0.009999999999998,0.009999999999998,-1.279999999999987,22.14299999999999,-4.990000000000002,-4.748000000000003,-12.499999999999986,-5.220000000000013,1.1200000000000043,-1.4599999999999935,10.120000000000005,1.339999999999975,5.900000000000006,-2.3400000000000034,-6.310000000000002,-4.859999999999985,-6.199999999999989,-3.68,-3.1799999999999926,0.4,0.54,1.44,0.68,0.99,0.71,0.59,0.34,0.16,0.03,0.01,0.15,0.16,0.2,0.24,0.72,0.71
7,Cooling,Convective,Handhend fan,"4D, 8.5W, 16.4H",JisuLife,FA20X,20x,,Market-ready,ID7_handheld_fan_angled.png,,Level1,,2024.0,Face,90.0,60.0,,5.0,The University of Sydney,Australia,Office,Sitting,PT Manikins,Thermal,Female,22.0,TskControl34,25.4,25.4,52.23,0.1,34.0,34.0,34.0,34.0,34.0,34.0,34.0,34.0,34.0,34.0,34.0,34.0,34.0,34.0,34.0,34.0,34.0,58.67999999999999,30.248,35.56,51.1112,47.92,49.42,56.84,60.81999999999999,68.94,95.72,84.4,69.36000000000001,77.35,72.92,76.22,49.58,48.7,25.3,25.4,52.2,0.05,34.0,34.0,34.0,34.0,34.0,34.0,34.0,34.0,34.0,34.0,34.0,34.0,34.0,34.0,34.0,34.0,34.0,59.720000000000006,58.52799999999999,34.11,49.1024,43.56,47.96,56.58,61.92,71.74000000000001,94.52,87.17999999999999,66.91,73.97999999999999,71.46000000000001,74.1,48.32,47.64,,-0.0399999999999991,-0.0399999999999991,-0.0399999999999991,-0.0399999999999991,-0.0399999999999991,-0.0399999999999991,-0.0399999999999991,-0.0399999999999991,-0.0399999999999991,-0.0399999999999991,-0.0399999999999991,-0.0399999999999991,-0.0399999999999991,-0.0399999999999991,-0.0399999999999991,-0.0399999999999991,1.0400000000000134,28.28,-1.4499999999999993,-2.0088000000000004,-4.360000000000007,-1.4599999999999935,-0.259999999999998,1.1000000000000083,2.800000000000012,-1.1999999999999886,2.779999999999987,-2.450000000000003,-3.369999999999997,-1.4599999999999935,-2.1200000000000045,-1.259999999999998,-1.0600000000000025,0.4,0.54,1.44,0.68,0.99,0.71,0.59,0.34,0.16,0.03,0.01,0.15,0.16,0.2,0.24,0.72,0.71
7,Cooling,Convective,Handhend fan,"4D, 8.5W, 16.4H",JisuLife,FA20X,20x,,Market-ready,ID7_handheld_fan_angled.png,,Level3,,2024.0,Face,90.0,60.0,,5.0,The University of Sydney,Australia,Office,Sitting,PT Manikins,Thermal,Female,22.0,TskControl34,25.4,25.4,52.23,0.1,34.0,34.0,34.0,34.0,34.0,34.0,34.0,34.0,34.0,34.0,34.0,34.0,34.0,34.0,34.0,34.0,34.0,58.67999999999999,30.248,35.56,51.1112,47.92,49.42,56.84,60.81999999999999,68.94,95.72,84.4,69.36000000000001,77.35,72.92,76.22,49.58,48.7,25.2,25.3,51.5,0.07,34.0,34.0,34.0,34.0,34.0,34.0,34.0,34.0,34.0,34.0,34.0,34.0,34.0,34.0,34.0,34.0,34.0,59.94,70.79899999999999,33.06,48.456,38.16,47.94,56.1,62.4,73.47999999999999,98.34,91.06,65.94999999999999,71.92999999999999,68.66,71.16,47.56,48.04,,-0.1499999999999985,-0.1499999999999985,-0.1499999999999985,-0.1499999999999985,-0.1499999999999985,-0.1499999999999985,-0.1499999999999985,-0.1499999999999985,-0.1499999999999985,-0.1499999999999985,-0.1499999999999985,-0.1499999999999985,-0.1499999999999985,-0.1499999999999985,-0.1499999999999985,-0.1499999999999985,1.2600000000000051,40.551,-2.5000000000000018,-2.6552,-9.759999999999998,-1.4799999999999969,-0.7399999999999949,1.5800000000000054,4.539999999999992,2.6200000000000045,6.659999999999982,-3.410000000000011,-5.420000000000002,-4.260000000000005,-5.060000000000002,-2.019999999999996,-0.6600000000000037,0.4,0.54,1.44,0.68,0.99,0.71,0.59,0.34,0.16,0.03,0.01,0.15,0.16,0.2,0.24,0.72,0.71
7,Cooling,Convective,Handhend fan,"4D, 8.5W, 16.4H",JisuLife,FA20X,20x,,Market-ready,ID7_handheld_fan_angled.png,,Level2,,2024.0,Face,90.0,60.0,,5.0,The University of Sydney,Australia,Office,Sitting,PT Manikins,Thermal,Female,22.0,TskControl34,25.4,25.4,52.23,0.1,34.0,34.0,34.0,34.0,34.0,34.0,34.0,34.0,34.0,34.0,34.0,34.0,34.0,34.0,34.0,34.0,34.0,58.67999999999999,30.248,35.56,51.1112,47.92,49.42,56.84,60.81999999999999,68.94,95.72,84.4,69.36000000000001,77.35,72.92,76.22,49.58,48.7,25.2,25.4,52.17,0.13,34.0,34.0,34.0,34.0,34.0,34.0,34.0,34.0,34.0,34.0,34.0,34.0,34.0,34.0,34.0,34.0,34.0,60.3,66.19699999999999,34.48,48.896,40.96,48.22,56.28000000000001,62.260000000000005,72.02000000000001,97.9,90.64,66.12,72.80000000000001,71.46,73.96000000000001,49.08,48.0,,-0.1099999999999994,-0.1099999999999994,-0.1099999999999994,-0.1099999999999994,-0.1099999999999994,-0.1099999999999994,-0.1099999999999994,-0.1099999999999994,-0.1099999999999994,-0.1099999999999994,-0.1099999999999994,-0.1099999999999994,-0.1099999999999994,-0.1099999999999994,-0.1099999999999994,-0.1099999999999994,1.6200000000000043,35.948999999999984,-1.0800000000000054,-2.215199999999998,-6.960000000000001,-1.1999999999999955,-0.5599999999999881,1.440000000000012,3.0800000000000125,2.180000000000007,6.239999999999981,-3.240000000000005,-4.54999999999999,-1.460000000000008,-2.259999999999991,-0.5,-0.7000000000000028,0.4,0.54,1.44,0.68,0.99,0.71,0.59,0.34,0.16,0.03,0.01,0.15,0.16,0.2,0.24,0.72,0.71
8,Cooling,Convective,Standing fan,"17.8D, 29.8W , 98.3H",Dyson,Dyson Cool tower fan,,https://www.dyson.com.au/dyson-cool-tower-fan-white-silver,Market-ready,ID8_standing_fan_front.png,,Level8,,2024.0,Trunk,180.0,150.0,,56.0,The University of Sydney,Australia,Office,Sitting,PT Manikins,Thermal,Female,22.0,TskControl34,25.4,25.2,56.77,0.08,34.0,34.0,34.0,34.0,34.0,34.0,34.0,34.0,34.0,34.0,34.0,34.0,34.0,34.0,34.0,34.0,34.0,55.82000000000001,29.032,32.18,50.1696,43.26,48.9,54.260000000000005,59.7,69.11999999999999,85.25999999999999,83.22,68.87,70.09,68.4,68.36,49.66,48.260000000000005,25.2,25.1,53.88,0.07,34.0,34.0,34.0,34.0,34.0,34.0,34.0,34.0,34.0,34.0,34.0,34.0,34.0,34.0,34.0,34.0,34.0,86.55999999999999,40.68899999999999,48.46000000000001,77.0544,51.24000000000001,90.76000000000002,71.94,127.1,119.78,159.66000000000005,140.98,132.57,109.76,87.56,81.36,47.24,47.22,,-0.1400000000000005,-0.1400000000000005,-0.1400000000000005,-0.1400000000000005,-0.1400000000000005,-0.1400000000000005,-0.1400000000000005,-0.1400000000000005,-0.1400000000000005,-0.1400000000000005,-0.1400000000000005,-0.1400000000000005,-0.1400000000000005,-0.1400000000000005,-0.1400000000000005,-0.1400000000000005,30.73999999999998,11.657,16.280000000000005,26.8848,7.980000000000011,41.86000000000002,17.679999999999993,67.39999999999999,50.66000000000001,74.40000000000003,57.75999999999999,63.69999999999999,39.66999999999999,19.16,13.0,-2.420000000000009,-1.0400000000000065,0.4,0.54,1.44,0.68,0.99,0.71,0.59,0.34,0.16,0.03,0.01,0.15,0.16,0.2,0.24,0.72,0.71
8,Cooling,Convective,Standing fan,"17.8D, 29.8W , 98.3H",Dyson,Dyson Cool tower fan,,https://www.dyson.com.au/dyson-cool-tower-fan-white-silver,Market-ready,ID8_standing_fan_front.png,,Level8,,2024.0,Trunk,225.0,150.0,,56.0,The University of Sydney,Australia,Office,Sitting,PT Manikins,Thermal,Female,22.0,TskControl34,25.4,25.2,56.77,0.08,34.0,34.0,34.0,34.0,34.0,34.0,34.0,34.0,34.0,34.0,34.0,34.0,34.0,34.0,34.0,34.0,34.0,55.82000000000001,29.032,32.18,50.1696,43.26,48.9,54.260000000000005,59.7,69.11999999999999,85.25999999999999,83.22,68.87,70.09,68.4,68.36,49.66,48.260000000000005,24.9,24.9,54.15,0.0,34.0,34.0,34.0,34.0,34.0,34.0,34.0,34.0,34.0,33.94,34.0,34.0,34.0,34.0,34.0,34.0,34.0,88.46000000000001,43.773,44.6,79.10320000000002,53.42,87.7,67.7,122.42,124.22,202.8,191.72,122.07,105.92,94.76,94.08,48.76,47.32000000000001,,-0.3900000000000005,-0.3900000000000005,-0.3900000000000005,-0.3900000000000005,-0.3900000000000005,-0.3900000000000005,-0.3900000000000005,-0.3900000000000005,-0.3900000000000005,-0.3900000000000005,-0.3900000000000005,-0.3900000000000005,-0.3900000000000005,-0.3900000000000005,-0.3900000000000005,-0.3900000000000005,32.64,14.741000000000003,12.419999999999998,28.93360000000001,10.159999999999997,38.8,13.439999999999998,62.72,55.10000000000001,117.54000000000002,108.49999999999996,53.19999999999999,35.82999999999999,26.36,25.72,-0.9000000000000057,-0.9399999999999976,0.4,0.54,1.44,0.68,0.99,0.71,0.59,0.34,0.16,0.03,0.01,0.15,0.16,0.2,0.24,0.72,0.71
8,Cooling,Convective,Standing fan,"17.8D, 29.8W , 98.3H",Dyson,Dyson Cool tower fan,,https://www.dyson.com.au/dyson-cool-tower-fan-white-silver,Market-ready,ID8_standing_fan_front.png,,Level5,,2024.0,Trunk,270.0,150.0,,56.0,The University of Sydney,Australia,Office,Sitting,PT Manikins,Thermal,Female,22.0,TskControl34,25.4,25.2,56.77,0.08,34.0,34.0,34.0,34.0,34.0,34.0,34.0,34.0,34.0,34.0,34.0,34.0,34.0,34.0,34.0,34.0,34.0,55.82000000000001,29.032,32.18,50.1696,43.26,48.9,54.260000000000005,59.7,69.11999999999999,85.25999999999999,83.22,68.87,70.09,68.4,68.36,49.66,48.260000000000005,25.2,25.2,52.85,0.11,34.0,34.0,34.0,34.0,34.0,34.0,34.0,34.0,34.0,34.0,34.0,34.0,34.0,34.0,34.0,34.0,34.0,75.17999999999999,46.082,38.92,86.6208,43.4,67.05999999999999,68.4,74.46,84.74000000000001,108.84,97.34,88.48,87.76,96.88,94.62,54.86,51.44,,-0.0899999999999998,-0.0899999999999998,-0.0899999999999998,-0.0899999999999998,-0.0899999999999998,-0.0899999999999998,-0.0899999999999998,-0.0899999999999998,-0.0899999999999998,-0.0899999999999998,-0.0899999999999998,-0.0899999999999998,-0.0899999999999998,-0.0899999999999998,-0.0899999999999998,-0.0899999999999998,19.359999999999985,17.049999999999997,6.739999999999998,36.4512,0.1400000000000005,18.15999999999999,14.14,14.759999999999993,15.62000000000002,23.58,14.120000000000005,19.61,17.67,28.480000000000004,26.260000000000005,5.199999999999996,3.1799999999999926,0.4,0.54,1.44,0.68,0.99,0.71,0.59,0.34,0.16,0.03,0.01,0.15,0.16,0.2,0.24,0.72,0.71
8,Cooling,Convective,Standing fan,"17.8D, 29.8W , 98.3H",Dyson,Dyson Cool tower fan,,https://www.dyson.com.au/dyson-cool-tower-fan-white-silver,Market-ready,ID8_standing_fan_front.png,,Level8,,2024.0,Trunk,270.0,150.0,,56.0,The University of Sydney,Australia,Office,Sitting,PT Manikins,Thermal,Female,22.0,TskControl34,25.4,25.2,56.77,0.08,34.0,34.0,34.0,34.0,34.0,34.0,34.0,34.0,34.0,34.0,34.0,34.0,34.0,34.0,34.0,34.0,34.0,55.82000000000001,29.032,32.18,50.1696,43.26,48.9,54.260000000000005,59.7,69.11999999999999,85.25999999999999,83.22,68.87,70.09,68.4,68.36,49.66,48.260000000000005,25.3,25.3,52.54,0.09,34.0,34.0,34.0,34.0,34.0,34.0,34.0,34.0,34.0,34.0,34.0,34.0,34.0,34.0,34.0,34.0,34.0,83.14,49.58899999999999,42.96,96.06320000000002,48.7,69.67999999999999,72.3,79.16,93.32,113.3,110.3,100.34,100.96,108.64,105.18000000000002,56.620000000000005,53.7,,0.0100000000000015,0.0100000000000015,0.0100000000000015,0.0100000000000015,0.0100000000000015,0.0100000000000015,0.0100000000000015,0.0100000000000015,0.0100000000000015,0.0100000000000015,0.0100000000000015,0.0100000000000015,0.0100000000000015,0.0100000000000015,0.0100000000000015,0.0100000000000015,27.319999999999997,20.556999999999995,10.78,45.89360000000002,5.440000000000005,20.779999999999998,18.039999999999992,19.459999999999997,24.200000000000017,28.040000000000006,27.08,31.47,30.87,40.24000000000001,36.82000000000002,6.960000000000001,5.439999999999998,0.4,0.54,1.44,0.68,0.99,0.71,0.59,0.34,0.16,0.03,0.01,0.15,0.16,0.2,0.24,0.72,0.71
8,Cooling,Convective,Standing fan,"17.8D, 29.8W , 98.3H",Dyson,Dyson Cool tower fan,,https://www.dyson.com.au/dyson-cool-tower-fan-white-silver,Market-ready,ID8_standing_fan_front.png,,Level1,,2024.0,Trunk,225.0,150.0,,56.0,The University of Sydney,Australia,Office,Sitting,PT Manikins,Thermal,Female,22.0,TskControl34,25.4,25.2,56.77,0.08,34.0,34.0,34.0,34.0,34.0,34.0,34.0,34.0,34.0,34.0,34.0,34.0,34.0,34.0,34.0,34.0,34.0,55.82000000000001,29.032,32.18,50.1696,43.26,48.9,54.260000000000005,59.7,69.11999999999999,85.25999999999999,83.22,68.87,70.09,68.4,68.36,49.66,48.260000000000005,25.3,25.3,53.22,0.05,34.0,34.0,34.0,34.0,34.0,34.0,34.0,34.0,34.0,34.0,34.0,34.0,34.0,34.0,34.0,34.0,34.0,61.1,34.631,33.28,59.9016,36.67999999999999,66.0,49.98,84.92,80.3,113.34,97.38,78.36,71.25999999999999,66.3,63.78000000000001,47.1,43.66,,0.0100000000000015,0.0100000000000015,0.0100000000000015,0.0100000000000015,0.0100000000000015,0.0100000000000015,0.0100000000000015,0.0100000000000015,0.0100000000000015,0.0100000000000015,0.0100000000000015,0.0100000000000015,0.0100000000000015,0.0100000000000015,0.0100000000000015,0.0100000000000015,5.279999999999994,5.599000000000001,1.0999999999999996,9.732,-6.580000000000005,17.1,-4.280000000000008,25.22,11.180000000000009,28.080000000000013,14.159999999999997,9.489999999999997,1.1699999999999875,-2.1000000000000085,-4.579999999999991,-2.5600000000000094,-4.600000000000001,0.4,0.54,1.44,0.68,0.99,0.71,0.59,0.34,0.16,0.03,0.01,0.15,0.16,0.2,0.24,0.72,0.71
8,Cooling,Convective,Standing fan,"17.8D, 29.8W , 98.3H",Dyson,Dyson Cool tower fan,,https://www.dyson.com.au/dyson-cool-tower-fan-white-silver,Market-ready,ID8_standing_fan_front.png,,Level1,,2024.0,Trunk,270.0,150.0,,56.0,The University of Sydney,Australia,Office,Sitting,PT Manikins,Thermal,Female,22.0,TskControl34,22.1,22.3,49.02,0.15,34.0,33.987,34.0,34.0,34.0,34.0,34.0,34.0,34.0,34.0,34.0,34.0,34.0,34.0,34.0,34.0,34.0,76.72,47.931,45.0,64.0704,57.65999999999999,68.84,72.14,84.05999999999999,96.18,122.52,113.6,93.0,95.12,93.8,98.56,66.9,66.88,22.1,22.2,34.67,0.07,34.0,34.0,34.0,34.0,34.0,34.0,34.0,34.0,34.0,34.0,34.0,34.0,34.0,34.0,34.0,34.0,34.0,78.7,47.702,39.31,81.5224,48.120000000000005,68.19999999999999,81.08,84.34,103.72,129.94,115.34,90.07,93.97,90.72,98.28,64.05999999999999,65.03999999999999,,-0.0400000000000027,-0.0400000000000027,-0.0400000000000037,-0.0400000000000027,-0.0400000000000027,-0.0400000000000027,-0.0400000000000027,-0.0400000000000027,-0.0400000000000027,-0.0400000000000027,-0.0400000000000044,-0.0400000000000009,-0.0400000000000027,-0.0400000000000062,-0.0400000000000027,-0.0400000000000027,1.980000000000004,-0.2289999999999965,-5.689999999999998,17.452000000000005,-9.539999999999983,-0.6400000000000148,8.939999999999998,0.2800000000000153,7.540000000000006,7.4199999999999875,1.7399999999999949,-2.930000000000007,-1.1499999999999917,-3.0799999999999983,-0.2799999999999869,-2.8400000000000176,-1.8400000000000036,0.4,0.54,1.44,0.68,0.99,0.71,0.59,0.34,0.16,0.03,0.01,0.15,0.16,0.2,0.24,0.72,0.71
8,Cooling,Convective,Standing fan,"17.8D, 29.8W , 98.3H",Dyson,Dyson Cool tower fan,,https://www.dyson.com.au/dyson-cool-tower-fan-white-silver,Market-ready,ID8_standing_fan_front.png,,Level10,,2024.0,Trunk,270.0,150.0,,56.0,The University of Sydney,Australia,Office,Sitting,PT Manikins,Thermal,Female,22.0,TskControl34,22.1,22.3,49.02,0.15,34.0,33.987,34.0,34.0,34.0,34.0,34.0,34.0,34.0,34.0,34.0,34.0,34.0,34.0,34.0,34.0,34.0,76.72,47.931,45.0,64.0704,57.65999999999999,68.84,72.14,84.05999999999999,96.18,122.52,113.6,93.0,95.12,93.8,98.56,66.9,66.88,22.0,22.3,45.22,0.09,34.0,34.0,34.0,34.0,34.0,34.0,34.0,34.0,34.0,34.0,34.0,34.0,34.0,34.0,34.0,34.0,34.0,106.78,67.25800000000001,50.13,115.4416,64.08,89.55999999999999,107.16,108.73999999999998,129.04000000000002,158.42000000000002,138.54,131.88,128.47,131.6,138.64,69.62,70.42,,-0.0400000000000027,-0.0400000000000027,-0.0400000000000037,-0.0400000000000027,-0.0400000000000027,-0.0400000000000027,-0.0400000000000027,-0.0400000000000027,-0.0400000000000027,-0.0400000000000027,-0.0400000000000044,-0.0400000000000009,-0.0400000000000027,-0.0400000000000062,-0.0400000000000027,-0.0400000000000027,30.06,19.327,5.130000000000003,51.3712,6.420000000000009,20.719999999999985,35.02000000000001,24.679999999999996,32.86000000000003,35.900000000000006,24.94,38.88000000000001,33.349999999999994,37.8,40.08000000000003,2.719999999999999,3.5400000000000063,0.4,0.54,1.44,0.68,0.99,0.71,0.59,0.34,0.16,0.03,0.01,0.15,0.16,0.2,0.24,0.72,0.71
8,Cooling,Convective,Standing fan,"17.8D, 29.8W , 98.3H",Dyson,Dyson Cool tower fan,,https://www.dyson.com.au/dyson-cool-tower-fan-white-silver,Market-ready,ID8_standing_fan_front.png,,Level5,,2024.0,Trunk,270.0,150.0,,56.0,The University of Sydney,Australia,Office,Sitting,PT Manikins,Thermal,Female,22.0,TskControl34,22.1,22.3,49.02,0.15,34.0,33.987,34.0,34.0,34.0,34.0,34.0,34.0,34.0,34.0,34.0,34.0,34.0,34.0,34.0,34.0,34.0,76.72,47.931,45.0,64.0704,57.65999999999999,68.84,72.14,84.05999999999999,96.18,122.52,113.6,93.0,95.12,93.8,98.56,66.9,66.88,21.9,22.2,43.1,0.12,34.0,34.0,34.0,34.0,34.0,34.0,34.0,34.0,34.0,34.0,34.0,34.0,34.0,34.0,34.0,34.0,34.0,97.6,63.223,48.28,105.8392,54.3,85.9,94.74,99.36,114.34,157.94,142.48,117.17,116.18,116.32,122.48,66.4,66.91999999999999,,-0.1500000000000021,-0.1500000000000021,-0.1500000000000031,-0.1500000000000021,-0.1500000000000021,-0.1500000000000021,-0.1500000000000021,-0.1500000000000021,-0.1500000000000021,-0.1500000000000021,-0.1500000000000039,-0.1500000000000003,-0.1500000000000021,-0.1500000000000056,-0.1500000000000021,-0.1500000000000021,20.879999999999995,15.291999999999994,3.280000000000001,41.76880000000001,-3.3599999999999923,17.060000000000002,22.60000000000001,15.299999999999995,18.16000000000001,35.41999999999999,28.879999999999995,24.169999999999995,21.059999999999995,22.52000000000001,23.92,-0.5,0.039999999999992,0.4,0.54,1.44,0.68,0.99,0.71,0.59,0.34,0.16,0.03,0.01,0.15,0.16,0.2,0.24,0.72,0.71
8,Cooling,Convective,Standing fan,"17.8D, 29.8W , 98.3H",Dyson,Dyson Cool tower fan,,https://www.dyson.com.au/dyson-cool-tower-fan-white-silver,Market-ready,ID8_standing_fan_front.png,,Level8,,2024.0,Trunk,270.0,150.0,,56.0,The University of Sydney,Australia,Office,Sitting,PT Manikins,Thermal,Female,22.0,TskControl34,22.1,22.3,49.02,0.15,34.0,33.987,34.0,34.0,34.0,34.0,34.0,34.0,34.0,34.0,34.0,34.0,34.0,34.0,34.0,34.0,34.0,76.72,47.931,45.0,64.0704,57.65999999999999,68.84,72.14,84.05999999999999,96.18,122.52,113.6,93.0,95.12,93.8,98.56,66.9,66.88,21.9,22.2,44.28,0.06,34.0,34.0,34.0,34.0,34.0,34.0,34.0,34.0,34.0,34.0,34.0,34.0,34.0,34.0,34.0,34.0,34.0,107.86,65.928,50.64,115.6192,62.78000000000001,91.52,106.5,110.28,127.86,164.18,149.94,133.04999999999998,126.82,136.38,144.02,70.4,73.16,,-0.120000000000001,-0.120000000000001,-0.120000000000002,-0.120000000000001,-0.120000000000001,-0.120000000000001,-0.120000000000001,-0.120000000000001,-0.120000000000001,-0.120000000000001,-0.1200000000000027,-0.1199999999999992,-0.120000000000001,-0.1200000000000045,-0.120000000000001,-0.120000000000001,31.139999999999983,17.997,5.639999999999997,51.5488,5.120000000000019,22.679999999999996,34.36,26.220000000000013,31.679999999999996,41.66,36.34,40.04999999999999,31.7,42.58,45.46000000000002,3.5,6.280000000000001,0.4,0.54,1.44,0.68,0.99,0.71,0.59,0.34,0.16,0.03,0.01,0.15,0.16,0.2,0.24,0.72,0.71
8,Cooling,Convective,Standing fan,"17.8D, 29.8W , 98.3H",Dyson,Dyson Cool tower fan,,https://www.dyson.com.au/dyson-cool-tower-fan-white-silver,Market-ready,ID8_standing_fan_front.png,,Level8,,2024.0,Trunk,180.0,150.0,,56.0,The University of Sydney,Australia,Office,Sitting,PT Manikins,Thermal,Female,22.0,TskControl34,22.2,22.2,50.04,0.13,34.0,34.0,34.0,34.0,34.0,34.0,34.0,34.0,34.0,34.0,34.0,34.0,34.0,34.0,34.0,34.0,34.0,77.48,40.953,43.89999999999999,66.95840000000001,58.34,66.35999999999999,75.66,85.64000000000001,101.76000000000002,133.61999999999998,117.24,95.33,97.99,92.72,97.5,64.7,65.7,22.3,22.4,65.82,0.05,34.0,34.0,34.0,34.0,34.0,34.0,34.0,34.0,34.0,33.02,34.0,34.0,34.0,34.0,34.0,34.0,34.0,118.86,50.291,75.69,100.144,74.63999999999999,111.64,101.92,164.24,202.46,203.16000000000005,206.94,178.03999999999996,152.96000000000004,117.56,119.96,63.3,64.30000000000001,,0.1600000000000001,0.1600000000000001,0.1600000000000001,0.1600000000000037,0.1600000000000001,0.1600000000000001,0.1600000000000001,0.1600000000000001,0.1600000000000001,0.1600000000000001,0.1600000000000001,0.1600000000000001,0.1600000000000001,0.1600000000000037,0.1600000000000001,0.1600000000000001,41.37999999999998,9.337999999999994,31.790000000000003,33.185599999999994,16.29999999999999,45.28,26.260000000000005,78.6,100.69999999999996,69.54000000000005,89.69999999999999,82.70999999999998,54.97000000000002,24.83999999999999,22.460000000000008,-1.4000000000000057,-1.3999999999999917,0.4,0.54,1.44,0.68,0.99,0.71,0.59,0.34,0.16,0.03,0.01,0.15,0.16,0.2,0.24,0.72,0.71
8,Cooling,Convective,Standing fan,"17.8D, 29.8W , 98.3H",Dyson,Dyson Cool tower fan,,https://www.dyson.com.au/dyson-cool-tower-fan-white-silver,Market-ready,ID8_standing_fan_front.png,,Level8,,2024.0,Trunk,225.0,150.0,,56.0,The University of Sydney,Australia,Office,Sitting,PT Manikins,Thermal,Female,22.0,TskControl34,22.2,22.2,50.04,0.13,34.0,34.0,34.0,34.0,34.0,34.0,34.0,34.0,34.0,34.0,34.0,34.0,34.0,34.0,34.0,34.0,34.0,77.48,40.953,43.89999999999999,66.95840000000001,58.34,66.35999999999999,75.66,85.64000000000001,101.76000000000002,133.61999999999998,117.24,95.33,97.99,92.72,97.5,64.7,65.7,22.3,22.3,56.35,0.02,33.9,34.0,34.0,34.0,34.0,34.0,34.0,34.0,34.0,31.360000000000003,31.24,34.0,34.0,34.0,34.0,34.0,34.0,114.16,55.294,54.21,104.7048,72.94000000000001,106.7,90.4,155.78,179.57999999999998,204.96,215.36000000000004,167.68,137.14,124.12,124.18,64.62000000000002,63.58,,0.1000000000000001,0.0999999999999996,0.1000000000000014,0.1000000000000049,0.1000000000000014,0.1000000000000014,0.1000000000000014,0.1000000000000014,0.1000000000000014,0.1000000000000014,0.1000000000000014,0.1000000000000014,0.1000000000000014,0.1000000000000049,0.1000000000000014,0.1000000000000014,36.67999999999999,14.340999999999994,10.310000000000002,37.7464,14.600000000000016,40.34000000000002,14.740000000000007,70.13999999999999,77.81999999999996,71.34,98.12000000000003,72.35,39.149999999999984,31.40000000000001,26.679999999999996,-0.079999999999984,-2.1200000000000045,0.4,0.54,1.44,0.68,0.99,0.71,0.59,0.34,0.16,0.03,0.01,0.15,0.16,0.2,0.24,0.72,0.71
8,Cooling,Convective,Standing fan,"17.8D, 29.8W , 98.3H",Dyson,Dyson Cool tower fan,,https://www.dyson.com.au/dyson-cool-tower-fan-white-silver,Market-ready,ID8_standing_fan_front.png,,Level5,,2024.0,Trunk,180.0,150.0,,56.0,The University of Sydney,Australia,Office,Sitting,PT Manikins,Thermal,Female,22.0,TskControl34,22.2,22.2,50.04,0.13,34.0,34.0,34.0,34.0,34.0,34.0,34.0,34.0,34.0,34.0,34.0,34.0,34.0,34.0,34.0,34.0,34.0,77.48,40.953,43.89999999999999,66.95840000000001,58.34,66.35999999999999,75.66,85.64000000000001,101.76000000000002,133.61999999999998,117.24,95.33,97.99,92.72,97.5,64.7,65.7,22.2,22.4,72.4,0.12,34.0,34.0,34.0,34.0,34.0,34.0,34.0,34.0,34.0,33.98,34.0,34.0,34.0,34.0,34.0,34.0,34.0,110.68,48.926,69.69,93.1168,70.9,104.4,95.54,148.73999999999998,181.74,196.92,177.94,166.41,140.95,111.43999999999998,112.62,64.53999999999999,62.64,,0.1000000000000001,0.1000000000000014,0.1000000000000014,0.1000000000000049,0.0999999999999978,0.1000000000000014,0.1000000000000014,0.1000000000000014,0.1000000000000014,0.1000000000000014,0.1000000000000014,0.1000000000000014,0.1000000000000049,0.1000000000000049,0.1000000000000014,0.1000000000000014,33.19999999999999,7.972999999999993,25.790000000000003,26.158399999999997,12.56000000000001,38.04000000000002,19.879999999999995,63.099999999999966,79.97999999999996,63.30000000000001,60.69999999999999,71.07999999999998,42.96,18.719999999999985,15.120000000000005,-0.1600000000000108,-3.0600000000000023,0.4,0.54,1.44,0.68,0.99,0.71,0.59,0.34,0.16,0.03,0.01,0.15,0.16,0.2,0.24,0.72,0.71
8,Cooling,Convective,Standing fan,"17.8D, 29.8W , 98.3H",Dyson,Dyson Cool tower fan,,https://www.dyson.com.au/dyson-cool-tower-fan-white-silver,Market-ready,ID8_standing_fan_front.png,,Level5,,2024.0,Trunk,225.0,150.0,,56.0,The University of Sydney,Australia,Office,Sitting,PT Manikins,Thermal,Female,22.0,TskControl34,22.2,22.2,50.04,0.13,34.0,34.0,34.0,34.0,34.0,34.0,34.0,34.0,34.0,34.0,34.0,34.0,34.0,34.0,34.0,34.0,34.0,77.48,40.953,43.89999999999999,66.95840000000001,58.34,66.35999999999999,75.66,85.64000000000001,101.76000000000002,133.61999999999998,117.24,95.33,97.99,92.72,97.5,64.7,65.7,22.2,22.2,55.96,0.09,34.0,34.0,34.0,34.0,34.0,34.0,34.0,34.0,34.0,32.720000000000006,33.440000000000005,34.0,34.0,34.0,34.0,34.0,34.0,105.06,52.548,52.55,95.9232,67.3,99.84,82.06,140.88000000000002,161.16,203.6,213.1,146.52999999999997,124.22,114.94,112.8,65.16,62.0,,-1.2434497875801752e-15,-1.7763568394002505e-15,0.0,3.552713678800501e-15,0.0,0.0,0.0,0.0,3.552713678800501e-15,-3.552713678800501e-15,0.0,0.0,3.552713678800501e-15,3.552713678800501e-15,0.0,0.0,27.579999999999984,11.594999999999992,8.650000000000006,28.964800000000007,8.96,33.48000000000002,6.400000000000006,55.24000000000001,59.39999999999998,69.98000000000002,95.86,51.19999999999998,26.23,22.220000000000013,15.299999999999995,0.4599999999999937,-3.700000000000003,0.4,0.54,1.44,0.68,0.99,0.71,0.59,0.34,0.16,0.03,0.01,0.15,0.16,0.2,0.24,0.72,0.71
8,Cooling,Convective,Standing fan,"17.8D, 29.8W , 98.3H",Dyson,Dyson Cool tower fan,,https://www.dyson.com.au/dyson-cool-tower-fan-white-silver,Market-ready,ID8_standing_fan_front.png,,Level3,,2024.0,Trunk,225.0,150.0,,56.0,The University of Sydney,Australia,Office,Sitting,PT Manikins,Thermal,Female,22.0,TskControl34,22.2,22.2,50.04,0.13,34.0,34.0,34.0,34.0,34.0,34.0,34.0,34.0,34.0,34.0,34.0,34.0,34.0,34.0,34.0,34.0,34.0,77.48,40.953,43.89999999999999,66.95840000000001,58.34,66.35999999999999,75.66,85.64000000000001,101.76000000000002,133.61999999999998,117.24,95.33,97.99,92.72,97.5,64.7,65.7,22.1,22.2,53.42,0.02,34.0,34.0,34.0,34.0,34.0,34.0,34.0,34.0,34.0,34.0,34.0,34.0,34.0,34.0,34.0,34.0,34.0,91.68,48.57499999999999,48.3,87.8896,58.17999999999999,90.84,75.22,121.61999999999998,131.64,183.34,161.28000000000003,122.88,106.68,97.94,95.28,65.03999999999999,60.86,,-0.0299999999999975,-0.0299999999999975,-0.0299999999999975,-0.029999999999994,-0.0299999999999975,-0.0299999999999975,-0.0299999999999975,-0.0299999999999975,-0.0299999999999975,-0.0299999999999975,-0.0299999999999975,-0.0299999999999975,-0.0299999999999975,-0.029999999999994,-0.0299999999999975,-0.0299999999999975,14.199999999999989,7.621999999999993,4.400000000000002,20.931200000000004,-0.1600000000000037,24.480000000000015,-0.4399999999999977,35.97999999999996,29.879999999999995,49.72,44.04000000000002,27.550000000000004,8.690000000000005,5.220000000000013,-2.219999999999999,0.3399999999999892,-4.840000000000003,0.4,0.54,1.44,0.68,0.99,0.71,0.59,0.34,0.16,0.03,0.01,0.15,0.16,0.2,0.24,0.72,0.71
8,Cooling,Convective,Standing fan,"17.8D, 29.8W , 98.3H",Dyson,Dyson Cool tower fan,,https://www.dyson.com.au/dyson-cool-tower-fan-white-silver,Market-ready,ID8_standing_fan_front.png,,Level1,,2024.0,Trunk,180.0,150.0,,56.0,The University of Sydney,Australia,Office,Sitting,PT Manikins,Thermal,Female,22.0,TskControl34,22.2,22.2,50.04,0.13,34.0,34.0,34.0,34.0,34.0,34.0,34.0,34.0,34.0,34.0,34.0,34.0,34.0,34.0,34.0,34.0,34.0,77.48,40.953,43.89999999999999,66.95840000000001,58.34,66.35999999999999,75.66,85.64000000000001,101.76000000000002,133.61999999999998,117.24,95.33,97.99,92.72,97.5,64.7,65.7,22.2,22.4,54.52,0.13,34.0,34.0,34.0,34.0,34.0,34.0,34.0,34.0,34.0,34.0,34.0,34.0,34.0,34.0,34.0,34.0,34.0,81.88,46.86,51.43000000000001,73.352,58.46,85.14000000000001,67.58,118.34,125.94,149.6,128.82,102.0,92.22,88.52000000000001,90.05999999999999,62.220000000000006,61.54,,0.0899999999999998,0.0899999999999998,0.0899999999999998,0.0900000000000034,0.0899999999999998,0.0899999999999998,0.0899999999999998,0.0899999999999998,0.0899999999999998,0.0899999999999998,0.0899999999999998,0.0899999999999998,0.0899999999999998,0.0900000000000034,0.0899999999999998,0.0899999999999998,4.399999999999992,5.9069999999999965,7.530000000000008,6.3935999999999975,0.1200000000000045,18.78000000000003,-8.079999999999998,32.699999999999974,24.179999999999996,15.980000000000018,11.579999999999984,6.669999999999995,-5.770000000000003,-4.199999999999989,-7.440000000000012,-2.479999999999997,-4.160000000000004,0.4,0.54,1.44,0.68,0.99,0.71,0.59,0.34,0.16,0.03,0.01,0.15,0.16,0.2,0.24,0.72,0.71
8,Cooling,Convective,Standing fan,"17.8D, 29.8W , 98.3H",Dyson,Dyson Cool tower fan,,https://www.dyson.com.au/dyson-cool-tower-fan-white-silver,Market-ready,ID8_standing_fan_front.png,,Level10,,2024.0,Trunk,225.0,150.0,,56.0,The University of Sydney,Australia,Office,Sitting,PT Manikins,Thermal,Female,22.0,TskControl34,22.2,22.2,50.04,0.13,34.0,34.0,34.0,34.0,34.0,34.0,34.0,34.0,34.0,34.0,34.0,34.0,34.0,34.0,34.0,34.0,34.0,77.48,40.953,43.89999999999999,66.95840000000001,58.34,66.35999999999999,75.66,85.64000000000001,101.76000000000002,133.61999999999998,117.24,95.33,97.99,92.72,97.5,64.7,65.7,22.3,22.3,54.9,0.12,33.9,34.0,34.0,34.0,34.0,34.0,34.0,34.0,34.0,31.6,31.6,34.0,34.0,34.0,34.0,34.0,34.0,112.84,56.535,54.44,106.7864,70.2,104.88,90.66,150.28,176.42000000000002,204.78,214.94,161.61,137.18,120.2,117.84,62.98,64.28,,0.0999999999999991,0.0999999999999996,0.1000000000000014,0.1000000000000049,0.1000000000000014,0.1000000000000014,0.1000000000000014,0.1000000000000014,0.1000000000000014,0.1000000000000014,0.1000000000000014,0.1000000000000014,0.1000000000000014,0.1000000000000049,0.1000000000000014,0.1000000000000014,35.36,15.581999999999995,10.540000000000006,39.828,11.860000000000008,38.52000000000001,15.0,64.63999999999999,74.66,71.16,97.7,66.28,39.190000000000005,27.480000000000004,20.33999999999999,-1.720000000000006,-1.4200000000000017,0.4,0.54,1.44,0.68,0.99,0.71,0.59,0.34,0.16,0.03,0.01,0.15,0.16,0.2,0.24,0.72,0.71
8,Cooling,Convective,Standing fan,"17.8D, 29.8W , 98.3H",Dyson,Dyson Cool tower fan,,https://www.dyson.com.au/dyson-cool-tower-fan-white-silver,Market-ready,ID8_standing_fan_front.png,,Level10,,2024.0,Trunk,180.0,150.0,,56.0,The University of Sydney,Australia,Office,Sitting,PT Manikins,Thermal,Female,22.0,TskControl34,22.2,22.2,50.04,0.13,34.0,34.0,34.0,34.0,34.0,34.0,34.0,34.0,34.0,34.0,34.0,34.0,34.0,34.0,34.0,34.0,34.0,77.48,40.953,43.89999999999999,66.95840000000001,58.34,66.35999999999999,75.66,85.64000000000001,101.76000000000002,133.61999999999998,117.24,95.33,97.99,92.72,97.5,64.7,65.7,22.3,22.3,55.99,0.0,34.0,34.0,34.0,34.0,34.0,34.0,34.0,34.0,34.0,33.779999999999994,34.0,34.0,34.0,34.0,34.0,34.0,34.0,117.76,52.46,74.52,100.5688,74.78,111.71999999999998,99.58,160.48,195.28000000000003,202.4,192.72,179.67000000000002,151.51999999999998,115.16,115.46,63.36,63.0,,0.1000000000000014,0.1000000000000014,0.1000000000000014,0.1000000000000049,0.1000000000000014,0.1000000000000014,0.1000000000000014,0.1000000000000014,0.1000000000000014,0.1000000000000014,0.1000000000000014,0.1000000000000014,0.1000000000000014,0.1000000000000014,0.1000000000000014,0.1000000000000014,40.27999999999999,11.507,30.62,33.61040000000001,16.440000000000005,45.36,23.92,74.83999999999997,93.52,68.78000000000003,75.47999999999996,84.34,53.52999999999998,22.44,17.960000000000008,-1.3400000000000034,-2.700000000000003,0.4,0.54,1.44,0.68,0.99,0.71,0.59,0.34,0.16,0.03,0.01,0.15,0.16,0.2,0.24,0.72,0.71
8,Cooling,Convective,Standing fan,"17.8D, 29.8W , 98.3H",Dyson,Dyson Cool tower fan,,https://www.dyson.com.au/dyson-cool-tower-fan-white-silver,Market-ready,ID8_standing_fan_front.png,,Level1,,2024.0,Trunk,225.0,150.0,,56.0,The University of Sydney,Australia,Office,Sitting,PT Manikins,Thermal,Female,22.0,TskControl34,22.2,22.2,50.04,0.13,34.0,34.0,34.0,34.0,34.0,34.0,34.0,34.0,34.0,34.0,34.0,34.0,34.0,34.0,34.0,34.0,34.0,77.48,40.953,43.89999999999999,66.95840000000001,58.34,66.35999999999999,75.66,85.64000000000001,101.76000000000002,133.61999999999998,117.24,95.33,97.99,92.72,97.5,64.7,65.7,22.2,22.2,52.06,0.0,34.0,34.0,34.0,34.0,34.0,34.0,34.0,34.0,34.0,34.0,34.0,34.0,34.0,34.0,34.0,34.0,34.0,81.34,45.88,45.7,80.1384,56.35999999999999,81.1,71.16,102.1,107.3,135.54000000000002,137.18,97.09,96.28,89.88,93.02,65.5,63.1,,0.0,0.0,0.0,0.0,0.0,0.0,0.0,0.0,0.0,0.0,0.0,0.0,0.0,3.552713678800501e-15,0.0,0.0,3.86,4.926999999999999,1.8000000000000045,13.180000000000003,-1.980000000000004,14.740000000000007,-4.5,16.45999999999998,5.539999999999978,1.9200000000000443,19.94,1.759999999999998,-1.710000000000008,-2.8400000000000034,-4.47999999999999,0.7999999999999972,-2.6000000000000014,0.4,0.54,1.44,0.68,0.99,0.71,0.59,0.34,0.16,0.03,0.01,0.15,0.16,0.2,0.24,0.72,0.71
8,Cooling,Convective,Standing fan,"17.8D, 29.8W , 98.3H",Dyson,Dyson Cool tower fan,,https://www.dyson.com.au/dyson-cool-tower-fan-white-silver,Market-ready,ID8_standing_fan_front.png,,Level3,,2024.0,Trunk,180.0,150.0,,56.0,The University of Sydney,Australia,Office,Sitting,PT Manikins,Thermal,Female,22.0,TskControl34,22.2,22.2,50.04,0.13,34.0,34.0,34.0,34.0,34.0,34.0,34.0,34.0,34.0,34.0,34.0,34.0,34.0,34.0,34.0,34.0,34.0,77.48,40.953,43.89999999999999,66.95840000000001,58.34,66.35999999999999,75.66,85.64000000000001,101.76000000000002,133.61999999999998,117.24,95.33,97.99,92.72,97.5,64.7,65.7,22.3,22.3,66.24,0.0,34.0,34.0,34.0,34.0,34.0,34.0,34.0,34.0,34.0,34.0,34.0,34.0,34.0,34.0,34.0,34.0,34.0,95.22,46.822,60.99,81.48,62.98,94.0,79.14000000000001,133.66,146.89999999999998,157.36,147.42000000000002,136.02000000000004,118.57,99.38,99.1,63.36,61.1,,0.1000000000000001,0.1000000000000014,0.1000000000000014,0.1000000000000049,0.1000000000000014,0.1000000000000014,0.1000000000000014,0.1000000000000014,0.1000000000000014,0.1000000000000014,0.1000000000000014,0.1000000000000014,0.1000000000000014,0.1000000000000049,0.1000000000000014,0.1000000000000014,17.739999999999995,5.868999999999992,17.09,14.5216,4.640000000000001,27.64,3.480000000000018,48.01999999999998,45.13999999999996,23.74000000000001,30.180000000000007,40.69000000000002,20.57999999999999,6.659999999999997,1.6000000000000083,-1.3400000000000034,-4.600000000000001,0.4,0.54,1.44,0.68,0.99,0.71,0.59,0.34,0.16,0.03,0.01,0.15,0.16,0.2,0.24,0.72,0.71
8,Cooling,Convective,Standing fan,"17.8D, 29.8W , 98.3H",Dyson,Dyson Cool tower fan,,https://www.dyson.com.au/dyson-cool-tower-fan-white-silver,Market-ready,ID8_standing_fan_front.png,,Level3,,2024.0,Trunk,180.0,150.0,,56.0,The University of Sydney,Australia,Office,Sitting,PT Manikins,Thermal,Female,22.0,TskControl34,25.4,25.2,56.77,0.08,34.0,34.0,34.0,34.0,34.0,34.0,34.0,34.0,34.0,34.0,34.0,34.0,34.0,34.0,34.0,34.0,34.0,55.82000000000001,29.032,32.18,50.1696,43.26,48.9,54.260000000000005,59.7,69.11999999999999,85.25999999999999,83.22,68.87,70.09,68.4,68.36,49.66,48.260000000000005,24.9,25.0,54.5,0.07,34.0,34.0,34.0,34.0,34.0,34.0,34.0,34.0,34.0,34.0,34.0,34.0,34.0,34.0,34.0,34.0,34.0,71.34,35.707,41.05,61.8832,46.17999999999999,75.03999999999999,60.96,100.93999999999998,96.22,122.82,109.81999999999998,105.38,87.22,77.53999999999999,72.58,47.52,44.54,,-0.3399999999999998,-0.3399999999999998,-0.3399999999999998,-0.3399999999999998,-0.3399999999999998,-0.3399999999999998,-0.3399999999999998,-0.3399999999999998,-0.3399999999999998,-0.3399999999999998,-0.3399999999999998,-0.3399999999999998,-0.3399999999999998,-0.3399999999999998,-0.3399999999999998,-0.3399999999999998,15.519999999999996,6.6750000000000025,8.870000000000001,11.713600000000008,2.9199999999999946,26.139999999999997,6.699999999999996,41.23999999999998,27.10000000000001,37.56000000000002,26.59999999999998,36.510000000000005,17.129999999999995,9.139999999999986,4.219999999999999,-2.140000000000008,-3.720000000000006,0.4,0.54,1.44,0.68,0.99,0.71,0.59,0.34,0.16,0.03,0.01,0.15,0.16,0.2,0.24,0.72,0.71
8,Cooling,Convective,Standing fan,"17.8D, 29.8W , 98.3H",Dyson,Dyson Cool tower fan,,https://www.dyson.com.au/dyson-cool-tower-fan-white-silver,Market-ready,ID8_standing_fan_front.png,,Level1,,2024.0,Trunk,270.0,150.0,,56.0,The University of Sydney,Australia,Office,Sitting,PT Manikins,Thermal,Female,22.0,TskControl34,25.4,25.2,56.77,0.08,34.0,34.0,34.0,34.0,34.0,34.0,34.0,34.0,34.0,34.0,34.0,34.0,34.0,34.0,34.0,34.0,34.0,55.82000000000001,29.032,32.18,50.1696,43.26,48.9,54.260000000000005,59.7,69.11999999999999,85.25999999999999,83.22,68.87,70.09,68.4,68.36,49.66,48.260000000000005,25.4,25.4,52.23,0.17,34.0,34.0,34.0,34.0,34.0,34.0,34.0,34.0,34.0,34.0,34.0,34.0,34.0,34.0,34.0,34.0,34.0,59.42,34.288999999999994,29.75,65.2504,34.879999999999995,53.98,56.6,59.86,73.72,89.6,88.22,69.22,72.03999999999999,71.72,70.91999999999999,47.52,46.2,,0.1099999999999994,0.1099999999999994,0.1099999999999994,0.1099999999999994,0.1099999999999994,0.1099999999999994,0.1099999999999994,0.1099999999999994,0.1099999999999994,0.1099999999999994,0.1099999999999994,0.1099999999999994,0.1099999999999994,0.1099999999999994,0.1099999999999994,0.1099999999999994,3.5999999999999943,5.256999999999998,-2.43,15.0808,-8.380000000000003,5.079999999999998,2.3399999999999963,0.1599999999999966,4.6000000000000085,4.340000000000003,5.0,0.3499999999999872,1.9499999999999889,3.319999999999993,2.559999999999988,-2.140000000000001,-2.0600000000000023,0.4,0.54,1.44,0.68,0.99,0.71,0.59,0.34,0.16,0.03,0.01,0.15,0.16,0.2,0.24,0.72,0.71
8,Cooling,Convective,Standing fan,"17.8D, 29.8W , 98.3H",Dyson,Dyson Cool tower fan,,https://www.dyson.com.au/dyson-cool-tower-fan-white-silver,Market-ready,ID8_standing_fan_front.png,,Level10,,2024.0,Trunk,225.0,150.0,,56.0,The University of Sydney,Australia,Office,Sitting,PT Manikins,Thermal,Female,22.0,TskControl34,25.4,25.2,56.77,0.08,34.0,34.0,34.0,34.0,34.0,34.0,34.0,34.0,34.0,34.0,34.0,34.0,34.0,34.0,34.0,34.0,34.0,55.82000000000001,29.032,32.18,50.1696,43.26,48.9,54.260000000000005,59.7,69.11999999999999,85.25999999999999,83.22,68.87,70.09,68.4,68.36,49.66,48.260000000000005,24.9,25.1,54.5,0.08,34.0,34.0,34.0,34.0,34.0,34.0,34.0,34.0,34.0,34.0,34.0,34.0,34.0,34.0,34.0,34.0,34.0,86.55999999999999,42.85,43.33,79.1704,51.64,86.16000000000001,67.0,120.43999999999998,120.36,195.44,184.0,118.99,104.43,92.34,89.66,48.82,46.3,,-0.2799999999999976,-0.2799999999999976,-0.2799999999999976,-0.2799999999999976,-0.2799999999999976,-0.2799999999999976,-0.2799999999999976,-0.2799999999999976,-0.2799999999999976,-0.2799999999999976,-0.2799999999999976,-0.2799999999999976,-0.2799999999999976,-0.2799999999999976,-0.2799999999999976,-0.2799999999999976,30.73999999999998,13.817999999999996,11.15,29.0008,8.380000000000003,37.26000000000001,12.739999999999997,60.73999999999998,51.24000000000002,110.18,100.78,50.120000000000005,34.33999999999999,23.94,21.3,-0.8400000000000034,-1.9600000000000009,0.4,0.54,1.44,0.68,0.99,0.71,0.59,0.34,0.16,0.03,0.01,0.15,0.16,0.2,0.24,0.72,0.71
8,Cooling,Convective,Standing fan,"17.8D, 29.8W , 98.3H",Dyson,Dyson Cool tower fan,,https://www.dyson.com.au/dyson-cool-tower-fan-white-silver,Market-ready,ID8_standing_fan_front.png,,Level5,,2024.0,Trunk,180.0,150.0,,56.0,The University of Sydney,Australia,Office,Sitting,PT Manikins,Thermal,Female,22.0,TskControl34,25.4,25.2,56.77,0.08,34.0,34.0,34.0,34.0,34.0,34.0,34.0,34.0,34.0,34.0,34.0,34.0,34.0,34.0,34.0,34.0,34.0,55.82000000000001,29.032,32.18,50.1696,43.26,48.9,54.260000000000005,59.7,69.11999999999999,85.25999999999999,83.22,68.87,70.09,68.4,68.36,49.66,48.260000000000005,25.0,25.2,54.18,0.13,34.0,34.0,34.0,34.0,34.0,34.0,34.0,34.0,34.0,34.0,34.0,34.0,34.0,34.0,34.0,34.0,34.0,77.13999999999999,38.834,43.23,69.212,48.5,82.53999999999999,65.62,109.92,104.54,127.36,117.8,115.5,95.99,81.14000000000001,74.38,46.86,48.74,,-0.1999999999999993,-0.1999999999999993,-0.1999999999999993,-0.1999999999999993,-0.1999999999999993,-0.1999999999999993,-0.1999999999999993,-0.1999999999999993,-0.1999999999999993,-0.1999999999999993,-0.1999999999999993,-0.1999999999999993,-0.1999999999999993,-0.1999999999999993,-0.1999999999999993,-0.1999999999999993,21.31999999999998,9.801999999999998,11.050000000000004,19.042400000000004,5.240000000000002,33.63999999999999,11.36,50.22,35.420000000000016,42.10000000000002,34.58,46.63,25.9,12.740000000000007,6.019999999999996,-2.8000000000000043,0.4799999999999897,0.4,0.54,1.44,0.68,0.99,0.71,0.59,0.34,0.16,0.03,0.01,0.15,0.16,0.2,0.24,0.72,0.71
8,Cooling,Convective,Standing fan,"17.8D, 29.8W , 98.3H",Dyson,Dyson Cool tower fan,,https://www.dyson.com.au/dyson-cool-tower-fan-white-silver,Market-ready,ID8_standing_fan_front.png,,Level3,,2024.0,Trunk,225.0,150.0,,56.0,The University of Sydney,Australia,Office,Sitting,PT Manikins,Thermal,Female,22.0,TskControl34,25.4,25.2,56.77,0.08,34.0,34.0,34.0,34.0,34.0,34.0,34.0,34.0,34.0,34.0,34.0,34.0,34.0,34.0,34.0,34.0,34.0,55.82000000000001,29.032,32.18,50.1696,43.26,48.9,54.260000000000005,59.7,69.11999999999999,85.25999999999999,83.22,68.87,70.09,68.4,68.36,49.66,48.260000000000005,25.1,25.3,53.51,0.18,34.0,34.0,34.0,34.0,34.0,34.0,34.0,34.0,34.0,34.0,34.0,34.0,34.0,34.0,34.0,34.0,34.0,70.52000000000001,36.53699999999999,36.54,68.0056,42.42,72.9,56.92,96.48,93.26,139.26,119.56,94.36,85.78,77.38,73.17999999999999,47.36,44.58,,-0.0999999999999978,-0.0999999999999978,-0.0999999999999978,-0.0999999999999978,-0.0999999999999978,-0.0999999999999978,-0.0999999999999978,-0.0999999999999978,-0.0999999999999978,-0.0999999999999978,-0.0999999999999978,-0.0999999999999978,-0.0999999999999978,-0.1000000000000014,-0.0999999999999978,-0.0999999999999978,14.700000000000005,7.504999999999997,4.359999999999999,17.836000000000002,-0.8399999999999963,24.000000000000007,2.6599999999999966,36.77999999999999,24.14000000000001,54.0,36.33999999999999,25.489999999999988,15.68999999999999,8.97999999999999,4.819999999999993,-2.3000000000000043,-3.680000000000007,0.4,0.54,1.44,0.68,0.99,0.71,0.59,0.34,0.16,0.03,0.01,0.15,0.16,0.2,0.24,0.72,0.71
8,Cooling,Convective,Standing fan,"17.8D, 29.8W , 98.3H",Dyson,Dyson Cool tower fan,,https://www.dyson.com.au/dyson-cool-tower-fan-white-silver,Market-ready,ID8_standing_fan_front.png,,Level3,,2024.0,Trunk,270.0,150.0,,56.0,The University of Sydney,Australia,Office,Sitting,PT Manikins,Thermal,Female,22.0,TskControl34,25.4,25.2,56.77,0.08,34.0,34.0,34.0,34.0,34.0,34.0,34.0,34.0,34.0,34.0,34.0,34.0,34.0,34.0,34.0,34.0,34.0,55.82000000000001,29.032,32.18,50.1696,43.26,48.9,54.260000000000005,59.7,69.11999999999999,85.25999999999999,83.22,68.87,70.09,68.4,68.36,49.66,48.260000000000005,25.3,25.3,52.2,0.06,34.0,34.0,34.0,34.0,34.0,34.0,34.0,34.0,34.0,34.0,34.0,34.0,34.0,34.0,34.0,34.0,34.0,68.44,41.986,36.6,77.9808,39.8,60.67999999999999,63.96,69.38,78.8,100.2,90.5,78.9,79.16,86.44,85.72,52.92,49.74,,0.0100000000000015,0.0100000000000015,0.0100000000000015,0.0100000000000015,0.0100000000000015,0.0100000000000015,0.0100000000000015,0.0100000000000015,0.0100000000000015,0.0100000000000015,0.0100000000000015,0.0100000000000015,0.0100000000000015,0.0100000000000015,0.0100000000000015,0.0100000000000015,12.61999999999999,12.954000000000002,4.420000000000002,27.811200000000007,-3.460000000000001,11.779999999999994,9.699999999999996,9.679999999999993,9.680000000000009,14.940000000000012,7.280000000000001,10.03,9.07,18.039999999999992,17.36,3.259999999999998,1.4799999999999898,0.4,0.54,1.44,0.68,0.99,0.71,0.59,0.34,0.16,0.03,0.01,0.15,0.16,0.2,0.24,0.72,0.71
8,Cooling,Convective,Standing fan,"17.8D, 29.8W , 98.3H",Dyson,Dyson Cool tower fan,,https://www.dyson.com.au/dyson-cool-tower-fan-white-silver,Market-ready,ID8_standing_fan_front.png,,Level10,,2024.0,Trunk,270.0,150.0,,56.0,The University of Sydney,Australia,Office,Sitting,PT Manikins,Thermal,Female,22.0,TskControl34,25.4,25.2,56.77,0.08,34.0,34.0,34.0,34.0,34.0,34.0,34.0,34.0,34.0,34.0,34.0,34.0,34.0,34.0,34.0,34.0,34.0,55.82000000000001,29.032,32.18,50.1696,43.26,48.9,54.260000000000005,59.7,69.11999999999999,85.25999999999999,83.22,68.87,70.09,68.4,68.36,49.66,48.260000000000005,28.1,28.1,16.07,0.0,34.0,34.0,34.0,34.0,34.0,34.0,34.0,34.0,34.0,34.0,34.0,34.0,34.0,34.0,34.0,34.0,34.0,83.52000000000001,49.574,43.22,96.5976,49.17999999999999,69.78,72.94000000000001,79.2,97.08,117.52,116.08,100.74,99.37,107.98,105.82,55.34,54.42,,2.8100000000000023,2.8100000000000023,2.8100000000000023,2.8100000000000023,2.8100000000000023,2.8100000000000023,2.8100000000000023,2.8100000000000023,2.8100000000000023,2.8100000000000023,2.8100000000000023,2.8100000000000023,2.8100000000000023,2.8100000000000023,2.8100000000000023,2.8100000000000023,27.700000000000003,20.542,11.04,46.42800000000001,5.919999999999995,20.880000000000003,18.680000000000007,19.5,27.960000000000008,32.26000000000002,32.86,31.870000000000005,29.28,39.579999999999984,37.46000000000001,5.679999999999993,6.159999999999997,0.4,0.54,1.44,0.68,0.99,0.71,0.59,0.34,0.16,0.03,0.01,0.15,0.16,0.2,0.24,0.72,0.71
8,Cooling,Convective,Standing fan,"17.8D, 29.8W , 98.3H",Dyson,Dyson Cool tower fan,,https://www.dyson.com.au/dyson-cool-tower-fan-white-silver,Market-ready,ID8_standing_fan_front.png,,Level1,,2024.0,Trunk,180.0,150.0,,56.0,The University of Sydney,Australia,Office,Sitting,PT Manikins,Thermal,Female,22.0,TskControl34,25.4,25.2,56.77,0.08,34.0,34.0,34.0,34.0,34.0,34.0,34.0,34.0,34.0,34.0,34.0,34.0,34.0,34.0,34.0,34.0,34.0,55.82000000000001,29.032,32.18,50.1696,43.26,48.9,54.260000000000005,59.7,69.11999999999999,85.25999999999999,83.22,68.87,70.09,68.4,68.36,49.66,48.260000000000005,25.2,25.1,53.19,0.05,34.0,34.0,34.0,34.0,34.0,34.0,34.0,34.0,34.0,34.0,34.0,34.0,34.0,34.0,34.0,34.0,34.0,62.58,34.12,37.25,56.0328,42.99999999999999,69.84,52.540000000000006,90.42,84.24,111.34,101.76,83.16,73.25,66.76000000000002,64.08,46.46,46.3,,-0.1499999999999985,-0.1499999999999985,-0.1499999999999985,-0.1499999999999985,-0.1499999999999985,-0.1499999999999985,-0.1499999999999985,-0.1499999999999985,-0.1499999999999985,-0.1499999999999985,-0.1499999999999985,-0.1499999999999985,-0.1499999999999985,-0.1499999999999985,-0.1499999999999985,-0.1499999999999985,6.759999999999991,5.088000000000002,5.07,5.863200000000002,-0.2600000000000051,20.940000000000005,-1.7199999999999989,30.72,15.120000000000005,26.080000000000013,18.539999999999992,14.29,3.1599999999999966,-1.6399999999999864,-4.280000000000001,-3.200000000000003,-1.960000000000008,0.4,0.54,1.44,0.68,0.99,0.71,0.59,0.34,0.16,0.03,0.01,0.15,0.16,0.2,0.24,0.72,0.71
8,Cooling,Convective,Standing fan,"17.8D, 29.8W , 98.3H",Dyson,Dyson Cool tower fan,,https://www.dyson.com.au/dyson-cool-tower-fan-white-silver,Market-ready,ID8_standing_fan_front.png,,Level5,,2024.0,Trunk,225.0,150.0,,56.0,The University of Sydney,Australia,Office,Sitting,PT Manikins,Thermal,Female,22.0,TskControl34,25.4,25.2,56.77,0.08,34.0,34.0,34.0,34.0,34.0,34.0,34.0,34.0,34.0,34.0,34.0,34.0,34.0,34.0,34.0,34.0,34.0,55.82000000000001,29.032,32.18,50.1696,43.26,48.9,54.260000000000005,59.7,69.11999999999999,85.25999999999999,83.22,68.87,70.09,68.4,68.36,49.66,48.260000000000005,25.0,25.0,54.53,0.08,34.0,34.0,34.0,34.0,34.0,34.0,34.0,34.0,34.0,34.0,34.0,34.0,34.0,34.0,34.0,34.0,34.0,81.98,40.13999999999999,41.55,74.0136,49.46,82.7,64.24,112.12,113.0,183.18,165.64,113.21,98.99,88.9,87.3,45.44,47.14,,-0.2899999999999991,-0.2899999999999991,-0.2899999999999991,-0.2899999999999991,-0.2899999999999991,-0.2899999999999991,-0.2899999999999991,-0.2899999999999991,-0.2899999999999991,-0.2899999999999991,-0.2899999999999991,-0.2899999999999991,-0.2899999999999991,-0.2899999999999991,-0.2899999999999991,-0.2899999999999991,26.16,11.108,9.37,23.844000000000005,6.199999999999996,33.800000000000004,9.97999999999999,52.42,43.88000000000001,97.92000000000002,82.42000000000002,44.34,28.9,20.5,18.94,-4.220000000000006,-1.1200000000000043,0.4,0.54,1.44,0.68,0.99,0.71,0.59,0.34,0.16,0.03,0.01,0.15,0.16,0.2,0.24,0.72,0.71
8,Cooling,Convective,Standing fan,"17.8D, 29.8W , 98.3H",Dyson,Dyson Cool tower fan,,https://www.dyson.com.au/dyson-cool-tower-fan-white-silver,Market-ready,ID8_standing_fan_front.png,,Level10,,2024.0,Trunk,180.0,150.0,,56.0,The University of Sydney,Australia,Office,Sitting,PT Manikins,Thermal,Female,22.0,TskControl34,25.4,25.2,56.77,0.08,34.0,34.0,34.0,34.0,34.0,34.0,34.0,34.0,34.0,34.0,34.0,34.0,34.0,34.0,34.0,34.0,34.0,55.82000000000001,29.032,32.18,50.1696,43.26,48.9,54.260000000000005,59.7,69.11999999999999,85.25999999999999,83.22,68.87,70.09,68.4,68.36,49.66,48.260000000000005,25.3,25.1,53.56,0.13,34.0,34.0,34.0,34.0,34.0,34.0,34.0,34.0,34.0,34.0,34.0,34.0,34.0,34.0,34.0,34.0,34.0,85.44,40.327,47.16,77.3304,51.4,90.64,70.76000000000002,123.78,117.2,158.7,138.45999999999998,130.32999999999998,108.57,85.47999999999999,80.2,46.5,45.4,,-0.0799999999999983,-0.0799999999999983,-0.0799999999999983,-0.0799999999999983,-0.0799999999999983,-0.0799999999999983,-0.0799999999999983,-0.0799999999999983,-0.0799999999999983,-0.0799999999999983,-0.0799999999999983,-0.0799999999999983,-0.0799999999999983,-0.0799999999999983,-0.0799999999999983,-0.0799999999999983,29.61999999999999,11.295000000000002,14.98,27.1608,8.14,41.73999999999999,16.500000000000014,64.08,48.08000000000001,73.44,55.23999999999998,61.46,38.47999999999999,17.079999999999984,11.840000000000003,-3.160000000000004,-2.8600000000000065,0.4,0.54,1.44,0.68,0.99,0.71,0.59,0.34,0.16,0.03,0.01,0.15,0.16,0.2,0.24,0.72,0.71
8,Cooling,Convective,Standing fan,"17.8D, 29.8W , 98.3H",Dyson,Dyson Cool tower fan,,https://www.dyson.com.au/dyson-cool-tower-fan-white-silver,Market-ready,ID8_standing_fan_front.png,,Level3,,2024.0,Trunk,270.0,150.0,,56.0,The University of Sydney,Australia,Office,Sitting,PT Manikins,Thermal,Female,22.0,TskControl34,22.1,22.3,49.02,0.15,34.0,33.987,34.0,34.0,34.0,34.0,34.0,34.0,34.0,34.0,34.0,34.0,34.0,34.0,34.0,34.0,34.0,76.72,47.931,45.0,64.0704,57.65999999999999,68.84,72.14,84.05999999999999,96.18,122.52,113.6,93.0,95.12,93.8,98.56,66.9,66.88,21.9,22.2,49.95,0.07,34.0,34.0,34.0,34.0,34.0,34.0,34.0,34.0,34.0,34.0,34.0,34.0,34.0,34.0,34.0,34.0,34.0,88.4,56.117,42.86,95.2512,50.66,77.76,89.52000000000001,90.64,105.73999999999998,142.1,129.01999999999998,106.91,108.15,99.56,105.64,64.08,64.1,,-0.1300000000000048,-0.1300000000000025,-0.1300000000000035,-0.1300000000000061,-0.1300000000000025,-0.1300000000000025,-0.1300000000000025,-0.1300000000000061,-0.1300000000000025,-0.1300000000000025,-0.1300000000000061,-0.1300000000000007,-0.1300000000000025,-0.1300000000000061,-0.129999999999999,-0.1300000000000025,11.680000000000009,8.186000000000003,-2.140000000000001,31.180800000000016,-6.999999999999986,8.920000000000002,17.38000000000001,6.579999999999998,9.559999999999988,19.579999999999984,15.419999999999987,13.909999999999997,13.03,5.759999999999991,7.080000000000027,-2.8200000000000074,-2.780000000000001,0.4,0.54,1.44,0.68,0.99,0.71,0.59,0.34,0.16,0.03,0.01,0.15,0.16,0.2,0.24,0.72,0.71
9,Cooling,Convective,Standing fan,"20D, 47W, 63H",Sunbeam,,FA8900,https://www.choice.com.au/products/home-and-living/cooling/fans/sunbeam-infinity-oscillating-pedestal-fan-fa8900,Market-ready,ID9_standing_fan_front.png,,Level4,111.0,2024.0,Trunk,225.0,150.0,,55.0,The University of Sydney,Australia,Office,Sitting,PT Manikins,Thermal,Female,22.0,TskControl34,25.4,25.4,52.23,0.1,34.0,34.0,34.0,34.0,34.0,34.0,34.0,34.0,34.0,34.0,34.0,34.0,34.0,34.0,34.0,34.0,34.0,58.67999999999999,30.248,35.56,51.1112,47.92,49.42,56.84,60.81999999999999,68.94,95.72,84.4,69.36000000000001,77.35,72.92,76.22,49.58,48.7,25.1,25.1,53.51,0.12,34.0,34.0,34.0,34.0,34.0,34.0,34.0,34.0,34.0,33.92,34.0,34.0,34.0,34.0,34.0,34.0,34.0,82.16,61.28300000000001,43.11,72.6328,48.720000000000006,89.34,62.92,117.52,116.42,202.88,204.8,103.26,92.54,75.62,74.17999999999999,47.260000000000005,44.3,,-0.2999999999999971,-0.2999999999999971,-0.2999999999999971,-0.2999999999999971,-0.2999999999999971,-0.2999999999999971,-0.2999999999999971,-0.2999999999999971,-0.2999999999999971,-0.2999999999999971,-0.2999999999999971,-0.2999999999999971,-0.2999999999999971,-0.2999999999999971,-0.2999999999999971,-0.2999999999999971,23.480000000000004,31.035000000000004,7.550000000000001,21.5216,0.8000000000000043,39.92000000000001,6.080000000000005,56.70000000000002,47.48,107.15999999999995,120.4,33.9,15.190000000000012,2.700000000000003,-2.0400000000000063,-2.319999999999993,-4.400000000000006,0.4,0.54,1.44,0.68,0.99,0.71,0.59,0.34,0.16,0.03,0.01,0.15,0.16,0.2,0.24,0.72,0.71
9,Cooling,Convective,Standing fan,"20D, 47W, 63H",Sunbeam,,FA8900,https://www.choice.com.au/products/home-and-living/cooling/fans/sunbeam-infinity-oscillating-pedestal-fan-fa8900,Market-ready,ID9_standing_fan_front.png,,Level1,111.0,2024.0,Trunk,225.0,150.0,,55.0,The University of Sydney,Australia,Office,Sitting,PT Manikins,Thermal,Female,22.0,TskControl34,25.4,25.4,52.23,0.1,34.0,34.0,34.0,34.0,34.0,34.0,34.0,34.0,34.0,34.0,34.0,34.0,34.0,34.0,34.0,34.0,34.0,58.67999999999999,30.248,35.56,51.1112,47.92,49.42,56.84,60.81999999999999,68.94,95.72,84.4,69.36000000000001,77.35,72.92,76.22,49.58,48.7,24.9,25.1,53.8,0.09,34.0,34.0,34.0,34.0,34.0,34.0,34.0,34.0,34.0,34.0,34.0,34.0,34.0,34.0,34.0,34.0,34.0,71.02000000000001,50.95099999999999,38.73,61.7888,43.760000000000005,76.0,60.0,95.84,100.12,158.24,149.07999999999998,90.48,81.25,70.16,68.42,47.68,44.620000000000005,,-0.3999999999999986,-0.3999999999999986,-0.3999999999999986,-0.3999999999999986,-0.3999999999999986,-0.3999999999999986,-0.3999999999999986,-0.3999999999999986,-0.3999999999999986,-0.3999999999999986,-0.3999999999999986,-0.3999999999999986,-0.3999999999999986,-0.3999999999999986,-0.3999999999999986,-0.3999999999999986,12.340000000000018,20.703,3.169999999999998,10.677599999999996,-4.159999999999997,26.580000000000005,3.160000000000004,35.02000000000001,31.180000000000007,62.52000000000001,64.67999999999998,21.12,3.9000000000000057,-2.760000000000005,-7.799999999999997,-1.8999999999999984,-4.079999999999998,0.4,0.54,1.44,0.68,0.99,0.71,0.59,0.34,0.16,0.03,0.01,0.15,0.16,0.2,0.24,0.72,0.71
9,Cooling,Convective,Standing fan,"20D, 47W, 63H",Sunbeam,,FA8900,https://www.choice.com.au/products/home-and-living/cooling/fans/sunbeam-infinity-oscillating-pedestal-fan-fa8900,Market-ready,ID9_standing_fan_front.png,,Level1,111.0,2024.0,Trunk,180.0,150.0,,55.0,The University of Sydney,Australia,Office,Sitting,PT Manikins,Thermal,Female,22.0,TskControl34,25.4,25.4,52.23,0.1,34.0,34.0,34.0,34.0,34.0,34.0,34.0,34.0,34.0,34.0,34.0,34.0,34.0,34.0,34.0,34.0,34.0,58.67999999999999,30.248,35.56,51.1112,47.92,49.42,56.84,60.81999999999999,68.94,95.72,84.4,69.36000000000001,77.35,72.92,76.22,49.58,48.7,25.0,25.2,53.83,0.09,34.0,34.0,34.0,34.0,34.0,34.0,34.0,34.0,34.0,34.0,34.0,34.0,34.0,34.0,34.0,34.0,34.0,66.05999999999999,46.08999999999999,41.18000000000001,56.7848,44.1,76.25999999999999,52.74,99.92,109.26,150.45999999999998,147.73999999999998,72.57999999999998,68.44999999999999,67.92,66.44000000000001,46.78,44.7,,-0.2999999999999971,-0.2999999999999971,-0.2999999999999971,-0.2999999999999971,-0.2999999999999971,-0.2999999999999971,-0.2999999999999971,-0.2999999999999971,-0.2999999999999971,-0.2999999999999971,-0.2999999999999971,-0.2999999999999971,-0.2999999999999971,-0.2999999999999971,-0.2999999999999971,-0.2999999999999971,7.3799999999999955,15.841999999999992,5.620000000000001,5.673600000000002,-3.82,26.84,-4.100000000000001,39.10000000000001,40.31999999999999,54.73999999999998,63.339999999999975,3.2199999999999847,-8.900000000000006,-5.0,-9.779999999999989,-2.8000000000000043,-4.000000000000007,0.4,0.54,1.44,0.68,0.99,0.71,0.59,0.34,0.16,0.03,0.01,0.15,0.16,0.2,0.24,0.72,0.71
9,Cooling,Convective,Standing fan,"20D, 47W, 63H",Sunbeam,,FA8900,https://www.choice.com.au/products/home-and-living/cooling/fans/sunbeam-infinity-oscillating-pedestal-fan-fa8900,Market-ready,ID9_standing_fan_front.png,,Level3,111.0,2024.0,Trunk,180.0,150.0,,55.0,The University of Sydney,Australia,Office,Sitting,PT Manikins,Thermal,Female,22.0,TskControl34,25.4,25.4,52.23,0.1,34.0,34.0,34.0,34.0,34.0,34.0,34.0,34.0,34.0,34.0,34.0,34.0,34.0,34.0,34.0,34.0,34.0,58.67999999999999,30.248,35.56,51.1112,47.92,49.42,56.84,60.81999999999999,68.94,95.72,84.4,69.36000000000001,77.35,72.92,76.22,49.58,48.7,21.4,21.7,22.55,0.0,34.0,34.0,34.0,34.0,34.0,34.0,34.0,34.0,34.0,33.81999999999999,34.0,34.0,34.0,34.0,34.0,34.0,34.0,79.14000000000001,55.438,45.71000000000001,68.4568,50.78,89.67999999999999,68.88,124.43999999999998,136.06,203.02,205.74,92.82,81.7,67.02000000000001,68.84,46.74,44.78,,-3.6999999999999993,-3.6999999999999993,-3.6999999999999993,-3.700000000000003,-3.6999999999999993,-3.6999999999999993,-3.6999999999999993,-3.6999999999999993,-3.6999999999999993,-3.6999999999999993,-3.6999999999999993,-3.6999999999999993,-3.6999999999999993,-3.6999999999999993,-3.6999999999999993,-3.6999999999999993,20.460000000000026,25.190000000000005,10.150000000000002,17.345600000000005,2.8599999999999994,40.26,12.04,63.61999999999999,67.12,107.3,121.34,23.459999999999997,4.3500000000000085,-5.899999999999992,-7.3799999999999955,-2.8399999999999963,-3.920000000000009,0.4,0.54,1.44,0.68,0.99,0.71,0.59,0.34,0.16,0.03,0.01,0.15,0.16,0.2,0.24,0.72,0.71
9,Cooling,Convective,Standing fan,"20D, 47W, 63H",Sunbeam,,FA8900,https://www.choice.com.au/products/home-and-living/cooling/fans/sunbeam-infinity-oscillating-pedestal-fan-fa8900,Market-ready,ID9_standing_fan_front.png,,Level1,111.0,2024.0,Trunk,270.0,150.0,,55.0,The University of Sydney,Australia,Office,Sitting,PT Manikins,Thermal,Female,22.0,TskControl34,25.4,25.4,52.23,0.1,34.0,34.0,34.0,34.0,34.0,34.0,34.0,34.0,34.0,34.0,34.0,34.0,34.0,34.0,34.0,34.0,34.0,58.67999999999999,30.248,35.56,51.1112,47.92,49.42,56.84,60.81999999999999,68.94,95.72,84.4,69.36000000000001,77.35,72.92,76.22,49.58,48.7,25.3,25.3,52.2,0.14,34.0,34.0,34.0,34.0,34.0,34.0,34.0,34.0,34.0,34.0,34.0,34.0,34.0,34.0,34.0,34.0,34.0,66.47999999999999,58.68800000000001,34.480000000000004,66.6672,38.16,66.8,64.58,81.74,85.8,129.16,102.08,72.75999999999999,73.67999999999999,69.64,74.64000000000001,47.32000000000001,47.7,,-0.0999999999999978,-0.0999999999999978,-0.0999999999999978,-0.0999999999999978,-0.0999999999999978,-0.0999999999999978,-0.0999999999999978,-0.0999999999999978,-0.0999999999999978,-0.0999999999999978,-0.0999999999999978,-0.0999999999999978,-0.1000000000000014,-0.0999999999999978,-0.0999999999999978,-0.0999999999999978,7.799999999999997,28.44000000000001,-1.0800000000000018,15.55599999999999,-9.759999999999998,17.380000000000003,7.740000000000002,20.92,16.86,33.44,17.679999999999993,3.3999999999999844,-3.6700000000000017,-3.280000000000001,-1.579999999999984,-2.259999999999991,-1.0,0.4,0.54,1.44,0.68,0.99,0.71,0.59,0.34,0.16,0.03,0.01,0.15,0.16,0.2,0.24,0.72,0.71
9,Cooling,Convective,Standing fan,"20D, 47W, 63H",Sunbeam,,FA8900,https://www.choice.com.au/products/home-and-living/cooling/fans/sunbeam-infinity-oscillating-pedestal-fan-fa8900,Market-ready,ID9_standing_fan_front.png,,Level4,111.0,2024.0,Trunk,270.0,150.0,,55.0,The University of Sydney,Australia,Office,Sitting,PT Manikins,Thermal,Female,22.0,TskControl34,22.2,22.2,50.04,0.13,34.0,34.0,34.0,34.0,34.0,34.0,34.0,34.0,34.0,34.0,34.0,34.0,34.0,34.0,34.0,34.0,34.0,77.48,40.953,43.89999999999999,66.95840000000001,58.34,66.35999999999999,75.66,85.64000000000001,101.76000000000002,133.61999999999998,117.24,95.33,97.99,92.72,97.5,64.7,65.7,22.2,22.2,64.13,0.0,34.0,34.0,34.0,34.0,34.0,34.0,34.0,34.0,34.0,33.68000000000001,34.0,34.0,34.0,34.0,34.0,34.0,34.0,102.58,104.892,51.21,106.836,55.82000000000001,91.32,104.5,121.64,147.07999999999998,202.62,177.5,109.94,110.74,100.68,103.9,66.32000000000001,64.94,,0.0,0.0,0.0,0.0,0.0,0.0,0.0,0.0,0.0,0.0,-1.7763568394002505e-15,0.0,-3.552713678800501e-15,0.0,0.0,0.0,25.099999999999994,63.93899999999999,7.310000000000006,39.8776,-2.519999999999989,24.960000000000026,28.840000000000003,36.0,45.319999999999965,69.00000000000003,60.25999999999999,14.610000000000008,12.749999999999991,7.959999999999994,6.400000000000006,1.6200000000000043,-0.7600000000000051,0.4,0.54,1.44,0.68,0.99,0.71,0.59,0.34,0.16,0.03,0.01,0.15,0.16,0.2,0.24,0.72,0.71
9,Cooling,Convective,Standing fan,"20D, 47W, 63H",Sunbeam,,FA8900,https://www.choice.com.au/products/home-and-living/cooling/fans/sunbeam-infinity-oscillating-pedestal-fan-fa8900,Market-ready,ID9_standing_fan_front.png,,Level3,111.0,2024.0,Trunk,270.0,150.0,,55.0,The University of Sydney,Australia,Office,Sitting,PT Manikins,Thermal,Female,22.0,TskControl34,22.2,22.2,50.04,0.13,34.0,34.0,34.0,34.0,34.0,34.0,34.0,34.0,34.0,34.0,34.0,34.0,34.0,34.0,34.0,34.0,34.0,77.48,40.953,43.89999999999999,66.95840000000001,58.34,66.35999999999999,75.66,85.64000000000001,101.76000000000002,133.61999999999998,117.24,95.33,97.99,92.72,97.5,64.7,65.7,22.2,22.1,66.22,0.04,34.0,34.0,34.0,34.0,34.0,34.0,34.0,34.0,34.0,33.86,34.0,34.0,34.0,34.0,34.0,34.0,34.0,100.84,101.158,50.09,103.868,55.38,89.96000000000001,104.9,117.88,146.2,202.44,171.38,108.37,109.42000000000002,100.94,103.08,64.42,64.14,,-0.0599999999999987,-0.0599999999999987,-0.0599999999999987,-0.0599999999999951,-0.0599999999999987,-0.0599999999999987,-0.0599999999999987,-0.0599999999999987,-0.0599999999999987,-0.0599999999999987,-0.0599999999999987,-0.0599999999999987,-0.0599999999999987,-0.0599999999999951,-0.0599999999999987,-0.0599999999999987,23.36,60.204999999999984,6.190000000000005,36.909600000000005,-2.960000000000001,23.600000000000023,29.24000000000001,32.23999999999998,44.43999999999997,68.82000000000002,54.13999999999999,13.04,11.430000000000014,8.219999999999999,5.579999999999998,-0.2800000000000011,-1.5600000000000025,0.4,0.54,1.44,0.68,0.99,0.71,0.59,0.34,0.16,0.03,0.01,0.15,0.16,0.2,0.24,0.72,0.71
9,Cooling,Convective,Standing fan,"20D, 47W, 63H",Sunbeam,,FA8900,https://www.choice.com.au/products/home-and-living/cooling/fans/sunbeam-infinity-oscillating-pedestal-fan-fa8900,Market-ready,ID9_standing_fan_front.png,,Level4,111.0,2024.0,Trunk,225.0,150.0,,55.0,The University of Sydney,Australia,Office,Sitting,PT Manikins,Thermal,Female,22.0,TskControl34,22.2,22.2,50.04,0.13,34.0,34.0,34.0,34.0,34.0,34.0,34.0,34.0,34.0,34.0,34.0,34.0,34.0,34.0,34.0,34.0,34.0,77.48,40.953,43.89999999999999,66.95840000000001,58.34,66.35999999999999,75.66,85.64000000000001,101.76000000000002,133.61999999999998,117.24,95.33,97.99,92.72,97.5,64.7,65.7,22.3,22.2,68.39,0.0,33.8,34.0,34.0,34.0,34.0,34.0,34.0,34.0,34.0,29.94,31.360000000000003,34.0,34.0,34.0,34.0,34.0,34.0,112.1,83.779,54.69,100.43200000000002,71.62,113.2,84.7,154.62000000000003,176.06,206.52,215.2,150.36,136.75000000000003,112.02,107.68,65.42,61.96,,0.0,1.7763568394002505e-15,1.5631940186722204e-15,3.552713678800501e-15,0.0,0.0,0.0,0.0,0.0,0.0,0.0,0.0,0.0,3.552713678800501e-15,0.0,0.0,34.61999999999999,42.82599999999999,10.790000000000006,33.47360000000001,13.280000000000008,46.84000000000002,9.040000000000006,68.98000000000002,74.29999999999998,72.9,97.95999999999998,55.03,38.76000000000002,19.30000000000001,10.179999999999993,0.7199999999999989,-3.740000000000002,0.4,0.54,1.44,0.68,0.99,0.71,0.59,0.34,0.16,0.03,0.01,0.15,0.16,0.2,0.24,0.72,0.71
9,Cooling,Convective,Standing fan,"20D, 47W, 63H",Sunbeam,,FA8900,https://www.choice.com.au/products/home-and-living/cooling/fans/sunbeam-infinity-oscillating-pedestal-fan-fa8900,Market-ready,ID9_standing_fan_front.png,,Level3,111.0,2024.0,Trunk,225.0,150.0,,55.0,The University of Sydney,Australia,Office,Sitting,PT Manikins,Thermal,Female,22.0,TskControl34,22.2,22.2,50.04,0.13,34.0,34.0,34.0,34.0,34.0,34.0,34.0,34.0,34.0,34.0,34.0,34.0,34.0,34.0,34.0,34.0,34.0,77.48,40.953,43.89999999999999,66.95840000000001,58.34,66.35999999999999,75.66,85.64000000000001,101.76000000000002,133.61999999999998,117.24,95.33,97.99,92.72,97.5,64.7,65.7,22.2,22.4,57.44,0.1,33.9,34.0,34.0,34.0,34.0,34.0,34.0,34.0,34.0,30.98,32.3,34.0,34.0,34.0,34.0,34.0,34.0,110.88,81.76599999999999,54.36,99.1344,70.78,109.26,84.7,153.2,171.08,205.4,214.14,148.86,135.2,110.52,106.08,65.64000000000001,68.4,,0.1000000000000014,0.1000000000000014,0.1000000000000014,0.1000000000000049,0.1000000000000049,0.1000000000000014,0.1000000000000014,0.1000000000000014,0.1000000000000014,0.1000000000000014,0.1000000000000014,0.1000000000000014,0.1000000000000014,0.1000000000000049,0.1000000000000014,0.1000000000000014,33.39999999999999,40.81299999999999,10.460000000000004,32.176,12.440000000000005,42.900000000000006,9.040000000000006,67.55999999999997,69.32,71.78000000000003,96.9,53.53,37.21,17.80000000000001,8.579999999999998,0.940000000000012,2.700000000000003,0.4,0.54,1.44,0.68,0.99,0.71,0.59,0.34,0.16,0.03,0.01,0.15,0.16,0.2,0.24,0.72,0.71
9,Cooling,Convective,Standing fan,"20D, 47W, 63H",Sunbeam,,FA8900,https://www.choice.com.au/products/home-and-living/cooling/fans/sunbeam-infinity-oscillating-pedestal-fan-fa8900,Market-ready,ID9_standing_fan_front.png,,Level1,111.0,2024.0,Trunk,225.0,150.0,,55.0,The University of Sydney,Australia,Office,Sitting,PT Manikins,Thermal,Female,22.0,TskControl34,22.2,22.2,50.04,0.13,34.0,34.0,34.0,34.0,34.0,34.0,34.0,34.0,34.0,34.0,34.0,34.0,34.0,34.0,34.0,34.0,34.0,77.48,40.953,43.89999999999999,66.95840000000001,58.34,66.35999999999999,75.66,85.64000000000001,101.76000000000002,133.61999999999998,117.24,95.33,97.99,92.72,97.5,64.7,65.7,22.1,22.2,55.94,0.06,34.0,34.0,34.0,34.0,34.0,34.0,34.0,34.0,34.0,33.52,34.0,34.0,34.0,34.0,34.0,34.0,34.0,94.66,61.875,48.72,83.87840000000001,60.760000000000005,93.66,76.76,122.24,149.14,202.9,193.36,123.38,108.68,96.76,95.84,63.54,62.64,,-0.0399999999999991,-0.0399999999999991,-0.0399999999999991,-0.0399999999999955,-0.0399999999999991,-0.0399999999999991,-0.0399999999999991,-0.0399999999999991,-0.0400000000000027,-0.0399999999999991,-0.0399999999999973,-0.0399999999999991,-0.0399999999999991,-0.0399999999999955,-0.0399999999999991,-0.0399999999999991,17.179999999999993,20.922,4.820000000000004,16.92000000000001,2.420000000000009,27.30000000000001,1.1000000000000083,36.6,47.38,69.28000000000003,76.11999999999998,28.04999999999999,10.689999999999998,4.040000000000006,-1.6599999999999966,-1.1600000000000037,-3.0600000000000023,0.4,0.54,1.44,0.68,0.99,0.71,0.59,0.34,0.16,0.03,0.01,0.15,0.16,0.2,0.24,0.72,0.71
9,Cooling,Convective,Standing fan,"20D, 47W, 63H",Sunbeam,,FA8900,https://www.choice.com.au/products/home-and-living/cooling/fans/sunbeam-infinity-oscillating-pedestal-fan-fa8900,Market-ready,ID9_standing_fan_front.png,,Level1,111.0,2024.0,Trunk,270.0,150.0,,55.0,The University of Sydney,Australia,Office,Sitting,PT Manikins,Thermal,Female,22.0,TskControl34,22.2,22.2,50.04,0.13,34.0,34.0,34.0,34.0,34.0,34.0,34.0,34.0,34.0,34.0,34.0,34.0,34.0,34.0,34.0,34.0,34.0,77.48,40.953,43.89999999999999,66.95840000000001,58.34,66.35999999999999,75.66,85.64000000000001,101.76000000000002,133.61999999999998,117.24,95.33,97.99,92.72,97.5,64.7,65.7,22.1,22.1,51.35,0.08,34.0,34.0,34.0,34.0,34.0,34.0,34.0,34.0,34.0,34.0,34.0,34.0,34.0,34.0,34.0,34.0,34.0,87.44000000000001,71.5,44.73,85.44,55.18000000000001,81.3,92.62,110.78,127.64,170.4,141.5,93.95,97.06,91.92,98.43999999999998,62.67999999999999,64.28,,-0.0999999999999978,-0.0999999999999978,-0.0999999999999978,-0.0999999999999943,-0.0999999999999978,-0.0999999999999978,-0.0999999999999978,-0.0999999999999978,-0.0999999999999978,-0.0999999999999978,-0.0999999999999978,-0.0999999999999978,-0.0999999999999978,-0.0999999999999943,-0.0999999999999978,-0.0999999999999978,9.960000000000008,30.546999999999997,0.8300000000000054,18.4816,-3.159999999999989,14.940000000000012,16.959999999999994,25.139999999999983,25.879999999999995,36.78000000000003,24.25999999999999,-1.3800000000000026,-0.9299999999999996,-0.7999999999999972,0.9399999999999836,-2.0200000000000102,-1.4200000000000017,0.4,0.54,1.44,0.68,0.99,0.71,0.59,0.34,0.16,0.03,0.01,0.15,0.16,0.2,0.24,0.72,0.71
9,Cooling,Convective,Standing fan,"20D, 47W, 63H",Sunbeam,,FA8900,https://www.choice.com.au/products/home-and-living/cooling/fans/sunbeam-infinity-oscillating-pedestal-fan-fa8900,Market-ready,ID9_standing_fan_front.png,,Level1,111.0,2024.0,Trunk,180.0,150.0,,55.0,The University of Sydney,Australia,Office,Sitting,PT Manikins,Thermal,Female,22.0,TskControl34,22.1,21.9,67.05,0.12,34.0,34.0,34.0,34.0,34.0,34.0,34.0,34.0,34.0,34.0,34.0,34.0,34.0,34.0,34.0,34.0,34.0,77.2,41.44499999999999,44.1,67.29840000000002,57.82000000000001,67.2,76.85999999999999,84.47999999999999,100.32,130.2,113.38,94.46,97.43,91.48,96.32,66.32000000000001,66.28,22.3,22.2,75.69,0.02,34.0,34.0,34.0,34.0,34.0,34.0,34.0,34.0,34.0,34.0,34.0,34.0,34.0,34.0,34.0,34.0,34.0,88.73999999999998,61.07299999999999,58.33,78.46640000000001,68.02,94.5,80.92,123.96,149.54000000000002,176.0,178.32,97.37,93.03,89.46,91.94,66.92,63.260000000000005,,0.2299999999999991,0.2299999999999986,0.2300000000000004,0.2300000000000004,0.2300000000000004,0.2300000000000004,0.2300000000000004,0.2300000000000004,0.2300000000000004,0.2300000000000004,0.2300000000000004,0.2299999999999986,0.2300000000000004,0.2300000000000004,0.2300000000000004,0.2300000000000004,11.539999999999978,19.628000000000007,14.230000000000004,11.167999999999996,10.199999999999989,27.3,4.0600000000000165,39.48000000000002,49.22000000000001,45.80000000000001,64.94,2.910000000000011,-4.399999999999999,-2.0200000000000102,-4.379999999999981,0.5999999999999943,-3.019999999999996,0.4,0.54,1.44,0.68,0.99,0.71,0.59,0.34,0.16,0.03,0.01,0.15,0.16,0.2,0.24,0.72,0.71
9,Cooling,Convective,Standing fan,"20D, 47W, 63H",Sunbeam,,FA8900,https://www.choice.com.au/products/home-and-living/cooling/fans/sunbeam-infinity-oscillating-pedestal-fan-fa8900,Market-ready,ID9_standing_fan_front.png,,Level6,111.0,2024.0,Trunk,180.0,150.0,,55.0,The University of Sydney,Australia,Office,Sitting,PT Manikins,Thermal,Female,22.0,TskControl34,22.1,21.9,67.05,0.12,34.0,34.0,34.0,34.0,34.0,34.0,34.0,34.0,34.0,34.0,34.0,34.0,34.0,34.0,34.0,34.0,34.0,77.2,41.44499999999999,44.1,67.29840000000002,57.82000000000001,67.2,76.85999999999999,84.47999999999999,100.32,130.2,113.38,94.46,97.43,91.48,96.32,66.32000000000001,66.28,22.3,22.5,63.74,0.11,33.8,33.608000000000004,34.0,34.0,34.0,34.0,34.0,34.0,34.0,30.04,30.380000000000003,34.0,34.0,34.0,34.0,34.0,34.0,125.43999999999998,108.504,81.25999999999999,112.8144,88.58000000000001,134.28000000000003,106.26,188.86,228.5,206.26,216.06,162.14,147.42000000000002,96.5,102.82,64.47999999999999,63.52,,0.3999999999999986,0.3999999999999986,0.3999999999999986,0.3999999999999986,0.3999999999999986,0.3999999999999986,0.3999999999999986,0.3999999999999986,0.3999999999999986,0.3999999999999986,0.3999999999999986,0.3999999999999986,0.3999999999999986,0.3999999999999986,0.3999999999999986,0.3999999999999986,48.23999999999998,67.05900000000001,37.16,45.516000000000005,30.760000000000005,67.08000000000003,29.40000000000001,104.38,128.18,76.06,102.68,67.68,49.99,5.019999999999996,6.500000000000014,-1.8400000000000176,-2.759999999999998,0.4,0.54,1.44,0.68,0.99,0.71,0.59,0.34,0.16,0.03,0.01,0.15,0.16,0.2,0.24,0.72,0.71
9,Cooling,Convective,Standing fan,"20D, 47W, 63H",Sunbeam,,FA8900,https://www.choice.com.au/products/home-and-living/cooling/fans/sunbeam-infinity-oscillating-pedestal-fan-fa8900,Market-ready,ID9_standing_fan_front.png,,Level6,111.0,2024.0,Trunk,270.0,150.0,,55.0,The University of Sydney,Australia,Office,Sitting,PT Manikins,Thermal,Female,22.0,TskControl34,22.2,22.2,50.04,0.13,34.0,34.0,34.0,34.0,34.0,34.0,34.0,34.0,34.0,34.0,34.0,34.0,34.0,34.0,34.0,34.0,34.0,77.48,40.953,43.89999999999999,66.95840000000001,58.34,66.35999999999999,75.66,85.64000000000001,101.76000000000002,133.61999999999998,117.24,95.33,97.99,92.72,97.5,64.7,65.7,22.1,22.1,62.07,0.05,33.9,33.754999999999995,34.0,34.0,34.0,34.0,34.0,34.0,34.0,30.880000000000003,34.0,34.0,34.0,34.0,34.0,34.0,34.0,118.78000000000002,141.03499999999997,58.13,130.14800000000002,62.88,107.76000000000002,114.02,146.82,162.32,205.38,209.82,129.61,117.48,116.52,115.61999999999998,69.74000000000001,69.06,,-0.0999999999999978,-0.0999999999999978,-0.0999999999999978,-0.0999999999999943,-0.0999999999999978,-0.0999999999999978,-0.0999999999999978,-0.0999999999999978,-0.0999999999999978,-0.0999999999999978,-0.0999999999999978,-0.0999999999999978,-0.0999999999999978,-0.0999999999999943,-0.0999999999999978,-0.0999999999999978,41.30000000000001,100.08199999999998,14.23,63.189600000000006,4.539999999999999,41.400000000000034,38.360000000000014,61.17999999999998,60.55999999999997,71.76000000000005,92.57999999999998,34.27999999999999,19.489999999999995,23.80000000000001,18.119999999999976,5.040000000000006,3.3599999999999994,0.4,0.54,1.44,0.68,0.99,0.71,0.59,0.34,0.16,0.03,0.01,0.15,0.16,0.2,0.24,0.72,0.71
9,Cooling,Convective,Standing fan,"20D, 47W, 63H",Sunbeam,,FA8900,https://www.choice.com.au/products/home-and-living/cooling/fans/sunbeam-infinity-oscillating-pedestal-fan-fa8900,Market-ready,ID9_standing_fan_front.png,,Level3,111.0,2024.0,Trunk,180.0,150.0,,55.0,The University of Sydney,Australia,Office,Sitting,PT Manikins,Thermal,Female,22.0,TskControl34,22.1,21.9,67.05,0.12,34.0,34.0,34.0,34.0,34.0,34.0,34.0,34.0,34.0,34.0,34.0,34.0,34.0,34.0,34.0,34.0,34.0,77.2,41.44499999999999,44.1,67.29840000000002,57.82000000000001,67.2,76.85999999999999,84.47999999999999,100.32,130.2,113.38,94.46,97.43,91.48,96.32,66.32000000000001,66.28,22.3,22.3,52.43,0.05,33.9,34.0,34.0,34.0,34.0,34.0,34.0,34.0,34.0,31.9,32.31999999999999,34.0,34.0,34.0,34.0,34.0,34.0,110.04,80.451,72.16,96.0496,82.03999999999999,112.46,93.74,160.06,193.08,204.4,214.14,141.23000000000002,128.24,90.6,96.8,63.7,63.120000000000005,,0.3000000000000007,0.3000000000000007,0.3000000000000007,0.3000000000000007,0.3000000000000007,0.3000000000000007,0.3000000000000007,0.2999999999999971,0.3000000000000007,0.3000000000000007,0.3000000000000007,0.3000000000000007,0.3000000000000007,0.3000000000000007,0.3000000000000007,0.3000000000000007,32.84,39.00600000000001,28.06,28.751199999999997,24.219999999999985,45.260000000000005,16.88000000000001,75.58000000000001,92.75999999999998,74.20000000000002,100.76000000000002,46.77000000000001,30.809999999999988,-0.8800000000000097,0.480000000000004,-2.6200000000000045,-3.1599999999999966,0.4,0.54,1.44,0.68,0.99,0.71,0.59,0.34,0.16,0.03,0.01,0.15,0.16,0.2,0.24,0.72,0.71
9,Cooling,Convective,Standing fan,"20D, 47W, 63H",Sunbeam,,FA8900,https://www.choice.com.au/products/home-and-living/cooling/fans/sunbeam-infinity-oscillating-pedestal-fan-fa8900,Market-ready,ID9_standing_fan_front.png,,Level6,111.0,2024.0,Trunk,225.0,150.0,,55.0,The University of Sydney,Australia,Office,Sitting,PT Manikins,Thermal,Female,22.0,TskControl34,22.2,22.2,50.04,0.13,34.0,34.0,34.0,34.0,34.0,34.0,34.0,34.0,34.0,34.0,34.0,34.0,34.0,34.0,34.0,34.0,34.0,77.48,40.953,43.89999999999999,66.95840000000001,58.34,66.35999999999999,75.66,85.64000000000001,101.76000000000002,133.61999999999998,117.24,95.33,97.99,92.72,97.5,64.7,65.7,22.3,22.3,64.15,0.0,33.8,33.923,34.0,34.0,34.0,34.0,34.0,34.0,34.0,29.12,29.78,34.0,34.0,34.0,34.0,34.0,34.0,125.66,104.31,61.94,117.94,76.94000000000001,135.02,96.18,178.94,206.04,207.18,216.7,168.42000000000002,152.76,115.18,118.08,63.42,61.46,,0.1000000000000026,0.1000000000000014,0.1000000000000014,0.1000000000000049,0.1000000000000014,0.0999999999999978,0.1000000000000014,0.0999999999999978,0.1000000000000014,0.1000000000000014,0.1000000000000014,0.1000000000000014,0.1000000000000014,0.1000000000000014,0.1000000000000014,0.0999999999999978,48.18000000000001,63.35699999999999,18.04,50.9816,18.600000000000016,68.66000000000003,20.52,93.29999999999998,104.28,73.56,99.45999999999998,73.09,54.76999999999999,22.459999999999997,20.58,-1.2800000000000011,-4.240000000000002,0.4,0.54,1.44,0.68,0.99,0.71,0.59,0.34,0.16,0.03,0.01,0.15,0.16,0.2,0.24,0.72,0.71
9,Cooling,Convective,Standing fan,"20D, 47W, 63H",Sunbeam,,FA8900,https://www.choice.com.au/products/home-and-living/cooling/fans/sunbeam-infinity-oscillating-pedestal-fan-fa8900,Market-ready,ID9_standing_fan_front.png,,Level4,111.0,2024.0,Trunk,180.0,150.0,,55.0,The University of Sydney,Australia,Office,Sitting,PT Manikins,Thermal,Female,22.0,TskControl34,25.4,25.4,52.23,0.1,34.0,34.0,34.0,34.0,34.0,34.0,34.0,34.0,34.0,34.0,34.0,34.0,34.0,34.0,34.0,34.0,34.0,58.67999999999999,30.248,35.56,51.1112,47.92,49.42,56.84,60.81999999999999,68.94,95.72,84.4,69.36000000000001,77.35,72.92,76.22,49.58,48.7,25.2,25.2,53.19,0.09,34.0,34.0,34.0,34.0,34.0,34.0,34.0,34.0,34.0,33.86,34.0,34.0,34.0,34.0,34.0,34.0,34.0,79.99999999999999,56.50599999999999,47.120000000000005,68.97200000000001,53.8,91.34,71.2,121.76,134.82,202.94,200.92,94.51,83.44,67.96,70.22,45.620000000000005,45.14,,-0.1999999999999993,-0.1999999999999993,-0.1999999999999993,-0.1999999999999993,-0.1999999999999993,-0.1999999999999993,-0.1999999999999993,-0.1999999999999993,-0.1999999999999993,-0.1999999999999993,-0.1999999999999993,-0.1999999999999993,-0.1999999999999993,-0.1999999999999993,-0.1999999999999993,-0.1999999999999993,21.319999999999997,26.258000000000003,11.560000000000002,17.8608,5.879999999999996,41.92,14.360000000000008,60.94,65.88,107.22,116.51999999999998,25.149999999999984,6.0900000000000105,-4.960000000000008,-6.0,-3.9599999999999937,-3.5600000000000023,0.4,0.54,1.44,0.68,0.99,0.71,0.59,0.34,0.16,0.03,0.01,0.15,0.16,0.2,0.24,0.72,0.71
9,Cooling,Convective,Standing fan,"20D, 47W, 63H",Sunbeam,,FA8900,https://www.choice.com.au/products/home-and-living/cooling/fans/sunbeam-infinity-oscillating-pedestal-fan-fa8900,Market-ready,ID9_standing_fan_front.png,,Level3,111.0,2024.0,Trunk,270.0,150.0,,55.0,The University of Sydney,Australia,Office,Sitting,PT Manikins,Thermal,Female,22.0,TskControl34,25.4,25.4,52.23,0.1,34.0,34.0,34.0,34.0,34.0,34.0,34.0,34.0,34.0,34.0,34.0,34.0,34.0,34.0,34.0,34.0,34.0,58.67999999999999,30.248,35.56,51.1112,47.92,49.42,56.84,60.81999999999999,68.94,95.72,84.4,69.36000000000001,77.35,72.92,76.22,49.58,48.7,21.4,21.7,22.55,0.0,34.0,34.0,34.0,34.0,34.0,34.0,34.0,34.0,34.0,34.0,34.0,34.0,34.0,34.0,34.0,34.0,34.0,77.34,81.244,40.67,81.6984,41.66,76.46,71.46,98.26,95.76000000000002,170.1,126.43999999999998,84.01,77.99000000000001,78.14,77.36,49.06,47.68,,-3.6999999999999993,-3.6999999999999993,-3.6999999999999993,-3.6999999999999993,-3.6999999999999993,-3.6999999999999993,-3.6999999999999993,-3.6999999999999993,-3.6999999999999993,-3.6999999999999993,-3.6999999999999993,-3.6999999999999993,-3.6999999999999993,-3.6999999999999993,-3.6999999999999993,-3.6999999999999993,18.66000000000001,50.99600000000001,5.109999999999996,30.587200000000006,-6.259999999999998,27.04,14.619999999999996,37.44000000000001,26.82000000000002,74.38,42.03999999999998,14.65,0.6400000000000077,5.219999999999999,1.1400000000000006,-0.519999999999996,-1.0200000000000031,0.4,0.54,1.44,0.68,0.99,0.71,0.59,0.34,0.16,0.03,0.01,0.15,0.16,0.2,0.24,0.72,0.71
9,Cooling,Convective,Standing fan,"20D, 47W, 63H",Sunbeam,,FA8900,https://www.choice.com.au/products/home-and-living/cooling/fans/sunbeam-infinity-oscillating-pedestal-fan-fa8900,Market-ready,ID9_standing_fan_front.png,,Level3,111.0,2024.0,Trunk,225.0,150.0,,55.0,The University of Sydney,Australia,Office,Sitting,PT Manikins,Thermal,Female,22.0,TskControl34,25.4,25.4,52.23,0.1,34.0,34.0,34.0,34.0,34.0,34.0,34.0,34.0,34.0,34.0,34.0,34.0,34.0,34.0,34.0,34.0,34.0,58.67999999999999,30.248,35.56,51.1112,47.92,49.42,56.84,60.81999999999999,68.94,95.72,84.4,69.36000000000001,77.35,72.92,76.22,49.58,48.7,25.1,25.1,53.17,0.06,34.0,34.0,34.0,34.0,34.0,34.0,34.0,34.0,34.0,33.96,34.0,34.0,34.0,34.0,34.0,34.0,34.0,81.78,58.143,42.870000000000005,71.9136,48.43999999999999,89.63999999999999,64.66,117.31999999999998,118.54,202.6,201.48,103.03,92.13,76.5,74.74000000000001,46.34,44.16,,-0.2999999999999971,-0.2999999999999971,-0.2999999999999971,-0.2999999999999971,-0.2999999999999971,-0.2999999999999971,-0.2999999999999971,-0.2999999999999971,-0.2999999999999971,-0.2999999999999971,-0.2999999999999971,-0.2999999999999971,-0.2999999999999971,-0.2999999999999971,-0.2999999999999971,-0.2999999999999971,23.10000000000001,27.895,7.309999999999999,20.80240000000001,0.5199999999999889,40.21999999999999,7.82,56.49999999999999,49.60000000000001,106.88,117.07999999999998,33.669999999999995,14.780000000000008,3.5799999999999983,-1.4799999999999898,-3.240000000000002,-4.539999999999999,0.4,0.54,1.44,0.68,0.99,0.71,0.59,0.34,0.16,0.03,0.01,0.15,0.16,0.2,0.24,0.72,0.71
9,Cooling,Convective,Standing fan,"20D, 47W, 63H",Sunbeam,,FA8900,https://www.choice.com.au/products/home-and-living/cooling/fans/sunbeam-infinity-oscillating-pedestal-fan-fa8900,Market-ready,ID9_standing_fan_front.png,,Mid,111.0,2024.0,Trunk,270.0,150.0,,55.0,The University of Sydney,Australia,Office,Sitting,PT Manikins,Thermal,Female,22.0,TskControl34,25.4,25.4,52.23,0.1,34.0,34.0,34.0,34.0,34.0,34.0,34.0,34.0,34.0,34.0,34.0,34.0,34.0,34.0,34.0,34.0,34.0,58.67999999999999,30.248,35.56,51.1112,47.92,49.42,56.84,60.81999999999999,68.94,95.72,84.4,69.36000000000001,77.35,72.92,76.22,49.58,48.7,25.1,25.3,53.17,0.08,34.0,34.0,34.0,34.0,34.0,34.0,34.0,34.0,34.0,34.0,34.0,34.0,34.0,34.0,34.0,34.0,34.0,66.58,54.115,34.69,73.5856,38.1,67.56,64.72,77.04,85.97999999999999,115.46,104.8,72.47999999999999,72.99,69.47999999999999,72.73999999999998,48.7,46.580000000000005,,-0.1899999999999977,-0.1899999999999977,-0.1899999999999977,-0.1899999999999977,-0.1899999999999977,-0.1899999999999977,-0.1899999999999977,-0.1899999999999977,-0.1899999999999977,-0.1899999999999977,-0.1899999999999977,-0.1899999999999977,-0.1899999999999977,-0.1899999999999977,-0.1899999999999977,-0.1899999999999977,7.900000000000006,23.867,-0.8700000000000045,22.47440000000001,-9.82,18.140000000000008,7.880000000000003,16.220000000000013,17.039999999999992,19.739999999999995,20.39999999999999,3.1199999999999903,-4.359999999999999,-3.440000000000012,-3.480000000000018,-0.8799999999999955,-2.119999999999997,0.4,0.54,1.44,0.68,0.99,0.71,0.59,0.34,0.16,0.03,0.01,0.15,0.16,0.2,0.24,0.72,0.71
9,Cooling,Convective,Standing fan,"20D, 47W, 63H",Sunbeam,,FA8900,https://www.choice.com.au/products/home-and-living/cooling/fans/sunbeam-infinity-oscillating-pedestal-fan-fa8900,Market-ready,ID9_standing_fan_front.png,,Low,111.0,2024.0,Trunk,270.0,150.0,,55.0,The University of Sydney,Australia,Office,Sitting,PT Manikins,Thermal,Female,22.0,TskControl34,25.4,25.4,52.23,0.1,34.0,34.0,34.0,34.0,34.0,34.0,34.0,34.0,34.0,34.0,34.0,34.0,34.0,34.0,34.0,34.0,34.0,58.67999999999999,30.248,35.56,51.1112,47.92,49.42,56.84,60.81999999999999,68.94,95.72,84.4,69.36000000000001,77.35,72.92,76.22,49.58,48.7,21.4,21.7,22.55,0.0,34.0,34.0,34.0,34.0,34.0,34.0,34.0,34.0,34.0,34.0,34.0,34.0,34.0,34.0,34.0,34.0,34.0,63.6,48.57,33.1,69.3144,35.9,63.75999999999999,61.85999999999999,73.08,84.62,107.08,101.26000000000002,68.78999999999999,70.91,68.96,72.0,46.52,46.580000000000005,,-3.6999999999999993,-3.6999999999999993,-3.6999999999999993,-3.6999999999999993,-3.6999999999999993,-3.6999999999999993,-3.699999999999996,-3.6999999999999993,-3.6999999999999993,-3.6999999999999993,-3.6999999999999993,-3.6999999999999993,-3.6999999999999993,-3.6999999999999993,-3.6999999999999993,-3.6999999999999993,4.920000000000009,18.322000000000003,-2.460000000000002,18.20320000000001,-12.020000000000003,14.339999999999996,5.019999999999996,12.260000000000003,15.680000000000009,11.36,16.860000000000014,-0.5700000000000074,-6.439999999999998,-3.960000000000008,-4.219999999999999,-3.059999999999995,-2.119999999999997,0.4,0.54,1.44,0.68,0.99,0.71,0.59,0.34,0.16,0.03,0.01,0.15,0.16,0.2,0.24,0.72,0.71
9,Cooling,Convective,Standing fan,"20D, 47W, 63H",Sunbeam,,FA8900,https://www.choice.com.au/products/home-and-living/cooling/fans/sunbeam-infinity-oscillating-pedestal-fan-fa8900,Market-ready,ID9_standing_fan_front.png,,High,111.0,2024.0,Trunk,270.0,150.0,,55.0,The University of Sydney,Australia,Office,Sitting,PT Manikins,Thermal,Female,22.0,TskControl34,25.4,25.4,52.23,0.1,34.0,34.0,34.0,34.0,34.0,34.0,34.0,34.0,34.0,34.0,34.0,34.0,34.0,34.0,34.0,34.0,34.0,58.67999999999999,30.248,35.56,51.1112,47.92,49.42,56.84,60.81999999999999,68.94,95.72,84.4,69.36000000000001,77.35,72.92,76.22,49.58,48.7,25.2,25.2,53.54,0.08,34.0,34.0,34.0,34.0,34.0,34.0,34.0,34.0,34.0,34.0,34.0,34.0,34.0,34.0,34.0,34.0,34.0,68.1,59.328,35.79,77.54560000000001,38.02,69.58,67.88000000000001,74.0,87.0,114.78,105.74,73.86,73.62,69.47999999999999,72.1,46.82000000000001,46.22,,-0.1999999999999993,-0.1999999999999993,-0.1999999999999993,-0.1999999999999993,-0.1999999999999993,-0.1999999999999993,-0.1999999999999993,-0.1999999999999993,-0.1999999999999993,-0.1999999999999993,-0.1999999999999993,-0.1999999999999993,-0.1999999999999993,-0.1999999999999993,-0.1999999999999993,-0.1999999999999993,9.420000000000002,29.08,0.2299999999999968,26.4344,-9.900000000000006,20.160000000000004,11.040000000000012,13.180000000000009,18.06,19.06,21.340000000000003,4.499999999999993,-3.729999999999997,-3.440000000000012,-4.1200000000000045,-2.759999999999991,-2.480000000000004,0.4,0.54,1.44,0.68,0.99,0.71,0.59,0.34,0.16,0.03,0.01,0.15,0.16,0.2,0.24,0.72,0.71
9,Cooling,Convective,Standing fan,"20D, 47W, 63H",Sunbeam,,FA8900,https://www.choice.com.au/products/home-and-living/cooling/fans/sunbeam-infinity-oscillating-pedestal-fan-fa8900,Market-ready,ID9_standing_fan_front.png,,Level4,111.0,2024.0,Trunk,270.0,150.0,,55.0,The University of Sydney,Australia,Office,Sitting,PT Manikins,Thermal,Female,22.0,TskControl34,25.4,25.4,52.23,0.1,34.0,34.0,34.0,34.0,34.0,34.0,34.0,34.0,34.0,34.0,34.0,34.0,34.0,34.0,34.0,34.0,34.0,58.67999999999999,30.248,35.56,51.1112,47.92,49.42,56.84,60.81999999999999,68.94,95.72,84.4,69.36000000000001,77.35,72.92,76.22,49.58,48.7,25.2,25.3,52.85,0.0,34.0,34.0,34.0,34.0,34.0,34.0,34.0,34.0,34.0,34.0,34.0,34.0,34.0,34.0,34.0,34.0,34.0,78.35999999999999,82.168,40.97,83.11680000000001,42.120000000000005,78.03999999999999,72.6,97.0,97.1,172.98,127.72,85.06,79.66,78.53999999999999,78.08,48.98,48.36,,-0.0999999999999978,-0.0999999999999978,-0.0999999999999978,-0.0999999999999978,-0.0999999999999978,-0.0999999999999978,-0.0999999999999978,-0.0999999999999978,-0.0999999999999978,-0.0999999999999978,-0.0999999999999978,-0.0999999999999978,-0.0999999999999978,-0.0999999999999978,-0.0999999999999978,-0.0999999999999978,19.679999999999996,51.92,5.409999999999997,32.0056,-5.799999999999997,28.62,15.759999999999998,36.18000000000001,28.16,77.25999999999999,43.31999999999999,15.699999999999996,2.3100000000000023,5.61999999999999,1.8599999999999997,-0.6000000000000014,-0.3400000000000034,0.4,0.54,1.44,0.68,0.99,0.71,0.59,0.34,0.16,0.03,0.01,0.15,0.16,0.2,0.24,0.72,0.71
9,Cooling,Convective,Standing fan,"20D, 47W, 63H",Sunbeam,,FA8900,https://www.choice.com.au/products/home-and-living/cooling/fans/sunbeam-infinity-oscillating-pedestal-fan-fa8900,Market-ready,ID9_standing_fan_front.png,,Level6,111.0,2024.0,Trunk,270.0,150.0,,55.0,The University of Sydney,Australia,Office,Sitting,PT Manikins,Thermal,Female,22.0,TskControl34,25.4,25.4,52.23,0.1,34.0,34.0,34.0,34.0,34.0,34.0,34.0,34.0,34.0,34.0,34.0,34.0,34.0,34.0,34.0,34.0,34.0,58.67999999999999,30.248,35.56,51.1112,47.92,49.42,56.84,60.81999999999999,68.94,95.72,84.4,69.36000000000001,77.35,72.92,76.22,49.58,48.7,25.2,25.4,53.88,0.14,34.0,34.0,34.0,34.0,34.0,34.0,34.0,34.0,34.0,33.34,34.0,34.0,34.0,34.0,34.0,34.0,34.0,91.02,105.802,47.45,99.8792,46.760000000000005,88.38,80.32000000000001,114.62,110.02,203.3,156.1,99.47,86.42000000000002,90.12,88.35999999999999,48.14,50.94,,-0.1099999999999994,-0.1099999999999994,-0.1099999999999994,-0.1099999999999994,-0.1099999999999994,-0.1099999999999994,-0.1099999999999994,-0.1099999999999994,-0.1099999999999994,-0.1099999999999994,-0.1099999999999994,-0.1099999999999994,-0.1099999999999994,-0.1099999999999994,-0.1099999999999994,-0.1099999999999994,32.34,75.554,11.889999999999995,48.768,-1.1599999999999966,38.96,23.48000000000001,53.80000000000001,41.08000000000001,107.58,71.69999999999999,30.109999999999985,9.070000000000014,17.19999999999999,12.139999999999986,-1.4399999999999975,2.239999999999995,0.4,0.54,1.44,0.68,0.99,0.71,0.59,0.34,0.16,0.03,0.01,0.15,0.16,0.2,0.24,0.72,0.71
9,Cooling,Convective,Standing fan,"20D, 47W, 63H",Sunbeam,,FA8900,https://www.choice.com.au/products/home-and-living/cooling/fans/sunbeam-infinity-oscillating-pedestal-fan-fa8900,Market-ready,ID9_standing_fan_front.png,,Level6,111.0,2024.0,Trunk,225.0,150.0,,55.0,The University of Sydney,Australia,Office,Sitting,PT Manikins,Thermal,Female,22.0,TskControl34,25.4,25.4,52.23,0.1,34.0,34.0,34.0,34.0,34.0,34.0,34.0,34.0,34.0,34.0,34.0,34.0,34.0,34.0,34.0,34.0,34.0,58.67999999999999,30.248,35.56,51.1112,47.92,49.42,56.84,60.81999999999999,68.94,95.72,84.4,69.36000000000001,77.35,72.92,76.22,49.58,48.7,25.1,25.1,53.17,0.07,33.9,34.0,34.0,34.0,34.0,34.0,34.0,34.0,34.0,32.36,32.72,34.0,34.0,34.0,34.0,34.0,34.0,94.52,75.585,46.900000000000006,85.2248,53.98,107.08,67.34,138.28,140.54000000000002,204.18,214.1,123.27,110.07,87.86,86.73999999999998,44.62,44.5,,-0.2999999999999971,-0.2999999999999971,-0.2999999999999971,-0.2999999999999971,-0.2999999999999971,-0.2999999999999971,-0.2999999999999971,-0.2999999999999971,-0.2999999999999971,-0.2999999999999971,-0.2999999999999971,-0.2999999999999971,-0.2999999999999971,-0.2999999999999971,-0.2999999999999971,-0.2999999999999971,35.84,45.33699999999999,11.340000000000003,34.1136,6.059999999999995,57.66,10.500000000000009,77.46000000000001,71.60000000000002,108.46,129.7,53.90999999999999,32.72000000000001,14.939999999999998,10.519999999999982,-4.960000000000001,-4.200000000000003,0.4,0.54,1.44,0.68,0.99,0.71,0.59,0.34,0.16,0.03,0.01,0.15,0.16,0.2,0.24,0.72,0.71
9,Cooling,Convective,Standing fan,"20D, 47W, 63H",Sunbeam,,FA8900,https://www.choice.com.au/products/home-and-living/cooling/fans/sunbeam-infinity-oscillating-pedestal-fan-fa8900,Market-ready,ID9_standing_fan_front.png,,Level6,111.0,2024.0,Trunk,180.0,150.0,,55.0,The University of Sydney,Australia,Office,Sitting,PT Manikins,Thermal,Female,22.0,TskControl34,25.4,25.4,52.23,0.1,34.0,34.0,34.0,34.0,34.0,34.0,34.0,34.0,34.0,34.0,34.0,34.0,34.0,34.0,34.0,34.0,34.0,58.67999999999999,30.248,35.56,51.1112,47.92,49.42,56.84,60.81999999999999,68.94,95.72,84.4,69.36000000000001,77.35,72.92,76.22,49.58,48.7,25.3,25.1,53.22,0.09,33.9,34.0,34.0,34.0,34.0,34.0,34.0,34.0,34.0,32.81999999999999,32.86,34.0,34.0,34.0,34.0,34.0,34.0,93.12,78.35499999999999,55.18000000000001,83.75600000000003,60.620000000000005,109.32,79.53999999999999,143.8,161.67999999999998,203.78,213.9,113.92,100.83,70.17999999999999,74.17999999999999,46.580000000000005,46.10000000000001,,-0.1999999999999993,-0.1999999999999993,-0.1999999999999993,-0.1999999999999993,-0.1999999999999993,-0.1999999999999993,-0.1999999999999993,-0.1999999999999993,-0.1999999999999993,-0.1999999999999993,-0.1999999999999993,-0.1999999999999993,-0.1999999999999993,-0.1999999999999993,-0.1999999999999993,-0.1999999999999993,34.44000000000001,48.107,19.62,32.64480000000001,12.700000000000005,59.90000000000001,22.7,82.98000000000002,92.73999999999998,108.06,129.5,44.55999999999998,23.480000000000004,-2.740000000000009,-2.0400000000000063,-2.999999999999993,-2.5999999999999943,0.4,0.54,1.44,0.68,0.99,0.71,0.59,0.34,0.16,0.03,0.01,0.15,0.16,0.2,0.24,0.72,0.71
9,Cooling,Convective,Standing fan,"20D, 47W, 63H",Sunbeam,,FA8900,https://www.choice.com.au/products/home-and-living/cooling/fans/sunbeam-infinity-oscillating-pedestal-fan-fa8900,Market-ready,ID9_standing_fan_front.png,,Level4,111.0,2024.0,Trunk,180.0,150.0,,55.0,The University of Sydney,Australia,Office,Sitting,PT Manikins,Thermal,Female,22.0,TskControl34,22.1,21.9,67.05,0.12,34.0,34.0,34.0,34.0,34.0,34.0,34.0,34.0,34.0,34.0,34.0,34.0,34.0,34.0,34.0,34.0,34.0,77.2,41.44499999999999,44.1,67.29840000000002,57.82000000000001,67.2,76.85999999999999,84.47999999999999,100.32,130.2,113.38,94.46,97.43,91.48,96.32,66.32000000000001,66.28,22.5,22.2,61.37,0.06,33.9,34.0,34.0,34.0,34.0,34.0,34.0,34.0,34.0,31.42,31.9,34.0,34.0,34.0,34.0,34.0,34.0,109.94,80.73400000000001,71.17000000000002,96.096,83.36,112.68,93.32,160.74,197.18,204.94,214.7,141.75,126.29,90.9,95.54,63.54,63.84,,0.3299999999999983,0.3299999999999983,0.3299999999999983,0.3299999999999983,0.3299999999999983,0.3299999999999983,0.3299999999999983,0.3299999999999983,0.3299999999999983,0.3299999999999983,0.3299999999999983,0.3299999999999983,0.3299999999999983,0.3299999999999983,0.3299999999999983,0.3299999999999983,32.74000000000001,39.28900000000001,27.070000000000014,28.797600000000003,25.539999999999992,45.47999999999999,16.460000000000022,76.26000000000002,96.86,74.74000000000001,101.32,47.290000000000006,28.859999999999985,-0.5799999999999983,-0.7799999999999869,-2.780000000000008,-2.440000000000005,0.4,0.54,1.44,0.68,0.99,0.71,0.59,0.34,0.16,0.03,0.01,0.15,0.16,0.2,0.24,0.72,0.71
10,Cooling,"Convective, Evaporative",Evaporative cooler,"17, 17, 17",Evapolar,evaCHILL,EV-500L,https://www.evapolar.com/products/evachill,Market-ready,ID10_standing_fan_angled.png,,Mid,119.0,2024.0,Face,225.0,150.0,,7.5,The University of Sydney,Australia,Office,Sitting,PT Manikins,Thermal,Female,22.0,TskControl34,24.9,25.1,71.54,0.08,34.0,34.0,34.0,34.0,34.0,34.0,34.0,34.0,34.0,34.0,34.0,34.0,34.0,34.0,34.0,34.0,34.0,50.52,29.022,29.4,45.1488,30.06,45.940000000000005,55.17999999999999,53.71999999999999,62.78000000000001,68.26,64.32,56.44,62.93000000000001,66.88,70.64,45.62,46.260000000000005,25.1,25.1,69.38,0.03,34.0,34.0,34.0,34.0,34.0,34.0,34.0,34.0,34.0,34.0,34.0,34.0,34.0,34.0,34.0,34.0,34.0,58.8,59.761,35.650000000000006,54.6144,31.72,66.06000000000002,58.4,59.220000000000006,76.14,83.82000000000001,93.28,59.21,64.65,68.0,69.96000000000001,47.34,45.92,,0.0899999999999998,0.0899999999999998,0.0899999999999998,0.0899999999999998,0.0899999999999998,0.0899999999999998,0.0899999999999998,0.0899999999999998,0.0899999999999998,0.0899999999999998,0.0899999999999998,0.0899999999999998,0.0899999999999998,0.0899999999999998,0.0899999999999998,0.0899999999999998,8.280000000000001,30.739,6.250000000000005,9.465600000000004,1.6599999999999966,20.12000000000001,3.220000000000006,5.500000000000014,13.359999999999992,15.560000000000002,28.960000000000008,2.77,1.7199999999999989,1.1200000000000043,-0.6799999999999926,1.7199999999999989,-0.3400000000000034,0.4,0.54,1.44,0.68,0.99,0.71,0.59,0.34,0.16,0.03,0.01,0.15,0.16,0.2,0.24,0.72,0.71
10,Cooling,"Convective, Evaporative",Evaporative cooler,"17, 17, 17",Evapolar,evaCHILL,EV-500L,https://www.evapolar.com/products/evachill,Market-ready,ID10_standing_fan_angled.png,,Low,119.0,2024.0,Face,180.0,150.0,,7.5,The University of Sydney,Australia,Office,Sitting,PT Manikins,Thermal,Female,22.0,TskControl34,24.9,25.1,71.54,0.08,34.0,34.0,34.0,34.0,34.0,34.0,34.0,34.0,34.0,34.0,34.0,34.0,34.0,34.0,34.0,34.0,34.0,50.52,29.022,29.4,45.1488,30.06,45.940000000000005,55.17999999999999,53.71999999999999,62.78000000000001,68.26,64.32,56.44,62.93000000000001,66.88,70.64,45.62,46.260000000000005,25.0,25.0,69.36,0.15,34.0,34.0,34.0,34.0,34.0,34.0,34.0,34.0,34.0,34.0,34.0,34.0,34.0,34.0,34.0,34.0,34.0,60.0,45.026,37.49,52.7064,36.8,73.53999999999999,54.28,89.66,87.68,112.8,103.56,66.46000000000001,66.05,63.14,61.3,45.96,44.04,,-0.0100000000000015,-0.0100000000000015,-0.0100000000000015,-0.0100000000000015,-0.0100000000000015,-0.0100000000000015,-0.0100000000000015,-0.0100000000000015,-0.0100000000000015,-0.0100000000000015,-0.0100000000000015,-0.0100000000000015,-0.0100000000000015,-0.0100000000000015,-0.0100000000000015,-0.0100000000000015,9.480000000000004,16.004000000000005,8.090000000000005,7.557600000000002,6.739999999999995,27.599999999999987,-0.8999999999999986,35.940000000000005,24.9,44.53999999999999,39.24,10.02,3.119999999999994,-3.739999999999995,-9.340000000000003,0.3400000000000034,-2.220000000000006,0.4,0.54,1.44,0.68,0.99,0.71,0.59,0.34,0.16,0.03,0.01,0.15,0.16,0.2,0.24,0.72,0.71
10,Cooling,"Convective, Evaporative",Evaporative cooler,"17, 17, 17",Evapolar,evaCHILL,EV-500L,https://www.evapolar.com/products/evachill,Market-ready,ID10_standing_fan_angled.png,,High,119.0,2024.0,Face,225.0,150.0,,7.5,The University of Sydney,Australia,Office,Sitting,PT Manikins,Thermal,Female,22.0,TskControl34,24.9,25.1,71.54,0.08,34.0,34.0,34.0,34.0,34.0,34.0,34.0,34.0,34.0,34.0,34.0,34.0,34.0,34.0,34.0,34.0,34.0,50.52,29.022,29.4,45.1488,30.06,45.940000000000005,55.17999999999999,53.71999999999999,62.78000000000001,68.26,64.32,56.44,62.93000000000001,66.88,70.64,45.62,46.260000000000005,25.0,25.0,69.36,0.16,34.0,34.0,34.0,34.0,34.0,34.0,34.0,34.0,34.0,34.0,34.0,34.0,34.0,34.0,34.0,34.0,34.0,60.94,63.207,36.9,56.33200000000001,31.940000000000005,68.46000000000001,60.02,61.58,83.56,91.86,104.8,60.78,66.22,68.2,70.76,46.9,46.72,,-0.0100000000000015,-0.0100000000000015,-0.0100000000000015,-0.0100000000000015,-0.0100000000000015,-0.0100000000000015,-0.0100000000000015,-0.0100000000000015,-0.0100000000000015,-0.0100000000000015,-0.0100000000000015,-0.0100000000000015,-0.0100000000000015,-0.0100000000000015,-0.0100000000000015,-0.0100000000000015,10.420000000000002,34.185,7.500000000000002,11.183200000000006,1.8800000000000023,22.520000000000003,4.840000000000003,7.8600000000000065,20.779999999999998,23.60000000000001,40.48,4.34,3.289999999999996,1.3200000000000074,0.1200000000000045,1.2800000000000011,0.4599999999999937,0.4,0.54,1.44,0.68,0.99,0.71,0.59,0.34,0.16,0.03,0.01,0.15,0.16,0.2,0.24,0.72,0.71
10,Cooling,"Convective, Evaporative",Evaporative cooler,"17, 17, 17",Evapolar,evaCHILL,EV-500L,https://www.evapolar.com/products/evachill,Market-ready,ID10_standing_fan_angled.png,,Mid,119.0,2024.0,Face,180.0,150.0,,7.5,The University of Sydney,Australia,Office,Sitting,PT Manikins,Thermal,Female,22.0,TskControl34,24.9,25.1,71.54,0.08,34.0,34.0,34.0,34.0,34.0,34.0,34.0,34.0,34.0,34.0,34.0,34.0,34.0,34.0,34.0,34.0,34.0,50.52,29.022,29.4,45.1488,30.06,45.940000000000005,55.17999999999999,53.71999999999999,62.78000000000001,68.26,64.32,56.44,62.93000000000001,66.88,70.64,45.62,46.260000000000005,25.2,25.0,68.54,0.09,34.0,34.0,34.0,34.0,34.0,34.0,34.0,34.0,34.0,34.0,34.0,34.0,34.0,34.0,34.0,34.0,34.0,61.86,49.624,40.08,56.2328,39.68,76.38,55.58,82.32,82.11999999999999,102.64,102.1,71.27999999999999,67.53,65.54,63.46,46.9,43.44,,0.0899999999999998,0.0899999999999998,0.0899999999999998,0.0899999999999998,0.0899999999999998,0.0899999999999998,0.0899999999999998,0.0899999999999998,0.0899999999999998,0.0899999999999998,0.0899999999999998,0.0899999999999998,0.0899999999999998,0.0899999999999998,0.0899999999999998,0.0899999999999998,11.340000000000003,20.602000000000007,10.68,11.083999999999996,9.619999999999996,30.43999999999999,0.4000000000000057,28.6,19.339999999999986,34.38000000000001,37.78,14.839999999999986,4.599999999999998,-1.3399999999999892,-7.18,1.2800000000000011,-2.8200000000000074,0.4,0.54,1.44,0.68,0.99,0.71,0.59,0.34,0.16,0.03,0.01,0.15,0.16,0.2,0.24,0.72,0.71
10,Cooling,"Convective, Evaporative",Evaporative cooler,"17, 17, 17",Evapolar,evaCHILL,EV-500L,https://www.evapolar.com/products/evachill,Market-ready,ID10_standing_fan_angled.png,,High,119.0,2024.0,Face,180.0,150.0,,7.5,The University of Sydney,Australia,Office,Sitting,PT Manikins,Thermal,Female,22.0,TskControl34,24.9,25.1,71.54,0.08,34.0,34.0,34.0,34.0,34.0,34.0,34.0,34.0,34.0,34.0,34.0,34.0,34.0,34.0,34.0,34.0,34.0,50.52,29.022,29.4,45.1488,30.06,45.940000000000005,55.17999999999999,53.71999999999999,62.78000000000001,68.26,64.32,56.44,62.93000000000001,66.88,70.64,45.62,46.260000000000005,25.3,25.1,68.14,0.19,34.0,34.0,34.0,34.0,34.0,34.0,34.0,34.0,34.0,34.0,34.0,34.0,34.0,34.0,34.0,34.0,34.0,65.61666666666667,49.76833333333333,40.61666666666667,56.76733333333333,41.95,80.61666666666666,55.883333333333326,114.65,102.06666666666666,142.08333333333334,117.2,74.04166666666666,68.71666666666667,64.93333333333332,62.05000000000001,46.31666666666667,43.583333333333336,,0.2099999999999973,0.2099999999999973,0.2099999999999973,0.2099999999999973,0.2099999999999973,0.2099999999999973,0.2099999999999973,0.2099999999999973,0.2099999999999973,0.2099999999999973,0.2099999999999973,0.2099999999999973,0.2099999999999973,0.2099999999999973,0.2099999999999973,0.2099999999999973,15.096666666666678,20.74633333333333,11.21666666666667,11.618533333333332,11.889999999999992,34.676666666666655,0.7033333333333331,60.93,39.286666666666655,73.82333333333334,52.88,17.601666666666663,5.786666666666658,-1.9466666666666723,-8.58999999999999,0.6966666666666725,-2.6766666666666694,0.4,0.54,1.44,0.68,0.99,0.71,0.59,0.34,0.16,0.03,0.01,0.15,0.16,0.2,0.24,0.72,0.71
10,Cooling,"Convective, Evaporative",Evaporative cooler,"17, 17, 17",Evapolar,evaCHILL,EV-500L,https://www.evapolar.com/products/evachill,Market-ready,ID10_standing_fan_angled.png,,Low,119.0,2024.0,Face,180.0,150.0,,7.5,The University of Sydney,Australia,Office,Sitting,PT Manikins,Thermal,Female,22.0,TskControl34,22.1,21.9,67.05,0.12,34.0,34.0,34.0,34.0,34.0,34.0,34.0,34.0,34.0,34.0,34.0,34.0,34.0,34.0,34.0,34.0,34.0,77.2,41.44499999999999,44.1,67.29840000000002,57.82000000000001,67.2,76.85999999999999,84.47999999999999,100.32,130.2,113.38,94.46,97.43,91.48,96.32,66.32000000000001,66.28,22.4,22.4,56.38,0.04,34.0,34.0,34.0,34.0,34.0,34.0,34.0,34.0,34.0,34.0,34.0,34.0,34.0,34.0,34.0,34.0,34.0,88.05999999999999,61.49000000000001,58.18,76.1384,63.31999999999999,97.98,76.82,125.86,135.32,176.28,154.54000000000002,104.31,95.4,89.64000000000001,88.96000000000001,65.44000000000001,62.580000000000005,,0.3999999999999986,0.3999999999999986,0.3999999999999986,0.3999999999999986,0.3999999999999986,0.3999999999999986,0.3999999999999986,0.3999999999999986,0.3999999999999986,0.3999999999999986,0.3999999999999986,0.3999999999999986,0.3999999999999986,0.3999999999999986,0.3999999999999986,0.3999999999999986,10.859999999999983,20.04500000000001,14.080000000000002,8.839999999999998,5.499999999999986,30.779999999999987,-0.039999999999992,41.38,34.999999999999986,46.08000000000001,41.160000000000025,9.850000000000016,-2.030000000000016,-1.8399999999999888,-7.359999999999985,-0.8799999999999955,-3.699999999999996,0.4,0.54,1.44,0.68,0.99,0.71,0.59,0.34,0.16,0.03,0.01,0.15,0.16,0.2,0.24,0.72,0.71
10,Cooling,"Convective, Evaporative",Evaporative cooler,"17, 17, 17",Evapolar,evaCHILL,EV-500L,https://www.evapolar.com/products/evachill,Market-ready,ID10_standing_fan_angled.png,,Mid,119.0,2024.0,Face,225.0,150.0,,7.5,The University of Sydney,Australia,Office,Sitting,PT Manikins,Thermal,Female,22.0,TskControl34,22.1,21.9,67.05,0.12,34.0,34.0,34.0,34.0,34.0,34.0,34.0,34.0,34.0,34.0,34.0,34.0,34.0,34.0,34.0,34.0,34.0,77.2,41.44499999999999,44.1,67.29840000000002,57.82000000000001,67.2,76.85999999999999,84.47999999999999,100.32,130.2,113.38,94.46,97.43,91.48,96.32,66.32000000000001,66.28,22.3,22.3,57.47,0.16,34.0,34.0,34.0,34.0,34.0,34.0,34.0,34.0,34.0,33.2,34.0,34.0,34.0,34.0,34.0,34.0,34.0,92.08,57.63099999999999,50.99,83.63600000000001,59.64,104.14,77.34,147.0,140.86,203.24,179.5,111.49,101.97,90.78,89.14,62.46,60.06,,0.3000000000000007,0.3000000000000007,0.3000000000000007,0.3000000000000007,0.3000000000000007,0.3000000000000007,0.3000000000000007,0.3000000000000007,0.3000000000000007,0.3000000000000007,0.3000000000000007,0.3000000000000007,0.3000000000000007,0.3000000000000007,0.3000000000000007,0.3000000000000007,14.879999999999995,16.186,6.890000000000004,16.3376,1.8199999999999927,36.94000000000001,0.4800000000000182,62.52000000000001,40.540000000000006,73.04000000000002,66.12,17.03,4.539999999999992,-0.7000000000000028,-7.179999999999993,-3.8600000000000136,-6.219999999999999,0.4,0.54,1.44,0.68,0.99,0.71,0.59,0.34,0.16,0.03,0.01,0.15,0.16,0.2,0.24,0.72,0.71
10,Cooling,"Convective, Evaporative",Evaporative cooler,"17, 17, 17",Evapolar,evaCHILL,EV-500L,https://www.evapolar.com/products/evachill,Market-ready,ID10_standing_fan_angled.png,,Mid,119.0,2024.0,Face,180.0,150.0,,7.5,The University of Sydney,Australia,Office,Sitting,PT Manikins,Thermal,Female,22.0,TskControl34,22.1,21.9,67.05,0.12,34.0,34.0,34.0,34.0,34.0,34.0,34.0,34.0,34.0,34.0,34.0,34.0,34.0,34.0,34.0,34.0,34.0,77.2,41.44499999999999,44.1,67.29840000000002,57.82000000000001,67.2,76.85999999999999,84.47999999999999,100.32,130.2,113.38,94.46,97.43,91.48,96.32,66.32000000000001,66.28,22.3,22.4,68.39,0.06,34.0,34.0,34.0,34.0,34.0,34.0,34.0,34.0,34.0,33.940000000000005,34.0,34.0,34.0,34.0,34.0,34.0,34.0,95.4,66.666,63.64,81.08319999999999,66.26,105.16,82.28,148.87999999999997,155.60000000000002,201.1,177.54000000000002,115.35,103.23,91.22,90.2,65.44,61.220000000000006,,0.3599999999999994,0.3599999999999994,0.3599999999999994,0.3599999999999994,0.3599999999999994,0.3599999999999994,0.3599999999999994,0.3599999999999994,0.3599999999999994,0.3599999999999994,0.3599999999999994,0.3599999999999994,0.3599999999999994,0.3599999999999994,0.3599999999999994,0.3599999999999994,18.200000000000003,25.221000000000007,19.540000000000006,13.784799999999988,8.439999999999998,37.96,5.420000000000016,64.39999999999998,55.280000000000015,70.9,64.16000000000003,20.89,5.79999999999999,-0.2600000000000051,-6.11999999999999,-0.8800000000000097,-5.059999999999995,0.4,0.54,1.44,0.68,0.99,0.71,0.59,0.34,0.16,0.03,0.01,0.15,0.16,0.2,0.24,0.72,0.71
10,Cooling,"Convective, Evaporative",Evaporative cooler,"17, 17, 17",Evapolar,evaCHILL,EV-500L,https://www.evapolar.com/products/evachill,Market-ready,ID10_standing_fan_angled.png,,High,119.0,2024.0,Face,225.0,150.0,,7.5,The University of Sydney,Australia,Office,Sitting,PT Manikins,Thermal,Female,22.0,TskControl34,22.1,21.9,67.05,0.12,34.0,34.0,34.0,34.0,34.0,34.0,34.0,34.0,34.0,34.0,34.0,34.0,34.0,34.0,34.0,34.0,34.0,77.2,41.44499999999999,44.1,67.29840000000002,57.82000000000001,67.2,76.85999999999999,84.47999999999999,100.32,130.2,113.38,94.46,97.43,91.48,96.32,66.32000000000001,66.28,22.4,22.3,65.42,0.06,34.0,34.0,34.0,34.0,34.0,34.0,34.0,34.0,34.0,32.440000000000005,34.0,34.0,34.0,34.0,34.0,34.0,34.0,95.88,62.613,53.05,87.3904,61.66,107.96,80.22,150.82,149.07999999999998,204.0,192.24,121.6,103.94,91.72,89.3,62.92,59.7,,0.3399999999999998,0.3399999999999998,0.3399999999999998,0.3399999999999998,0.3400000000000034,0.3399999999999998,0.3399999999999998,0.3399999999999998,0.3399999999999998,0.3399999999999963,0.3399999999999998,0.3399999999999998,0.3399999999999998,0.3399999999999998,0.3399999999999998,0.3399999999999998,18.679999999999996,21.16800000000001,8.950000000000003,20.092,3.839999999999996,40.760000000000005,3.3600000000000136,66.34,48.75999999999998,73.80000000000001,78.86000000000001,27.14,6.509999999999998,0.2399999999999948,-7.019999999999996,-3.4000000000000057,-6.579999999999998,0.4,0.54,1.44,0.68,0.99,0.71,0.59,0.34,0.16,0.03,0.01,0.15,0.16,0.2,0.24,0.72,0.71
10,Cooling,"Convective, Evaporative",Evaporative cooler,"17, 17, 17",Evapolar,evaCHILL,EV-500L,https://www.evapolar.com/products/evachill,Market-ready,ID10_standing_fan_angled.png,,High,119.0,2024.0,Face,180.0,150.0,,7.5,The University of Sydney,Australia,Office,Sitting,PT Manikins,Thermal,Female,22.0,TskControl34,22.1,21.9,67.05,0.12,34.0,34.0,34.0,34.0,34.0,34.0,34.0,34.0,34.0,34.0,34.0,34.0,34.0,34.0,34.0,34.0,34.0,77.2,41.44499999999999,44.1,67.29840000000002,57.82000000000001,67.2,76.85999999999999,84.47999999999999,100.32,130.2,113.38,94.46,97.43,91.48,96.32,66.32000000000001,66.28,22.3,22.4,65.4,0.06,34.0,34.0,34.0,34.0,34.0,34.0,34.0,34.0,34.0,33.88,34.0,34.0,34.0,34.0,34.0,34.0,34.0,97.8,73.189,64.86,85.432,68.72,109.64,83.38,152.3,157.88,202.48,172.48000000000002,119.86,104.69,89.22,90.68,65.34,61.38,,0.3599999999999994,0.3599999999999994,0.3599999999999994,0.3599999999999994,0.3599999999999994,0.3599999999999994,0.3599999999999994,0.3599999999999994,0.3599999999999994,0.3599999999999994,0.3599999999999994,0.3599999999999994,0.3599999999999994,0.3599999999999994,0.3599999999999994,0.3599999999999994,20.599999999999994,31.74400000000001,20.76,18.133599999999998,10.899999999999991,42.44000000000001,6.52000000000001,67.82000000000002,57.55999999999999,72.28000000000003,59.10000000000002,25.40000000000001,7.259999999999991,-2.260000000000005,-5.640000000000001,-0.980000000000004,-4.900000000000006,0.4,0.54,1.44,0.68,0.99,0.71,0.59,0.34,0.16,0.03,0.01,0.15,0.16,0.2,0.24,0.72,0.71
10,Cooling,"Convective, Evaporative",Evaporative cooler,"17, 17, 17",Evapolar,evaCHILL,EV-500L,https://www.evapolar.com/products/evachill,Market-ready,ID10_standing_fan_angled.png,,Low,119.0,2024.0,Face,225.0,150.0,,7.5,The University of Sydney,Australia,Office,Sitting,PT Manikins,Thermal,Female,22.0,TskControl34,22.1,21.9,67.05,0.12,34.0,34.0,34.0,34.0,34.0,34.0,34.0,34.0,34.0,34.0,34.0,34.0,34.0,34.0,34.0,34.0,34.0,77.2,41.44499999999999,44.1,67.29840000000002,57.82000000000001,67.2,76.85999999999999,84.47999999999999,100.32,130.2,113.38,94.46,97.43,91.48,96.32,66.32000000000001,66.28,22.3,22.3,60.53,0.0,34.0,34.0,34.0,34.0,34.0,34.0,34.0,34.0,34.0,34.02,34.0,34.0,34.0,34.0,34.0,34.0,34.0,88.63999999999999,55.400000000000006,49.11,79.6512,57.9,97.26000000000002,77.84,132.16,132.0,202.56,163.82000000000002,105.6,99.34,89.20000000000002,91.52,62.6,60.46,,0.3000000000000007,0.3000000000000007,0.3000000000000007,0.3000000000000007,0.3000000000000007,0.3000000000000007,0.3000000000000007,0.3000000000000007,0.3000000000000007,0.3000000000000007,0.3000000000000025,0.3000000000000007,0.3000000000000007,0.3000000000000007,0.3000000000000007,0.3000000000000007,11.439999999999984,13.955000000000007,5.010000000000005,12.352799999999998,0.0799999999999911,30.060000000000016,0.9800000000000182,47.68000000000001,31.679999999999996,72.36000000000001,50.440000000000026,11.140000000000017,1.9099999999999893,-2.279999999999987,-4.799999999999983,-3.720000000000006,-5.82,0.4,0.54,1.44,0.68,0.99,0.71,0.59,0.34,0.16,0.03,0.01,0.15,0.16,0.2,0.24,0.72,0.71
10,Cooling,"Convective, Evaporative",Evaporative cooler,"17, 17, 17",Evapolar,evaCHILL,EV-500L,https://www.evapolar.com/products/evachill,Market-ready,ID10_standing_fan_angled.png,,Mid,119.0,2024.0,Face,270.0,150.0,,7.5,The University of Sydney,Australia,Office,Sitting,PT Manikins,Thermal,Female,22.0,TskControl34,22.1,21.9,67.05,0.12,34.0,34.0,34.0,34.0,34.0,34.0,34.0,34.0,34.0,34.0,34.0,34.0,34.0,34.0,34.0,34.0,34.0,77.2,41.44499999999999,44.1,67.29840000000002,57.82000000000001,67.2,76.85999999999999,84.47999999999999,100.32,130.2,113.38,94.46,97.43,91.48,96.32,66.32000000000001,66.28,22.3,22.2,62.92,0.07,34.0,34.0,34.0,34.0,34.0,34.0,34.0,34.0,34.0,34.0,34.0,34.0,34.0,34.0,34.0,34.0,34.0,88.02,73.159,45.59,92.9728,55.67999999999999,84.26,92.9,101.22,125.6,153.54000000000002,139.0,95.78,97.09,90.74,94.66,59.98,64.58,,0.25,0.25,0.25,0.25,0.25,0.25,0.25,0.25,0.25,0.25,0.25,0.25,0.25,0.25,0.25,0.25,10.819999999999991,31.71400000000001,1.490000000000002,25.6744,-2.140000000000015,17.060000000000002,16.040000000000006,16.74000000000001,25.279999999999987,23.340000000000032,25.620000000000005,1.3200000000000005,-0.3400000000000176,-0.7399999999999949,-1.6599999999999824,-6.340000000000003,-1.7000000000000028,0.4,0.54,1.44,0.68,0.99,0.71,0.59,0.34,0.16,0.03,0.01,0.15,0.16,0.2,0.24,0.72,0.71
10,Cooling,"Convective, Evaporative",Evaporative cooler,"17, 17, 17",Evapolar,evaCHILL,EV-500L,https://www.evapolar.com/products/evachill,Market-ready,ID10_standing_fan_angled.png,,High,119.0,2024.0,Face,270.0,150.0,,7.5,The University of Sydney,Australia,Office,Sitting,PT Manikins,Thermal,Female,22.0,TskControl34,22.1,21.9,67.05,0.12,34.0,34.0,34.0,34.0,34.0,34.0,34.0,34.0,34.0,34.0,34.0,34.0,34.0,34.0,34.0,34.0,34.0,77.2,41.44499999999999,44.1,67.29840000000002,57.82000000000001,67.2,76.85999999999999,84.47999999999999,100.32,130.2,113.38,94.46,97.43,91.48,96.32,66.32000000000001,66.28,22.3,22.3,58.98,0.14,34.0,34.0,34.0,34.0,34.0,34.0,34.0,34.0,34.0,34.0,34.0,34.0,34.0,34.0,34.0,34.0,34.0,91.6,80.86600000000001,46.85,97.668,55.78000000000001,85.4,99.46,100.34,133.16000000000005,158.29999999999998,144.8,99.26999999999998,100.32,93.42,97.48,63.48,63.02,,0.3000000000000007,0.3000000000000007,0.2999999999999981,0.3000000000000007,0.3000000000000007,0.3000000000000007,0.3000000000000007,0.3000000000000007,0.3000000000000007,0.3000000000000007,0.3000000000000007,0.3000000000000025,0.3000000000000007,0.3000000000000007,0.3000000000000007,0.3000000000000007,14.399999999999991,39.421000000000014,2.750000000000004,30.369599999999995,-2.039999999999999,18.200000000000003,22.60000000000001,15.86,32.84000000000002,28.099999999999994,31.420000000000016,4.809999999999995,2.8899999999999864,1.9399999999999975,1.1600000000000108,-2.8400000000000105,-3.259999999999998,0.4,0.54,1.44,0.68,0.99,0.71,0.59,0.34,0.16,0.03,0.01,0.15,0.16,0.2,0.24,0.72,0.71
10,Cooling,"Convective, Evaporative",Evaporative cooler,"17, 17, 17",Evapolar,evaCHILL,EV-500L,https://www.evapolar.com/products/evachill,Market-ready,ID10_standing_fan_angled.png,,Low,119.0,2024.0,Face,225.0,150.0,,7.5,The University of Sydney,Australia,Office,Sitting,PT Manikins,Thermal,Female,22.0,TskControl34,24.9,25.1,71.54,0.08,34.0,34.0,34.0,34.0,34.0,34.0,34.0,34.0,34.0,34.0,34.0,34.0,34.0,34.0,34.0,34.0,34.0,50.52,29.022,29.4,45.1488,30.06,45.940000000000005,55.17999999999999,53.71999999999999,62.78000000000001,68.26,64.32,56.44,62.93000000000001,66.88,70.64,45.62,46.260000000000005,25.0,25.0,71.11,0.1,34.0,34.0,34.0,34.0,34.0,34.0,34.0,34.0,34.0,34.0,34.0,34.0,34.0,34.0,34.0,34.0,34.0,55.96,53.891,32.620000000000005,51.4696,30.7,60.44000000000001,56.84000000000001,53.260000000000005,71.04,75.86,85.47999999999999,58.57000000000001,64.03,66.67999999999999,68.02000000000001,46.16,45.760000000000005,,-0.0100000000000015,-0.0100000000000015,-0.0100000000000015,-0.0100000000000015,-0.0100000000000015,-0.0100000000000015,-0.0100000000000015,-0.0100000000000015,-0.0100000000000015,-0.0100000000000015,-0.0100000000000015,-0.0100000000000015,-0.0100000000000015,-0.0100000000000015,-0.0100000000000015,-0.0100000000000015,5.440000000000005,24.869,3.220000000000004,6.320800000000002,0.639999999999997,14.500000000000009,1.660000000000018,-0.4599999999999866,8.259999999999998,7.599999999999994,21.16,2.1300000000000026,1.100000000000005,-0.2000000000000028,-2.6199999999999903,0.5399999999999991,-0.5,0.4,0.54,1.44,0.68,0.99,0.71,0.59,0.34,0.16,0.03,0.01,0.15,0.16,0.2,0.24,0.72,0.71
10,Cooling,"Convective, Evaporative",Evaporative cooler,"17, 17, 17",Evapolar,evaCHILL,EV-500L,https://www.evapolar.com/products/evachill,Market-ready,ID10_standing_fan_angled.png,,Low,119.0,2024.0,Face,270.0,150.0,,7.5,The University of Sydney,Australia,Office,Sitting,PT Manikins,Thermal,Female,22.0,TskControl34,22.1,21.9,67.05,0.12,34.0,34.0,34.0,34.0,34.0,34.0,34.0,34.0,34.0,34.0,34.0,34.0,34.0,34.0,34.0,34.0,34.0,77.2,41.44499999999999,44.1,67.29840000000002,57.82000000000001,67.2,76.85999999999999,84.47999999999999,100.32,130.2,113.38,94.46,97.43,91.48,96.32,66.32000000000001,66.28,22.4,22.3,63.35,0.0,34.0,34.0,34.0,34.0,34.0,34.0,34.0,34.0,34.0,34.0,34.0,34.0,34.0,34.0,34.0,34.0,34.0,83.53999999999999,65.762,43.84,84.69920000000002,54.67999999999999,81.82,85.36,102.8,114.82,160.08,129.86,89.74,91.17,89.35999999999999,93.22,63.82000000000001,63.25999999999999,,0.3000000000000019,0.3000000000000007,0.3000000000000007,0.3000000000000007,0.3000000000000007,0.3000000000000007,0.3000000000000007,0.3000000000000007,0.3000000000000007,0.3000000000000007,0.3000000000000007,0.3000000000000007,0.3000000000000007,0.3000000000000007,0.3000000000000007,0.3000000000000007,6.339999999999989,24.317,-0.259999999999998,17.400800000000004,-3.140000000000015,14.61999999999999,8.500000000000014,18.320000000000007,14.5,29.880000000000024,16.47999999999999,-4.719999999999999,-6.260000000000019,-2.1200000000000188,-3.09999999999998,-2.5,-3.0200000000000102,0.4,0.54,1.44,0.68,0.99,0.71,0.59,0.34,0.16,0.03,0.01,0.15,0.16,0.2,0.24,0.72,0.71
11,Cooling,"Convective, Evaporative",Evaporative cooler,"34D, 31W, 75H",De'Longhi,EV Evaporative Coolers,EV250.WH,https://www.delonghi.com/en-au/p/evaporative-coolers-ev250.wh-evaporative-cooler/EV250.WH.html,Market-ready,ID11_evaporative_cooler_angled.png,,Level3,164.0,2024.0,Trunk,135.0,60.0,,70.0,The University of Sydney,Australia,Office,Sitting,PT Manikins,Thermal,Female,22.0,TskControl34,25.1,25.1,69.38,0.17,34.0,34.0,34.0,34.0,34.0,34.0,34.0,34.0,34.0,34.0,34.0,34.0,34.0,34.0,34.0,34.0,34.0,55.61999999999999,29.132,30.59,46.827200000000005,33.58,49.7,55.02,63.120000000000005,75.99999999999999,94.08,82.03999999999999,67.48,70.57,70.03999999999999,71.96,49.68,48.56,24.8,25.0,66.77,0.12,34.0,34.0,34.0,34.0,34.0,34.0,34.0,34.0,34.0,34.0,34.0,34.0,34.0,34.0,34.0,34.0,34.0,55.92,38.97399999999999,28.2,43.88560000000001,29.26,50.62,49.34000000000001,72.74,72.2,107.1,83.24000000000001,69.51,67.69,72.24,70.96000000000001,49.34,47.88,,-0.2000000000000028,-0.2000000000000028,-0.2000000000000028,-0.2000000000000028,-0.2000000000000028,-0.2000000000000028,-0.2000000000000028,-0.2000000000000028,-0.2000000000000028,-0.2000000000000028,-0.2000000000000028,-0.2000000000000028,-0.2000000000000028,-0.2000000000000028,-0.2000000000000028,-0.2000000000000028,0.3000000000000113,9.841999999999992,-2.3900000000000023,-2.941600000000003,-4.319999999999997,0.9199999999999946,-5.679999999999993,9.61999999999999,-3.799999999999983,13.019999999999996,1.200000000000017,2.030000000000001,-2.879999999999999,2.200000000000003,-0.9999999999999858,-0.3400000000000034,-0.6800000000000068,0.4,0.54,1.44,0.68,0.99,0.71,0.59,0.34,0.16,0.03,0.01,0.15,0.16,0.2,0.24,0.72,0.71
11,Cooling,"Convective, Evaporative",Evaporative cooler,"34D, 31W, 75H",De'Longhi,EV Evaporative Coolers,EV250.WH,https://www.delonghi.com/en-au/p/evaporative-coolers-ev250.wh-evaporative-cooler/EV250.WH.html,Market-ready,ID11_evaporative_cooler_angled.png,,Level4,164.0,2024.0,Trunk,135.0,60.0,,70.0,The University of Sydney,Australia,Office,Sitting,PT Manikins,Thermal,Female,22.0,TskControl34,,,,,34.0,34.0,34.0,34.0,34.0,34.0,34.0,34.0,34.0,34.0,34.0,34.0,34.0,34.0,34.0,34.0,34.0,36.2,19.055,19.98,34.48400000000001,30.36,30.2,31.72,37.7,39.86,45.44,43.72,44.98,46.38,47.56,47.220000000000006,34.4,30.72000000000001,,,,,34.0,34.0,34.0,34.0,34.0,34.0,34.0,34.0,34.0,34.0,34.0,34.0,34.0,34.0,34.0,34.0,34.0,38.08,44.812,27.55,32.2216,20.9,37.02,32.08,56.2,39.66,43.720000000000006,44.32000000000001,41.78,42.71,44.9,44.3,31.4,29.42,,0.0,0.0,0.0,,,,,,,,0.0,0.0,,,,,1.8799999999999957,25.757,7.569999999999997,-2.2623999999999995,-9.459999999999996,6.819999999999997,0.3599999999999994,18.5,-0.2000000000000028,-1.7199999999999918,0.6000000000000085,-3.1999999999999997,-3.670000000000005,-2.6599999999999966,-2.920000000000009,-3.0,-1.3000000000000078,0.4,0.54,1.44,0.68,0.99,0.71,0.59,0.34,0.16,0.03,0.01,0.15,0.16,0.2,0.24,0.72,0.71
11,Cooling,"Convective, Evaporative",Evaporative cooler,"34D, 31W, 75H",De'Longhi,EV Evaporative Coolers,EV250.WH,https://www.delonghi.com/en-au/p/evaporative-coolers-ev250.wh-evaporative-cooler/EV250.WH.html,Market-ready,ID11_evaporative_cooler_angled.png,,Level1,164.0,2024.0,Trunk,135.0,60.0,,70.0,The University of Sydney,Australia,Office,Sitting,PT Manikins,Thermal,Female,22.0,TskControl34,,,,,34.0,34.0,34.0,34.0,34.0,34.0,34.0,34.0,34.0,34.0,34.0,34.0,34.0,34.0,34.0,34.0,34.0,36.2,19.055,19.98,34.48400000000001,30.36,30.2,31.72,37.7,39.86,45.44,43.72,44.98,46.38,47.56,47.220000000000006,34.4,30.72000000000001,,,,,34.0,34.0,34.0,34.0,34.0,34.0,34.0,34.0,34.0,34.0,34.0,34.0,34.0,34.0,34.0,34.0,34.0,33.32,26.242,22.33,27.8104,16.939999999999998,32.0,29.24,46.7,39.88,42.36,42.86,38.97,39.69,41.82000000000001,41.18,31.579999999999995,29.02,,0.0,0.0,0.0,,,,,,,,0.0,0.0,,,,,-2.8800000000000026,7.186999999999997,2.35,-6.673600000000001,-13.419999999999998,1.8000000000000007,-2.479999999999997,8.999999999999993,0.0200000000000031,-3.0799999999999983,-0.8599999999999994,-6.010000000000002,-6.690000000000001,-5.739999999999988,-6.040000000000006,-2.820000000000004,-1.7000000000000064,0.4,0.54,1.44,0.68,0.99,0.71,0.59,0.34,0.16,0.03,0.01,0.15,0.16,0.2,0.24,0.72,0.71
11,Cooling,"Convective, Evaporative",Evaporative cooler,"34D, 31W, 75H",De'Longhi,EV Evaporative Coolers,EV250.WH,https://www.delonghi.com/en-au/p/evaporative-coolers-ev250.wh-evaporative-cooler/EV250.WH.html,Market-ready,ID11_evaporative_cooler_angled.png,,Level2,164.0,2024.0,Trunk,135.0,60.0,,70.0,The University of Sydney,Australia,Office,Sitting,PT Manikins,Thermal,Female,22.0,TskControl34,22.4,22.4,22.88,0.13,34.0,34.0,34.0,34.0,34.0,34.0,34.0,34.0,34.0,34.0,34.0,34.0,34.0,34.0,34.0,34.0,34.0,76.3,40.472,43.47,65.77360000000002,56.84,65.55999999999999,74.94,82.33999999999999,105.46,121.31999999999998,123.06,93.02,95.87,91.66,96.06000000000002,64.4,65.43999999999998,22.2,22.4,22.27,0.12,34.0,34.0,34.0,34.0,34.0,34.0,34.0,34.0,34.0,34.0,34.0,34.0,34.0,34.0,34.0,34.0,34.0,76.7,53.857,44.81999999999999,62.32000000000001,49.96,64.84,72.74000000000001,86.08,106.36,126.98000000000002,124.8,92.45,94.24,92.1,95.38,64.1,65.32000000000001,,-0.0999999999999978,-0.0999999999999996,-0.0999999999999978,-0.1000000000000014,-0.0999999999999978,-0.0999999999999978,-0.0999999999999978,-0.0999999999999978,-0.0999999999999978,-0.0999999999999978,-0.0999999999999978,-0.0999999999999996,-0.0999999999999978,-0.1000000000000014,-0.0999999999999978,-0.0999999999999978,0.4000000000000057,13.385000000000002,1.349999999999998,-3.4536000000000056,-6.879999999999996,-0.7199999999999847,-2.1999999999999886,3.740000000000009,0.9000000000000199,5.660000000000039,1.740000000000009,-0.5700000000000216,-1.6299999999999812,0.4399999999999835,-0.680000000000021,-0.3000000000000113,-0.1199999999999761,0.4,0.54,1.44,0.68,0.99,0.71,0.59,0.34,0.16,0.03,0.01,0.15,0.16,0.2,0.24,0.72,0.71
11,Cooling,"Convective, Evaporative",Evaporative cooler,"34D, 31W, 75H",De'Longhi,EV Evaporative Coolers,EV250.WH,https://www.delonghi.com/en-au/p/evaporative-coolers-ev250.wh-evaporative-cooler/EV250.WH.html,Market-ready,ID11_evaporative_cooler_angled.png,,Level3,164.0,2024.0,Trunk,135.0,60.0,,70.0,The University of Sydney,Australia,Office,Sitting,PT Manikins,Thermal,Female,22.0,TskControl34,,,,,34.0,34.0,34.0,34.0,34.0,34.0,34.0,34.0,34.0,34.0,34.0,34.0,34.0,34.0,34.0,34.0,34.0,36.2,19.055,19.98,34.48400000000001,30.36,30.2,31.72,37.7,39.86,45.44,43.72,44.98,46.38,47.56,47.220000000000006,34.4,30.72000000000001,,,,,34.0,34.0,34.0,34.0,34.0,34.0,34.0,34.0,34.0,34.0,34.0,34.0,34.0,34.0,34.0,34.0,34.0,36.46,41.457,25.71,30.8032,19.34,34.86,30.78,48.8,38.620000000000005,40.7,42.26,40.45,41.35,45.54,43.14,31.72,29.26,,0.0,0.0,0.0,,,,,,,,0.0,0.0,,,,,0.259999999999998,22.402,5.729999999999997,-3.680800000000003,-11.019999999999996,4.66,-0.9399999999999976,11.099999999999994,-1.2399999999999949,-4.739999999999995,-1.4600000000000009,-4.530000000000001,-5.029999999999998,-2.019999999999996,-4.080000000000005,-2.68,-1.460000000000008,0.4,0.54,1.44,0.68,0.99,0.71,0.59,0.34,0.16,0.03,0.01,0.15,0.16,0.2,0.24,0.72,0.71
11,Cooling,"Convective, Evaporative",Evaporative cooler,"34D, 31W, 75H",De'Longhi,EV Evaporative Coolers,EV250.WH,https://www.delonghi.com/en-au/p/evaporative-coolers-ev250.wh-evaporative-cooler/EV250.WH.html,Market-ready,ID11_evaporative_cooler_angled.png,,Level2,164.0,2024.0,Trunk,135.0,60.0,,70.0,The University of Sydney,Australia,Office,Sitting,PT Manikins,Thermal,Female,22.0,TskControl34,,,,,34.0,34.0,34.0,34.0,34.0,34.0,34.0,34.0,34.0,34.0,34.0,34.0,34.0,34.0,34.0,34.0,34.0,36.2,19.055,19.98,34.48400000000001,30.36,30.2,31.72,37.7,39.86,45.44,43.72,44.98,46.38,47.56,47.220000000000006,34.4,30.72000000000001,,,,,34.0,34.0,34.0,34.0,34.0,34.0,34.0,34.0,34.0,34.0,34.0,34.0,34.0,34.0,34.0,34.0,34.0,35.48,35.278,24.02,29.9368,19.12,32.62,29.96,49.440000000000005,38.74,43.48,42.720000000000006,40.05,41.55,45.06,42.56,32.36,29.14,,0.0,0.0,0.0,,,,,,,,0.0,0.0,,,,,-0.720000000000006,16.223000000000003,4.039999999999997,-4.547200000000004,-11.239999999999998,2.419999999999998,-1.759999999999998,11.740000000000002,-1.1199999999999974,-1.9600000000000009,-0.9999999999999928,-4.93,-4.830000000000002,-2.499999999999993,-4.660000000000004,-2.039999999999999,-1.580000000000009,0.4,0.54,1.44,0.68,0.99,0.71,0.59,0.34,0.16,0.03,0.01,0.15,0.16,0.2,0.24,0.72,0.71
11,Cooling,"Convective, Evaporative",Evaporative cooler,"34D, 31W, 75H",De'Longhi,EV Evaporative Coolers,EV250.WH,https://www.delonghi.com/en-au/p/evaporative-coolers-ev250.wh-evaporative-cooler/EV250.WH.html,Market-ready,ID11_evaporative_cooler_angled.png,,Level3,164.0,2024.0,Trunk,135.0,60.0,,70.0,The University of Sydney,Australia,Office,Sitting,PT Manikins,Thermal,Female,22.0,TskControl34,22.4,22.4,22.88,0.13,34.0,34.0,34.0,34.0,34.0,34.0,34.0,34.0,34.0,34.0,34.0,34.0,34.0,34.0,34.0,34.0,34.0,76.3,40.472,43.47,65.77360000000002,56.84,65.55999999999999,74.94,82.33999999999999,105.46,121.31999999999998,123.06,93.02,95.87,91.66,96.06000000000002,64.4,65.43999999999998,22.2,22.3,22.64,0.06,34.0,34.0,34.0,34.0,34.0,34.0,34.0,34.0,34.0,34.0,34.0,34.0,34.0,34.0,34.0,34.0,34.0,76.64,61.56,43.86,62.3432,48.940000000000005,64.5,73.08,86.75999999999999,106.68,125.88,124.36,90.54,91.39,91.72,94.93999999999998,64.24,64.94,,-0.139999999999997,-0.139999999999997,-0.139999999999997,-0.139999999999997,-0.139999999999997,-0.139999999999997,-0.139999999999997,-0.139999999999997,-0.139999999999997,-0.139999999999997,-0.139999999999997,-0.139999999999997,-0.139999999999997,-0.139999999999997,-0.139999999999997,-0.139999999999997,0.3400000000000034,21.088,0.3900000000000041,-3.430400000000008,-7.899999999999991,-1.059999999999988,-1.8599999999999997,4.420000000000002,1.2199999999999989,4.5600000000000165,1.3000000000000256,-2.480000000000018,-4.480000000000004,0.059999999999988,-1.120000000000033,-0.1600000000000108,-0.4999999999999858,0.4,0.54,1.44,0.68,0.99,0.71,0.59,0.34,0.16,0.03,0.01,0.15,0.16,0.2,0.24,0.72,0.71
11,Cooling,"Convective, Evaporative",Evaporative cooler,"34D, 31W, 75H",De'Longhi,EV Evaporative Coolers,EV250.WH,https://www.delonghi.com/en-au/p/evaporative-coolers-ev250.wh-evaporative-cooler/EV250.WH.html,Market-ready,ID11_evaporative_cooler_angled.png,,Level4,164.0,2024.0,Trunk,135.0,60.0,,70.0,The University of Sydney,Australia,Office,Sitting,PT Manikins,Thermal,Female,22.0,TskControl34,22.4,22.4,22.88,0.13,34.0,34.0,34.0,34.0,34.0,34.0,34.0,34.0,34.0,34.0,34.0,34.0,34.0,34.0,34.0,34.0,34.0,76.3,40.472,43.47,65.77360000000002,56.84,65.55999999999999,74.94,82.33999999999999,105.46,121.31999999999998,123.06,93.02,95.87,91.66,96.06000000000002,64.4,65.43999999999998,22.2,22.2,23.0,0.15,34.0,34.0,34.0,34.0,34.0,34.0,34.0,34.0,34.0,34.0,34.0,34.0,34.0,34.0,34.0,34.0,34.0,76.76,68.49699999999999,44.27,61.49440000000001,46.760000000000005,66.24,73.75999999999999,87.28,106.6,129.62,119.7,87.85999999999999,91.11,89.74,94.68,64.28,65.17999999999999,,-0.1999999999999993,-0.1999999999999993,-0.1999999999999993,-0.1999999999999993,-0.1999999999999993,-0.1999999999999993,-0.1999999999999993,-0.2000000000000028,-0.1999999999999993,-0.1999999999999993,-0.1999999999999993,-0.200000000000001,-0.1999999999999993,-0.1999999999999993,-0.1999999999999993,-0.1999999999999993,0.4600000000000079,28.024999999999995,0.8000000000000007,-4.2792,-10.079999999999991,0.6800000000000068,-1.1800000000000068,4.940000000000012,1.1400000000000006,8.300000000000026,-3.359999999999985,-5.160000000000018,-4.759999999999991,-1.920000000000016,-1.380000000000024,-0.1200000000000045,-0.2599999999999909,0.4,0.54,1.44,0.68,0.99,0.71,0.59,0.34,0.16,0.03,0.01,0.15,0.16,0.2,0.24,0.72,0.71
11,Cooling,"Convective, Evaporative",Evaporative cooler,"34D, 31W, 75H",De'Longhi,EV Evaporative Coolers,EV250.WH,https://www.delonghi.com/en-au/p/evaporative-coolers-ev250.wh-evaporative-cooler/EV250.WH.html,Market-ready,ID11_evaporative_cooler_angled.png,,Level4,164.0,2024.0,Trunk,135.0,60.0,,70.0,The University of Sydney,Australia,Office,Sitting,PT Manikins,Thermal,Female,22.0,TskControl34,25.1,25.1,69.38,0.17,34.0,34.0,34.0,34.0,34.0,34.0,34.0,34.0,34.0,34.0,34.0,34.0,34.0,34.0,34.0,34.0,34.0,55.61999999999999,29.132,30.59,46.827200000000005,33.58,49.7,55.02,63.120000000000005,75.99999999999999,94.08,82.03999999999999,67.48,70.57,70.03999999999999,71.96,49.68,48.56,24.8,24.9,67.19,0.02,34.0,34.0,34.0,34.0,34.0,34.0,34.0,34.0,34.0,34.0,34.0,34.0,34.0,34.0,34.0,34.0,34.0,56.14,39.50699999999999,27.88,44.7192,29.880000000000003,50.720000000000006,48.720000000000006,72.42,70.67999999999999,106.78,84.82000000000001,69.83,67.19,73.78,71.38000000000001,49.12,48.2,,-0.2300000000000004,-0.2300000000000004,-0.2300000000000014,-0.2300000000000004,-0.2300000000000004,-0.2300000000000004,-0.2300000000000004,-0.2300000000000004,-0.2300000000000004,-0.2300000000000004,-0.2300000000000004,-0.2300000000000004,-0.2300000000000004,-0.2300000000000004,-0.2300000000000004,-0.2300000000000004,0.5200000000000102,10.374999999999996,-2.710000000000001,-2.108000000000003,-3.699999999999996,1.0200000000000031,-6.299999999999997,9.299999999999995,-5.319999999999993,12.700000000000005,2.780000000000016,2.349999999999998,-3.3799999999999955,3.740000000000009,-0.5799999999999841,-0.5600000000000023,-0.3599999999999994,0.4,0.54,1.44,0.68,0.99,0.71,0.59,0.34,0.16,0.03,0.01,0.15,0.16,0.2,0.24,0.72,0.71
11,Cooling,"Convective, Evaporative",Evaporative cooler,"34D, 31W, 75H",De'Longhi,EV Evaporative Coolers,EV250.WH,https://www.delonghi.com/en-au/p/evaporative-coolers-ev250.wh-evaporative-cooler/EV250.WH.html,Market-ready,ID11_evaporative_cooler_angled.png,,Level1,164.0,2024.0,Trunk,135.0,60.0,,70.0,The University of Sydney,Australia,Office,Sitting,PT Manikins,Thermal,Female,22.0,TskControl34,25.1,25.1,69.38,0.17,34.0,34.0,34.0,34.0,34.0,34.0,34.0,34.0,34.0,34.0,34.0,34.0,34.0,34.0,34.0,34.0,34.0,55.61999999999999,29.132,30.59,46.827200000000005,33.58,49.7,55.02,63.120000000000005,75.99999999999999,94.08,82.03999999999999,67.48,70.57,70.03999999999999,71.96,49.68,48.56,24.9,25.1,67.63,0.19,34.0,34.0,34.0,34.0,34.0,34.0,34.0,34.0,34.0,34.0,34.0,34.0,34.0,34.0,34.0,34.0,34.0,54.08,31.404,27.21,41.1656,25.72,50.48,47.720000000000006,70.34,70.53999999999999,103.46,82.03999999999999,69.67,66.69,72.96000000000001,70.4,48.0,46.7,,-0.120000000000001,-0.120000000000001,-0.120000000000001,-0.120000000000001,-0.120000000000001,-0.120000000000001,-0.120000000000001,-0.120000000000001,-0.120000000000001,-0.120000000000001,-0.120000000000001,-0.120000000000001,-0.120000000000001,-0.120000000000001,-0.120000000000001,-0.120000000000001,-1.539999999999992,2.271999999999997,-3.380000000000001,-5.661600000000004,-7.859999999999999,0.7800000000000011,-7.299999999999997,7.219999999999999,-5.459999999999994,9.379999999999995,0.0,2.1899999999999977,-3.8800000000000026,2.920000000000016,-1.559999999999988,-1.6799999999999995,-1.8599999999999997,0.4,0.54,1.44,0.68,0.99,0.71,0.59,0.34,0.16,0.03,0.01,0.15,0.16,0.2,0.24,0.72,0.71
11,Cooling,"Convective, Evaporative",Evaporative cooler,"34D, 31W, 75H",De'Longhi,EV Evaporative Coolers,EV250.WH,https://www.delonghi.com/en-au/p/evaporative-coolers-ev250.wh-evaporative-cooler/EV250.WH.html,Market-ready,ID11_evaporative_cooler_angled.png,,Level2,164.0,2024.0,Trunk,135.0,60.0,,70.0,The University of Sydney,Australia,Office,Sitting,PT Manikins,Thermal,Female,22.0,TskControl34,25.1,25.1,69.38,0.17,34.0,34.0,34.0,34.0,34.0,34.0,34.0,34.0,34.0,34.0,34.0,34.0,34.0,34.0,34.0,34.0,34.0,55.61999999999999,29.132,30.59,46.827200000000005,33.58,49.7,55.02,63.120000000000005,75.99999999999999,94.08,82.03999999999999,67.48,70.57,70.03999999999999,71.96,49.68,48.56,24.9,25.0,66.79,0.0,34.0,34.0,34.0,34.0,34.0,34.0,34.0,34.0,34.0,34.0,34.0,34.0,34.0,34.0,34.0,34.0,34.0,55.05,34.87166666666667,27.558333333333337,42.47333333333333,27.05,50.25,49.06666666666666,71.86666666666667,71.98333333333333,105.13333333333333,84.41666666666667,69.13333333333333,67.25,73.5,70.71666666666667,48.53333333333333,47.19999999999999,,-0.1000000000000014,-0.1000000000000014,-0.1000000000000014,-0.1000000000000014,-0.1000000000000014,-0.1000000000000014,-0.1000000000000014,-0.1000000000000014,-0.1000000000000014,-0.1000000000000014,-0.1000000000000014,-0.1000000000000014,-0.1000000000000014,-0.1000000000000014,-0.1000000000000014,-0.1000000000000014,-0.5699999999999861,5.7396666666666665,-3.0316666666666645,-4.353866666666675,-6.529999999999998,0.5499999999999972,-5.95333333333334,8.74666666666667,-4.016666666666652,11.053333333333327,2.37666666666668,1.6533333333333289,-3.3200000000000003,3.460000000000008,-1.2433333333333252,-1.1466666666666685,-1.3600000000000136,0.4,0.54,1.44,0.68,0.99,0.71,0.59,0.34,0.16,0.03,0.01,0.15,0.16,0.2,0.24,0.72,0.71
11,Cooling,"Convective, Evaporative",Evaporative cooler,"34D, 31W, 75H",De'Longhi,EV Evaporative Coolers,EV250.WH,https://www.delonghi.com/en-au/p/evaporative-coolers-ev250.wh-evaporative-cooler/EV250.WH.html,Market-ready,ID11_evaporative_cooler_angled.png,,Level1,164.0,2024.0,Trunk,135.0,60.0,,70.0,The University of Sydney,Australia,Office,Sitting,PT Manikins,Thermal,Female,22.0,TskControl34,22.4,22.4,22.88,0.13,34.0,34.0,34.0,34.0,34.0,34.0,34.0,34.0,34.0,34.0,34.0,34.0,34.0,34.0,34.0,34.0,34.0,76.3,40.472,43.47,65.77360000000002,56.84,65.55999999999999,74.94,82.33999999999999,105.46,121.31999999999998,123.06,93.02,95.87,91.66,96.06000000000002,64.4,65.43999999999998,22.3,22.3,21.42,0.17,34.0,34.0,34.0,34.0,34.0,34.0,34.0,34.0,34.0,34.0,34.0,34.0,34.0,34.0,34.0,34.0,34.0,75.4,45.084,42.3,61.6752,50.9,65.84,70.88,85.1,102.34,130.94,121.26,92.41,93.56,92.18,95.68,65.46000000000001,65.22,,-0.0999999999999978,-0.0999999999999978,-0.0999999999999988,-0.0999999999999943,-0.0999999999999978,-0.0999999999999978,-0.0999999999999978,-0.0999999999999978,-0.0999999999999978,-0.0999999999999978,-0.0999999999999978,-0.0999999999999978,-0.0999999999999978,-0.0999999999999978,-0.0999999999999978,-0.0999999999999978,-0.8999999999999915,4.612000000000007,-1.1699999999999982,-4.098400000000006,-5.939999999999998,0.2800000000000153,-4.060000000000002,2.760000000000005,-3.1199999999999903,9.62000000000002,-1.7999999999999972,-0.6100000000000065,-2.309999999999995,0.519999999999996,-0.3800000000000239,1.0600000000000025,-0.2199999999999846,0.4,0.54,1.44,0.68,0.99,0.71,0.59,0.34,0.16,0.03,0.01,0.15,0.16,0.2,0.24,0.72,0.71
12,Cooling,"Convective, Evaporative",Evaporative cooler,"17, 17, 17",Evapolar,evaCHILL,EV-500L,https://www.evapolar.com/products/evachill,Market-ready,ID12_evaporative_cooler_angled.png,,High,119.0,2024.0,Face,135.0,60.0,,7.5,The University of Sydney,Australia,Office,Sitting,PT Manikins,Thermal,Female,22.0,TskControl34,28.0,27.6,41.53,0.01,,0.0,0.0,0.0,,,,,,,,0.0,0.0,,,,,,0.0,0.0,0.0,,,,,,,,0.0,0.0,,,,,28.5,28.2,41.77,0.0,34.0,34.0,34.0,34.0,34.0,34.0,34.0,34.0,34.0,34.0,34.0,34.0,34.0,34.0,34.0,34.0,34.0,37.44,56.87800000000001,24.0,29.520000000000003,16.7,33.52,30.8,44.120000000000005,38.89999999999999,55.120000000000005,43.96,40.48,41.64,44.36,41.9,32.46,29.1,,0.0,0.0,0.0,,,,,,,,0.0,0.0,,,,,,0.0,0.0,0.0,,,,,,,,0.0,0.0,,,,,0.4,0.54,1.44,0.68,0.99,0.71,0.59,0.34,0.16,0.03,0.01,0.15,0.16,0.2,0.24,0.72,0.71
12,Cooling,"Convective, Evaporative",Evaporative cooler,"17, 17, 17",Evapolar,evaCHILL,EV-500L,https://www.evapolar.com/products/evachill,Market-ready,ID12_evaporative_cooler_angled.png,,Low,119.0,2024.0,Face,135.0,60.0,,7.5,The University of Sydney,Australia,Office,Sitting,PT Manikins,Thermal,Female,22.0,TskControl34,22.4,22.4,22.88,0.13,34.0,34.0,34.0,34.0,34.0,34.0,34.0,34.0,34.0,34.0,34.0,34.0,34.0,34.0,34.0,34.0,34.0,76.3,40.472,43.47,65.77360000000002,56.84,65.55999999999999,74.94,82.33999999999999,105.46,121.31999999999998,123.06,93.02,95.87,91.66,96.06000000000002,64.4,65.43999999999998,22.2,22.2,23.5,0.14,34.0,34.0,34.0,34.0,34.0,34.0,34.0,34.0,34.0,34.0,34.0,34.0,34.0,34.0,34.0,34.0,34.0,77.53999999999999,77.18199999999999,46.48,62.9632,45.74,67.24,71.8,88.47999999999999,104.02,135.76,121.44,88.41,87.24000000000001,89.53999999999999,93.72,64.42,64.94000000000001,,-0.1999999999999993,-0.1999999999999993,-0.1999999999999993,-0.1999999999999993,-0.1999999999999993,-0.1999999999999993,-0.1999999999999993,-0.1999999999999993,-0.1999999999999993,-0.1999999999999993,-0.200000000000001,-0.1999999999999993,-0.1999999999999993,-0.1999999999999993,-0.1999999999999993,-0.1999999999999993,1.2399999999999949,36.71,3.0100000000000016,-2.810400000000006,-11.1,1.6800000000000068,-3.140000000000001,6.140000000000001,-1.4399999999999835,14.440000000000012,-1.619999999999976,-4.610000000000007,-8.629999999999981,-2.1200000000000188,-2.3400000000000176,0.019999999999996,-0.4999999999999716,0.4,0.54,1.44,0.68,0.99,0.71,0.59,0.34,0.16,0.03,0.01,0.15,0.16,0.2,0.24,0.72,0.71
12,Cooling,"Convective, Evaporative",Evaporative cooler,"17, 17, 17",Evapolar,evaCHILL,EV-500L,https://www.evapolar.com/products/evachill,Market-ready,ID12_evaporative_cooler_angled.png,,Mid,119.0,2024.0,Face,135.0,60.0,,7.5,The University of Sydney,Australia,Office,Sitting,PT Manikins,Thermal,Female,22.0,TskControl34,22.4,22.4,22.88,0.13,34.0,34.0,34.0,34.0,34.0,34.0,34.0,34.0,34.0,34.0,34.0,34.0,34.0,34.0,34.0,34.0,34.0,76.3,40.472,43.47,65.77360000000002,56.84,65.55999999999999,74.94,82.33999999999999,105.46,121.31999999999998,123.06,93.02,95.87,91.66,96.06000000000002,64.4,65.43999999999998,21.8,21.9,20.83,0.05,34.0,33.587,34.0,34.0,34.0,34.0,34.0,34.0,34.0,34.0,34.0,34.0,34.0,34.0,34.0,34.0,34.0,81.46,89.745,51.040000000000006,66.8288,45.7,72.02000000000001,75.16,92.52,109.68,139.86,123.76,90.53,90.77,91.06,96.02,64.55999999999999,65.14,,-0.5399999999999991,-0.5399999999999991,-0.5399999999999991,-0.5399999999999991,-0.5399999999999991,-0.5399999999999991,-0.5399999999999991,-0.5399999999999991,-0.5399999999999991,-0.5399999999999991,-0.5399999999999991,-0.5399999999999991,-0.5399999999999991,-0.5399999999999991,-0.5399999999999991,-0.5399999999999991,5.159999999999997,49.27300000000001,7.570000000000004,1.0551999999999986,-11.139999999999992,6.460000000000022,0.2199999999999988,10.180000000000009,4.219999999999999,18.540000000000006,0.7000000000000028,-2.490000000000009,-5.099999999999987,-0.6000000000000227,-0.0400000000000204,0.1599999999999823,-0.2999999999999829,0.4,0.54,1.44,0.68,0.99,0.71,0.59,0.34,0.16,0.03,0.01,0.15,0.16,0.2,0.24,0.72,0.71
12,Cooling,"Convective, Evaporative",Evaporative cooler,"17, 17, 17",Evapolar,evaCHILL,EV-500L,https://www.evapolar.com/products/evachill,Market-ready,ID12_evaporative_cooler_angled.png,,Low,119.0,2024.0,Face,135.0,60.0,,7.5,The University of Sydney,Australia,Office,Sitting,PT Manikins,Thermal,Female,22.0,TskControl34,28.0,27.6,41.53,0.01,,0.0,0.0,0.0,,,,,,,,0.0,0.0,,,,,,0.0,0.0,0.0,,,,,,,,0.0,0.0,,,,,28.4,28.0,41.71,0.02,34.0,34.0,34.0,34.0,34.0,34.0,34.0,34.0,34.0,34.0,34.0,34.0,34.0,34.0,34.0,34.0,34.0,35.720000000000006,39.072,21.22,30.364000000000004,18.8,31.72000000000001,31.24,42.8,40.58,51.760000000000005,47.2,40.12,41.48,43.5,42.52,32.28000000000001,30.32,,0.0,0.0,0.0,,,,,,,,0.0,0.0,,,,,,0.0,0.0,0.0,,,,,,,,0.0,0.0,,,,,0.4,0.54,1.44,0.68,0.99,0.71,0.59,0.34,0.16,0.03,0.01,0.15,0.16,0.2,0.24,0.72,0.71
12,Cooling,"Convective, Evaporative",Evaporative cooler,"17, 17, 17",Evapolar,evaCHILL,EV-500L,https://www.evapolar.com/products/evachill,Market-ready,ID12_evaporative_cooler_angled.png,,High,119.0,2024.0,Face,135.0,60.0,,7.5,The University of Sydney,Australia,Office,Sitting,PT Manikins,Thermal,Female,22.0,TskControl34,22.4,22.4,22.88,0.13,34.0,34.0,34.0,34.0,34.0,34.0,34.0,34.0,34.0,34.0,34.0,34.0,34.0,34.0,34.0,34.0,34.0,76.3,40.472,43.47,65.77360000000002,56.84,65.55999999999999,74.94,82.33999999999999,105.46,121.31999999999998,123.06,93.02,95.87,91.66,96.06000000000002,64.4,65.43999999999998,21.4,21.8,37.98,0.03,33.980000000000004,33.51,34.0,34.0,34.0,34.0,34.0,34.0,34.0,34.0,34.0,34.0,34.0,34.0,34.0,34.0,34.0,83.28,93.329,49.28,67.4872,47.02,72.22,77.08000000000001,96.94,113.24,143.66,122.56,92.85,96.94,92.22,97.26,64.11999999999999,64.52,,-0.7399999999999984,-0.7399999999999967,-0.7399999999999984,-0.7399999999999984,-0.7399999999999984,-0.7399999999999984,-0.7399999999999984,-0.7399999999999984,-0.7399999999999984,-0.7399999999999984,-0.7399999999999984,-0.7399999999999967,-0.7399999999999984,-0.7399999999999984,-0.740000000000002,-0.7399999999999949,6.980000000000004,52.857,5.809999999999999,1.7135999999999951,-9.82,6.660000000000011,2.140000000000015,14.600000000000009,7.780000000000015,22.340000000000018,-0.5,-0.1700000000000017,1.0700000000000145,0.5599999999999881,1.1999999999999886,-0.2800000000000153,-0.9199999999999876,0.4,0.54,1.44,0.68,0.99,0.71,0.59,0.34,0.16,0.03,0.01,0.15,0.16,0.2,0.24,0.72,0.71
12,Cooling,"Convective, Evaporative",Evaporative cooler,"17, 17, 17",Evapolar,evaCHILL,EV-500L,https://www.evapolar.com/products/evachill,Market-ready,ID12_evaporative_cooler_angled.png,,High,119.0,2024.0,Face,135.0,60.0,,7.5,The University of Sydney,Australia,Office,Sitting,PT Manikins,Thermal,Female,22.0,TskControl34,25.3,25.3,62.41,0.07,34.0,34.0,34.0,34.0,34.0,34.0,34.0,34.0,34.0,34.0,34.0,34.0,34.0,34.0,34.0,34.0,34.0,56.1,29.672,32.16,48.6568,41.0,48.720000000000006,53.68000000000001,60.94,70.47999999999999,90.44,84.06,69.26,71.96000000000001,71.14000000000001,68.06,49.1,47.06,24.6,25.1,69.72,0.17,34.0,34.0,34.0,34.0,34.0,34.0,34.0,34.0,34.0,34.0,34.0,34.0,34.0,34.0,34.0,34.0,34.0,59.08,56.795,33.02,47.8848,36.78,51.64000000000001,54.0,70.44,76.46000000000001,106.46,88.94000000000001,67.97999999999999,69.96000000000001,70.46000000000001,69.2,48.76,45.88,,-0.4800000000000004,-0.4800000000000004,-0.4800000000000004,-0.4800000000000004,-0.4800000000000004,-0.4800000000000004,-0.4800000000000004,-0.4800000000000004,-0.4800000000000004,-0.4800000000000004,-0.4800000000000004,-0.4800000000000004,-0.4800000000000004,-0.4800000000000004,-0.4800000000000004,-0.4800000000000004,2.979999999999997,27.123,0.8600000000000012,-0.7720000000000002,-4.220000000000006,2.9200000000000017,0.3199999999999932,9.5,5.980000000000018,16.019999999999996,4.88000000000001,-1.2800000000000047,-1.999999999999993,-0.6800000000000068,1.1400000000000006,-0.3400000000000034,-1.1799999999999995,0.4,0.54,1.44,0.68,0.99,0.71,0.59,0.34,0.16,0.03,0.01,0.15,0.16,0.2,0.24,0.72,0.71
12,Cooling,"Convective, Evaporative",Evaporative cooler,"17, 17, 17",Evapolar,evaCHILL,EV-500L,https://www.evapolar.com/products/evachill,Market-ready,ID12_evaporative_cooler_angled.png,,Low,119.0,2024.0,Face,135.0,60.0,,7.5,The University of Sydney,Australia,Office,Sitting,PT Manikins,Thermal,Female,22.0,TskControl34,25.3,25.3,62.41,0.07,34.0,34.0,34.0,34.0,34.0,34.0,34.0,34.0,34.0,34.0,34.0,34.0,34.0,34.0,34.0,34.0,34.0,56.1,29.672,32.16,48.6568,41.0,48.720000000000006,53.68000000000001,60.94,70.47999999999999,90.44,84.06,69.26,71.96000000000001,71.14000000000001,68.06,49.1,47.06,25.3,25.3,64.0,0.08,34.0,34.0,34.0,34.0,34.0,34.0,34.0,34.0,34.0,34.0,34.0,34.0,34.0,34.0,34.0,34.0,34.0,57.84,51.158,33.59,47.3768,37.1,48.6,53.6,62.8,74.33999999999999,94.62,91.76,67.53,71.58000000000001,70.55999999999999,67.52000000000001,47.9,45.34,,0.0,0.0,0.0,0.0,0.0,0.0,0.0,0.0,0.0,0.0,0.0,0.0,-3.552713678800501e-15,0.0,0.0,0.0,1.7399999999999949,21.486,1.4300000000000015,-1.2800000000000007,-3.899999999999999,-0.1200000000000045,-0.0800000000000054,1.8599999999999997,3.86,4.179999999999993,7.700000000000003,-1.730000000000004,-0.3799999999999883,-0.5800000000000267,-0.539999999999992,-1.2000000000000028,-1.7199999999999989,0.4,0.54,1.44,0.68,0.99,0.71,0.59,0.34,0.16,0.03,0.01,0.15,0.16,0.2,0.24,0.72,0.71
12,Cooling,"Convective, Evaporative",Evaporative cooler,"17, 17, 17",Evapolar,evaCHILL,EV-500L,https://www.evapolar.com/products/evachill,Market-ready,ID12_evaporative_cooler_angled.png,,Mid,119.0,2024.0,Face,135.0,60.0,,7.5,The University of Sydney,Australia,Office,Sitting,PT Manikins,Thermal,Female,22.0,TskControl34,25.3,25.3,62.41,0.07,34.0,34.0,34.0,34.0,34.0,34.0,34.0,34.0,34.0,34.0,34.0,34.0,34.0,34.0,34.0,34.0,34.0,56.1,29.672,32.16,48.6568,41.0,48.720000000000006,53.68000000000001,60.94,70.47999999999999,90.44,84.06,69.26,71.96000000000001,71.14000000000001,68.06,49.1,47.06,24.9,25.2,66.79,0.11,34.0,34.0,34.0,34.0,34.0,34.0,34.0,34.0,34.0,34.0,34.0,34.0,34.0,34.0,34.0,34.0,34.0,58.94,55.258,33.64999999999999,47.716800000000006,37.3,50.86,53.28000000000001,68.9,75.64,106.86,89.56000000000002,67.83,71.13,71.36,68.52,47.82,44.54,,-0.25,-0.25,-0.25,-0.25,-0.25,-0.25,-0.25,-0.25,-0.25,-0.25,-0.25,-0.25,-0.25,-0.25,-0.25,-0.25,2.8399999999999963,25.586,1.4899999999999969,-0.939999999999996,-3.700000000000003,2.139999999999993,-0.3999999999999986,7.960000000000008,5.160000000000011,16.419999999999987,5.500000000000014,-1.4300000000000033,-0.8300000000000054,0.2199999999999846,0.4599999999999937,-1.2800000000000011,-2.520000000000003,0.4,0.54,1.44,0.68,0.99,0.71,0.59,0.34,0.16,0.03,0.01,0.15,0.16,0.2,0.24,0.72,0.71
12,Cooling,"Convective, Evaporative",Evaporative cooler,"17, 17, 17",Evapolar,evaCHILL,EV-500L,https://www.evapolar.com/products/evachill,Market-ready,ID12_evaporative_cooler_angled.png,,Mid,119.0,2024.0,Face,135.0,60.0,,7.5,The University of Sydney,Australia,Office,Sitting,PT Manikins,Thermal,Female,22.0,TskControl34,28.0,27.6,41.53,0.01,,0.0,0.0,0.0,,,,,,,,0.0,0.0,,,,,,0.0,0.0,0.0,,,,,,,,0.0,0.0,,,,,28.2,28.2,41.74,0.04,34.0,34.0,34.0,34.0,34.0,34.0,34.0,34.0,34.0,34.0,34.0,34.0,34.0,34.0,34.0,34.0,34.0,36.98,51.644000000000005,23.36,29.9616,17.78,33.660000000000004,30.76,42.98,40.2,50.8,45.06,40.49,41.120000000000005,43.620000000000005,43.040000000000006,32.82,29.32,,0.0,0.0,0.0,,,,,,,,0.0,0.0,,,,,,0.0,0.0,0.0,,,,,,,,0.0,0.0,,,,,0.4,0.54,1.44,0.68,0.99,0.71,0.59,0.34,0.16,0.03,0.01,0.15,0.16,0.2,0.24,0.72,0.71
13,Heating,"Convective, Evaporative",Evaporative cooler,"9D, 21W, 26H",Quixnova,Quixnova Air Fan,EJ-JHQ01,https://amzn.asia/d/cBzO26O,Market-ready,ID13_standing_fan_angled.png,,Mid,22.0,2024.0,Face,225.0,150.0,,10.0,The University of Sydney,Australia,Office,Sitting,PT Manikins,Thermal,Female,22.0,TskControl34,25.3,25.3,62.41,0.07,34.0,34.0,34.0,34.0,34.0,34.0,34.0,34.0,34.0,34.0,34.0,34.0,34.0,34.0,34.0,34.0,34.0,56.1,29.672,32.16,48.6568,41.0,48.720000000000006,53.68000000000001,60.94,70.47999999999999,90.44,84.06,69.26,71.96000000000001,71.14000000000001,68.06,49.1,47.06,25.1,25.2,64.36,0.06,34.0,34.0,34.0,34.0,34.0,34.0,34.0,34.0,34.0,34.0,34.0,34.0,34.0,34.0,34.0,34.0,34.0,73.05999999999999,47.328,41.72,67.3872,47.720000000000006,88.06000000000002,59.7,115.0,104.64,171.40000000000003,147.08,86.99,79.27000000000001,72.14,67.47999999999999,47.68,45.26,,-0.1400000000000005,-0.1400000000000005,-0.1399999999999995,-0.1400000000000005,-0.1400000000000005,-0.1400000000000005,-0.1400000000000005,-0.1400000000000005,-0.1400000000000005,-0.1400000000000005,-0.1400000000000005,-0.1400000000000005,-0.1400000000000005,-0.1400000000000005,-0.1400000000000005,-0.1400000000000005,16.959999999999987,17.656000000000002,9.56,18.7304,6.720000000000006,39.34000000000001,6.019999999999996,54.06,34.16,80.96000000000004,63.02000000000001,17.729999999999993,7.310000000000002,0.9999999999999858,-0.5800000000000125,-1.4200000000000017,-1.8000000000000045,0.85,0.21,3.7,1.87,3.51,1.73,1.67,1.19,1.27,0.21,0.05,0.52,0.46,0.25,0.29,0.69,0.74
13,Heating,"Convective, Evaporative",Evaporative cooler,"9D, 21W, 26H",Quixnova,Quixnova Air Fan,EJ-JHQ01,https://amzn.asia/d/cBzO26O,Market-ready,ID13_standing_fan_angled.png,,High,22.0,2024.0,Face,270.0,150.0,,10.0,The University of Sydney,Australia,Office,Sitting,PT Manikins,Thermal,Female,22.0,TskControl34,25.3,25.3,62.41,0.07,34.0,34.0,34.0,34.0,34.0,34.0,34.0,34.0,34.0,34.0,34.0,34.0,34.0,34.0,34.0,34.0,34.0,56.1,29.672,32.16,48.6568,41.0,48.720000000000006,53.68000000000001,60.94,70.47999999999999,90.44,84.06,69.26,71.96000000000001,71.14000000000001,68.06,49.1,47.06,25.1,25.1,61.58,0.11,34.0,34.0,34.0,34.0,34.0,34.0,34.0,34.0,34.0,34.0,34.0,34.0,34.0,34.0,34.0,34.0,34.0,72.26,63.463,37.24,80.09920000000002,44.3,74.4,69.7,84.88,88.74000000000001,129.76000000000002,109.94,80.5,78.15,75.54,72.82000000000001,49.8,47.74,,-0.1999999999999993,-0.1999999999999993,-0.1999999999999993,-0.1999999999999993,-0.1999999999999993,-0.1999999999999993,-0.1999999999999993,-0.1999999999999993,-0.1999999999999993,-0.1999999999999993,-0.1999999999999993,-0.1999999999999993,-0.1999999999999993,-0.1999999999999993,-0.1999999999999993,-0.1999999999999993,16.160000000000004,33.791,5.080000000000004,31.442400000000013,3.299999999999997,25.68,16.019999999999996,23.94,18.26000000000002,39.32000000000002,25.88000000000001,11.240000000000006,6.189999999999998,4.399999999999992,4.760000000000005,0.6999999999999957,0.6799999999999926,0.85,0.21,3.7,1.87,3.51,1.73,1.67,1.19,1.27,0.21,0.05,0.52,0.46,0.25,0.29,0.69,0.74
13,Heating,"Convective, Evaporative",Evaporative cooler,"9D, 21W, 26H",Quixnova,Quixnova Air Fan,EJ-JHQ01,https://amzn.asia/d/cBzO26O,Market-ready,ID13_standing_fan_angled.png,,High,22.0,2024.0,Face,225.0,150.0,,10.0,The University of Sydney,Australia,Office,Sitting,PT Manikins,Thermal,Female,22.0,TskControl34,25.3,25.3,62.41,0.07,34.0,34.0,34.0,34.0,34.0,34.0,34.0,34.0,34.0,34.0,34.0,34.0,34.0,34.0,34.0,34.0,34.0,56.1,29.672,32.16,48.6568,41.0,48.720000000000006,53.68000000000001,60.94,70.47999999999999,90.44,84.06,69.26,71.96000000000001,71.14000000000001,68.06,49.1,47.06,25.0,25.2,64.74,0.12,34.0,34.0,34.0,34.0,34.0,34.0,34.0,34.0,34.0,34.0,34.0,34.0,34.0,34.0,34.0,34.0,34.0,75.22,52.699,43.2,71.16560000000001,48.98,92.18,61.96,110.9,104.64,159.24,148.74,90.65,81.53999999999999,73.2,70.47999999999999,48.8,45.76,,-0.1999999999999993,-0.1999999999999993,-0.1999999999999993,-0.1999999999999993,-0.1999999999999993,-0.1999999999999993,-0.1999999999999993,-0.1999999999999993,-0.1999999999999993,-0.1999999999999993,-0.1999999999999993,-0.1999999999999993,-0.1999999999999993,-0.1999999999999993,-0.1999999999999993,-0.1999999999999993,19.12,23.027,11.04,22.5088,7.980000000000004,43.46,8.279999999999994,49.96000000000001,34.160000000000025,68.80000000000001,64.68,21.39,9.579999999999998,2.059999999999988,2.4199999999999875,-0.3000000000000042,-1.3000000000000045,0.85,0.21,3.7,1.87,3.51,1.73,1.67,1.19,1.27,0.21,0.05,0.52,0.46,0.25,0.29,0.69,0.74
13,Heating,"Convective, Evaporative",Evaporative cooler,"9D, 21W, 26H",Quixnova,Quixnova Air Fan,EJ-JHQ01,https://amzn.asia/d/cBzO26O,Market-ready,ID13_standing_fan_angled.png,,Low,22.0,2024.0,Face,180.0,150.0,,10.0,The University of Sydney,Australia,Office,Sitting,PT Manikins,Thermal,Female,22.0,TskControl34,25.3,25.3,62.41,0.07,34.0,34.0,34.0,34.0,34.0,34.0,34.0,34.0,34.0,34.0,34.0,34.0,34.0,34.0,34.0,34.0,34.0,56.1,29.672,32.16,48.6568,41.0,48.720000000000006,53.68000000000001,60.94,70.47999999999999,90.44,84.06,69.26,71.96000000000001,71.14000000000001,68.06,49.1,47.06,25.0,25.1,64.74,0.07,34.0,34.0,34.0,34.0,34.0,34.0,34.0,34.0,34.0,34.0,34.0,34.0,34.0,34.0,34.0,34.0,34.0,66.3,48.36,44.95,59.2832,47.06,82.52,56.7,99.4,86.67999999999999,125.34,103.1,77.72,71.59,68.42,67.5,48.16,45.64,,-0.25,-0.25,-0.25,-0.25,-0.25,-0.25,-0.25,-0.25,-0.25,-0.25,-0.25,-0.25,-0.25,-0.25,-0.25,-0.25,10.199999999999996,18.688,12.79,10.6264,6.060000000000002,33.79999999999999,3.019999999999996,38.46000000000001,16.200000000000003,34.89999999999999,19.039999999999992,8.460000000000004,-0.3700000000000045,-2.720000000000013,-0.5600000000000023,-0.9400000000000048,-1.4200000000000017,0.85,0.21,3.7,1.87,3.51,1.73,1.67,1.19,1.27,0.21,0.05,0.52,0.46,0.25,0.29,0.69,0.74
13,Heating,"Convective, Evaporative",Evaporative cooler,"9D, 21W, 26H",Quixnova,Quixnova Air Fan,EJ-JHQ01,https://amzn.asia/d/cBzO26O,Market-ready,ID13_standing_fan_angled.png,,High,22.0,2024.0,Face,270.0,150.0,,10.0,The University of Sydney,Australia,Office,Sitting,PT Manikins,Thermal,Female,22.0,TskControl34,22.4,22.4,22.88,0.13,34.0,34.0,34.0,34.0,34.0,34.0,34.0,34.0,34.0,34.0,34.0,34.0,34.0,34.0,34.0,34.0,34.0,76.3,40.472,43.47,65.77360000000002,56.84,65.55999999999999,74.94,82.33999999999999,105.46,121.31999999999998,123.06,93.02,95.87,91.66,96.06000000000002,64.4,65.43999999999998,22.0,22.0,30.76,0.2,34.0,34.0,34.0,34.0,34.0,34.0,34.0,34.0,34.0,34.0,34.0,33.99,34.0,34.0,34.0,34.0,34.0,96.54,80.57600000000001,48.46,104.2344,57.260000000000005,95.16,98.2,116.38,129.14,183.56,143.02,110.12,106.93,94.78,99.06,65.58,65.68,,-0.3999999999999986,-0.3999999999999986,-0.3999999999999986,-0.3999999999999986,-0.3999999999999986,-0.3999999999999986,-0.3999999999999986,-0.3999999999999986,-0.3999999999999986,-0.3999999999999986,-0.3999999999999986,-0.3999999999999986,-0.3999999999999986,-0.3999999999999986,-0.3999999999999986,-0.3999999999999986,20.24000000000001,40.10400000000001,4.990000000000002,38.4608,0.4200000000000088,29.60000000000001,23.25999999999999,34.040000000000006,23.68000000000002,62.24000000000002,19.960000000000026,17.09999999999998,11.060000000000002,3.1199999999999903,2.999999999999972,1.1799999999999926,0.2400000000000233,0.85,0.21,3.7,1.87,3.51,1.73,1.67,1.19,1.27,0.21,0.05,0.52,0.46,0.25,0.29,0.69,0.74
13,Heating,"Convective, Evaporative",Evaporative cooler,"9D, 21W, 26H",Quixnova,Quixnova Air Fan,EJ-JHQ01,https://amzn.asia/d/cBzO26O,Market-ready,ID13_standing_fan_angled.png,,Low,22.0,2024.0,Face,180.0,150.0,,10.0,The University of Sydney,Australia,Office,Sitting,PT Manikins,Thermal,Female,22.0,TskControl34,22.4,22.4,22.88,0.13,34.0,34.0,34.0,34.0,34.0,34.0,34.0,34.0,34.0,34.0,34.0,34.0,34.0,34.0,34.0,34.0,34.0,76.3,40.472,43.47,65.77360000000002,56.84,65.55999999999999,74.94,82.33999999999999,105.46,121.31999999999998,123.06,93.02,95.87,91.66,96.06000000000002,64.4,65.43999999999998,22.1,22.1,30.79,0.0,34.0,34.0,34.0,34.0,34.0,34.0,34.0,34.0,34.0,34.08,34.0,34.0,34.0,34.0,34.0,34.0,34.0,89.38,66.351,60.56,81.8416,63.14,100.94,79.64,116.76,126.44,168.24,136.04000000000002,106.13,98.49,90.8,90.44,65.02000000000001,61.6,,-0.2999999999999971,-0.2999999999999971,-0.2999999999999971,-0.2999999999999971,-0.2999999999999971,-0.2999999999999971,-0.2999999999999971,-0.2999999999999971,-0.2999999999999971,-0.2999999999999971,-0.2999999999999971,-0.2999999999999971,-0.2999999999999971,-0.2999999999999971,-0.2999999999999971,-0.2999999999999971,13.079999999999998,25.879,17.090000000000003,16.067999999999998,6.300000000000004,35.38000000000001,4.700000000000003,34.42,20.980000000000015,46.92000000000003,12.980000000000032,13.109999999999992,2.6200000000000188,-0.8600000000000136,-5.6200000000000045,0.6200000000000045,-3.839999999999982,0.85,0.21,3.7,1.87,3.51,1.73,1.67,1.19,1.27,0.21,0.05,0.52,0.46,0.25,0.29,0.69,0.74
13,Heating,"Convective, Evaporative",Evaporative cooler,"9D, 21W, 26H",Quixnova,Quixnova Air Fan,EJ-JHQ01,https://amzn.asia/d/cBzO26O,Market-ready,ID13_standing_fan_angled.png,,Low,22.0,2024.0,Face,225.0,150.0,,10.0,The University of Sydney,Australia,Office,Sitting,PT Manikins,Thermal,Female,22.0,TskControl34,22.4,22.4,22.88,0.13,34.0,34.0,34.0,34.0,34.0,34.0,34.0,34.0,34.0,34.0,34.0,34.0,34.0,34.0,34.0,34.0,34.0,76.3,40.472,43.47,65.77360000000002,56.84,65.55999999999999,74.94,82.33999999999999,105.46,121.31999999999998,123.06,93.02,95.87,91.66,96.06000000000002,64.4,65.43999999999998,21.9,22.0,30.52,0.03,34.0,34.0,34.0,34.0,34.0,34.0,34.0,34.0,34.0,33.72,34.0,34.0,34.0,34.0,34.0,34.0,34.0,91.46,58.539,52.35,83.0472,59.46,102.64,81.74,129.08,134.92,202.82,169.50000000000003,108.18,101.89,93.44,93.1,64.46,62.28000000000001,,-0.4399999999999977,-0.4399999999999977,-0.4399999999999977,-0.4399999999999977,-0.4399999999999977,-0.4399999999999977,-0.4399999999999977,-0.4399999999999977,-0.4399999999999977,-0.4399999999999977,-0.4399999999999977,-0.4399999999999977,-0.4399999999999977,-0.4399999999999977,-0.4399999999999977,-0.4399999999999977,15.159999999999997,18.067000000000004,8.880000000000003,17.2736,2.6200000000000045,37.08,6.799999999999997,46.74000000000002,29.459999999999997,81.50000000000001,46.44000000000004,15.159999999999997,6.02000000000001,1.7800000000000011,-2.960000000000022,0.059999999999988,-3.1599999999999757,0.85,0.21,3.7,1.87,3.51,1.73,1.67,1.19,1.27,0.21,0.05,0.52,0.46,0.25,0.29,0.69,0.74
13,Heating,"Convective, Evaporative",Evaporative cooler,"9D, 21W, 26H",Quixnova,Quixnova Air Fan,EJ-JHQ01,https://amzn.asia/d/cBzO26O,Market-ready,ID13_standing_fan_angled.png,,Low,22.0,2024.0,Face,225.0,150.0,,10.0,The University of Sydney,Australia,Office,Sitting,PT Manikins,Thermal,Female,22.0,TskControl34,25.3,25.3,62.41,0.07,34.0,34.0,34.0,34.0,34.0,34.0,34.0,34.0,34.0,34.0,34.0,34.0,34.0,34.0,34.0,34.0,34.0,56.1,29.672,32.16,48.6568,41.0,48.720000000000006,53.68000000000001,60.94,70.47999999999999,90.44,84.06,69.26,71.96000000000001,71.14000000000001,68.06,49.1,47.06,25.1,25.2,63.95,0.05,34.0,34.0,34.0,34.0,34.0,34.0,34.0,34.0,34.0,34.0,34.0,34.0,34.0,34.0,34.0,34.0,34.0,68.3,44.036,40.38,62.634400000000014,44.98,81.74000000000001,57.6,111.08,92.5,156.26,124.38,78.07999999999998,74.58000000000001,70.58,67.38,48.26,45.720000000000006,,-0.1400000000000005,-0.1400000000000005,-0.1400000000000005,-0.1400000000000005,-0.1400000000000005,-0.1400000000000005,-0.1400000000000005,-0.1400000000000005,-0.1400000000000005,-0.1400000000000005,-0.1400000000000023,-0.1400000000000005,-0.1400000000000005,-0.1400000000000005,-0.1400000000000005,-0.1400000000000005,12.199999999999996,14.364,8.220000000000004,13.977600000000004,3.980000000000004,33.02,3.9199999999999946,50.14,22.02000000000001,65.82,40.31999999999999,8.81999999999999,2.620000000000012,-0.5600000000000165,-0.6800000000000068,-0.8400000000000034,-1.3399999999999963,0.85,0.21,3.7,1.87,3.51,1.73,1.67,1.19,1.27,0.21,0.05,0.52,0.46,0.25,0.29,0.69,0.74
13,Heating,"Convective, Evaporative",Evaporative cooler,"9D, 21W, 26H",Quixnova,Quixnova Air Fan,EJ-JHQ01,https://amzn.asia/d/cBzO26O,Market-ready,ID13_standing_fan_angled.png,,High,22.0,2024.0,Face,180.0,150.0,,10.0,The University of Sydney,Australia,Office,Sitting,PT Manikins,Thermal,Female,22.0,TskControl34,25.3,25.3,62.41,0.07,34.0,34.0,34.0,34.0,34.0,34.0,34.0,34.0,34.0,34.0,34.0,34.0,34.0,34.0,34.0,34.0,34.0,56.1,29.672,32.16,48.6568,41.0,48.720000000000006,53.68000000000001,60.94,70.47999999999999,90.44,84.06,69.26,71.96000000000001,71.14000000000001,68.06,49.1,47.06,24.9,25.0,68.48,0.02,34.0,34.0,34.0,34.0,34.0,34.0,34.0,34.0,34.0,34.0,34.0,34.0,34.0,34.0,34.0,34.0,34.0,73.5,56.71699999999999,49.93000000000001,65.89359999999999,53.61999999999999,92.26000000000002,63.52,103.8,100.54,124.84,121.08,91.66,80.05000000000001,72.28,68.62,48.18,45.94,,-0.3300000000000018,-0.3300000000000018,-0.3300000000000018,-0.3300000000000018,-0.3300000000000018,-0.3300000000000018,-0.3300000000000018,-0.3300000000000018,-0.3300000000000018,-0.3300000000000018,-0.3300000000000018,-0.3300000000000018,-0.3300000000000018,-0.3300000000000018,-0.3300000000000018,-0.3300000000000018,17.4,27.045,17.77000000000001,17.236799999999995,12.61999999999999,43.54000000000001,9.83999999999999,42.86,30.06,34.400000000000006,37.02,22.399999999999995,8.09000000000001,1.1399999999999864,0.5600000000000023,-0.9200000000000016,-1.1200000000000043,0.85,0.21,3.7,1.87,3.51,1.73,1.67,1.19,1.27,0.21,0.05,0.52,0.46,0.25,0.29,0.69,0.74
13,Heating,"Convective, Evaporative",Evaporative cooler,"9D, 21W, 26H",Quixnova,Quixnova Air Fan,EJ-JHQ01,https://amzn.asia/d/cBzO26O,Market-ready,ID13_standing_fan_angled.png,,Low,22.0,2024.0,Face,270.0,150.0,,10.0,The University of Sydney,Australia,Office,Sitting,PT Manikins,Thermal,Female,22.0,TskControl34,25.3,25.3,62.41,0.07,34.0,34.0,34.0,34.0,34.0,34.0,34.0,34.0,34.0,34.0,34.0,34.0,34.0,34.0,34.0,34.0,34.0,56.1,29.672,32.16,48.6568,41.0,48.720000000000006,53.68000000000001,60.94,70.47999999999999,90.44,84.06,69.26,71.96000000000001,71.14000000000001,68.06,49.1,47.06,25.2,25.2,62.38,0.04,34.0,34.0,34.0,34.0,34.0,34.0,34.0,34.0,34.0,34.0,34.0,34.0,34.0,34.0,34.0,34.0,34.0,64.6,52.955,32.88,70.18,40.36,63.66,64.78,69.82,76.32000000000001,109.86,97.62,70.39,73.22,70.64,70.78,48.9,47.54,,-0.1000000000000014,-0.1000000000000014,-0.1000000000000014,-0.1000000000000014,-0.1000000000000014,-0.1000000000000014,-0.1000000000000014,-0.1000000000000014,-0.1000000000000014,-0.1000000000000014,-0.1000000000000014,-0.1000000000000014,-0.1000000000000014,-0.1000000000000014,-0.1000000000000014,-0.1000000000000014,8.499999999999993,23.283,0.7200000000000042,21.523200000000006,-0.6400000000000006,14.939999999999998,11.099999999999994,8.879999999999995,5.840000000000018,19.419999999999987,13.560000000000002,1.129999999999999,1.259999999999998,-0.5000000000000142,2.719999999999999,-0.2000000000000028,0.4799999999999969,0.85,0.21,3.7,1.87,3.51,1.73,1.67,1.19,1.27,0.21,0.05,0.52,0.46,0.25,0.29,0.69,0.74
13,Heating,"Convective, Evaporative",Evaporative cooler,"9D, 21W, 26H",Quixnova,Quixnova Air Fan,EJ-JHQ01,https://amzn.asia/d/cBzO26O,Market-ready,ID13_standing_fan_angled.png,,Mid,22.0,2024.0,Face,180.0,150.0,,10.0,The University of Sydney,Australia,Office,Sitting,PT Manikins,Thermal,Female,22.0,TskControl34,25.3,25.3,62.41,0.07,34.0,34.0,34.0,34.0,34.0,34.0,34.0,34.0,34.0,34.0,34.0,34.0,34.0,34.0,34.0,34.0,34.0,56.1,29.672,32.16,48.6568,41.0,48.720000000000006,53.68000000000001,60.94,70.47999999999999,90.44,84.06,69.26,71.96000000000001,71.14000000000001,68.06,49.1,47.06,25.2,25.1,66.02,0.0,34.0,34.0,34.0,34.0,34.0,34.0,34.0,34.0,34.0,34.0,34.0,34.0,34.0,34.0,34.0,34.0,34.0,69.52,52.981,47.260000000000005,60.748000000000005,49.4,86.58000000000001,57.42,110.06,93.62,140.94,110.12,82.77999999999999,72.78999999999999,70.72,67.78,48.56,46.68,,-0.1999999999999993,-0.1999999999999993,-0.1999999999999993,-0.1999999999999993,-0.1999999999999993,-0.1999999999999993,-0.1999999999999993,-0.1999999999999993,-0.1999999999999993,-0.1999999999999993,-0.1999999999999993,-0.1999999999999993,-0.1999999999999993,-0.1999999999999993,-0.1999999999999993,-0.1999999999999993,13.419999999999996,23.309,15.100000000000009,12.091200000000006,8.399999999999999,37.86000000000001,3.739999999999995,49.11999999999999,23.14000000000001,50.5,26.06,13.519999999999984,0.8299999999999983,-0.4200000000000159,-0.2800000000000011,-0.5399999999999991,-0.3800000000000025,0.85,0.21,3.7,1.87,3.51,1.73,1.67,1.19,1.27,0.21,0.05,0.52,0.46,0.25,0.29,0.69,0.74
13,Heating,"Convective, Evaporative",Evaporative cooler,"9D, 21W, 26H",Quixnova,Quixnova Air Fan,EJ-JHQ01,https://amzn.asia/d/cBzO26O,Market-ready,ID13_standing_fan_angled.png,,Mid,22.0,2024.0,Face,270.0,150.0,,10.0,The University of Sydney,Australia,Office,Sitting,PT Manikins,Thermal,Female,22.0,TskControl34,25.3,25.3,62.41,0.07,34.0,34.0,34.0,34.0,34.0,34.0,34.0,34.0,34.0,34.0,34.0,34.0,34.0,34.0,34.0,34.0,34.0,56.1,29.672,32.16,48.6568,41.0,48.720000000000006,53.68000000000001,60.94,70.47999999999999,90.44,84.06,69.26,71.96000000000001,71.14000000000001,68.06,49.1,47.06,,,,,34.0,34.0,34.0,34.0,34.0,34.0,34.0,34.0,34.0,34.0,34.0,34.0,34.0,34.0,34.0,34.0,34.0,68.44,56.68799999999999,35.92,75.412,40.22,71.42,67.0,84.3,86.30000000000001,127.14,101.66,74.58,74.36,71.66,70.66,48.48,46.86,,0.0,0.0,0.0,,,,,,,,0.0,0.0,,,,,12.339999999999996,27.016,3.7600000000000033,26.755199999999995,-0.7800000000000011,22.7,13.319999999999991,23.36,15.820000000000022,36.70000000000002,17.599999999999994,5.319999999999997,2.3999999999999986,0.5199999999999818,2.5999999999999943,-0.6199999999999974,-0.2000000000000028,0.85,0.21,3.7,1.87,3.51,1.73,1.67,1.19,1.27,0.21,0.05,0.52,0.46,0.25,0.29,0.69,0.74
13,Heating,"Convective, Evaporative",Evaporative cooler,"9D, 21W, 26H",Quixnova,Quixnova Air Fan,EJ-JHQ01,https://amzn.asia/d/cBzO26O,Market-ready,ID13_standing_fan_angled.png,,Mid,22.0,2024.0,Face,270.0,150.0,,10.0,The University of Sydney,Australia,Office,Sitting,PT Manikins,Thermal,Female,22.0,TskControl34,22.4,22.4,22.88,0.13,34.0,34.0,34.0,34.0,34.0,34.0,34.0,34.0,34.0,34.0,34.0,34.0,34.0,34.0,34.0,34.0,34.0,76.3,40.472,43.47,65.77360000000002,56.84,65.55999999999999,74.94,82.33999999999999,105.46,121.31999999999998,123.06,93.02,95.87,91.66,96.06000000000002,64.4,65.43999999999998,22.0,22.1,30.76,0.07,34.0,34.0,34.0,34.0,34.0,34.0,34.0,34.0,34.0,34.0,34.0,34.0,34.0,34.0,34.0,34.0,34.0,90.92,75.18900000000001,46.06,97.3136,54.56,89.60000000000001,92.82,106.92,122.36,164.92000000000002,137.28,100.52,99.53,94.02,98.78,64.88,65.1,,-0.3499999999999978,-0.3499999999999978,-0.3499999999999968,-0.3499999999999978,-0.3499999999999978,-0.3499999999999978,-0.3499999999999978,-0.3499999999999978,-0.3499999999999978,-0.3499999999999978,-0.3499999999999978,-0.3499999999999978,-0.3499999999999978,-0.3499999999999978,-0.3499999999999978,-0.3499999999999978,14.620000000000005,34.71700000000001,2.59,31.539999999999992,-2.279999999999994,24.04000000000002,17.879999999999995,24.580000000000013,16.89999999999999,43.60000000000004,14.220000000000011,7.499999999999993,3.660000000000018,2.3599999999999994,2.7199999999999847,0.4799999999999897,-0.3399999999999892,0.85,0.21,3.7,1.87,3.51,1.73,1.67,1.19,1.27,0.21,0.05,0.52,0.46,0.25,0.29,0.69,0.74
13,Heating,"Convective, Evaporative",Evaporative cooler,"9D, 21W, 26H",Quixnova,Quixnova Air Fan,EJ-JHQ01,https://amzn.asia/d/cBzO26O,Market-ready,ID13_standing_fan_angled.png,,Mid,22.0,2024.0,Face,225.0,150.0,,10.0,The University of Sydney,Australia,Office,Sitting,PT Manikins,Thermal,Female,22.0,TskControl34,22.4,22.4,22.88,0.13,34.0,34.0,34.0,34.0,34.0,34.0,34.0,34.0,34.0,34.0,34.0,34.0,34.0,34.0,34.0,34.0,34.0,76.3,40.472,43.47,65.77360000000002,56.84,65.55999999999999,74.94,82.33999999999999,105.46,121.31999999999998,123.06,93.02,95.87,91.66,96.06000000000002,64.4,65.43999999999998,21.9,22.2,30.09,0.0,34.0,34.0,34.0,34.0,34.0,34.0,34.0,34.0,34.0,32.72,34.0,34.0,34.0,34.0,34.0,34.0,34.0,97.04,61.205,54.48,88.536,62.58,110.46,83.58,146.94,154.78,203.8,192.68,117.88,107.16,95.44,93.88,63.82000000000001,63.06,,-0.1999999999999993,-0.1999999999999993,-0.2000000000000008,-0.2000000000000028,-0.1999999999999993,-0.1999999999999993,-0.1999999999999993,-0.1999999999999993,-0.1999999999999993,-0.1999999999999993,-0.1999999999999993,-0.200000000000001,-0.1999999999999993,-0.1999999999999993,-0.2000000000000028,-0.1999999999999993,20.739999999999995,20.733,11.010000000000002,22.7624,5.740000000000002,44.900000000000006,8.64,64.60000000000001,49.32000000000001,82.48000000000003,69.62000000000002,24.859999999999985,11.290000000000012,3.779999999999987,-2.180000000000021,-0.5799999999999983,-2.379999999999981,0.85,0.21,3.7,1.87,3.51,1.73,1.67,1.19,1.27,0.21,0.05,0.52,0.46,0.25,0.29,0.69,0.74
13,Heating,"Convective, Evaporative",Evaporative cooler,"9D, 21W, 26H",Quixnova,Quixnova Air Fan,EJ-JHQ01,https://amzn.asia/d/cBzO26O,Market-ready,ID13_standing_fan_angled.png,,High,22.0,2024.0,Face,180.0,150.0,,10.0,The University of Sydney,Australia,Office,Sitting,PT Manikins,Thermal,Female,22.0,TskControl34,22.4,22.4,22.88,0.13,34.0,34.0,34.0,34.0,34.0,34.0,34.0,34.0,34.0,34.0,34.0,34.0,34.0,34.0,34.0,34.0,34.0,76.3,40.472,43.47,65.77360000000002,56.84,65.55999999999999,74.94,82.33999999999999,105.46,121.31999999999998,123.06,93.02,95.87,91.66,96.06000000000002,64.4,65.43999999999998,22.0,22.1,31.2,0.0,34.0,34.0,34.0,34.0,34.0,34.0,34.0,34.0,34.0,34.0,34.0,34.0,34.0,34.0,34.0,34.0,34.0,100.92,75.667,68.75,91.5256,71.11999999999999,113.66,90.38,138.66,157.3,186.8,171.36,125.03,111.97,93.5,92.86,64.44,61.38,,-0.2999999999999971,-0.2999999999999971,-0.2999999999999971,-0.2999999999999971,-0.2999999999999971,-0.2999999999999971,-0.2999999999999971,-0.2999999999999971,-0.2999999999999971,-0.2999999999999971,-0.2999999999999971,-0.2999999999999971,-0.2999999999999971,-0.2999999999999971,-0.2999999999999971,-0.2999999999999971,24.61999999999999,35.19499999999999,25.28,25.752,14.279999999999994,48.10000000000001,15.439999999999998,56.32000000000001,51.84000000000002,65.48,48.300000000000026,32.00999999999999,16.100000000000016,1.8399999999999888,-3.2000000000000317,0.039999999999992,-4.059999999999988,0.85,0.21,3.7,1.87,3.51,1.73,1.67,1.19,1.27,0.21,0.05,0.52,0.46,0.25,0.29,0.69,0.74
13,Heating,"Convective, Evaporative",Evaporative cooler,"9D, 21W, 26H",Quixnova,Quixnova Air Fan,EJ-JHQ01,https://amzn.asia/d/cBzO26O,Market-ready,ID13_standing_fan_angled.png,,Low,22.0,2024.0,Face,270.0,150.0,,10.0,The University of Sydney,Australia,Office,Sitting,PT Manikins,Thermal,Female,22.0,TskControl34,22.4,22.4,22.88,0.13,34.0,34.0,34.0,34.0,34.0,34.0,34.0,34.0,34.0,34.0,34.0,34.0,34.0,34.0,34.0,34.0,34.0,76.3,40.472,43.47,65.77360000000002,56.84,65.55999999999999,74.94,82.33999999999999,105.46,121.31999999999998,123.06,93.02,95.87,91.66,96.06000000000002,64.4,65.43999999999998,22.1,22.2,32.8,0.02,34.0,34.0,34.0,34.0,34.0,34.0,34.0,34.0,34.0,34.0,34.0,34.0,34.0,34.0,34.0,34.0,34.0,84.64000000000001,67.097,42.77,87.00800000000001,49.900000000000006,83.14,87.68,94.78,114.8,148.36,128.95999999999998,94.81,92.68,92.0,97.08,65.41999999999999,65.44000000000001,,-0.2299999999999968,-0.2299999999999968,-0.2299999999999968,-0.2299999999999968,-0.2299999999999968,-0.2299999999999968,-0.2299999999999968,-0.2299999999999968,-0.2299999999999968,-0.2299999999999968,-0.2299999999999968,-0.2299999999999968,-0.2299999999999968,-0.2299999999999968,-0.2299999999999968,-0.2299999999999968,8.340000000000018,26.624999999999996,-0.6999999999999957,21.234399999999997,-6.939999999999991,17.580000000000013,12.740000000000007,12.440000000000012,9.340000000000003,27.040000000000006,5.899999999999992,1.789999999999992,-3.1899999999999835,0.3399999999999892,1.019999999999996,1.0199999999999818,2.8421709430404014e-14,0.85,0.21,3.7,1.87,3.51,1.73,1.67,1.19,1.27,0.21,0.05,0.52,0.46,0.25,0.29,0.69,0.74
13,Heating,"Convective, Evaporative",Evaporative cooler,"9D, 21W, 26H",Quixnova,Quixnova Air Fan,EJ-JHQ01,https://amzn.asia/d/cBzO26O,Market-ready,ID13_standing_fan_angled.png,,Mid,22.0,2024.0,Face,180.0,150.0,,10.0,The University of Sydney,Australia,Office,Sitting,PT Manikins,Thermal,Female,22.0,TskControl34,22.4,22.4,22.88,0.13,34.0,34.0,34.0,34.0,34.0,34.0,34.0,34.0,34.0,34.0,34.0,34.0,34.0,34.0,34.0,34.0,34.0,76.3,40.472,43.47,65.77360000000002,56.84,65.55999999999999,74.94,82.33999999999999,105.46,121.31999999999998,123.06,93.02,95.87,91.66,96.06000000000002,64.4,65.43999999999998,22.0,22.0,30.12,0.03,34.0,34.0,34.0,34.0,34.0,34.0,34.0,34.0,34.0,34.0,34.0,34.0,34.0,34.0,34.0,34.0,34.0,97.46,70.74399999999999,66.0,87.516,69.52000000000001,109.36,86.16,137.72,153.95999999999998,183.54,165.92,118.14,107.7,92.1,92.7,65.38,62.38000000000001,,-0.3999999999999986,-0.3999999999999986,-0.3999999999999986,-0.3999999999999986,-0.3999999999999986,-0.3999999999999986,-0.3999999999999986,-0.3999999999999986,-0.3999999999999986,-0.3999999999999986,-0.3999999999999986,-0.3999999999999986,-0.3999999999999986,-0.3999999999999986,-0.3999999999999986,-0.3999999999999986,21.16000000000001,30.271999999999984,22.529999999999998,21.7424,12.680000000000014,43.8,11.22,55.38000000000001,48.49999999999999,62.22000000000004,42.86,25.12,11.830000000000013,0.4399999999999835,-3.3600000000000136,0.9799999999999898,-3.059999999999974,0.85,0.21,3.7,1.87,3.51,1.73,1.67,1.19,1.27,0.21,0.05,0.52,0.46,0.25,0.29,0.69,0.74
13,Heating,"Convective, Evaporative",Evaporative cooler,"9D, 21W, 26H",Quixnova,Quixnova Air Fan,EJ-JHQ01,https://amzn.asia/d/cBzO26O,Market-ready,ID13_standing_fan_angled.png,,High,22.0,2024.0,Face,225.0,150.0,,10.0,The University of Sydney,Australia,Office,Sitting,PT Manikins,Thermal,Female,22.0,TskControl34,22.4,22.4,22.88,0.13,34.0,34.0,34.0,34.0,34.0,34.0,34.0,34.0,34.0,34.0,34.0,34.0,34.0,34.0,34.0,34.0,34.0,76.3,40.472,43.47,65.77360000000002,56.84,65.55999999999999,74.94,82.33999999999999,105.46,121.31999999999998,123.06,93.02,95.87,91.66,96.06000000000002,64.4,65.43999999999998,22.0,22.0,29.7,0.0,33.9,34.0,34.0,34.0,34.0,34.0,34.0,34.0,34.0,31.520000000000003,33.980000000000004,34.0,34.0,34.0,34.0,34.0,34.0,101.72,63.967,56.69999999999999,91.7192,65.42,116.3,84.32000000000001,155.66,167.3,204.94,210.58,128.07999999999998,111.21,100.28,97.0,64.88,61.92,,-0.3999999999999986,-0.3999999999999986,-0.3999999999999986,-0.3999999999999986,-0.3999999999999986,-0.3999999999999986,-0.3999999999999986,-0.3999999999999986,-0.3999999999999986,-0.3999999999999986,-0.3999999999999986,-0.3999999999999986,-0.3999999999999986,-0.3999999999999986,-0.3999999999999986,-0.3999999999999986,25.42,23.495,13.229999999999992,25.945599999999992,8.580000000000005,50.74000000000001,9.38000000000001,73.32000000000001,61.84000000000002,83.62000000000002,87.52,35.05999999999999,15.340000000000018,8.61999999999999,0.9399999999999836,0.4799999999999897,-3.519999999999982,0.85,0.21,3.7,1.87,3.51,1.73,1.67,1.19,1.27,0.21,0.05,0.52,0.46,0.25,0.29,0.69,0.74
14,Heating,"Radiant, Conductive",Heating pad,"76, 40, 2",Koreal,,,https://amzn.asia/d/aTK7cbn,Market-ready,ID14_heating_pad_front.png,,Level6,38.0,2024.0,Back,,,,120.0,The University of Sydney,Australia,Office,Sitting,PT Manikins,Thermal,Female,22.0,TskControl34,22.5,22.3,18.67,0.12,34.0,34.0,34.0,34.0,34.0,34.0,34.0,34.0,34.0,34.0,34.0,34.0,34.0,34.0,34.0,34.0,34.0,61.38,39.939,27.57,45.2448,39.58,41.48,42.14,46.72,48.34,105.02,107.66,76.46000000000001,86.41,92.86,94.72,65.84,63.120000000000005,22.3,22.1,20.55,0.15,34.7,34.0,34.0,38.3152,35.120000000000005,34.0,34.0,34.0,34.0,34.0,34.0,34.0,34.0,34.0,34.0,34.0,34.0,42.84,39.345000000000006,15.13,0.0,0.0,38.54,37.96,48.4,47.04,107.66,121.0,41.53,48.0,91.38,91.84,63.86,62.52,,-0.1899999999999977,-0.1899999999999977,0.0,,-0.1899999999999977,-0.1899999999999977,-0.1899999999999977,-0.1899999999999977,-0.1899999999999977,-0.1899999999999977,-0.1899999999999977,-0.1899999999999977,-0.1899999999999977,-0.1899999999999977,-0.1899999999999977,-0.1899999999999977,-18.54,-0.593999999999997,-12.44,-45.2448,-39.58,-2.940000000000005,-4.18,1.6799999999999995,-1.2999999999999972,2.640000000000001,13.33999999999999,-34.93000000000001,-38.41,-1.4799999999999898,-2.8799999999999955,-1.980000000000004,-0.6000000000000014,0.85,0.21,3.7,1.87,3.51,1.73,1.67,1.19,1.27,0.21,0.05,0.52,0.46,0.25,0.29,0.69,0.74
14,Heating,"Radiant, Conductive",Heating pad,"76, 40, 2",Koreal,,,https://amzn.asia/d/aTK7cbn,Market-ready,ID14_heating_pad_front.png,,Level6,38.0,2024.0,Back,,,,120.0,The University of Sydney,Australia,Office,Sitting,PT Manikins,Thermal,Female,22.0,TskControl34,24.9,24.7,44.25,0.12,34.0,34.0,34.0,34.0,34.0,34.0,34.0,34.0,34.0,34.0,34.0,34.0,34.0,34.0,34.0,34.0,34.0,47.46,31.695,22.3,34.5952,32.96,32.620000000000005,34.28,38.94,38.74,74.78,82.54,57.64,65.8,72.28,74.04,50.42,48.16,25.3,25.1,47.05,0.18,34.9,34.0,34.0,39.18560000000001,35.34,34.0,34.0,34.0,34.0,34.0,34.0,34.0,34.0,34.0,34.0,34.0,34.0,29.78,28.618,1.8800000000000003,0.0,0.0,24.380000000000003,28.78,37.06,37.02,69.14000000000001,79.1,22.65,40.88,67.22,67.67999999999999,46.0,43.440000000000005,,0.4100000000000001,0.4100000000000001,0.0,,0.4100000000000001,0.4100000000000001,0.4100000000000001,0.4100000000000001,0.4099999999999966,0.4100000000000001,0.4100000000000001,0.4100000000000001,0.4100000000000001,0.4100000000000001,0.4100000000000001,0.4100000000000001,-17.68,-3.077,-20.42,-34.5952,-32.96,-8.240000000000002,-5.5,-1.8799999999999957,-1.7199999999999989,-5.639999999999986,-3.440000000000012,-34.989999999999995,-24.92,-5.060000000000002,-6.360000000000014,-4.420000000000002,-4.719999999999999,0.85,0.21,3.7,1.87,3.51,1.73,1.67,1.19,1.27,0.21,0.05,0.52,0.46,0.25,0.29,0.69,0.74
14,Heating,"Radiant, Conductive",Heating pad,"76, 40, 2",Koreal,,,https://amzn.asia/d/aTK7cbn,Market-ready,ID14_heating_pad_front.png,,Level6,38.0,2024.0,Back,,,,120.0,The University of Sydney,Australia,Office,Sitting,PT Manikins,Thermal,Female,22.0,TskControl34,25.1,25.1,69.38,0.17,34.0,34.0,34.0,34.0,34.0,34.0,34.0,34.0,34.0,34.0,34.0,34.0,34.0,34.0,34.0,34.0,34.0,55.61999999999999,29.132,30.59,46.827200000000005,33.58,49.7,55.02,63.120000000000005,75.99999999999999,94.08,82.03999999999999,67.48,70.57,70.03999999999999,71.96,49.68,48.56,24.8,25.2,64.7,0.05,34.8,34.0,34.0,38.96320000000001,34.0,34.0,34.0,34.0,34.0,34.0,34.0,34.0,34.0,34.0,34.0,34.0,34.0,38.32,31.173,12.98,0.0,1.22,48.98,48.620000000000005,74.41999999999999,76.2,108.28,91.3,38.92,34.28,68.96000000000001,69.82000000000001,47.88,45.2,,-0.0700000000000002,-0.0700000000000002,0.0,-0.0700000000000002,-0.0700000000000002,-0.0700000000000002,-0.0700000000000002,-0.0700000000000002,-0.0700000000000002,-0.0700000000000002,-0.0700000000000002,-0.0700000000000002,-0.0700000000000002,-0.0700000000000002,-0.0700000000000002,-0.0700000000000002,-17.29999999999999,2.041000000000001,-17.61,-46.827200000000005,-32.36,-0.720000000000006,-6.399999999999999,11.299999999999985,0.200000000000017,14.200000000000005,9.260000000000003,-28.56000000000001,-36.29,-1.079999999999984,-2.1399999999999864,-1.7999999999999972,-3.3599999999999994,0.85,0.21,3.7,1.87,3.51,1.73,1.67,1.19,1.27,0.21,0.05,0.52,0.46,0.25,0.29,0.69,0.74
14,Heating,"Radiant, Conductive",Heating pad,"76, 40, 2",Koreal,,,https://amzn.asia/d/aTK7cbn,Market-ready,ID14_heating_pad_front.png,,Level3,38.0,2024.0,Back,,,,120.0,The University of Sydney,Australia,Office,Sitting,PT Manikins,Thermal,Female,22.0,TskControl34,25.1,25.1,69.38,0.17,34.0,34.0,34.0,34.0,34.0,34.0,34.0,34.0,34.0,34.0,34.0,34.0,34.0,34.0,34.0,34.0,34.0,55.61999999999999,29.132,30.59,46.827200000000005,33.58,49.7,55.02,63.120000000000005,75.99999999999999,94.08,82.03999999999999,67.48,70.57,70.03999999999999,71.96,49.68,48.56,25.3,25.3,63.6,0.06,34.5,34.0,34.0,37.2992,34.0,34.0,34.0,34.0,34.0,34.0,34.0,34.0,34.0,34.0,34.0,34.0,34.0,37.88,29.574,17.830000000000002,0.0,10.5,46.4,46.720000000000006,68.66,72.44000000000001,99.88,84.67999999999999,40.28,37.74999999999999,64.36,65.2,45.8,42.14,,0.1999999999999993,0.1999999999999993,0.0,0.1999999999999993,0.1999999999999993,0.1999999999999993,0.1999999999999993,0.1999999999999993,0.1999999999999993,0.1999999999999993,0.1999999999999993,0.1999999999999993,0.1999999999999993,0.1999999999999993,0.1999999999999993,0.1999999999999993,-17.739999999999988,0.4420000000000013,-12.759999999999998,-46.827200000000005,-23.08,-3.3000000000000043,-8.299999999999997,5.539999999999992,-3.559999999999974,5.799999999999997,2.640000000000001,-27.200000000000003,-32.82000000000001,-5.679999999999993,-6.759999999999991,-3.8800000000000026,-6.420000000000002,0.85,0.21,3.7,1.87,3.51,1.73,1.67,1.19,1.27,0.21,0.05,0.52,0.46,0.25,0.29,0.69,0.74
14,Heating,"Radiant, Conductive",Heating pad,"76, 40, 2",Koreal,,,https://amzn.asia/d/aTK7cbn,Market-ready,ID14_heating_pad_front.png,,Level 1,38.0,2024.0,Back,,,,120.0,The University of Sydney,Australia,Office,Sitting,PT Manikins,Thermal,Female,22.0,TskControl34,25.1,25.1,69.38,0.17,34.0,34.0,34.0,34.0,34.0,34.0,34.0,34.0,34.0,34.0,34.0,34.0,34.0,34.0,34.0,34.0,34.0,55.61999999999999,29.132,30.59,46.827200000000005,33.58,49.7,55.02,63.120000000000005,75.99999999999999,94.08,82.03999999999999,67.48,70.57,70.03999999999999,71.96,49.68,48.56,25.3,25.3,65.63,0.0,34.2,34.0,34.0,35.1512,34.0,34.0,34.0,34.0,34.0,34.0,34.0,34.0,34.0,34.0,34.0,34.0,34.0,40.31999999999999,30.081,24.54,0.0,25.54,47.9,48.24,68.38,72.97999999999999,99.64,85.11999999999999,45.400000000000006,44.510000000000005,63.52,63.9,43.66,40.36,,0.1999999999999993,0.1999999999999993,0.0,0.1999999999999993,0.1999999999999993,0.1999999999999993,0.1999999999999993,0.1999999999999993,0.1999999999999993,0.1999999999999993,0.1999999999999993,0.1999999999999993,0.1999999999999993,0.1999999999999993,0.1999999999999993,0.1999999999999993,-15.299999999999995,0.948999999999997,-6.049999999999999,-46.827200000000005,-8.04,-1.8000000000000045,-6.780000000000008,5.259999999999991,-3.019999999999996,5.560000000000002,3.0799999999999983,-22.08,-26.06,-6.519999999999996,-8.059999999999995,-6.019999999999996,-8.200000000000003,0.85,0.21,3.7,1.87,3.51,1.73,1.67,1.19,1.27,0.21,0.05,0.52,0.46,0.25,0.29,0.69,0.74
14,Heating,"Radiant, Conductive",Heating pad,"76, 40, 2",Koreal,,,https://amzn.asia/d/aTK7cbn,Market-ready,ID14_heating_pad_front.png,,Level3,38.0,2024.0,Back,,,,120.0,The University of Sydney,Australia,Office,Sitting,PT Manikins,Thermal,Female,22.0,TskControl34,22.5,22.3,18.67,0.12,34.0,34.0,34.0,34.0,34.0,34.0,34.0,34.0,34.0,34.0,34.0,34.0,34.0,34.0,34.0,34.0,34.0,61.38,39.939,27.57,45.2448,39.58,41.48,42.14,46.72,48.34,105.02,107.66,76.46000000000001,86.41,92.86,94.72,65.84,63.120000000000005,22.3,22.3,20.38,0.23,34.2,34.0,34.0,35.23360000000001,34.0,34.0,34.0,34.0,34.0,34.0,34.0,34.0,34.0,34.0,34.0,34.0,34.0,46.4,39.529,23.1,0.924,17.34,39.16,38.96,46.02,47.8,105.18,115.44,50.8,56.84,92.58,92.14,64.6,63.66,,-0.0999999999999978,-0.0999999999999996,-0.0279999999999994,-0.0999999999999978,-0.0999999999999978,-0.0999999999999978,-0.0999999999999978,-0.0999999999999978,-0.0999999999999978,-0.0999999999999978,-0.0999999999999996,-0.0999999999999978,-0.0999999999999978,-0.0999999999999978,-0.0999999999999978,-0.1000000000000014,-14.979999999999997,-0.4099999999999999,-4.469999999999999,-44.3208,-22.24,-2.3200000000000003,-3.18,-0.6999999999999957,-0.539999999999992,0.1599999999999823,7.780000000000001,-25.660000000000004,-29.57,-0.2799999999999869,-2.5799999999999983,-1.240000000000009,0.5399999999999991,0.85,0.21,3.7,1.87,3.51,1.73,1.67,1.19,1.27,0.21,0.05,0.52,0.46,0.25,0.29,0.69,0.74
14,Heating,"Radiant, Conductive",Heating pad,"76, 40, 2",Koreal,,,https://amzn.asia/d/aTK7cbn,Market-ready,ID14_heating_pad_front.png,,Level3,38.0,2024.0,Back,,,,120.0,The University of Sydney,Australia,Office,Sitting,PT Manikins,Thermal,Female,22.0,TskControl34,22.5,22.3,18.67,0.12,34.0,34.0,34.0,34.0,34.0,34.0,34.0,34.0,34.0,34.0,34.0,34.0,34.0,34.0,34.0,34.0,34.0,61.38,39.939,27.57,45.2448,39.58,41.48,42.14,46.72,48.34,105.02,107.66,76.46000000000001,86.41,92.86,94.72,65.84,63.120000000000005,21.9,22.1,23.59,0.12,33.82,34.0,34.0,34.0,34.0,34.0,34.0,34.0,34.0,24.2,23.4,34.0,34.0,34.0,34.0,38.34,40.64,43.64,40.643,19.98,33.328,19.42,37.06,38.32,54.74,53.17999999999999,0.0,0.0,71.94,79.50999999999999,61.28,61.48,0.0,0.0,,-0.3999999999999986,-0.3999999999999986,-0.3999999999999986,-0.3999999999999986,-0.3999999999999986,-0.3999999999999986,-0.3999999999999986,-0.3999999999999986,,,-0.3999999999999986,-0.3999999999999986,-0.3999999999999986,-0.3999999999999986,,,-17.739999999999995,0.7039999999999984,-7.589999999999998,-11.9168,-20.16,-4.420000000000002,-3.82,8.019999999999996,4.839999999999996,-105.02,-107.66,-4.520000000000003,-6.900000000000006,-31.580000000000005,-33.24,-65.84,-63.120000000000005,0.85,0.21,3.7,1.87,3.51,1.73,1.67,1.19,1.27,0.21,0.05,0.52,0.46,0.25,0.29,0.69,0.74
14,Heating,"Radiant, Conductive",Heating pad,"76, 40, 2",Koreal,,,https://amzn.asia/d/aTK7cbn,Market-ready,ID14_heating_pad_front.png,,Level3,38.0,2024.0,Back,,,,120.0,The University of Sydney,Australia,Office,Sitting,PT Manikins,Thermal,Female,22.0,TskControl34,22.5,22.3,18.67,0.12,34.0,34.0,34.0,34.0,34.0,34.0,34.0,34.0,34.0,34.0,34.0,34.0,34.0,34.0,34.0,34.0,34.0,61.38,39.939,27.57,45.2448,39.58,41.48,42.14,46.72,48.34,105.02,107.66,76.46000000000001,86.41,92.86,94.72,65.84,63.120000000000005,22.1,22.1,20.45,0.17,34.4,34.0,34.0,34.0,34.0,34.0,34.0,34.0,34.0,44.7,40.14,34.0,34.0,34.0,34.0,34.0,34.0,49.220000000000006,40.925,19.74,30.329600000000006,14.88,37.64,39.74,36.9,39.54,0.0,0.0,70.22999999999999,75.65,92.18,92.18,63.98,63.14,,-0.2999999999999971,-0.2999999999999971,-0.2999999999999971,-0.2999999999999971,-0.2999999999999971,-0.2999999999999971,-0.2999999999999971,-0.2999999999999971,,,-0.2999999999999971,-0.2999999999999971,-0.2999999999999971,-0.2999999999999971,-0.2999999999999971,-0.2999999999999971,-12.15999999999999,0.9860000000000048,-7.829999999999998,-14.915199999999995,-24.7,-3.8400000000000034,-2.4000000000000057,-9.82,-8.799999999999997,-105.02,-107.66,-6.230000000000008,-10.760000000000003,-0.6800000000000068,-2.539999999999992,-1.8599999999999997,0.019999999999996,0.85,0.21,3.7,1.87,3.51,1.73,1.67,1.19,1.27,0.21,0.05,0.52,0.46,0.25,0.29,0.69,0.74
14,Heating,"Radiant, Conductive",Heating pad,"76, 40, 2",Koreal,,,https://amzn.asia/d/aTK7cbn,Market-ready,ID14_heating_pad_front.png,,Level6,38.0,2024.0,Back,,,,120.0,The University of Sydney,Australia,Office,Sitting,PT Manikins,Thermal,Female,22.0,TskControl34,25.1,25.1,69.38,0.17,34.0,34.0,34.0,34.0,34.0,34.0,34.0,34.0,34.0,34.0,34.0,34.0,34.0,34.0,34.0,34.0,34.0,55.61999999999999,29.132,30.59,46.827200000000005,33.58,49.7,55.02,63.120000000000005,75.99999999999999,94.08,82.03999999999999,67.48,70.57,70.03999999999999,71.96,49.68,48.56,24.8,25.2,64.7,0.05,34.8,34.0,34.0,38.96320000000001,34.0,34.0,34.0,34.0,34.0,34.0,34.0,34.0,34.0,34.0,34.0,34.0,34.0,38.32,31.173,12.98,0.0,1.22,48.98,48.620000000000005,74.41999999999999,76.2,108.28,91.3,38.92,34.28,68.96000000000001,69.82000000000001,47.88,45.2,,-0.0700000000000002,-0.0700000000000002,0.0,-0.0700000000000002,-0.0700000000000002,-0.0700000000000002,-0.0700000000000002,-0.0700000000000002,-0.0700000000000002,-0.0700000000000002,-0.0700000000000002,-0.0700000000000002,-0.0700000000000002,-0.0700000000000002,-0.0700000000000002,-0.0700000000000002,-17.29999999999999,2.041000000000001,-17.61,-46.827200000000005,-32.36,-0.720000000000006,-6.399999999999999,11.299999999999985,0.200000000000017,14.200000000000005,9.260000000000003,-28.56000000000001,-36.29,-1.079999999999984,-2.1399999999999864,-1.7999999999999972,-3.3599999999999994,0.85,0.21,3.7,1.87,3.51,1.73,1.67,1.19,1.27,0.21,0.05,0.52,0.46,0.25,0.29,0.69,0.74
14,Heating,"Radiant, Conductive",Heating pad,"76, 40, 2",Koreal,,,https://amzn.asia/d/aTK7cbn,Market-ready,ID14_heating_pad_front.png,,Level4,38.0,2024.0,Back,,,,120.0,The University of Sydney,Australia,Office,Sitting,PT Manikins,Thermal,Female,22.0,TskControl34,25.1,25.1,69.38,0.17,34.0,34.0,34.0,34.0,34.0,34.0,34.0,34.0,34.0,34.0,34.0,34.0,34.0,34.0,34.0,34.0,34.0,55.61999999999999,29.132,30.59,46.827200000000005,33.58,49.7,55.02,63.120000000000005,75.99999999999999,94.08,82.03999999999999,67.48,70.57,70.03999999999999,71.96,49.68,48.56,25.3,25.3,64.0,0.05,34.6,34.0,34.0,38.04480000000001,34.0,34.0,34.0,34.0,34.0,34.0,34.0,34.0,34.0,34.0,34.0,34.0,34.0,37.24,29.503,14.9,0.0,3.6,47.82000000000001,47.1,70.28,72.34,99.18,83.14000000000001,39.49,36.3,65.05999999999999,64.94,45.94,43.120000000000005,,0.1999999999999993,0.1999999999999993,0.0,0.1999999999999993,0.1999999999999993,0.1999999999999993,0.1999999999999993,0.1999999999999993,0.1999999999999993,0.1999999999999993,0.1999999999999993,0.1999999999999993,0.1999999999999993,0.1999999999999993,0.1999999999999993,0.1999999999999993,-18.37999999999999,0.3710000000000015,-15.69,-46.827200000000005,-29.98,-1.8799999999999957,-7.920000000000002,7.159999999999997,-3.6599999999999824,5.099999999999994,1.1000000000000227,-27.99,-34.27,-4.980000000000004,-7.019999999999996,-3.740000000000002,-5.439999999999998,0.85,0.21,3.7,1.87,3.51,1.73,1.67,1.19,1.27,0.21,0.05,0.52,0.46,0.25,0.29,0.69,0.74
14,Heating,"Radiant, Conductive",Heating pad,"76, 40, 2",Koreal,,,https://amzn.asia/d/aTK7cbn,Market-ready,ID14_heating_pad_front.png,,Level4,38.0,2024.0,Back,,,,120.0,The University of Sydney,Australia,Office,Sitting,PT Manikins,Thermal,Female,22.0,TskControl34,24.9,24.7,44.25,0.12,34.0,34.0,34.0,34.0,34.0,34.0,34.0,34.0,34.0,34.0,34.0,34.0,34.0,34.0,34.0,34.0,34.0,47.46,31.695,22.3,34.5952,32.96,32.620000000000005,34.28,38.94,38.74,74.78,82.54,57.64,65.8,72.28,74.04,50.42,48.16,25.2,25.2,43.18,0.13,34.660000000000004,34.0,34.0,37.8808,34.760000000000005,34.0,34.0,34.0,34.0,34.0,34.0,34.0,34.0,34.0,34.0,34.0,34.0,32.040000000000006,29.384999999999994,5.859999999999999,0.0,0.0,25.24,29.42,36.4,37.06,69.66,81.0,31.17,47.04,66.92,68.4,46.24,43.5,,0.3999999999999986,0.3999999999999986,0.0,,0.3999999999999986,0.3999999999999986,0.3999999999999986,0.3999999999999986,0.399999999999995,0.3999999999999986,0.3999999999999986,0.3999999999999986,0.3999999999999986,0.3999999999999986,0.3999999999999986,0.3999999999999986,-15.419999999999996,-2.3100000000000054,-16.439999999999998,-34.5952,-32.96,-7.380000000000003,-4.860000000000003,-2.539999999999999,-1.6799999999999926,-5.1200000000000045,-1.5400000000000065,-26.47,-18.76,-5.359999999999999,-5.640000000000001,-4.180000000000007,-4.660000000000004,0.85,0.21,3.7,1.87,3.51,1.73,1.67,1.19,1.27,0.21,0.05,0.52,0.46,0.25,0.29,0.69,0.74
14,Heating,"Radiant, Conductive",Heating pad,"76, 40, 2",Koreal,,,https://amzn.asia/d/aTK7cbn,Market-ready,ID14_heating_pad_front.png,,Level1,38.0,2024.0,Back,,,,120.0,The University of Sydney,Australia,Office,Sitting,PT Manikins,Thermal,Female,22.0,TskControl34,22.5,22.3,18.67,0.12,34.0,34.0,34.0,34.0,34.0,34.0,34.0,34.0,34.0,34.0,34.0,34.0,34.0,34.0,34.0,34.0,34.0,61.38,39.939,27.57,45.2448,39.58,41.48,42.14,46.72,48.34,105.02,107.66,76.46000000000001,86.41,92.86,94.72,65.84,63.120000000000005,22.1,21.8,22.78,0.13,33.7,34.0,34.0,34.0,34.0,34.0,34.0,34.0,34.0,24.32,23.4,34.0,34.0,34.0,34.0,36.8,38.9,44.64,41.027,20.18,33.354400000000005,20.48,37.4,38.9,54.98,53.24,0.0,0.0,72.31,79.81,67.08,67.67999999999999,0.0,0.0,,-0.4399999999999977,-0.4399999999999977,-0.4399999999999977,-0.4399999999999977,-0.4399999999999977,-0.4399999999999977,-0.4399999999999977,-0.4399999999999977,,,-0.4399999999999977,-0.4399999999999977,-0.4399999999999977,-0.4399999999999977,,,-16.739999999999995,1.0880000000000014,-7.389999999999999,-11.890399999999996,-19.1,-4.080000000000005,-3.240000000000002,8.260000000000005,4.899999999999999,-105.02,-107.66,-4.149999999999999,-6.6000000000000085,-25.78,-27.040000000000006,-65.84,-63.120000000000005,0.85,0.21,3.7,1.87,3.51,1.73,1.67,1.19,1.27,0.21,0.05,0.52,0.46,0.25,0.29,0.69,0.74
14,Heating,"Radiant, Conductive",Heating pad,"76, 40, 2",Koreal,,,https://amzn.asia/d/aTK7cbn,Market-ready,ID14_heating_pad_front.png,,Level3,38.0,2024.0,Back,,,,120.0,The University of Sydney,Australia,Office,Sitting,PT Manikins,Thermal,Female,22.0,TskControl34,22.0,22.0,18.61,0.06,34.0,34.0,34.0,34.0,34.0,34.0,34.0,34.0,34.0,34.0,34.0,34.0,34.0,34.0,34.0,34.0,34.0,49.12,36.351,19.05,32.69200000000001,21.34,34.02,35.68000000000001,46.56,44.56,85.52000000000001,95.74,64.42,72.15,78.25999999999999,77.08,35.42,31.28,22.1,22.1,58.17,0.17,34.5,34.0,34.0,34.0,34.0,34.0,34.0,34.0,34.0,34.0,34.0,34.0,34.0,34.0,34.0,40.4,42.61666666666667,49.66666666666666,40.85000000000001,23.383333333333333,34.897333333333336,24.36666666666667,38.516666666666666,40.46666666666666,51.1,47.88333333333333,98.36666666666667,123.11666666666666,72.35,79.96666666666667,61.15,59.46666666666666,0.0,0.0,,0.1000000000000014,0.1000000000000014,0.1000000000000014,0.1000000000000014,0.1000000000000014,0.1000000000000014,0.1000000000000014,0.1000000000000014,0.1000000000000014,0.1000000000000014,0.1000000000000014,0.1000000000000014,0.1000000000000014,0.1000000000000014,,,0.5466666666666669,4.499000000000004,4.333333333333334,2.2053333333333307,3.026666666666671,4.496666666666663,4.786666666666655,4.539999999999999,3.3233333333333377,12.846666666666664,27.376666666666665,7.929999999999993,7.816666666666663,-17.109999999999992,-17.613333333333337,-35.42,-31.28,0.85,0.21,3.7,1.87,3.51,1.73,1.67,1.19,1.27,0.21,0.05,0.52,0.46,0.25,0.29,0.69,0.74
14,Heating,"Radiant, Conductive",Heating pad,"76, 40, 2",Koreal,,,https://amzn.asia/d/aTK7cbn,Market-ready,ID14_heating_pad_front.png,,Level4,38.0,2024.0,Back,,,,120.0,The University of Sydney,Australia,Office,Sitting,PT Manikins,Thermal,Female,22.0,TskControl34,22.0,22.0,18.61,0.06,34.0,34.0,34.0,34.0,34.0,34.0,34.0,34.0,34.0,34.0,34.0,34.0,34.0,34.0,34.0,34.0,34.0,49.12,36.351,19.05,32.69200000000001,21.34,34.02,35.68000000000001,46.56,44.56,85.52000000000001,95.74,64.42,72.15,78.25999999999999,77.08,35.42,31.28,22.0,22.2,61.65,0.09,34.5,34.0,34.0,34.0,34.0,34.0,34.0,34.0,34.0,34.0,34.0,34.0,34.0,34.0,34.0,40.5,43.18333333333334,48.96666666666667,40.475,21.475,34.50933333333334,22.366666666666664,38.36666666666667,39.833333333333336,50.61666666666667,48.68333333333334,97.9,123.21666666666668,71.875,80.00833333333333,57.583333333333336,58.93333333333334,0.0,0.0,,0.1000000000000014,0.1000000000000014,0.1000000000000014,0.1000000000000014,0.1000000000000014,0.1000000000000014,0.1000000000000014,0.1000000000000014,0.1000000000000014,0.1000000000000014,0.1000000000000014,0.1000000000000014,0.1000000000000014,0.1000000000000014,,,-0.1533333333333288,4.123999999999998,2.4250000000000025,1.8173333333333337,1.0266666666666635,4.346666666666664,4.153333333333329,4.056666666666665,4.123333333333342,12.37999999999998,27.476666666666688,7.455000000000002,7.858333333333327,-20.67666666666665,-18.14666666666666,-35.42,-31.28,0.85,0.21,3.7,1.87,3.51,1.73,1.67,1.19,1.27,0.21,0.05,0.52,0.46,0.25,0.29,0.69,0.74
14,Heating,"Radiant, Conductive",Heating pad,"76, 40, 2",Koreal,,,https://amzn.asia/d/aTK7cbn,Market-ready,ID14_heating_pad_front.png,,Level3,38.0,2024.0,Back,,,,120.0,The University of Sydney,Australia,Office,Sitting,PT Manikins,Thermal,Female,22.0,TskControl34,24.9,24.7,44.25,0.12,34.0,34.0,34.0,34.0,34.0,34.0,34.0,34.0,34.0,34.0,34.0,34.0,34.0,34.0,34.0,34.0,34.0,47.46,31.695,22.3,34.5952,32.96,32.620000000000005,34.28,38.94,38.74,74.78,82.54,57.64,65.8,72.28,74.04,50.42,48.16,25.3,25.3,30.23,0.09,34.6,34.0,34.0,37.5616,34.4,34.0,34.0,34.0,34.0,34.0,34.0,34.0,34.0,34.0,34.0,34.0,34.0,31.18,29.14,7.57,0.0,0.0,25.340000000000003,28.380000000000003,36.2,35.800000000000004,68.58,76.67999999999999,28.63,44.16000000000001,66.0,67.11999999999999,46.14,44.34,,0.5,0.5,0.0,,0.5,0.5,0.5,0.5,0.4999999999999964,0.5,0.5,0.5,0.5,0.5,0.5,0.5,-16.28,-2.555000000000004,-14.73,-34.5952,-32.96,-7.280000000000001,-5.899999999999999,-2.739999999999995,-2.9399999999999906,-6.200000000000003,-5.860000000000014,-29.01,-21.63999999999999,-6.280000000000001,-6.920000000000016,-4.280000000000001,-3.820000000000008,0.85,0.21,3.7,1.87,3.51,1.73,1.67,1.19,1.27,0.21,0.05,0.52,0.46,0.25,0.29,0.69,0.74
14,Heating,"Radiant, Conductive",Heating pad,"76, 40, 2",Koreal,,,https://amzn.asia/d/aTK7cbn,Market-ready,ID14_heating_pad_front.png,,Level1,38.0,2024.0,Back,,,,120.0,The University of Sydney,Australia,Office,Sitting,PT Manikins,Thermal,Female,22.0,TskControl34,24.9,24.7,44.25,0.12,34.0,34.0,34.0,34.0,34.0,34.0,34.0,34.0,34.0,34.0,34.0,34.0,34.0,34.0,34.0,34.0,34.0,47.46,31.695,22.3,34.5952,32.96,32.620000000000005,34.28,38.94,38.74,74.78,82.54,57.64,65.8,72.28,74.04,50.42,48.16,25.0,24.8,35.04,0.13,34.0,34.0,34.0,34.260000000000005,34.0,34.0,34.0,34.0,34.0,34.0,34.0,34.0,34.0,34.0,34.0,34.0,34.0,37.3,30.924,18.93,0.896,21.96,29.3,32.480000000000004,37.64,37.78,71.26000000000002,84.74,40.22,54.64,70.24000000000001,71.53999999999999,48.67999999999999,46.96,,0.1099999999999994,0.1099999999999994,0.0307999999999998,0.1099999999999994,0.1099999999999994,0.1099999999999994,0.1099999999999994,0.1099999999999994,0.1099999999999958,0.1099999999999994,0.1099999999999994,0.1099999999999994,0.1099999999999994,0.1099999999999994,0.1099999999999994,0.1099999999999994,-10.160000000000004,-0.771000000000004,-3.369999999999999,-33.6992,-11.0,-3.320000000000004,-1.7999999999999972,-1.2999999999999972,-0.9600000000000009,-3.519999999999982,2.1999999999999886,-17.419999999999998,-11.16,-2.039999999999992,-2.500000000000014,-1.740000000000009,-1.2000000000000028,0.85,0.21,3.7,1.87,3.51,1.73,1.67,1.19,1.27,0.21,0.05,0.52,0.46,0.25,0.29,0.69,0.74
14,Heating,"Radiant, Conductive",Heating pad,"76, 40, 2",Koreal,,,https://amzn.asia/d/aTK7cbn,Market-ready,ID14_heating_pad_front.png,,Level1,38.0,2024.0,Back,,,,120.0,The University of Sydney,Australia,Office,Sitting,PT Manikins,Thermal,Female,22.0,TskControl34,22.5,22.3,18.67,0.12,34.0,34.0,34.0,34.0,34.0,34.0,34.0,34.0,34.0,34.0,34.0,34.0,34.0,34.0,34.0,34.0,34.0,61.38,39.939,27.57,45.2448,39.58,41.48,42.14,46.72,48.34,105.02,107.66,76.46000000000001,86.41,92.86,94.72,65.84,63.120000000000005,22.2,22.0,20.33,0.15,34.3,34.0,34.0,34.0,34.0,34.0,34.0,34.0,34.0,42.78000000000001,36.7,34.0,34.0,34.0,34.0,34.0,34.0,49.32000000000001,40.57399999999999,18.29,28.765600000000003,12.28,37.66,39.88,41.04,42.2,0.0,0.0,73.35,75.78999999999999,91.98,92.52,64.18,63.28,,-0.2899999999999991,-0.2899999999999991,-0.2899999999999991,-0.2899999999999991,-0.2899999999999991,-0.2899999999999991,-0.2899999999999991,-0.2899999999999991,,,-0.2899999999999991,-0.2899999999999991,-0.2899999999999991,-0.2899999999999991,-0.2899999999999991,-0.2899999999999991,-12.059999999999988,0.6349999999999938,-9.28,-16.4792,-27.3,-3.82,-2.260000000000005,-5.68,-6.1399999999999935,-105.02,-107.66,-3.11000000000001,-10.620000000000008,-0.8800000000000097,-2.1999999999999886,-1.6599999999999966,0.1599999999999894,0.85,0.21,3.7,1.87,3.51,1.73,1.67,1.19,1.27,0.21,0.05,0.52,0.46,0.25,0.29,0.69,0.74
14,Heating,"Radiant, Conductive",Heating pad,"76, 40, 2",Koreal,,,https://amzn.asia/d/aTK7cbn,Market-ready,ID14_heating_pad_front.png,,Level4,38.0,2024.0,Back,,,,120.0,The University of Sydney,Australia,Office,Sitting,PT Manikins,Thermal,Female,22.0,TskControl34,22.5,22.3,18.67,0.12,34.0,34.0,34.0,34.0,34.0,34.0,34.0,34.0,34.0,34.0,34.0,34.0,34.0,34.0,34.0,34.0,34.0,61.38,39.939,27.57,45.2448,39.58,41.48,42.14,46.72,48.34,105.02,107.66,76.46000000000001,86.41,92.86,94.72,65.84,63.120000000000005,22.0,22.1,18.93,0.06,34.5,34.0,34.0,34.0,34.0,34.0,34.0,34.0,34.0,44.7,43.42,34.0,34.0,34.0,34.0,34.0,34.0,49.540000000000006,40.259,18.97,32.7184,17.7,37.620000000000005,39.760000000000005,34.86,35.9,0.0,0.0,71.32000000000001,76.64,91.42,91.7,63.34000000000001,63.6,,-0.3399999999999998,-0.3399999999999998,-0.3399999999999998,-0.3399999999999998,-0.3399999999999998,-0.3399999999999998,-0.3399999999999998,-0.3399999999999998,,,-0.3399999999999998,-0.3399999999999998,-0.3399999999999998,-0.3399999999999998,-0.3399999999999998,-0.3399999999999998,-11.83999999999999,0.3199999999999976,-8.6,-12.526399999999995,-21.88,-3.86,-2.3799999999999955,-11.86,-12.439999999999998,-105.02,-107.66,-5.140000000000001,-9.770000000000003,-1.440000000000012,-3.0200000000000102,-2.499999999999993,0.4799999999999969,0.85,0.21,3.7,1.87,3.51,1.73,1.67,1.19,1.27,0.21,0.05,0.52,0.46,0.25,0.29,0.69,0.74
14,Heating,"Radiant, Conductive",Heating pad,"76, 40, 2",Koreal,,,https://amzn.asia/d/aTK7cbn,Market-ready,ID14_heating_pad_front.png,,Level6,38.0,2024.0,Back,,,,120.0,The University of Sydney,Australia,Office,Sitting,PT Manikins,Thermal,Female,22.0,TskControl34,22.0,22.0,18.61,0.06,34.0,34.0,34.0,34.0,34.0,34.0,34.0,34.0,34.0,34.0,34.0,34.0,34.0,34.0,34.0,34.0,34.0,49.12,36.351,19.05,32.69200000000001,21.34,34.02,35.68000000000001,46.56,44.56,85.52000000000001,95.74,64.42,72.15,78.25999999999999,77.08,35.42,31.28,22.0,22.0,59.68,0.12,34.7,34.0,34.0,34.0,34.0,34.0,34.0,34.0,34.0,34.0,34.0,34.0,34.0,34.0,34.0,43.220000000000006,46.52,47.720000000000006,40.461,20.36,33.8952,20.92,38.440000000000005,41.50000000000001,51.16,48.7,99.58,125.14,71.25,79.11000000000001,49.67999999999999,50.64,0.0,0.0,,0.0,0.0,0.0,0.0,0.0,0.0,0.0,0.0,0.0,0.0,0.0,0.0,0.0,0.0,,,-1.3999999999999917,4.110000000000004,1.3100000000000005,1.2031999999999996,-0.4200000000000017,4.420000000000002,5.82,4.600000000000001,4.140000000000008,14.060000000000002,29.40000000000002,6.830000000000002,6.960000000000001,-28.58,-26.44,-35.42,-31.28,0.85,0.21,3.7,1.87,3.51,1.73,1.67,1.19,1.27,0.21,0.05,0.52,0.46,0.25,0.29,0.69,0.74
14,Heating,"Radiant, Conductive",Heating pad,"76, 40, 2",Koreal,,,https://amzn.asia/d/aTK7cbn,Market-ready,ID14_heating_pad_front.png,,Level6,38.0,2024.0,Back,,,,120.0,The University of Sydney,Australia,Office,Sitting,PT Manikins,Thermal,Female,22.0,TskControl34,22.5,22.3,18.67,0.12,34.0,34.0,34.0,34.0,34.0,34.0,34.0,34.0,34.0,34.0,34.0,34.0,34.0,34.0,34.0,34.0,34.0,61.38,39.939,27.57,45.2448,39.58,41.48,42.14,46.72,48.34,105.02,107.66,76.46000000000001,86.41,92.86,94.72,65.84,63.120000000000005,22.0,22.2,23.45,0.19,34.5,34.0,34.0,34.0,34.0,34.0,34.0,34.0,34.0,44.7,44.8,34.0,34.0,34.0,34.0,34.0,34.0,49.68333333333334,39.82833333333333,21.166666666666664,32.71066666666667,17.966666666666665,38.28333333333333,37.766666666666666,31.666666666666668,33.71666666666667,0.0,0.0,72.99166666666667,76.93333333333334,91.18333333333332,91.93333333333334,63.95000000000001,62.21666666666667,,-0.3200000000000003,-0.3200000000000003,-0.3200000000000003,-0.3200000000000003,-0.3200000000000003,-0.3200000000000003,-0.3200000000000003,-0.3200000000000003,,,-0.3200000000000003,-0.3200000000000003,-0.3200000000000003,-0.3200000000000003,-0.3200000000000003,-0.3200000000000003,-11.696666666666658,-0.1106666666666682,-6.403333333333332,-12.534133333333331,-21.613333333333333,-3.1966666666666725,-4.373333333333335,-15.053333333333333,-14.623333333333328,-105.02,-107.66,-3.4683333333333337,-9.47666666666667,-1.6766666666666763,-2.7866666666666617,-1.8899999999999932,-0.903333333333336,0.85,0.21,3.7,1.87,3.51,1.73,1.67,1.19,1.27,0.21,0.05,0.52,0.46,0.25,0.29,0.69,0.74
14,Heating,"Radiant, Conductive",Heating pad,"76, 40, 2",Koreal,,,https://amzn.asia/d/aTK7cbn,Market-ready,ID14_heating_pad_front.png,,Level4,38.0,2024.0,Back,,,,120.0,The University of Sydney,Australia,Office,Sitting,PT Manikins,Thermal,Female,22.0,TskControl34,22.5,22.3,18.67,0.12,34.0,34.0,34.0,34.0,34.0,34.0,34.0,34.0,34.0,34.0,34.0,34.0,34.0,34.0,34.0,34.0,34.0,61.38,39.939,27.57,45.2448,39.58,41.48,42.14,46.72,48.34,105.02,107.66,76.46000000000001,86.41,92.86,94.72,65.84,63.120000000000005,22.4,22.2,20.94,0.17,34.4,34.0,34.0,36.27760000000001,34.0,34.0,34.0,34.0,34.0,34.0,34.0,34.0,34.0,34.0,34.0,34.0,34.0,44.760000000000005,40.585,20.6,0.0,2.12,38.42,38.02,46.06,47.38000000000001,103.66,117.54,47.91,53.75,92.3,91.76,64.47999999999999,63.1,,-0.0899999999999975,-0.0899999999999998,0.0,-0.0899999999999998,-0.0899999999999998,-0.0899999999999998,-0.0899999999999998,-0.0899999999999998,-0.0899999999999963,-0.0899999999999998,-0.0899999999999998,-0.0899999999999998,-0.0899999999999998,-0.0899999999999998,-0.0899999999999998,-0.0899999999999998,-16.61999999999999,0.645999999999996,-6.969999999999995,-45.2448,-37.46,-3.0600000000000023,-4.119999999999997,-0.6599999999999966,-0.9599999999999866,-1.3599999999999994,9.87999999999998,-28.55,-32.660000000000004,-0.5600000000000023,-2.9599999999999937,-1.3600000000000136,-0.0200000000000031,0.85,0.21,3.7,1.87,3.51,1.73,1.67,1.19,1.27,0.21,0.05,0.52,0.46,0.25,0.29,0.69,0.74
14,Heating,"Radiant, Conductive",Heating pad,"76, 40, 2",Koreal,,,https://amzn.asia/d/aTK7cbn,Market-ready,ID14_heating_pad_front.png,,Level1,38.0,2024.0,Back,,,,120.0,The University of Sydney,Australia,Office,Sitting,PT Manikins,Thermal,Female,22.0,TskControl34,22.5,22.3,18.67,0.12,34.0,34.0,34.0,34.0,34.0,34.0,34.0,34.0,34.0,34.0,34.0,34.0,34.0,34.0,34.0,34.0,34.0,61.38,39.939,27.57,45.2448,39.58,41.48,42.14,46.72,48.34,105.02,107.66,76.46000000000001,86.41,92.86,94.72,65.84,63.120000000000005,22.3,22.5,20.72,0.17,34.1,34.0,34.0,34.38720000000001,34.0,34.0,34.0,34.0,34.0,34.0,34.0,34.0,34.0,34.0,34.0,34.0,34.0,49.54,41.29,24.79,5.8408000000000015,29.12,40.56,40.34,47.04,48.17999999999999,104.01999999999998,114.92,57.040000000000006,62.66000000000001,93.96,92.76000000000002,64.58,63.92,,-0.009999999999998,-0.009999999999998,-0.0055999999999988,-0.009999999999998,-0.009999999999998,-0.009999999999998,-0.009999999999998,-0.009999999999998,-0.009999999999998,-0.009999999999998,-0.009999999999998,-0.009999999999998,-0.009999999999998,-0.009999999999998,-0.009999999999998,-0.009999999999998,-11.839999999999996,1.3510000000000004,-2.7799999999999976,-39.404,-10.46,-0.9200000000000088,-1.8000000000000045,0.3200000000000003,-0.1600000000000037,-1.0000000000000284,7.259999999999991,-19.42,-23.749999999999996,1.1000000000000083,-1.9599999999999795,-1.2600000000000051,0.7999999999999972,0.85,0.21,3.7,1.87,3.51,1.73,1.67,1.19,1.27,0.21,0.05,0.52,0.46,0.25,0.29,0.69,0.74
15,Heating,Radiant,Foot warmer,"135D, 58W, 2.8H",ESSUNTIAL,,WBX01,https://a.co/d/bhC80Ye,Market-ready,ID15_foot_warmer_front.png,,Level4,47.0,2024.0,Feet,,,,,The University of Sydney,Australia,Office,Sitting,PT Manikins,Thermal,Female,22.0,TskControl34,22.2,22.4,53.45,0.09,34.0,34.0,34.0,34.0,34.0,34.0,34.0,34.0,34.0,34.0,34.0,34.0,34.0,34.0,34.0,34.0,34.0,66.34,41.781,33.19,52.765600000000006,53.36,45.21999999999999,45.82000000000001,51.94000000000001,50.44,105.71999999999998,109.5,82.86,93.4,94.92,95.32,72.11999999999999,63.96,22.3,22.5,55.62,0.11,34.0,34.0,34.0,34.0,34.0,34.0,34.0,34.0,34.0,34.0,34.0,34.0,34.0,34.0,34.0,34.0,34.0,53.94000000000001,39.602,22.86,36.77760000000001,27.96,39.22,40.08,49.6,47.14,97.0,106.5,66.92000000000002,75.56,76.34,81.44,54.78,53.540000000000006,,0.0999999999999955,0.0999999999999978,0.0999999999999978,0.1000000000000014,0.0999999999999978,0.0999999999999978,0.0999999999999978,0.0999999999999978,0.0999999999999978,0.0999999999999978,0.0999999999999978,0.0999999999999978,0.0999999999999978,0.0999999999999978,0.0999999999999978,0.0999999999999978,-12.399999999999991,-2.1790000000000047,-10.329999999999998,-15.988,-25.4,-5.999999999999993,-5.740000000000009,-2.3400000000000105,-3.299999999999997,-8.719999999999985,-3.0,-15.93999999999999,-17.84,-18.579999999999984,-13.88000000000001,-17.339999999999996,-10.419999999999996,0.85,0.21,3.7,1.87,3.51,1.73,1.67,1.19,1.27,0.21,0.05,0.52,0.46,0.25,0.29,0.69,0.74
15,Heating,Radiant,Foot warmer,"135D, 58W, 2.8H",ESSUNTIAL,,WBX01,https://a.co/d/bhC80Ye,Market-ready,ID15_foot_warmer_front.png,,Level1,47.0,2024.0,Feet,,,,,The University of Sydney,Australia,Office,Sitting,PT Manikins,Thermal,Female,22.0,TskControl34,25.1,25.1,69.38,0.17,34.0,34.0,34.0,34.0,34.0,34.0,34.0,34.0,34.0,34.0,34.0,34.0,34.0,34.0,34.0,34.0,34.0,55.61999999999999,29.132,30.59,46.827200000000005,33.58,49.7,55.02,63.120000000000005,75.99999999999999,94.08,82.03999999999999,67.48,70.57,70.03999999999999,71.96,49.68,48.56,24.9,25.0,68.05,0.07,34.0,34.0,34.0,34.0,34.0,34.0,34.0,34.0,34.0,34.0,34.0,34.0,34.0,34.0,34.0,34.0,34.0,57.34,30.466,31.21,48.4376,35.32,52.02,55.9,69.7,77.34,106.86,91.24,67.96,72.25999999999999,71.84,71.0,49.92,47.7,,-0.1500000000000021,-0.1500000000000021,-0.1500000000000021,-0.1500000000000021,-0.1500000000000021,-0.1500000000000021,-0.1500000000000021,-0.1500000000000021,-0.1500000000000021,-0.1500000000000021,-0.1500000000000021,-0.1500000000000021,-0.1500000000000021,-0.1500000000000021,-0.1500000000000021,-0.1500000000000021,1.720000000000006,1.3340000000000003,0.620000000000001,1.6103999999999934,1.740000000000002,2.3200000000000003,0.8799999999999955,6.579999999999998,1.3400000000000176,12.779999999999989,9.200000000000015,0.4799999999999933,1.6899999999999975,1.8000000000000114,-0.9599999999999936,0.240000000000002,-0.8599999999999994,0.85,0.21,3.7,1.87,3.51,1.73,1.67,1.19,1.27,0.21,0.05,0.52,0.46,0.25,0.29,0.69,0.74
15,Heating,Radiant,Foot warmer,"135D, 58W, 2.8H",ESSUNTIAL,,WBX01,https://a.co/d/bhC80Ye,Market-ready,ID15_foot_warmer_front.png,,Level1,47.0,2024.0,Feet,,,,,The University of Sydney,Australia,Office,Sitting,PT Manikins,Thermal,Female,22.0,TskControl34,22.2,22.4,53.45,0.09,34.0,34.0,34.0,34.0,34.0,34.0,34.0,34.0,34.0,34.0,34.0,34.0,34.0,34.0,34.0,34.0,34.0,66.34,41.781,33.19,52.765600000000006,53.36,45.21999999999999,45.82000000000001,51.94000000000001,50.44,105.71999999999998,109.5,82.86,93.4,94.92,95.32,72.11999999999999,63.96,22.2,22.5,58.2,0.08,34.0,34.0,34.0,34.0,34.0,34.0,34.0,34.0,34.0,34.0,34.0,34.0,34.0,34.0,34.0,34.0,34.0,57.3,39.275,24.43,39.788,33.64,40.88000000000001,41.48,50.1,48.36,99.1,106.56000000000002,71.89,80.17999999999999,85.2,86.58000000000001,61.19999999999999,57.88000000000001,,0.0599999999999964,0.0599999999999987,0.0599999999999987,0.0600000000000022,0.0599999999999987,0.0599999999999987,0.0599999999999987,0.0599999999999987,0.0599999999999987,0.0599999999999987,0.0599999999999987,0.0599999999999987,0.0599999999999987,0.0599999999999987,0.0599999999999987,0.0599999999999987,-9.040000000000006,-2.506000000000001,-8.759999999999998,-12.9776,-19.72,-4.339999999999982,-4.340000000000003,-1.8400000000000103,-2.0799999999999983,-6.619999999999976,-2.9399999999999835,-10.970000000000002,-13.220000000000011,-9.719999999999985,-8.739999999999995,-10.920000000000002,-6.079999999999991,0.85,0.21,3.7,1.87,3.51,1.73,1.67,1.19,1.27,0.21,0.05,0.52,0.46,0.25,0.29,0.69,0.74
15,Heating,Radiant,Foot warmer,"135D, 58W, 2.8H",ESSUNTIAL,,WBX01,https://a.co/d/bhC80Ye,Market-ready,ID15_foot_warmer_front.png,,Level8,47.0,2024.0,Feet,,,,,The University of Sydney,Australia,Office,Sitting,PT Manikins,Thermal,Female,22.0,TskControl34,22.2,22.4,53.45,0.09,34.0,34.0,34.0,34.0,34.0,34.0,34.0,34.0,34.0,34.0,34.0,34.0,34.0,34.0,34.0,34.0,34.0,66.34,41.781,33.19,52.765600000000006,53.36,45.21999999999999,45.82000000000001,51.94000000000001,50.44,105.71999999999998,109.5,82.86,93.4,94.92,95.32,72.11999999999999,63.96,22.4,22.4,59.78,0.11,34.0,34.0,34.0,34.0,34.0,34.0,34.0,34.0,34.0,34.0,34.0,34.0,34.0,34.0,34.0,34.0,34.0,47.760000000000005,38.59,19.85,34.0752,21.46,36.32,37.48,47.18,44.18,92.16,102.32,61.54,68.63999999999999,62.66,57.52,44.7,40.28,,0.0999999999999955,0.0999999999999978,0.0999999999999978,0.1000000000000014,0.0999999999999978,0.0999999999999978,0.0999999999999978,0.0999999999999978,0.0999999999999978,0.0999999999999978,0.0999999999999978,0.0999999999999978,0.0999999999999978,0.0999999999999978,0.0999999999999978,0.0999999999999978,-18.58,-3.1910000000000025,-13.339999999999996,-18.6904,-31.9,-8.899999999999991,-8.34000000000001,-4.760000000000012,-6.259999999999998,-13.559999999999988,-7.180000000000007,-21.32,-24.76000000000001,-32.259999999999984,-37.8,-27.419999999999987,-23.680000000000007,0.85,0.21,3.7,1.87,3.51,1.73,1.67,1.19,1.27,0.21,0.05,0.52,0.46,0.25,0.29,0.69,0.74
15,Heating,Radiant,Foot warmer,"135D, 58W, 2.8H",ESSUNTIAL,,WBX01,https://a.co/d/bhC80Ye,Market-ready,ID15_foot_warmer_front.png,,Level4,47.0,2024.0,Feet,90.0,100.0,,,The University of Sydney,Australia,Office,Sitting,PT Manikins,Thermal,Female,22.0,TskControl34,25.1,25.1,48.87,0.18,34.0,34.0,34.0,34.0,34.0,34.0,34.0,34.0,34.0,34.0,34.0,34.0,34.0,34.0,34.0,34.0,34.0,43.540000000000006,30.879,17.37,27.4464,21.64,29.380000000000003,31.76,37.7,36.66,69.12,81.3,52.97,64.09,69.16000000000001,70.62,47.46,45.76,25.2,25.0,47.96,0.16,34.0,34.0,34.0,34.0,34.0,34.0,34.0,34.0,34.0,34.0,34.0,34.0,34.0,34.0,34.0,34.0,34.0,41.3,31.214,15.94,26.2384,18.14,28.42,30.660000000000004,37.44,36.98,67.8,83.7,49.73,62.18000000000001,61.5,63.61999999999999,43.16,41.62,,0.009999999999998,0.009999999999998,0.009999999999998,0.009999999999998,0.009999999999998,0.009999999999998,0.009999999999998,0.009999999999998,0.009999999999998,0.009999999999998,0.009999999999998,0.009999999999998,0.009999999999998,0.009999999999998,0.009999999999998,0.009999999999998,-2.240000000000009,0.3349999999999993,-1.4299999999999988,-1.208000000000002,-3.5,-0.9600000000000044,-1.099999999999998,-0.2600000000000051,0.3200000000000074,-1.3200000000000074,2.4000000000000057,-3.2399999999999984,-1.9099999999999968,-7.660000000000011,-7.000000000000014,-4.299999999999997,-4.140000000000001,0.85,0.21,3.7,1.87,3.51,1.73,1.67,1.19,1.27,0.21,0.05,0.52,0.46,0.25,0.29,0.69,0.74
15,Heating,Radiant,Foot warmer,"135D, 58W, 2.8H",ESSUNTIAL,,WBX01,https://a.co/d/bhC80Ye,Market-ready,ID15_foot_warmer_front.png,,Level1,47.0,2024.0,Feet,90.0,100.0,,,The University of Sydney,Australia,Office,Sitting,PT Manikins,Thermal,Female,22.0,TskControl34,25.1,25.1,48.87,0.18,34.0,34.0,34.0,34.0,34.0,34.0,34.0,34.0,34.0,34.0,34.0,34.0,34.0,34.0,34.0,34.0,34.0,43.540000000000006,30.879,17.37,27.4464,21.64,29.380000000000003,31.76,37.7,36.66,69.12,81.3,52.97,64.09,69.16000000000001,70.62,47.46,45.76,25.1,25.1,47.93,0.13,34.0,34.0,34.0,34.0,34.0,34.0,34.0,34.0,34.0,34.0,34.0,34.0,34.0,34.0,34.0,34.0,34.0,42.260000000000005,30.952,16.55,26.7736,19.660000000000004,28.28,31.12,37.14,34.92,70.46,82.26,50.79,62.66999999999999,65.6,67.0,45.8,44.56,,0.0,0.0,0.0,0.0,0.0,0.0,0.0,0.0,0.0,0.0,0.0,0.0,0.0,0.0,0.0,0.0,-1.2800000000000011,0.0729999999999967,-0.8200000000000003,-0.6727999999999983,-1.979999999999993,-1.1000000000000014,-0.6400000000000041,-0.5600000000000023,-1.7399999999999949,1.3399999999999892,0.960000000000008,-2.18,-1.4200000000000124,-3.5600000000000165,-3.620000000000005,-1.6600000000000037,-1.2000000000000028,0.85,0.21,3.7,1.87,3.51,1.73,1.67,1.19,1.27,0.21,0.05,0.52,0.46,0.25,0.29,0.69,0.74
15,Heating,Radiant,Foot warmer,"135D, 58W, 2.8H",ESSUNTIAL,,WBX01,https://a.co/d/bhC80Ye,Market-ready,ID15_foot_warmer_front.png,,Level8,47.0,2024.0,Feet,90.0,100.0,,,The University of Sydney,Australia,Office,Sitting,PT Manikins,Thermal,Female,22.0,TskControl34,25.1,25.1,48.87,0.18,34.0,34.0,34.0,34.0,34.0,34.0,34.0,34.0,34.0,34.0,34.0,34.0,34.0,34.0,34.0,34.0,34.0,43.540000000000006,30.879,17.37,27.4464,21.64,29.380000000000003,31.76,37.7,36.66,69.12,81.3,52.97,64.09,69.16000000000001,70.62,47.46,45.76,25.3,25.0,46.44,0.05,34.0,34.0,34.0,34.0,34.0,34.0,34.0,34.0,34.0,34.0,34.0,34.0,34.0,34.0,34.0,34.0,34.0,38.86,29.82,14.93,24.64,16.139999999999997,27.56,29.540000000000003,36.84,36.28,68.02000000000001,81.32000000000001,49.14,61.38,52.760000000000005,55.0,34.62,35.2,,0.0199999999999995,0.0199999999999995,0.0199999999999995,0.0199999999999995,0.0199999999999995,0.0199999999999995,0.0200000000000031,0.0199999999999995,0.0199999999999995,0.0199999999999995,0.0199999999999995,0.0199999999999995,0.0199999999999995,0.0199999999999995,0.0199999999999995,0.0199999999999995,-4.680000000000007,-1.0589999999999995,-2.4400000000000013,-2.806400000000001,-5.5,-1.8200000000000005,-2.219999999999999,-0.8600000000000065,-0.3800000000000025,-1.0999999999999943,0.0200000000000102,-3.8299999999999983,-2.710000000000001,-16.400000000000006,-15.620000000000005,-12.840000000000003,-10.559999999999995,0.85,0.21,3.7,1.87,3.51,1.73,1.67,1.19,1.27,0.21,0.05,0.52,0.46,0.25,0.29,0.69,0.74
15,Heating,Radiant,Foot warmer,"135D, 58W, 2.8H",ESSUNTIAL,,WBX01,https://a.co/d/bhC80Ye,Market-ready,ID15_foot_warmer_front.png,,Level5,47.0,2024.0,Feet,90.0,100.0,,,The University of Sydney,Australia,Office,Sitting,PT Manikins,Thermal,Female,22.0,TskControl34,25.1,25.1,48.87,0.18,34.0,34.0,34.0,34.0,34.0,34.0,34.0,34.0,34.0,34.0,34.0,34.0,34.0,34.0,34.0,34.0,34.0,43.540000000000006,30.879,17.37,27.4464,21.64,29.380000000000003,31.76,37.7,36.66,69.12,81.3,52.97,64.09,69.16000000000001,70.62,47.46,45.76,25.3,24.9,47.36,0.19,34.0,34.0,34.0,34.0,34.0,34.0,34.0,34.0,34.0,34.0,34.0,34.0,34.0,34.0,34.0,34.0,34.0,40.7,29.797,15.410000000000002,25.4632,16.9,27.68,29.880000000000003,37.06,36.54,68.6,83.7,51.14,63.24000000000001,59.06,61.0,40.48,38.98,,0.0299999999999975,0.0299999999999975,0.0299999999999975,0.0299999999999975,0.0299999999999975,0.0299999999999975,0.0299999999999975,0.0299999999999975,0.0299999999999975,0.0299999999999975,0.0299999999999975,0.0299999999999975,0.0299999999999975,0.0299999999999975,0.0299999999999975,0.0299999999999975,-2.8400000000000034,-1.0820000000000023,-1.959999999999999,-1.9832000000000007,-4.739999999999998,-1.7000000000000028,-1.879999999999999,-0.6400000000000077,-0.1199999999999974,-0.5200000000000102,2.4000000000000057,-1.8299999999999947,-0.8499999999999979,-10.100000000000009,-9.620000000000005,-6.980000000000004,-6.780000000000001,0.85,0.21,3.7,1.87,3.51,1.73,1.67,1.19,1.27,0.21,0.05,0.52,0.46,0.25,0.29,0.69,0.74
15,Heating,Radiant,Foot warmer,"135D, 58W, 2.8H",ESSUNTIAL,,WBX01,https://a.co/d/bhC80Ye,Market-ready,ID15_foot_warmer_front.png,,Level5,47.0,2024.0,Feet,,,,,The University of Sydney,Australia,Office,Sitting,PT Manikins,Thermal,Female,22.0,TskControl34,22.2,22.4,53.45,0.09,34.0,34.0,34.0,34.0,34.0,34.0,34.0,34.0,34.0,34.0,34.0,34.0,34.0,34.0,34.0,34.0,34.0,66.34,41.781,33.19,52.765600000000006,53.36,45.21999999999999,45.82000000000001,51.94000000000001,50.44,105.71999999999998,109.5,82.86,93.4,94.92,95.32,72.11999999999999,63.96,22.2,22.4,58.2,0.16,34.0,34.0,34.0,34.0,34.0,34.0,34.0,34.0,34.0,34.0,34.0,34.0,34.0,34.0,34.0,34.0,34.0,52.120000000000005,39.262,21.66,35.0912,24.86,38.92,38.42,48.84,45.38,96.93999999999998,105.94,63.83,73.47,73.35999999999999,78.14000000000001,52.52,51.54,,-0.0100000000000038,-0.0100000000000015,-0.0100000000000015,-0.009999999999998,-0.0100000000000015,-0.0100000000000015,-0.0100000000000015,-0.0100000000000015,-0.0100000000000015,-0.0100000000000015,-0.0100000000000015,-0.0100000000000015,-0.0100000000000015,-0.0100000000000015,-0.0100000000000015,-0.0100000000000015,-14.22,-2.519000000000006,-11.529999999999998,-17.6744,-28.5,-6.29999999999999,-7.400000000000006,-3.100000000000016,-5.059999999999995,-8.780000000000001,-3.559999999999988,-19.03,-19.930000000000007,-21.56,-17.179999999999993,-19.599999999999994,-12.420000000000002,0.85,0.21,3.7,1.87,3.51,1.73,1.67,1.19,1.27,0.21,0.05,0.52,0.46,0.25,0.29,0.69,0.74
16,Heating,Radiant,Radiant heater,"35D, 18W, 35H",Goldair,,GSIR220,https://amzn.asia/d/93reZKG,Market-ready,ID16_halogen_heater_angled.png,,Low,36.0,2024.0,Feet,,,,800.0,The University of Sydney,Australia,Office,Sitting,PT Manikins,Thermal,Female,22.0,TskControl34,25.1,25.1,69.38,0.17,34.0,34.0,34.0,34.0,34.0,34.0,34.0,34.0,34.0,34.0,34.0,34.0,34.0,34.0,34.0,34.0,34.0,55.61999999999999,29.132,30.59,46.827200000000005,33.58,49.7,55.02,63.120000000000005,75.99999999999999,94.08,82.03999999999999,67.48,70.57,70.03999999999999,71.96,49.68,48.56,25.0,25.2,67.23,0.08,34.0,34.0,34.0,34.0,34.0,34.0,34.0,34.0,34.0,34.0,34.0,34.0,34.0,34.0,34.0,34.0,34.0,47.260000000000005,29.619,29.23,46.524800000000006,29.04,50.78,52.21999999999999,67.53999999999999,72.84,103.58,84.82000000000001,59.6,60.34000000000001,33.8,32.0,26.24,23.56,,0.009999999999998,0.009999999999998,0.009999999999998,0.009999999999998,0.009999999999998,0.009999999999998,0.009999999999998,0.009999999999998,0.009999999999998,0.009999999999998,0.009999999999998,0.009999999999998,0.009999999999998,0.009999999999998,0.009999999999998,0.009999999999998,-8.359999999999985,0.4870000000000006,-1.3599999999999994,-0.3023999999999989,-4.539999999999999,1.0799999999999983,-2.800000000000012,4.419999999999988,-3.1599999999999824,9.5,2.780000000000016,-7.880000000000003,-10.22999999999999,-36.24,-39.96,-23.44,-25.000000000000004,0.85,0.21,3.7,1.87,3.51,1.73,1.67,1.19,1.27,0.21,0.05,0.52,0.46,0.25,0.29,0.69,0.74
16,Heating,Radiant,Radiant heater,"35D, 18W, 35H",Goldair,,GSIR220,https://amzn.asia/d/93reZKG,Market-ready,ID16_halogen_heater_angled.png,,Low,36.0,2024.0,Feet,90.0,100.0,,800.0,The University of Sydney,Australia,Office,Sitting,PT Manikins,Thermal,Female,22.0,TskControl34,25.1,25.1,48.87,0.18,34.0,34.0,34.0,34.0,34.0,34.0,34.0,34.0,34.0,34.0,34.0,34.0,34.0,34.0,34.0,34.0,34.0,43.540000000000006,30.879,17.37,27.4464,21.64,29.380000000000003,31.76,37.7,36.66,69.12,81.3,52.97,64.09,69.16000000000001,70.62,47.46,45.76,25.4,25.1,46.17,0.07,34.0,34.0,34.0,34.0,34.0,34.0,34.0,34.0,34.0,34.0,34.0,34.01,34.0,34.0,34.0,34.0,34.0,34.760000000000005,29.831000000000003,14.5,23.8152,13.24,27.24,29.52,36.720000000000006,34.36,73.00000000000001,78.88,43.1,57.74000000000001,36.2,37.34,26.62,25.4,,0.139999999999997,0.139999999999997,0.139999999999997,0.139999999999997,0.139999999999997,0.139999999999997,0.139999999999997,0.139999999999997,0.139999999999997,0.139999999999997,0.139999999999997,0.139999999999997,0.139999999999997,0.139999999999997,0.139999999999997,0.139999999999997,-8.780000000000001,-1.0479999999999987,-2.870000000000001,-3.6312000000000006,-8.399999999999997,-2.140000000000001,-2.240000000000002,-0.9799999999999968,-2.299999999999997,3.8800000000000097,-2.4200000000000017,-9.87,-6.349999999999998,-32.96000000000001,-33.28,-20.840000000000003,-20.36,0.85,0.21,3.7,1.87,3.51,1.73,1.67,1.19,1.27,0.21,0.05,0.52,0.46,0.25,0.29,0.69,0.74
16,Heating,Radiant,Radiant heater,"35D, 18W, 35H",Goldair,,GSIR220,https://amzn.asia/d/93reZKG,Market-ready,ID16_halogen_heater_angled.png,,High,36.0,2024.0,Feet,,,,800.0,The University of Sydney,Australia,Office,Sitting,PT Manikins,Thermal,Female,22.0,TskControl34,25.1,25.1,69.38,0.17,34.0,34.0,34.0,34.0,34.0,34.0,34.0,34.0,34.0,34.0,34.0,34.0,34.0,34.0,34.0,34.0,34.0,55.61999999999999,29.132,30.59,46.827200000000005,33.58,49.7,55.02,63.120000000000005,75.99999999999999,94.08,82.03999999999999,67.48,70.57,70.03999999999999,71.96,49.68,48.56,25.3,25.3,65.63,0.1,34.1,34.0,34.0,34.0,34.0,34.0,34.0,34.0,34.0,34.0,34.0,34.0,34.0,34.42,34.7,34.0,34.0,38.56,28.887,27.44,43.549600000000005,25.06,47.82,48.84,62.3,72.3,91.48,84.93999999999998,51.47,51.76,0.0,0.0,9.96,7.0,,0.1999999999999993,0.1999999999999993,0.1999999999999993,0.1999999999999993,0.1999999999999993,0.1999999999999993,0.1999999999999993,0.1999999999999993,0.1999999999999993,0.1999999999999993,0.1999999999999993,0.1999999999999993,,,0.1999999999999993,0.1999999999999993,-17.059999999999988,-0.2449999999999988,-3.1500000000000004,-3.277600000000003,-8.519999999999996,-1.8800000000000023,-6.180000000000007,-0.8200000000000074,-3.6999999999999886,-2.5999999999999943,2.8999999999999915,-16.010000000000005,-18.81,-70.03999999999999,-71.96,-39.72,-41.56,0.85,0.21,3.7,1.87,3.51,1.73,1.67,1.19,1.27,0.21,0.05,0.52,0.46,0.25,0.29,0.69,0.74
16,Heating,Radiant,Radiant heater,"35D, 18W, 35H",Goldair,,GSIR220,https://amzn.asia/d/93reZKG,Market-ready,ID16_halogen_heater_angled.png,,High,36.0,2024.0,Feet,90.0,100.0,,800.0,The University of Sydney,Australia,Office,Sitting,PT Manikins,Thermal,Female,22.0,TskControl34,22.2,22.4,53.45,0.09,34.0,34.0,34.0,34.0,34.0,34.0,34.0,34.0,34.0,34.0,34.0,34.0,34.0,34.0,34.0,34.0,34.0,66.34,41.781,33.19,52.765600000000006,53.36,45.21999999999999,45.82000000000001,51.94000000000001,50.44,105.71999999999998,109.5,82.86,93.4,94.92,95.32,72.11999999999999,63.96,22.7,22.7,61.02,0.05,34.0,34.013,34.0,34.0,34.0,34.0,34.0,34.0,34.0,34.0,34.0,34.0,34.0,34.0,34.0,34.0,34.0,39.12,37.731,18.24,31.888,12.32,33.220000000000006,38.0,45.4,44.82,93.06000000000002,109.94,55.7,65.47999999999999,12.6,18.12,21.540000000000003,24.7,,0.3999999999999962,0.3999999999999986,0.3999999999999986,0.4000000000000021,0.3999999999999986,0.3999999999999986,0.3999999999999986,0.3999999999999986,0.399999999999995,0.3999999999999986,0.3999999999999986,0.3999999999999986,0.3999999999999986,0.3999999999999986,0.3999999999999986,0.399999999999995,-27.22000000000001,-4.050000000000003,-14.949999999999998,-20.8776,-41.04,-11.999999999999986,-7.820000000000007,-6.540000000000013,-5.619999999999997,-12.659999999999968,0.4400000000000119,-27.16,-27.92000000000001,-82.32,-77.20000000000002,-50.579999999999984,-39.260000000000005,0.85,0.21,3.7,1.87,3.51,1.73,1.67,1.19,1.27,0.21,0.05,0.52,0.46,0.25,0.29,0.69,0.74
16,Heating,Radiant,Radiant heater,"35D, 18W, 35H",Goldair,,GSIR220,https://amzn.asia/d/93reZKG,Market-ready,ID16_halogen_heater_angled.png,,Low,36.0,2024.0,Feet,90.0,100.0,,800.0,The University of Sydney,Australia,Office,Sitting,PT Manikins,Thermal,Female,22.0,TskControl34,22.2,22.4,53.45,0.09,34.0,34.0,34.0,34.0,34.0,34.0,34.0,34.0,34.0,34.0,34.0,34.0,34.0,34.0,34.0,34.0,34.0,66.34,41.781,33.19,52.765600000000006,53.36,45.21999999999999,45.82000000000001,51.94000000000001,50.44,105.71999999999998,109.5,82.86,93.4,94.92,95.32,72.11999999999999,63.96,22.4,22.6,61.34,0.13,34.0,34.0,34.0,34.0,34.0,34.0,34.0,34.0,34.0,34.0,34.0,34.0,34.0,34.0,34.0,34.0,34.0,47.120000000000005,38.597,19.25,32.509600000000006,16.06,36.440000000000005,37.040000000000006,48.28,45.08,93.78,102.8,64.03999999999999,72.13000000000001,52.1,56.5,38.52,39.4,,0.1899999999999931,0.1899999999999977,0.1899999999999977,0.1900000000000012,0.1899999999999977,0.1899999999999977,0.1899999999999977,0.1899999999999977,0.1899999999999977,0.1899999999999977,0.1899999999999977,0.1899999999999995,0.1899999999999977,0.1899999999999977,0.1899999999999977,0.1899999999999977,-19.22,-3.184000000000004,-13.939999999999998,-20.256,-37.3,-8.779999999999987,-8.780000000000001,-3.660000000000018,-5.359999999999999,-11.939999999999984,-6.700000000000003,-18.820000000000004,-21.27,-42.81999999999999,-38.82000000000001,-33.599999999999994,-24.56,0.85,0.21,3.7,1.87,3.51,1.73,1.67,1.19,1.27,0.21,0.05,0.52,0.46,0.25,0.29,0.69,0.74
16,Heating,Radiant,Radiant heater,"35D, 18W, 35H",Goldair,,GSIR220,https://amzn.asia/d/93reZKG,Market-ready,ID16_halogen_heater_angled.png,,High,36.0,2024.0,Feet,90.0,100.0,,800.0,The University of Sydney,Australia,Office,Sitting,PT Manikins,Thermal,Female,22.0,TskControl34,25.1,25.1,48.87,0.18,34.0,34.0,34.0,34.0,34.0,34.0,34.0,34.0,34.0,34.0,34.0,34.0,34.0,34.0,34.0,34.0,34.0,43.540000000000006,30.879,17.37,27.4464,21.64,29.380000000000003,31.76,37.7,36.66,69.12,81.3,52.97,64.09,69.16000000000001,70.62,47.46,45.76,25.5,25.2,45.0,0.0,34.0,34.0,34.0,34.0,34.0,34.0,34.0,34.0,34.0,34.0,34.0,34.0,34.0,34.160000000000004,34.120000000000005,34.0,34.0,27.660000000000004,29.028,13.990000000000002,23.2008,10.68,26.42,27.46,35.82000000000001,34.120000000000005,69.32000000000001,82.1,39.85,50.86,0.0,0.0,12.94,12.04,,0.0999999999999978,0.0999999999999978,0.0999999999999978,0.0999999999999978,0.0999999999999978,0.0999999999999978,0.0999999999999978,0.0999999999999978,0.0999999999999978,0.0999999999999978,0.0999999999999978,0.0999999999999978,,,0.0999999999999978,0.0999999999999978,-15.880000000000004,-1.851,-3.38,-4.2456000000000005,-10.959999999999996,-2.9600000000000044,-4.300000000000001,-1.8799999999999957,-2.539999999999992,0.2000000000000028,0.7999999999999972,-13.12,-13.23,-69.16000000000001,-70.62,-34.52,-33.72,0.85,0.21,3.7,1.87,3.51,1.73,1.67,1.19,1.27,0.21,0.05,0.52,0.46,0.25,0.29,0.69,0.74
17,Heating,"Radiant, Conductive",Foot warmer,"35.6, 30.5, 7.6",lomitech,,,https://amzn.asia/d/7ZZV0vL,Market-ready,ID17_foot_warmer_angled.png,,Mid,33.0,2024.0,Feet,,,,24.0,The University of Sydney,Australia,Office,Sitting,PT Manikins,Thermal,Female,22.0,TskControl34,22.0,22.0,18.61,0.06,34.0,34.0,34.0,34.0,34.0,34.0,34.0,34.0,34.0,34.0,34.0,34.0,34.0,34.0,34.0,34.0,34.0,49.12,36.351,19.05,32.69200000000001,21.34,34.02,35.68000000000001,46.56,44.56,85.52000000000001,95.74,64.42,72.15,78.25999999999999,77.08,35.42,31.28,22.0,21.8,19.74,0.1,34.279999999999994,34.0,34.0,34.0,34.0,34.0,34.0,34.0,34.0,34.0,34.0,34.0,34.0,34.0,34.0,38.1,39.3,52.42,40.472,20.31,33.6632,19.9,37.9,39.32,50.4,48.61999999999999,96.54,120.14,73.30000000000001,79.37,89.2,89.19999999999999,0.0,0.0,,-0.1000000000000014,-0.1000000000000014,-0.1000000000000014,-0.1000000000000014,-0.1000000000000014,-0.1000000000000014,-0.1000000000000014,-0.1000000000000014,-0.1000000000000014,-0.1000000000000014,-0.1000000000000014,-0.1000000000000014,-0.1000000000000014,-0.1000000000000014,,,3.3000000000000043,4.120999999999999,1.2600000000000016,0.9712000000000014,-1.4400000000000013,3.879999999999996,3.6399999999999935,3.839999999999996,4.059999999999995,11.019999999999982,24.40000000000002,8.880000000000003,7.219999999999999,10.940000000000012,12.11999999999999,-35.42,-31.28,0.85,0.21,3.7,1.87,3.51,1.73,1.67,1.19,1.27,0.21,0.05,0.52,0.46,0.25,0.29,0.69,0.74
17,Heating,"Radiant, Conductive",Foot warmer,"35.6, 30.5, 7.6",lomitech,,,https://amzn.asia/d/7ZZV0vL,Market-ready,ID17_foot_warmer_angled.png,,Level4,33.0,2024.0,Feet,,,,24.0,The University of Sydney,Australia,Office,Sitting,PT Manikins,Thermal,Female,22.0,TskControl34,22.1,21.9,19.13,0.11,34.0,34.0,34.0,34.0,34.0,34.0,34.0,34.0,34.0,34.0,34.0,34.0,34.0,34.0,34.0,34.0,34.0,55.71999999999999,40.17,20.9,34.497600000000006,21.64,38.8,39.3,50.75999999999999,48.00000000000001,101.14,125.96,73.67,81.31,91.36,91.6,39.120000000000005,33.86,21.9,22.1,22.5,0.16,34.0,34.0,34.0,34.0,34.0,34.0,34.0,34.0,34.0,34.0,34.0,34.0,34.0,34.0,34.0,34.0,34.0,52.68000000000001,39.754000000000005,19.74,33.696,18.660000000000004,38.5,38.760000000000005,50.36,48.64,99.48,125.24,70.57,79.35,86.29999999999998,86.42,11.24,16.2,,-0.0100000000000015,-0.0100000000000015,-0.0100000000000015,-0.0100000000000015,-0.0100000000000015,-0.0100000000000015,-0.009999999999998,-0.0100000000000015,-0.0100000000000015,-0.0100000000000015,-0.0100000000000015,-0.0100000000000015,-0.0100000000000015,-0.0100000000000015,-0.0100000000000015,-0.0100000000000015,-3.039999999999985,-0.4159999999999996,-1.16,-0.8016,-2.979999999999997,-0.2999999999999971,-0.539999999999992,-0.3999999999999915,0.6399999999999935,-1.6600000000000108,-0.7199999999999847,-3.1000000000000014,-1.9600000000000009,-5.060000000000002,-5.179999999999993,-27.880000000000003,-17.66,0.85,0.21,3.7,1.87,3.51,1.73,1.67,1.19,1.27,0.21,0.05,0.52,0.46,0.25,0.29,0.69,0.74
17,Heating,"Radiant, Conductive",Foot warmer,"35.6, 30.5, 7.6",lomitech,,,https://amzn.asia/d/7ZZV0vL,Market-ready,ID17_foot_warmer_angled.png,,High,33.0,2024.0,Feet,,,,24.0,The University of Sydney,Australia,Office,Sitting,PT Manikins,Thermal,Female,22.0,TskControl34,22.1,21.9,19.13,0.11,34.0,34.0,34.0,34.0,34.0,34.0,34.0,34.0,34.0,34.0,34.0,34.0,34.0,34.0,34.0,34.0,34.0,55.71999999999999,40.17,20.9,34.497600000000006,21.64,38.8,39.3,50.75999999999999,48.00000000000001,101.14,125.96,73.67,81.31,91.36,91.6,39.120000000000005,33.86,21.9,22.0,20.88,0.05,34.8,34.0,34.0,34.0,34.0,34.0,34.0,34.0,34.0,34.0,34.0,34.0,34.0,34.0,34.0,45.08,48.0,51.88,40.803,20.75,34.0176,20.360000000000003,37.28,39.98,50.64,49.04,100.74,118.06,72.89,80.53999999999999,82.43999999999998,82.16,0.0,0.0,,-0.0399999999999991,-0.0399999999999991,-0.0399999999999991,-0.0399999999999991,-0.0399999999999991,-0.0399999999999991,-0.0399999999999991,-0.0399999999999991,-0.0399999999999991,-0.0399999999999991,-0.0399999999999991,-0.0399999999999991,-0.0399999999999991,-0.0399999999999991,,,-3.839999999999996,0.6329999999999948,-0.1500000000000003,-0.4800000000000026,-1.2799999999999976,-1.519999999999996,0.6800000000000068,-0.1199999999999903,1.039999999999992,-0.3999999999999915,-7.900000000000006,-0.7800000000000047,-0.7699999999999996,-8.920000000000002,-9.439999999999998,-39.120000000000005,-33.86,0.85,0.21,3.7,1.87,3.51,1.73,1.67,1.19,1.27,0.21,0.05,0.52,0.46,0.25,0.29,0.69,0.74
17,Heating,"Radiant, Conductive",Foot warmer,"35.6, 30.5, 7.6",lomitech,,,https://amzn.asia/d/7ZZV0vL,Market-ready,ID17_foot_warmer_angled.png,,Low,33.0,2024.0,Feet,,,,24.0,The University of Sydney,Australia,Office,Sitting,PT Manikins,Thermal,Female,22.0,TskControl34,22.0,22.0,18.61,0.06,34.0,34.0,34.0,34.0,34.0,34.0,34.0,34.0,34.0,34.0,34.0,34.0,34.0,34.0,34.0,34.0,34.0,49.12,36.351,19.05,32.69200000000001,21.34,34.02,35.68000000000001,46.56,44.56,85.52000000000001,95.74,64.42,72.15,78.25999999999999,77.08,35.42,31.28,22.0,22.0,55.91,0.15,34.3,34.0,34.0,34.0,34.0,34.0,34.0,34.0,34.0,34.0,34.0,34.0,34.0,34.0,34.0,38.12,39.82000000000001,52.9,40.365,20.35,33.8592,20.84,37.44,39.28,50.66,49.58,98.22,124.0,72.89,80.61999999999999,90.58,90.14,0.0,0.0,,0.0,0.0,0.0,0.0,0.0,0.0,0.0,0.0,0.0,0.0,0.0,0.0,0.0,0.0,,,3.780000000000001,4.013999999999997,1.3000000000000025,1.1672000000000011,-0.5,3.4199999999999946,3.599999999999987,4.100000000000001,5.020000000000003,12.699999999999989,28.260000000000005,8.469999999999999,8.469999999999985,12.320000000000022,13.060000000000016,-35.42,-31.28,0.85,0.21,3.7,1.87,3.51,1.73,1.67,1.19,1.27,0.21,0.05,0.52,0.46,0.25,0.29,0.69,0.74
17,Heating,"Radiant, Conductive",Foot warmer,"35.6, 30.5, 7.6",lomitech,,,https://amzn.asia/d/7ZZV0vL,Market-ready,ID17_foot_warmer_angled.png,,Mid,33.0,2024.0,Feet,,,,24.0,The University of Sydney,Australia,Office,Sitting,PT Manikins,Thermal,Female,22.0,TskControl34,22.1,21.9,19.13,0.11,34.0,34.0,34.0,34.0,34.0,34.0,34.0,34.0,34.0,34.0,34.0,34.0,34.0,34.0,34.0,34.0,34.0,55.71999999999999,40.17,20.9,34.497600000000006,21.64,38.8,39.3,50.75999999999999,48.00000000000001,101.14,125.96,73.67,81.31,91.36,91.6,39.120000000000005,33.86,22.0,22.0,18.61,0.17,34.6,34.0,34.0,34.0,34.0,34.0,34.0,34.0,34.0,34.0,34.0,34.0,34.0,34.0,34.0,41.96,46.32000000000001,52.28000000000001,40.602,20.57,33.894400000000005,19.7,37.76,39.76,50.48,48.78,99.7,121.98,72.47,81.1,86.72,84.12,0.0,0.0,,0.0,0.0,0.0,0.0,0.0,0.0,0.0,0.0,0.0,0.0,0.0,0.0,0.0,0.0,,,-3.4399999999999835,0.4320000000000005,-0.33,-0.6031999999999994,-1.9400000000000013,-1.0399999999999991,0.4600000000000008,-0.2799999999999869,0.779999999999994,-1.4399999999999975,-3.980000000000004,-1.2000000000000028,-0.2099999999999973,-4.639999999999986,-7.47999999999999,-39.120000000000005,-33.86,0.85,0.21,3.7,1.87,3.51,1.73,1.67,1.19,1.27,0.21,0.05,0.52,0.46,0.25,0.29,0.69,0.74
17,Heating,"Radiant, Conductive",Foot warmer,"35.6, 30.5, 7.6",lomitech,,,https://amzn.asia/d/7ZZV0vL,Market-ready,ID17_foot_warmer_angled.png,,High,33.0,2024.0,Feet,,,,24.0,The University of Sydney,Australia,Office,Sitting,PT Manikins,Thermal,Female,22.0,TskControl34,25.1,25.0,63.95,0.05,34.0,34.0,34.0,34.0,34.0,34.0,34.0,34.0,34.0,34.0,34.0,34.0,34.0,34.0,34.0,34.0,34.0,50.6,31.384,24.33,36.476,37.48,34.17999999999999,36.42,39.58,39.66,74.58,81.76000000000002,60.81,71.48,72.32,72.14,73.4,70.44000000000001,28.1,28.1,16.07,0.0,34.8,34.0,34.0,34.0,34.0,34.0,34.0,34.0,34.0,34.0,34.0,34.0,34.0,34.0,34.0,47.6,45.28,38.2,30.239,14.45,25.077600000000004,14.8,27.96,30.58,37.88,37.4,68.94,82.5,52.91,64.79999999999998,55.66,59.18000000000001,0.0,0.0,,3.0600000000000023,3.0600000000000023,3.0600000000000023,3.0600000000000023,3.0600000000000023,3.0600000000000023,3.0600000000000023,3.0600000000000023,3.0600000000000023,3.0600000000000023,3.0600000000000023,3.0600000000000023,3.0600000000000023,3.0600000000000023,,,-12.4,-1.145000000000003,-9.88,-11.3984,-22.68,-6.219999999999992,-5.839999999999993,-1.6999999999999955,-2.259999999999998,-5.640000000000001,0.7399999999999807,-7.900000000000006,-6.680000000000014,-16.65999999999999,-12.959999999999994,-73.4,-70.44000000000001,0.85,0.21,3.7,1.87,3.51,1.73,1.67,1.19,1.27,0.21,0.05,0.52,0.46,0.25,0.29,0.69,0.74
17,Heating,"Radiant, Conductive",Foot warmer,"35.6, 30.5, 7.6",lomitech,,,https://amzn.asia/d/7ZZV0vL,Market-ready,ID17_foot_warmer_angled.png,,Low,33.0,2024.0,Feet,,,,24.0,The University of Sydney,Australia,Office,Sitting,PT Manikins,Thermal,Female,22.0,TskControl34,25.1,25.0,63.95,0.05,34.0,34.0,34.0,34.0,34.0,34.0,34.0,34.0,34.0,34.0,34.0,34.0,34.0,34.0,34.0,34.0,34.0,50.6,31.384,24.33,36.476,37.48,34.17999999999999,36.42,39.58,39.66,74.58,81.76000000000002,60.81,71.48,72.32,72.14,73.4,70.44000000000001,25.2,24.9,53.88,0.0,34.6,34.0,34.0,34.0,34.0,34.0,34.0,34.0,34.0,34.0,34.0,34.0,34.0,34.0,34.0,45.18000000000001,43.86,38.940000000000005,30.107,15.920000000000002,25.7528,17.880000000000003,29.18,31.36,37.900000000000006,37.16,70.22,77.46,54.13000000000001,65.2,59.3,59.61999999999999,0.0,0.0,,-0.1400000000000005,-0.1400000000000005,-0.1400000000000005,-0.1400000000000005,-0.1400000000000005,-0.1400000000000005,-0.1400000000000005,-0.1400000000000005,-0.1400000000000005,-0.1400000000000005,-0.1400000000000005,-0.1400000000000005,-0.1400000000000005,-0.1400000000000005,,,-11.659999999999997,-1.277,-8.41,-10.723200000000002,-19.599999999999994,-4.9999999999999964,-5.059999999999999,-1.6799999999999926,-2.5,-4.359999999999999,-4.300000000000026,-6.679999999999989,-6.280000000000005,-13.019999999999996,-12.52000000000001,-73.4,-70.44000000000001,0.85,0.21,3.7,1.87,3.51,1.73,1.67,1.19,1.27,0.21,0.05,0.52,0.46,0.25,0.29,0.69,0.74
17,Heating,"Radiant, Conductive",Foot warmer,"35.6, 30.5, 7.6",lomitech,,,https://amzn.asia/d/7ZZV0vL,Market-ready,ID17_foot_warmer_angled.png,,Level5,33.0,2024.0,Feet,,,,24.0,The University of Sydney,Australia,Office,Sitting,PT Manikins,Thermal,Female,22.0,TskControl34,22.1,21.9,19.13,0.11,34.0,34.0,34.0,34.0,34.0,34.0,34.0,34.0,34.0,34.0,34.0,34.0,34.0,34.0,34.0,34.0,34.0,55.71999999999999,40.17,20.9,34.497600000000006,21.64,38.8,39.3,50.75999999999999,48.00000000000001,101.14,125.96,73.67,81.31,91.36,91.6,39.120000000000005,33.86,21.9,22.1,23.06,0.12,34.1,34.0,34.0,34.0,34.0,34.0,34.0,34.0,34.0,34.0,34.0,34.0,34.0,34.0,34.0,36.92,35.94,51.71999999999999,39.977,19.58,33.44720000000001,20.5,37.940000000000005,39.0,49.66,48.8,99.26,120.22,74.16,78.23,83.86,85.29999999999998,0.0,0.0,,0.0,0.0,0.0,0.0,0.0,0.0,0.0,0.0,0.0,0.0,0.0,0.0,0.0,0.0,,,-4.0,-0.1930000000000011,-1.3200000000000005,-1.0503999999999971,-1.1400000000000006,-0.8599999999999923,-0.2999999999999971,-1.0999999999999943,0.79999999999999,-1.8799999999999957,-5.739999999999995,0.490000000000002,-3.0799999999999947,-7.499999999999986,-6.300000000000011,-39.120000000000005,-33.86,0.85,0.21,3.7,1.87,3.51,1.73,1.67,1.19,1.27,0.21,0.05,0.52,0.46,0.25,0.29,0.69,0.74
17,Heating,"Radiant, Conductive",Foot warmer,"35.6, 30.5, 7.6",lomitech,,,https://amzn.asia/d/7ZZV0vL,Market-ready,ID17_foot_warmer_angled.png,,Level1,33.0,2024.0,Feet,,,,24.0,The University of Sydney,Australia,Office,Sitting,PT Manikins,Thermal,Female,22.0,TskControl34,22.1,21.9,19.13,0.11,34.0,34.0,34.0,34.0,34.0,34.0,34.0,34.0,34.0,34.0,34.0,34.0,34.0,34.0,34.0,34.0,34.0,55.71999999999999,40.17,20.9,34.497600000000006,21.64,38.8,39.3,50.75999999999999,48.00000000000001,101.14,125.96,73.67,81.31,91.36,91.6,39.120000000000005,33.86,21.8,22.1,21.54,0.12,34.0,34.0,34.0,34.0,34.0,34.0,34.0,34.0,34.0,34.0,34.0,34.0,34.0,34.0,34.0,34.0,34.0,57.24000000000001,40.641000000000005,19.68,33.500800000000005,20.08,38.56,40.2,50.98,49.04,98.5,124.21999999999998,70.97,79.16,87.24000000000001,88.48,83.92,80.76,,-0.0599999999999987,-0.0599999999999987,-0.0599999999999987,-0.0599999999999987,-0.0599999999999987,-0.0599999999999987,-0.0599999999999987,-0.0599999999999987,-0.0600000000000022,-0.0599999999999987,-0.0599999999999987,-0.0599999999999987,-0.0599999999999987,-0.0599999999999987,-0.0599999999999987,-0.0599999999999987,1.5200000000000171,0.4710000000000017,-1.2200000000000006,-0.9967999999999982,-1.5599999999999987,-0.2399999999999948,0.9000000000000057,0.2200000000000059,1.039999999999992,-2.640000000000001,-1.740000000000009,-2.699999999999996,-2.150000000000002,-4.119999999999976,-3.1199999999999903,44.8,46.900000000000006,0.85,0.21,3.7,1.87,3.51,1.73,1.67,1.19,1.27,0.21,0.05,0.52,0.46,0.25,0.29,0.69,0.74
17,Heating,"Radiant, Conductive",Foot warmer,"35.6, 30.5, 7.6",lomitech,,,https://amzn.asia/d/7ZZV0vL,Market-ready,ID17_foot_warmer_angled.png,,Mid,33.0,2024.0,Feet,,,,24.0,The University of Sydney,Australia,Office,Sitting,PT Manikins,Thermal,Female,22.0,TskControl34,25.1,25.0,63.95,0.05,34.0,34.0,34.0,34.0,34.0,34.0,34.0,34.0,34.0,34.0,34.0,34.0,34.0,34.0,34.0,34.0,34.0,50.6,31.384,24.33,36.476,37.48,34.17999999999999,36.42,39.58,39.66,74.58,81.76000000000002,60.81,71.48,72.32,72.14,73.4,70.44000000000001,25.1,24.8,51.48,0.04,34.8,34.0,34.0,34.0,34.0,34.0,34.0,34.0,34.0,34.0,34.0,34.0,34.0,34.0,34.0,47.6,46.38,38.34,29.496999999999996,15.65,24.952,16.659999999999997,28.68,30.379999999999995,37.8,37.6,68.54,78.78,54.43000000000001,64.4,56.64,58.0,0.0,0.0,,-0.1199999999999974,-0.1199999999999974,-0.1199999999999974,-0.1199999999999974,-0.1199999999999974,-0.1199999999999974,-0.1199999999999974,-0.1199999999999974,-0.1199999999999974,-0.1199999999999974,-0.1199999999999974,-0.1199999999999974,-0.1199999999999974,-0.1199999999999974,,,-12.260000000000003,-1.887000000000005,-8.68,-11.524,-20.82,-5.499999999999993,-6.039999999999999,-1.7800000000000011,-2.059999999999995,-6.039999999999992,-2.980000000000018,-6.379999999999996,-7.080000000000002,-15.679999999999993,-14.14,-73.4,-70.44000000000001,0.85,0.21,3.7,1.87,3.51,1.73,1.67,1.19,1.27,0.21,0.05,0.52,0.46,0.25,0.29,0.69,0.74
17,Heating,"Radiant, Conductive",Foot warmer,"35.6, 30.5, 7.6",lomitech,,,https://amzn.asia/d/7ZZV0vL,Market-ready,ID17_foot_warmer_angled.png,,BACKUP,33.0,2024.0,Feet,,,,24.0,The University of Sydney,Australia,Office,Sitting,PT Manikins,Thermal,Female,22.0,TskControl34,22.1,21.9,19.13,0.11,34.0,34.0,34.0,34.0,34.0,34.0,34.0,34.0,34.0,34.0,34.0,34.0,34.0,34.0,34.0,34.0,34.0,55.71999999999999,40.17,20.9,34.497600000000006,21.64,38.8,39.3,50.75999999999999,48.00000000000001,101.14,125.96,73.67,81.31,91.36,91.6,39.120000000000005,33.86,21.9,22.0,18.26,0.01,34.660000000000004,34.0,34.0,34.0,34.0,34.0,34.0,34.0,34.0,34.0,34.0,34.0,34.0,34.0,34.0,43.06,47.0,51.52,41.157,19.71,33.9584,19.62,37.96,35.84,50.6,49.48,98.48,123.4,71.41,80.02999999999999,83.6,81.8,0.0,0.0,,-0.0199999999999995,-0.0199999999999995,-0.0199999999999995,-0.0199999999999995,-0.0199999999999995,-0.0199999999999995,-0.019999999999996,-0.019999999999996,-0.0199999999999995,-0.0199999999999995,-0.0199999999999995,-0.0199999999999977,-0.0199999999999995,-0.0199999999999995,,,-4.199999999999989,0.9869999999999984,-1.1899999999999995,-0.5392000000000006,-2.020000000000003,-0.8399999999999963,-3.460000000000001,-0.1599999999999894,1.4799999999999969,-2.660000000000011,-2.559999999999988,-2.260000000000005,-1.2800000000000118,-7.759999999999991,-9.799999999999995,-39.120000000000005,-33.86,0.85,0.21,3.7,1.87,3.51,1.73,1.67,1.19,1.27,0.21,0.05,0.52,0.46,0.25,0.29,0.69,0.74
18,Heating,"Radiant, Conductive",Foot warmer,"45, 40, 6",Hodeamy,,XJD-JR01,https://a.co/d/cVuk2Xj,Market-ready,ID18_foot_warmer_front.png,,Level4,33.0,2024.0,Feet,,,,55.0,The University of Sydney,Australia,Office,Sitting,PT Manikins,Thermal,Female,22.0,TskControl34,24.9,24.9,56.64,0.11,34.0,34.0,34.0,34.0,34.0,34.0,34.0,34.0,34.0,34.0,34.0,34.0,34.0,34.0,34.0,34.0,34.0,46.2,30.844,17.799999999999997,29.4104,24.22,30.34,33.98,38.36,36.82,74.82000000000001,81.79999999999998,55.01,66.75,68.24000000000001,67.28,71.98,72.78,25.1,24.9,54.2,0.17,34.0,34.0,34.0,34.0,34.0,34.0,34.0,34.0,34.0,34.0,34.0,34.0,34.0,34.0,34.0,34.0,34.0,39.5,30.218,16.119999999999997,28.047200000000004,18.5,28.62,30.44,37.88,36.92,70.92,80.64,51.88,62.0,63.48,65.16,1.5,3.28,,0.1100000000000029,0.1100000000000029,0.1100000000000029,0.1100000000000029,0.1100000000000029,0.1100000000000029,0.1100000000000029,0.1100000000000029,0.1100000000000029,0.1100000000000029,0.1100000000000029,0.1100000000000029,0.1100000000000029,0.1100000000000029,0.1100000000000029,0.1100000000000029,-6.700000000000003,-0.6259999999999989,-1.6799999999999995,-1.3631999999999955,-5.719999999999999,-1.7199999999999989,-3.539999999999999,-0.4799999999999969,0.1000000000000014,-3.9000000000000057,-1.1599999999999824,-3.129999999999999,-4.750000000000004,-4.760000000000012,-2.1200000000000045,-70.48,-69.5,0.85,0.21,3.7,1.87,3.51,1.73,1.67,1.19,1.27,0.21,0.05,0.52,0.46,0.25,0.29,0.69,0.74
18,Heating,"Radiant, Conductive",Foot warmer,"45, 40, 6",Hodeamy,,XJD-JR01,https://a.co/d/cVuk2Xj,Market-ready,ID18_foot_warmer_front.png,,Level5,33.0,2024.0,Feet,,,,55.0,The University of Sydney,Australia,Office,Sitting,PT Manikins,Thermal,Female,22.0,TskControl34,24.9,24.9,56.64,0.11,34.0,34.0,34.0,34.0,34.0,34.0,34.0,34.0,34.0,34.0,34.0,34.0,34.0,34.0,34.0,34.0,34.0,46.2,30.844,17.799999999999997,29.4104,24.22,30.34,33.98,38.36,36.82,74.82000000000001,81.79999999999998,55.01,66.75,68.24000000000001,67.28,71.98,72.78,25.0,25.0,51.12,0.07,34.1,34.0,34.0,34.0,34.0,34.0,34.0,34.0,34.0,34.0,34.0,34.0,34.0,34.0,34.0,35.7,35.1,38.36,29.219,15.34,25.6824,15.86,28.160000000000004,30.94,37.06,37.50000000000001,70.4,79.58,50.75,61.56,62.760000000000005,63.1,0.0,0.0,,0.1000000000000014,0.1000000000000014,0.1000000000000014,0.1000000000000014,0.1000000000000014,0.1000000000000014,0.1000000000000014,0.1000000000000014,0.1000000000000014,0.1000000000000014,0.1000000000000014,0.1000000000000014,0.1000000000000014,0.1000000000000014,,,-7.840000000000003,-1.6250000000000018,-2.459999999999998,-3.727999999999996,-8.36,-2.1799999999999926,-3.039999999999999,-1.2999999999999972,0.6800000000000068,-4.420000000000002,-2.2199999999999847,-4.259999999999998,-5.190000000000001,-5.480000000000004,-4.18,-71.98,-72.78,0.85,0.21,3.7,1.87,3.51,1.73,1.67,1.19,1.27,0.21,0.05,0.52,0.46,0.25,0.29,0.69,0.74
18,Heating,"Radiant, Conductive",Foot warmer,"45, 40, 6",Hodeamy,,XJD-JR01,https://a.co/d/cVuk2Xj,Market-ready,ID18_foot_warmer_front.png,,Level8,33.0,2024.0,Feet,,,,55.0,The University of Sydney,Australia,Office,Sitting,PT Manikins,Thermal,Female,22.0,TskControl34,24.9,24.9,56.64,0.11,34.0,34.0,34.0,34.0,34.0,34.0,34.0,34.0,34.0,34.0,34.0,34.0,34.0,34.0,34.0,34.0,34.0,46.2,30.844,17.799999999999997,29.4104,24.22,30.34,33.98,38.36,36.82,74.82000000000001,81.79999999999998,55.01,66.75,68.24000000000001,67.28,71.98,72.78,21.4,21.7,22.55,0.0,34.3,34.013,34.0,34.0,34.0,34.0,34.0,34.0,34.0,34.0,34.0,34.0,34.0,34.0,34.0,39.3,38.36,37.88,27.532,15.77,26.4848,17.18,28.1,30.94,37.74,37.220000000000006,71.11999999999999,79.7,50.06,61.510000000000005,58.75999999999999,59.66,0.0,0.0,,-3.1999999999999997,-3.1999999999999997,-3.1999999999999997,-3.1999999999999997,-3.1999999999999997,-3.1999999999999997,-3.1999999999999997,-3.1999999999999997,-3.1999999999999997,-3.1999999999999997,-3.200000000000001,-3.1999999999999997,-3.1999999999999997,-3.1999999999999997,,,-8.320000000000007,-3.311999999999999,-2.0299999999999985,-2.9256,-7.039999999999999,-2.239999999999995,-3.039999999999999,-0.6200000000000045,0.4000000000000057,-3.700000000000017,-2.09999999999998,-4.949999999999996,-5.239999999999998,-9.480000000000018,-7.619999999999997,-71.98,-72.78,0.85,0.21,3.7,1.87,3.51,1.73,1.67,1.19,1.27,0.21,0.05,0.52,0.46,0.25,0.29,0.69,0.74
18,Heating,"Radiant, Conductive",Foot warmer,"45, 40, 6",Hodeamy,,XJD-JR01,https://a.co/d/cVuk2Xj,Market-ready,ID18_foot_warmer_front.png,,Level1,33.0,2024.0,Feet,,,,55.0,The University of Sydney,Australia,Office,Sitting,PT Manikins,Thermal,Female,22.0,TskControl34,24.9,24.9,56.64,0.11,34.0,34.0,34.0,34.0,34.0,34.0,34.0,34.0,34.0,34.0,34.0,34.0,34.0,34.0,34.0,34.0,34.0,46.2,30.844,17.799999999999997,29.4104,24.22,30.34,33.98,38.36,36.82,74.82000000000001,81.79999999999998,55.01,66.75,68.24000000000001,67.28,71.98,72.78,25.0,24.8,54.88,0.12,34.0,34.0,34.0,34.0,34.0,34.0,34.0,34.0,34.0,34.0,34.0,34.0,34.0,34.0,34.0,34.0,34.0,45.08,30.324,18.37,27.928000000000004,20.98,29.44,33.660000000000004,37.9,38.38,73.14,84.67999999999999,53.64,65.32,66.68,67.52000000000001,65.73999999999998,67.02000000000001,,0.0,0.0,0.0,0.0,0.0,0.0,0.0,0.0,0.0,0.0,0.0,0.0,0.0,0.0,0.0,0.0,-1.1200000000000043,-0.5199999999999999,0.5700000000000003,-1.4823999999999955,-3.2399999999999984,-0.8999999999999986,-0.3199999999999932,-0.4600000000000008,1.5599999999999952,-1.6800000000000068,2.8800000000000097,-1.3699999999999974,-1.4300000000000068,-1.5600000000000025,0.2400000000000091,-6.240000000000023,-5.759999999999991,0.85,0.21,3.7,1.87,3.51,1.73,1.67,1.19,1.27,0.21,0.05,0.52,0.46,0.25,0.29,0.69,0.74
19,Heating,"Radiant, Conductive",Heating desk mat,"33, 80, 0.5",Konohan,,KQ1511,https://a.co/d/dqTjBHN,Market-ready,ID19_desk_mat_front.png,,Level3,17.0,2024.0,Hand,,,,,The University of Sydney,Australia,Office,Sitting,PT Manikins,Thermal,Female,22.0,TskControl34,24.9,25.1,71.54,0.08,34.0,34.0,34.0,34.0,34.0,34.0,34.0,34.0,34.0,34.0,34.0,34.0,34.0,34.0,34.0,34.0,34.0,50.52,29.022,29.4,45.1488,30.06,45.940000000000005,55.17999999999999,53.71999999999999,62.78000000000001,68.26,64.32,56.44,62.93000000000001,66.88,70.64,45.62,46.260000000000005,25.2,25.2,68.97,0.23,34.0,34.0,34.0,34.0,34.0,34.0,34.0,34.0,34.4,34.3,33.980000000000004,34.0,34.0,34.0,34.0,34.0,34.0,43.96,28.14,27.97,44.392,28.940000000000005,46.36,55.56,27.9,0.0,0.0,2.64,57.50000000000001,61.82,64.94000000000001,69.02000000000001,45.88,46.040000000000006,,0.1899999999999977,0.1899999999999977,0.1899999999999977,0.1899999999999977,0.1899999999999977,0.1899999999999977,0.1899999999999977,,,0.1899999999999977,0.1899999999999977,0.1899999999999977,0.1899999999999977,0.1899999999999977,0.1899999999999977,0.1899999999999977,-6.559999999999995,-0.8819999999999962,-1.4299999999999944,-0.7567999999999998,-1.1199999999999974,0.4199999999999946,0.3800000000000096,-25.819999999999997,-62.78000000000001,-68.26,-61.67999999999999,1.0600000000000058,-1.110000000000003,-1.9399999999999835,-1.6199999999999903,0.259999999999998,-0.2199999999999988,0.85,0.21,3.7,1.87,3.51,1.73,1.67,1.19,1.27,0.21,0.05,0.52,0.46,0.25,0.29,0.69,0.74
19,Heating,"Radiant, Conductive",Heating desk mat,"33, 80, 0.5",Konohan,,KQ1511,https://a.co/d/dqTjBHN,Market-ready,ID19_desk_mat_front.png,,Level5,17.0,2024.0,Hand,,,,,The University of Sydney,Australia,Office,Sitting,PT Manikins,Thermal,Female,22.0,TskControl34,24.9,25.1,71.54,0.08,34.0,34.0,34.0,34.0,34.0,34.0,34.0,34.0,34.0,34.0,34.0,34.0,34.0,34.0,34.0,34.0,34.0,50.52,29.022,29.4,45.1488,30.06,45.940000000000005,55.17999999999999,53.71999999999999,62.78000000000001,68.26,64.32,56.44,62.93000000000001,66.88,70.64,45.62,46.260000000000005,24.9,25.0,71.09,0.06,34.0,34.0,34.0,34.0,34.0,34.0,34.0,34.0,34.660000000000004,34.379999999999995,34.0,34.0,34.0,34.0,34.0,34.0,34.0,44.82,28.587,28.379999999999995,45.28960000000001,30.18,46.56,56.84,34.06,0.0,0.0,0.9399999999999998,56.83,62.66999999999999,67.52000000000001,71.56,46.32,46.48,,-0.0500000000000007,-0.0500000000000007,-0.0500000000000007,-0.0500000000000007,-0.0500000000000007,-0.0500000000000007,-0.0500000000000007,,,-0.0500000000000007,-0.0500000000000007,-0.0500000000000007,-0.0500000000000007,-0.0500000000000007,-0.0500000000000007,-0.0500000000000007,-5.699999999999996,-0.4349999999999987,-1.0199999999999996,0.1408000000000044,0.1199999999999974,0.6199999999999974,1.6600000000000037,-19.65999999999999,-62.78000000000001,-68.26,-63.38,0.3900000000000005,-0.2600000000000122,0.6400000000000148,0.9200000000000016,0.7000000000000028,0.2199999999999917,0.85,0.21,3.7,1.87,3.51,1.73,1.67,1.19,1.27,0.21,0.05,0.52,0.46,0.25,0.29,0.69,0.74
19,Heating,"Radiant, Conductive",Heating desk mat,"33, 80, 0.5",Konohan,,KQ1511,https://a.co/d/dqTjBHN,Market-ready,ID19_desk_mat_front.png,,Level1,17.0,2024.0,Hand,,,,,The University of Sydney,Australia,Office,Sitting,PT Manikins,Thermal,Female,22.0,TskControl34,24.9,25.1,71.54,0.08,34.0,34.0,34.0,34.0,34.0,34.0,34.0,34.0,34.0,34.0,34.0,34.0,34.0,34.0,34.0,34.0,34.0,50.52,29.022,29.4,45.1488,30.06,45.940000000000005,55.17999999999999,53.71999999999999,62.78000000000001,68.26,64.32,56.44,62.93000000000001,66.88,70.64,45.62,46.260000000000005,24.9,25.0,71.09,0.07,34.0,34.0,34.0,34.0,34.0,34.0,34.0,34.0,34.9,34.3,34.059999999999995,34.0,34.0,34.0,34.0,34.0,34.0,44.34,29.053,28.15,45.16400000000001,29.880000000000003,46.14,56.8,26.2,0.0,0.0,0.0,56.17999999999999,62.26,68.32000000000001,70.22,46.28,46.38,,-0.0600000000000022,-0.0600000000000022,-0.0600000000000022,-0.0600000000000022,-0.0600000000000022,-0.0600000000000022,-0.0600000000000022,,,,-0.0600000000000022,-0.0600000000000022,-0.0600000000000022,-0.0600000000000022,-0.0600000000000022,-0.0600000000000022,-6.18,0.0310000000000013,-1.2499999999999964,0.0152000000000029,-0.1799999999999997,0.1999999999999957,1.6200000000000043,-27.519999999999992,-62.78000000000001,-68.26,-64.32,-0.2600000000000086,-0.6700000000000053,1.440000000000012,-0.4200000000000017,0.6599999999999966,0.1199999999999974,0.85,0.21,3.7,1.87,3.51,1.73,1.67,1.19,1.27,0.21,0.05,0.52,0.46,0.25,0.29,0.69,0.74
19,Heating,"Radiant, Conductive",Heating desk mat,"33, 80, 0.5",Konohan,,KQ1511,https://a.co/d/dqTjBHN,Market-ready,ID19_desk_mat_front.png,,Mid,17.0,2024.0,Hand,,,,,The University of Sydney,Australia,Office,Sitting,PT Manikins,Thermal,Female,22.0,TskControl34,22.4,22.4,22.88,0.13,34.0,34.0,34.0,34.0,34.0,34.0,34.0,34.0,34.0,34.0,34.0,34.0,34.0,34.0,34.0,34.0,34.0,76.3,40.472,43.47,65.77360000000002,56.84,65.55999999999999,74.94,82.33999999999999,105.46,121.31999999999998,123.06,93.02,95.87,91.66,96.06000000000002,64.4,65.43999999999998,22.3,22.3,29.58,0.13,34.0,34.0,34.0,34.0,34.0,34.0,34.0,34.0,34.0,34.0,34.0,34.0,34.0,34.0,34.0,34.0,34.0,49.94,38.702,23.09,36.56400000000001,22.54,37.88,40.44,30.92,18.58,14.160000000000002,37.17999999999999,66.73,76.25,86.53999999999999,88.22,61.99999999999999,60.5,,-0.0999999999999978,-0.0999999999999978,-0.0999999999999978,-0.0999999999999978,-0.0999999999999978,-0.0999999999999978,-0.0999999999999978,-0.0999999999999978,-0.1000000000000014,-0.0999999999999978,-0.0999999999999996,-0.0999999999999978,-0.0999999999999978,-0.0999999999999978,-0.0999999999999978,-0.0999999999999978,-26.36,-1.769999999999999,-20.38,-29.209600000000005,-34.3,-27.679999999999986,-34.5,-51.41999999999999,-86.88,-107.15999999999998,-85.88,-26.290000000000003,-19.619999999999983,-5.120000000000019,-7.840000000000018,-2.40000000000002,-4.939999999999984,0.85,0.21,3.7,1.87,3.51,1.73,1.67,1.19,1.27,0.21,0.05,0.52,0.46,0.25,0.29,0.69,0.74
19,Heating,"Radiant, Conductive",Heating desk mat,"33, 80, 0.5",Konohan,,KQ1511,https://a.co/d/dqTjBHN,Market-ready,ID19_desk_mat_front.png,,Mid,17.0,2024.0,Hand,,,,,The University of Sydney,Australia,Office,Sitting,PT Manikins,Thermal,Female,22.0,TskControl34,25.1,25.1,48.87,0.18,34.0,34.0,34.0,34.0,34.0,34.0,34.0,34.0,34.0,34.0,34.0,34.0,34.0,34.0,34.0,34.0,34.0,43.540000000000006,30.879,17.37,27.4464,21.64,29.380000000000003,31.76,37.7,36.66,69.12,81.3,52.97,64.09,69.16000000000001,70.62,47.46,45.76,25.3,24.9,45.24,0.21,34.0,34.0,34.0,34.0,34.0,34.0,34.0,34.0,34.0,34.96,34.0,34.0,34.0,34.0,34.0,34.0,34.0,35.66,29.774,14.16,24.6344,15.1,27.6,29.52,23.86,9.56,0.0,11.0,49.88,59.53,64.35999999999999,64.58,41.760000000000005,38.92,,0.0399999999999991,0.0399999999999991,0.0399999999999991,0.0399999999999991,0.0399999999999991,0.0399999999999991,0.0399999999999991,0.0399999999999991,,0.0399999999999991,0.0399999999999991,0.0399999999999991,0.0399999999999991,0.0399999999999991,0.0399999999999991,0.0399999999999991,-7.88000000000001,-1.105000000000001,-3.2100000000000017,-2.812000000000002,-6.539999999999997,-1.7800000000000011,-2.240000000000002,-13.840000000000003,-27.1,-69.12,-70.3,-3.09,-4.560000000000002,-4.800000000000026,-6.040000000000006,-5.699999999999996,-6.839999999999996,0.85,0.21,3.7,1.87,3.51,1.73,1.67,1.19,1.27,0.21,0.05,0.52,0.46,0.25,0.29,0.69,0.74
20,Heating,"Radiant, Convective",Fan heater,"20D, 13W, 12H",NEXTNETIC,,HC113,https://amzn.asia/d/56rptSK,Market-ready,ID20_desk_fan_heater_angled.png,,High,30.0,2024.0,Trunk,125.0,90.0,,1200.0,The University of Sydney,Australia,Office,Sitting,PT Manikins,Thermal,Female,22.0,TskControl34,22.2,22.4,53.45,0.09,34.0,34.0,34.0,34.0,34.0,34.0,34.0,34.0,34.0,34.0,34.0,34.0,34.0,34.0,34.0,34.0,34.0,66.34,41.781,33.19,52.765600000000006,53.36,45.21999999999999,45.82000000000001,51.94000000000001,50.44,105.71999999999998,109.5,82.86,93.4,94.92,95.32,72.11999999999999,63.96,22.9,22.9,56.14,0.16,34.0,34.0,34.0,34.0,34.0,34.0,34.0,34.0,34.0,34.0,34.0,34.0,34.0,34.0,34.0,34.0,34.0,50.72,36.418,18.05,31.9592,18.66,32.62,36.78,46.06,44.8,86.02000000000001,112.94,61.22,71.82000000000001,80.2,82.6,57.28000000000001,55.0,,0.5999999999999955,0.5999999999999979,0.5999999999999979,0.6000000000000014,0.5999999999999979,0.5999999999999979,0.5999999999999979,0.5999999999999979,0.5999999999999979,0.5999999999999979,0.5999999999999979,0.5999999999999979,0.5999999999999979,0.5999999999999979,0.5999999999999979,0.5999999999999979,-15.620000000000005,-5.363000000000003,-15.14,-20.806400000000004,-34.7,-12.599999999999994,-9.040000000000006,-5.880000000000017,-5.640000000000001,-19.69999999999997,3.440000000000012,-21.640000000000004,-21.58,-14.719999999999985,-12.720000000000011,-14.839999999999982,-8.96,0.85,0.21,3.7,1.87,3.51,1.73,1.67,1.19,1.27,0.21,0.05,0.52,0.46,0.25,0.29,0.69,0.74
20,Heating,"Radiant, Convective",Fan heater,"20D, 13W, 12H",NEXTNETIC,,HC113,https://amzn.asia/d/56rptSK,Market-ready,ID20_desk_fan_heater_angled.png,,High,30.0,2024.0,Trunk,125.0,90.0,,1200.0,The University of Sydney,Australia,Office,Sitting,PT Manikins,Thermal,Female,22.0,TskControl34,25.1,25.1,48.87,0.18,34.0,34.0,34.0,34.0,34.0,34.0,34.0,34.0,34.0,34.0,34.0,34.0,34.0,34.0,34.0,34.0,34.0,43.540000000000006,30.879,17.37,27.4464,21.64,29.380000000000003,31.76,37.7,36.66,69.12,81.3,52.97,64.09,69.16000000000001,70.62,47.46,45.76,25.8,25.2,44.21,0.05,34.0,34.0,34.0,34.0,34.0,34.0,34.0,34.0,34.0,34.0,34.0,34.0,34.0,34.0,34.0,34.0,34.0,37.18,27.830000000000005,13.0,23.6168,14.7,24.02,27.3,31.64,30.380000000000003,56.54,79.96,46.690000000000005,53.33000000000001,58.7,59.7,42.66,39.58,,0.3499999999999978,0.3499999999999978,0.3499999999999978,0.3499999999999978,0.3499999999999978,0.3499999999999978,0.3499999999999978,0.3499999999999978,0.3499999999999978,0.3499999999999978,0.3499999999999978,0.3499999999999978,0.3499999999999978,0.3499999999999978,0.3499999999999978,0.3499999999999978,-6.360000000000007,-3.0489999999999977,-4.370000000000001,-3.829600000000001,-6.939999999999998,-5.360000000000003,-4.460000000000001,-6.060000000000006,-6.279999999999994,-12.580000000000004,-1.3400000000000034,-6.279999999999994,-10.759999999999994,-10.460000000000008,-10.920000000000002,-4.800000000000004,-6.18,0.85,0.21,3.7,1.87,3.51,1.73,1.67,1.19,1.27,0.21,0.05,0.52,0.46,0.25,0.29,0.69,0.74
20,Heating,"Radiant, Convective",Fan heater,"20D, 13W, 12H",NEXTNETIC,,HC113,https://amzn.asia/d/56rptSK,Market-ready,ID20_desk_fan_heater_angled.png,,Low,30.0,2024.0,Trunk,125.0,90.0,,1200.0,The University of Sydney,Australia,Office,Sitting,PT Manikins,Thermal,Female,22.0,TskControl34,25.1,25.1,48.87,0.18,34.0,34.0,34.0,34.0,34.0,34.0,34.0,34.0,34.0,34.0,34.0,34.0,34.0,34.0,34.0,34.0,34.0,43.540000000000006,30.879,17.37,27.4464,21.64,29.380000000000003,31.76,37.7,36.66,69.12,81.3,52.97,64.09,69.16000000000001,70.62,47.46,45.76,25.7,25.3,44.47,0.0,34.0,34.0,34.0,34.0,34.0,34.0,34.0,34.0,34.0,34.0,34.0,34.0,34.0,34.0,34.0,34.0,34.0,36.18,28.506,13.02,23.4768,14.3,24.48,28.48,28.9,26.52,46.78,69.78,45.0,52.67,59.17999999999999,59.18000000000001,39.8,38.4,,0.1999999999999993,0.1999999999999993,0.1999999999999993,0.1999999999999993,0.1999999999999993,0.1999999999999993,0.1999999999999993,0.1999999999999993,0.1999999999999993,0.1999999999999993,0.1999999999999993,0.1999999999999993,0.1999999999999993,0.1999999999999993,0.1999999999999993,0.1999999999999993,-7.3600000000000065,-2.373,-4.350000000000001,-3.9696000000000016,-7.339999999999996,-4.900000000000002,-3.280000000000001,-8.800000000000004,-10.139999999999995,-22.340000000000003,-11.519999999999996,-7.969999999999999,-11.420000000000003,-9.980000000000018,-11.439999999999998,-7.660000000000004,-7.359999999999999,0.85,0.21,3.7,1.87,3.51,1.73,1.67,1.19,1.27,0.21,0.05,0.52,0.46,0.25,0.29,0.69,0.74
20,Heating,"Radiant, Convective",Fan heater,"20D, 13W, 12H",NEXTNETIC,,HC113,https://amzn.asia/d/56rptSK,Market-ready,ID20_desk_fan_heater_angled.png,,Low,30.0,2024.0,Trunk,125.0,90.0,,1200.0,The University of Sydney,Australia,Office,Sitting,PT Manikins,Thermal,Female,22.0,TskControl34,22.2,22.4,53.45,0.09,34.0,34.0,34.0,34.0,34.0,34.0,34.0,34.0,34.0,34.0,34.0,34.0,34.0,34.0,34.0,34.0,34.0,66.34,41.781,33.19,52.765600000000006,53.36,45.21999999999999,45.82000000000001,51.94000000000001,50.44,105.71999999999998,109.5,82.86,93.4,94.92,95.32,72.11999999999999,63.96,22.8,23.0,56.11,0.18,34.0,34.0,34.0,34.0,34.0,34.0,34.0,34.0,34.0,34.0,34.0,34.0,34.0,34.0,34.0,34.0,34.0,51.92,37.647,18.91,32.3408,19.98,33.54,37.84,46.56,45.46,87.44,116.96,64.42999999999999,72.42999999999999,81.55999999999999,83.88,58.1,55.7,,0.5899999999999975,0.5899999999999999,0.5899999999999999,0.5900000000000034,0.5899999999999999,0.5899999999999999,0.5899999999999999,0.5899999999999999,0.5899999999999999,0.5899999999999999,0.5899999999999999,0.5899999999999999,0.5899999999999999,0.5899999999999999,0.5899999999999999,0.5899999999999999,-14.420000000000002,-4.134,-14.279999999999998,-20.4248,-33.379999999999995,-11.679999999999993,-7.980000000000011,-5.380000000000017,-4.979999999999997,-18.279999999999987,7.459999999999994,-18.430000000000003,-20.970000000000013,-13.36,-11.440000000000012,-14.019999999999987,-8.259999999999998,0.85,0.21,3.7,1.87,3.51,1.73,1.67,1.19,1.27,0.21,0.05,0.52,0.46,0.25,0.29,0.69,0.74
21,,,,,,,,,,,,High,,,,125.0,90.0,,,,,,,,,,,TskControl34,22.2,22.4,53.45,0.09,34.0,34.0,34.0,34.0,34.0,34.0,34.0,34.0,34.0,34.0,34.0,34.0,34.0,34.0,34.0,34.0,34.0,66.34,41.781,33.19,52.765600000000006,53.36,45.21999999999999,45.82000000000001,51.94000000000001,50.44,105.71999999999998,109.5,82.86,93.4,94.92,95.32,72.11999999999999,63.96,24.1,23.6,50.88,0.08,34.0,34.0,34.0,34.0,34.0,34.0,34.0,34.0,34.0,34.0,34.0,34.0,34.0,34.0,34.0,34.0,34.0,47.0,13.309,16.11,28.5496,18.520000000000003,32.28,33.120000000000005,43.86,42.4,87.24,107.22,61.010000000000005,70.2,80.84,80.03999999999999,55.6,52.1,,1.5399999999999985,1.5399999999999991,1.5399999999999991,1.5400000000000027,1.5399999999999991,1.5399999999999991,1.5399999999999991,1.5399999999999991,1.5399999999999991,1.5399999999999991,1.5399999999999991,1.5399999999999991,1.5399999999999991,1.5399999999999991,1.5399999999999991,1.5399999999999991,-19.340000000000003,-28.472,-17.08,-24.216,-34.84,-12.93999999999999,-12.700000000000005,-8.080000000000013,-8.04,-18.47999999999999,-2.280000000000001,-21.849999999999994,-23.200000000000003,-14.079999999999984,-15.280000000000015,-16.51999999999999,-11.86,,,,,,,,,,,,,,,,,
21,,,,,,,,,,,,Mid,,,,125.0,90.0,,,,,,,,,,,TskControl34,22.2,22.4,53.45,0.09,34.0,34.0,34.0,34.0,34.0,34.0,34.0,34.0,34.0,34.0,34.0,34.0,34.0,34.0,34.0,34.0,34.0,66.34,41.781,33.19,52.765600000000006,53.36,45.21999999999999,45.82000000000001,51.94000000000001,50.44,105.71999999999998,109.5,82.86,93.4,94.92,95.32,72.11999999999999,63.96,23.7,23.4,52.12,0.11,34.0,34.0,34.0,34.0,34.0,34.0,34.0,34.0,34.0,34.0,34.0,34.0,34.0,34.0,34.0,34.0,34.0,48.0,22.878,18.37,29.235200000000003,18.82,32.71999999999999,33.7,46.74,42.50000000000001,83.44000000000001,99.44,61.830000000000005,67.83000000000001,81.5,80.24,57.68000000000001,52.58,,1.2499999999999978,1.25,1.25,1.2500000000000036,1.25,1.25,1.25,1.25,1.25,1.25,1.25,1.25,1.25,1.25,1.25,1.25,-18.340000000000003,-18.903,-14.82,-23.5304,-34.54,-12.5,-12.120000000000005,-5.200000000000017,-7.939999999999991,-22.279999999999973,-10.060000000000002,-21.029999999999998,-25.57,-13.419999999999987,-15.080000000000013,-14.439999999999984,-11.380000000000004,,,,,,,,,,,,,,,,,
21,,,,,,,,,,,,Low,,,,125.0,90.0,,,,,,,,,,,TskControl34,22.2,22.4,53.45,0.09,34.0,34.0,34.0,34.0,34.0,34.0,34.0,34.0,34.0,34.0,34.0,34.0,34.0,34.0,34.0,34.0,34.0,66.34,41.781,33.19,52.765600000000006,53.36,45.21999999999999,45.82000000000001,51.94000000000001,50.44,105.71999999999998,109.5,82.86,93.4,94.92,95.32,72.11999999999999,63.96,23.3,23.2,52.01,0.04,34.0,34.0,34.0,34.0,34.0,34.0,34.0,34.0,34.0,34.0,34.0,34.0,34.0,34.0,34.0,34.0,34.0,51.14,30.924000000000003,18.55,31.164800000000003,19.08,34.3,34.96,45.82,44.88,88.33999999999999,110.34,64.32,74.36,84.4,83.72,59.42,54.38000000000001,,0.9399999999999954,0.9399999999999976,0.9399999999999976,0.9400000000000012,0.9399999999999976,0.9399999999999976,0.9399999999999976,0.9399999999999976,0.9399999999999942,0.9399999999999976,0.9399999999999976,0.9399999999999996,0.9399999999999976,0.9399999999999976,0.9399999999999976,0.9399999999999976,-15.200000000000005,-10.857,-14.64,-21.6008,-34.28,-10.919999999999996,-10.860000000000008,-6.120000000000012,-5.559999999999995,-17.379999999999995,0.8399999999999892,-18.540000000000003,-19.040000000000006,-10.519999999999982,-11.600000000000009,-12.699999999999996,-9.579999999999991,,,,,,,,,,,,,,,,,
22,,,,,,,,,,,,High,,,,135.0,60.0,,,,,,,,,,,TskControl34,,,,,34.0,34.0,34.0,34.0,34.0,34.0,34.0,34.0,34.0,34.0,34.0,34.0,34.0,34.0,34.0,34.0,34.0,36.2,19.055,19.98,34.48400000000001,30.36,30.2,31.72,37.7,39.86,45.44,43.72,44.98,46.38,47.56,47.220000000000006,34.4,30.72000000000001,,,,,34.0,34.0,34.0,34.0,34.0,34.0,34.0,34.0,34.0,34.0,34.0,34.0,34.0,34.0,34.0,34.0,34.0,31.440000000000005,24.708,17.93,26.8832,17.520000000000003,26.640000000000004,28.32,39.94,37.44,40.7,42.940000000000005,37.620000000000005,39.08,38.98,39.1,31.7,28.18,,0.0,0.0,0.0,,,,,,,,0.0,0.0,,,,,-4.759999999999998,5.6530000000000005,-2.0500000000000025,-7.600800000000002,-12.839999999999993,-3.559999999999995,-3.3999999999999986,2.239999999999995,-2.4200000000000017,-4.739999999999995,-0.779999999999994,-7.359999999999999,-7.299999999999997,-8.579999999999998,-8.120000000000005,-2.6999999999999997,-2.5400000000000063,,,,,,,,,,,,,,,,,
22,,,,,,,,,,,,High,,,,135.0,60.0,,,,,,,,,,,TskControl34,,,,,34.0,34.0,34.0,34.0,34.0,34.0,34.0,34.0,34.0,34.0,34.0,34.0,34.0,34.0,34.0,34.0,34.0,36.2,19.055,19.98,34.48400000000001,30.36,30.2,31.72,37.7,39.86,45.44,43.72,44.98,46.38,47.56,47.220000000000006,34.4,30.72000000000001,,,,,34.0,34.0,34.0,34.0,34.0,34.0,34.0,34.0,34.0,34.0,34.0,34.0,34.0,34.0,34.0,34.0,34.0,39.52,23.075,27.69,30.7504,30.04,37.6,41.5,88.16,52.80000000000001,77.0,45.32,43.99,44.15,45.84,44.02,32.88,29.74,,0.0,0.0,0.0,,,,,,,,0.0,0.0,,,,,3.319999999999993,4.019999999999998,7.710000000000001,-3.733600000000004,-0.3199999999999967,7.400000000000002,9.78,50.46,12.940000000000012,31.56,1.6000000000000014,-0.9899999999999984,-2.2300000000000004,-1.7199999999999989,-3.20000000000001,-1.519999999999996,-0.9800000000000076,,,,,,,,,,,,,,,,,
22,,,,,,,,,,,,Low(4),,,,135.0,60.0,,,,,,,,,,,TskControl34,,,,,34.0,34.0,34.0,34.0,34.0,34.0,34.0,34.0,34.0,34.0,34.0,34.0,34.0,34.0,34.0,34.0,34.0,36.2,19.055,19.98,34.48400000000001,30.36,30.2,31.72,37.7,39.86,45.44,43.72,44.98,46.38,47.56,47.220000000000006,34.4,30.72000000000001,,,,,34.0,34.0,34.0,34.0,34.0,34.0,34.0,34.0,34.0,34.0,34.0,34.0,34.0,34.0,34.0,34.0,34.0,34.059999999999995,21.375,16.59,30.3896,19.660000000000004,29.68,31.18,41.620000000000005,42.66,48.6,47.78,40.63,42.45,44.82,45.12,32.34,30.24,,0.0,0.0,0.0,,,,,,,,0.0,0.0,,,,,-2.140000000000008,2.3199999999999985,-3.390000000000001,-4.094400000000002,-10.699999999999992,-0.5200000000000031,-0.5400000000000027,3.9200000000000017,2.8000000000000043,3.1599999999999966,4.060000000000002,-4.349999999999998,-3.929999999999996,-2.739999999999995,-2.1000000000000085,-2.0600000000000023,-0.4800000000000075,,,,,,,,,,,,,,,,,
22,,,,,,,,,,,,Low(4),,,,135.0,60.0,,,,,,,,,,,TskControl34,,,,,34.0,34.0,34.0,34.0,34.0,34.0,34.0,34.0,34.0,34.0,34.0,34.0,34.0,34.0,34.0,34.0,34.0,36.2,19.055,19.98,34.48400000000001,30.36,30.2,31.72,37.7,39.86,45.44,43.72,44.98,46.38,47.56,47.220000000000006,34.4,30.72000000000001,,,,,34.0,34.0,34.0,34.0,34.0,34.0,34.0,34.0,34.0,34.0,34.0,34.0,34.0,34.0,34.0,34.0,34.0,33.440000000000005,19.431,20.21,27.730400000000003,23.18,29.76,32.54,56.760000000000005,39.42,59.760000000000005,40.9,39.39,39.62,41.14,41.28000000000001,31.2,28.74,,0.0,0.0,0.0,,,,,,,,0.0,0.0,,,,,-2.759999999999998,0.3759999999999993,0.2300000000000004,-6.7536000000000005,-7.179999999999996,-0.4399999999999977,0.8200000000000003,19.06,-0.4399999999999977,14.320000000000007,-2.8200000000000003,-5.590000000000003,-6.760000000000002,-6.419999999999995,-5.939999999999998,-3.1999999999999997,-1.9800000000000075,,,,,,,,,,,,,,,,,
22,,,,,,,,,,,,Low(4),,,,135.0,60.0,,,,,,,,,,,TskControl34,,,,,34.0,34.0,34.0,34.0,34.0,34.0,34.0,34.0,34.0,34.0,34.0,34.0,34.0,34.0,34.0,34.0,34.0,36.2,19.055,19.98,34.48400000000001,30.36,30.2,31.72,37.7,39.86,45.44,43.72,44.98,46.38,47.56,47.220000000000006,34.4,30.72000000000001,,,,,34.0,34.0,34.0,34.0,34.0,34.0,34.0,34.0,34.0,34.0,34.0,34.0,34.0,34.0,34.0,34.0,34.0,32.22,22.33,17.65,28.330400000000004,17.16,27.56,28.82,36.96,39.3,43.14,41.12,39.05,40.78,42.86,41.56,31.1,28.46,,0.0,0.0,0.0,,,,,,,,0.0,0.0,,,,,-3.980000000000004,3.274999999999997,-2.33,-6.1536,-13.199999999999996,-2.639999999999997,-2.8999999999999986,-0.740000000000002,-0.5600000000000023,-2.299999999999997,-2.6000000000000014,-5.930000000000003,-5.599999999999998,-4.699999999999996,-5.660000000000004,-3.299999999999997,-2.2600000000000087,,,,,,,,,,,,,,,,,
22,,,,,,,,,,,,Mid(7),,,,135.0,60.0,,,,,,,,,,,TskControl34,,,,,34.0,34.0,34.0,34.0,34.0,34.0,34.0,34.0,34.0,34.0,34.0,34.0,34.0,34.0,34.0,34.0,34.0,36.2,19.055,19.98,34.48400000000001,30.36,30.2,31.72,37.7,39.86,45.44,43.72,44.98,46.38,47.56,47.220000000000006,34.4,30.72000000000001,,,,,34.0,34.0,34.0,34.0,34.0,34.0,34.0,34.0,34.0,34.0,34.0,34.0,34.0,34.0,34.0,34.0,34.0,32.52,23.239,15.94,28.162400000000005,19.58,28.84,30.52,40.56,41.86,46.84,48.61999999999999,38.53,39.97,40.92,41.02,31.84,28.22,,0.0,0.0,0.0,,,,,,,,0.0,0.0,,,,,-3.68,4.184000000000001,-4.040000000000001,-6.321600000000002,-10.779999999999998,-1.360000000000003,-1.1999999999999993,2.8599999999999923,2.0,1.3999999999999986,4.899999999999992,-6.449999999999999,-6.409999999999997,-6.640000000000001,-6.200000000000003,-2.5600000000000023,-2.500000000000007,,,,,,,,,,,,,,,,,
22,,,,,,,,,,,,Mid(7),,,,135.0,60.0,,,,,,,,,,,TskControl34,,,,,34.0,34.0,34.0,34.0,34.0,34.0,34.0,34.0,34.0,34.0,34.0,34.0,34.0,34.0,34.0,34.0,34.0,36.2,19.055,19.98,34.48400000000001,30.36,30.2,31.72,37.7,39.86,45.44,43.72,44.98,46.38,47.56,47.220000000000006,34.4,30.72000000000001,,,,,34.0,34.0,34.0,34.0,34.0,34.0,34.0,34.0,34.0,34.0,34.0,34.0,34.0,34.0,34.0,34.0,34.0,35.82,20.79,23.78,28.734400000000008,26.62,33.74,36.32000000000001,73.7,44.06,68.7,40.06,40.59,41.1,42.67999999999999,42.02,30.78,28.32,,0.0,0.0,0.0,,,,,,,,0.0,0.0,,,,,-0.3800000000000025,1.735,3.8000000000000007,-5.7496,-3.7399999999999984,3.5400000000000027,4.6000000000000085,36.0,4.199999999999996,23.260000000000005,-3.6599999999999966,-4.390000000000001,-5.280000000000001,-4.880000000000003,-5.20000000000001,-3.619999999999997,-2.4000000000000057,,,,,,,,,,,,,,,,,
22,,,,,,,,,,,,High(10),,,,135.0,60.0,,,,,,,,,,,TskControl34,,,,,34.0,34.0,34.0,34.0,34.0,34.0,34.0,34.0,34.0,34.0,34.0,34.0,34.0,34.0,34.0,34.0,34.0,30.28,17.007,14.22,27.3904,17.78,25.5,28.660000000000004,34.34,36.72,39.14,40.17999999999999,37.6,38.81,41.1,39.8,30.779999999999998,28.0,,,,,34.0,34.0,34.0,34.0,34.0,34.0,34.0,34.0,34.0,34.0,34.0,34.0,34.0,34.0,34.0,34.0,34.0,35.14,29.465,17.290000000000003,30.701600000000003,19.42,31.34,32.5,42.260000000000005,43.66,51.86,48.78,40.75,42.040000000000006,45.88,44.62,32.54,29.54,,0.0,0.0,0.0,,,,,,,,0.0,0.0,,,,,4.859999999999999,12.458000000000002,3.070000000000004,3.3112000000000013,1.639999999999997,5.839999999999996,3.839999999999996,7.920000000000002,6.940000000000005,12.72,8.600000000000009,3.1499999999999986,3.230000000000004,4.780000000000001,4.82,1.7600000000000051,1.5399999999999991,,,,,,,,,,,,,,,,,
22,,,,,,,,,,,,High(10),,,,135.0,60.0,,,,,,,,,,,TskControl34,,,,,34.0,34.0,34.0,34.0,34.0,34.0,34.0,34.0,34.0,34.0,34.0,34.0,34.0,34.0,34.0,34.0,34.0,30.28,17.007,14.22,27.3904,17.78,25.5,28.660000000000004,34.34,36.72,39.14,40.17999999999999,37.6,38.81,41.1,39.8,30.779999999999998,28.0,,,,,34.0,34.0,34.0,34.0,34.0,34.0,34.0,34.0,34.0,34.0,34.0,34.0,34.0,34.0,34.0,34.0,34.0,43.56,25.876999999999995,38.74,33.611999999999995,37.14,44.44,49.7,132.56,56.36,85.11999999999999,44.14,45.12,45.52,40.64,40.620000000000005,30.78,28.3,,0.0,0.0,0.0,,,,,,,,0.0,0.0,,,,,13.28,8.869999999999997,24.52,6.221600000000001,19.36,18.94,21.04,98.22,19.64,45.97999999999999,3.960000000000008,7.519999999999996,6.710000000000001,-0.4600000000000008,0.8200000000000074,7.105427357601002e-15,0.3000000000000007,,,,,,,,,,,,,,,,,
22,,,,,,,,,,,,Low(4),,,,135.0,60.0,,,,,,,,,,,TskControl34,,,,,34.0,34.0,34.0,34.0,34.0,34.0,34.0,34.0,34.0,34.0,34.0,34.0,34.0,34.0,34.0,34.0,34.0,30.28,17.007,14.22,27.3904,17.78,25.5,28.660000000000004,34.34,36.72,39.14,40.17999999999999,37.6,38.81,41.1,39.8,30.779999999999998,28.0,,,,,34.0,34.0,34.0,34.0,34.0,34.0,34.0,34.0,34.0,34.0,34.0,34.0,34.0,34.0,34.0,34.0,34.0,30.98,23.091,16.770000000000003,27.7176,18.18,26.18,28.059999999999995,35.42,37.220000000000006,39.46,40.62,37.48,37.81999999999999,39.86,39.94,29.92,27.440000000000005,,0.0,0.0,0.0,,,,,,,,0.0,0.0,,,,,0.6999999999999993,6.083999999999999,2.5500000000000043,0.3272000000000018,0.3999999999999986,0.6799999999999997,-0.6000000000000085,1.0799999999999983,0.5000000000000071,0.3200000000000003,0.4400000000000048,-0.120000000000001,-0.990000000000002,-1.240000000000002,0.1400000000000005,-0.8599999999999959,-0.5599999999999952,,,,,,,,,,,,,,,,,
22,,,,,,,,,,,,Mid(7),,,,135.0,60.0,,,,,,,,,,,TskControl34,,,,,34.0,34.0,34.0,34.0,34.0,34.0,34.0,34.0,34.0,34.0,34.0,34.0,34.0,34.0,34.0,34.0,34.0,30.28,17.007,14.22,27.3904,17.78,25.5,28.660000000000004,34.34,36.72,39.14,40.17999999999999,37.6,38.81,41.1,39.8,30.779999999999998,28.0,,,,,34.0,34.0,34.0,34.0,34.0,34.0,34.0,34.0,34.0,34.0,34.0,34.0,34.0,34.0,34.0,34.0,34.0,34.62,25.673,17.6,30.7096,19.22,30.78,31.2,41.78,42.3,50.94,46.52,40.48,42.39,46.12,44.68,32.260000000000005,29.06,,0.0,0.0,0.0,,,,,,,,0.0,0.0,,,,,4.339999999999996,8.666,3.3800000000000026,3.3192000000000004,1.4400000000000013,5.280000000000001,2.539999999999996,7.439999999999998,5.579999999999998,11.799999999999995,6.3400000000000105,2.879999999999999,3.580000000000002,5.019999999999996,4.880000000000003,1.480000000000011,1.0600000000000025,,,,,,,,,,,,,,,,,
22,,,,,,,,,,,,Mid(7),,,,135.0,60.0,,,,,,,,,,,TskControl34,,,,,34.0,34.0,34.0,34.0,34.0,34.0,34.0,34.0,34.0,34.0,34.0,34.0,34.0,34.0,34.0,34.0,34.0,30.28,17.007,14.22,27.3904,17.78,25.5,28.660000000000004,34.34,36.72,39.14,40.17999999999999,37.6,38.81,41.1,39.8,30.779999999999998,28.0,,,,,34.0,34.0,34.0,34.0,34.0,34.0,34.0,34.0,34.0,34.0,34.0,34.0,34.0,34.0,34.0,34.0,34.0,38.54,21.69,32.919999999999995,29.8224,36.08,38.06,41.92,111.28,48.220000000000006,73.32000000000001,40.06,40.56,41.370000000000005,38.4,37.120000000000005,30.02,26.5,,0.0,0.0,0.0,,,,,,,,0.0,0.0,,,,,8.259999999999998,4.682999999999998,18.7,2.4320000000000013,18.3,12.559999999999995,13.259999999999998,76.94,11.500000000000009,34.18000000000001,-0.1199999999999974,2.960000000000001,2.5600000000000023,-2.700000000000003,-2.6799999999999926,-0.7599999999999945,-1.5,,,,,,,,,,,,,,,,,
